include,exclude_reason,publisher,publisher_type,publisher_basis,status_guess,title,owner,layer_name,feature_count,layer_url,item_id,seeded
1,,Uniti,carrier,carrier website: unitiwholesale.com/network-map embeds this ArcGIS map,existing,Kinetic (ex-Windstream ILEC) Dark Fiber,,Kinetic Dark Fiber,324894,https://services.arcgis.com/QO7AhQX53d0m9M2s/arcgis/rest/services/Uniti_Wholesale_Map_Demo_4_WFL1/FeatureServer/26,,infrapedia lead
1,,Uniti,carrier,carrier website: unitiwholesale.com/network-map embeds this ArcGIS map,existing,Uniti Wholesale Dark Fiber,e0187455,Uniti Wholesale Dark Fiber,245687,https://services.arcgis.com/QO7AhQX53d0m9M2s/arcgis/rest/services/Uniti_Wholesale_Dark_Fiber/FeatureServer/74,47e0f23555c74350a5064e754e9de194,infrapedia lead
1,,SEGRA,carrier,arcgis org,existing,Segra_Fiber_Network_Complete,spacekj_segramaps,Fiber Network,228782,https://services2.arcgis.com/idZndEogp4LoOmcv/arcgis/rest/services/Segra_Fiber_Network_Complete/FeatureServer/0,539e7daf09184fefb0a674cfa329922e,
1,,Uniti,carrier,carrier website: unitiwholesale.com/network-map embeds this ArcGIS map,existing,Uniti Regional Transport Network,,Regional Transport Network 6.13,96282,https://services.arcgis.com/QO7AhQX53d0m9M2s/arcgis/rest/services/Regional_Transport_Network_6_13/FeatureServer/194,,infrapedia lead
1,,"Clearnetworx, LLC",carrier,arcgis org,existing,UPN Fiber Networks Web Layer,DavidS_CLNX,Polylines,47013,https://services7.arcgis.com/KvvxShWTpOM918wk/arcgis/rest/services/UPN_Fiber_Networks_Web_Layer/FeatureServer/2,0f0f014c93c74196a068c1b18fbd0c0d,
1,,"Utah DOT (hosted by Horrocks, UDOT's GIS contractor)",public,server hostname (hand-checked),existing,UDOT Fiber Network,zachs@horrocks.com_uplan,Fiber,44942,https://gis.horrocks.com/arcgis/rest/services/UDOT_Fiber_Network/MapServer/4,5988f03b806d43769649a9f1155be72a,
1,,"Utah DOT (hosted by Horrocks, UDOT's GIS contractor)",public,server hostname (hand-checked),existing,UDOT Fiber Network,zachs@horrocks.com_uplan,Conduit,37277,https://gis.horrocks.com/arcgis/rest/services/UDOT_Fiber_Network/MapServer/5,5988f03b806d43769649a9f1155be72a,
1,,sjohnsonNorvado,carrier,owner username,existing,Norvado Fiber Timeline view,sjohnsonNorvado,FIBER_CABLE,35167,https://services5.arcgis.com/xcpZ3V9R5FRJotM2/arcgis/rest/services/Norvado_Fiber_Timeline_view/FeatureServer/2,ff7f96cf34804a0990d21622bfb77425,
1,,NoaNet,public,arcgis org,existing,NoanetMemberFiber,kira.nelson@noanet.net_NoaNet,NoanetMemberFiber,33398,https://services8.arcgis.com/M6FVSymJ2XsnL91N/arcgis/rest/services/NoanetMemberFiber/FeatureServer/12,0a04bdf574a24c00abb1c80f2644a160,
1,,sjohnsonNorvado,carrier,owner username,existing,FIBER_CABLE_8_25_26,sjohnsonNorvado,FIBER_CABLE_backup,32914,https://services5.arcgis.com/xcpZ3V9R5FRJotM2/arcgis/rest/services/FIBER_CABLE_8_25_26/FeatureServer/0,2ea8edb57b8143a2b7c24d026e69a522,
1,,Uniti,carrier,carrier website: unitiwholesale.com/network-map embeds this ArcGIS map,existing,Uniti National Core Network,,National Core Network 6.12,28620,https://services.arcgis.com/QO7AhQX53d0m9M2s/arcgis/rest/services/National_Core_Network_6_12/FeatureServer/191,,infrapedia lead
1,,"City of Wenatchee, WA GIS Mapping",public,arcgis org,existing,2020 PUD Fiber Electric,GISAdmin_Wenatchee,PUD Fiber,17728,https://services1.arcgis.com/yRJwhpord26CsXKm/arcgis/rest/services/2020_PUD_Fiber_Electric/FeatureServer/34,904e82145d6f415093d673d0e32d7a8b,
1,,Florida DOT District 7 (Westshore Interchange project),public,public agency project account (hand-checked),existing,FDOT D7 Westshore surveyed utilities: Fdot Its Traffic,,UTEXRD_FDOT_ITS_TRAFFIC_20250401,16674,https://services9.arcgis.com/ssjvmF1sZLRQUcYv/arcgis/rest/services/UTEXRD_FDOT_ITS_TRAFFIC_20250401/FeatureServer/208,,infrapedia lead
1,,"Montgomery County, MD",public,arcgis org,existing,Fiber Routes Commercial,yachi.chen,Fiberlight (2017),12540,https://services.arcgis.com/hdlG36cOubTzNDBb/arcgis/rest/services/Fiber_Routes_Commercial/FeatureServer/2,8cc92662dd614663a9842a8148239c7d,
1,,Choptank Electric Cooperative,public,owner username (hand-checked),existing,RDOF_Map,ChoptankAdmin,Current_Fiber,10664,https://services3.arcgis.com/uBaTNMlEPqpQNexu/arcgis/rest/services/RDOF_Map/FeatureServer/1,f7f67dfe3b9c43358b2262b007fef31a,
1,,Texas Department of Transportation,public,arcgis org,existing,Fiberlight_Network,TRF_GIS_TXDOT,Fiberlight Network,8106,https://services.arcgis.com/KTcxiTD9dsQw4r7Z/arcgis/rest/services/Fiberlight_Network/FeatureServer/0,2730494e75ba42258687a2a4e03cb93a,
1,,"City of Hillsboro, Oregon",public,item credits,existing,Transportation Conduit Utilities,Open_Data_Publisher, Transportation Conduit,8022,https://services1.arcgis.com/eQ2vvbCvmxlIgo3a/arcgis/rest/services/Transportation_Conduit_Utilities/FeatureServer/980471,005fde0551f84373a9f732256fcdc52a,
1,,CONSUMERS POWER INC.,public,arcgis org,existing,AllFiberSpans,bradyh@cpi.coop,AllFiberSpans,7527,https://services3.arcgis.com/PdirpvejTviXRBSF/arcgis/rest/services/AllFiberSpans/FeatureServer/0,e829b77e069747ce80cc21a00d863c95,
1,,gehebkb@poncacityok.gov,public,owner username,existing,Fiber conumer Map,gehebkb@poncacityok.gov,Fiber cables - Aerial,7405,https://services6.arcgis.com/Dosymvda4OueTcnj/arcgis/rest/services/Fiber_conumer_Map/FeatureServer/2,89b8f35759b848d1b359640aec3be6f3,
1,,Whatcom Council of Governments,public,arcgis org,existing,Bellingham Conduits 2018,jaymes_WCOG,Bellingham_Conduits_2018,6029,https://services2.arcgis.com/6rZe5COXo6Zoe0EA/arcgis/rest/services/Bellingham_Conduits_2018/FeatureServer/0,5534490d3041426b9d9d70a17682b652,
1,,Centre Wellington Communications,carrier,item credits,existing,CWFibre,cwarcgis,Wightman Fibre (2021),6011,https://utility.arcgis.com/usrsvcs/servers/066e3de1511d4b38bc812b4969960041/rest/services/CWFibre/MapServer/8,066e3de1511d4b38bc812b4969960041,
1,,Westelcom,carrier,owner username (hand-checked),existing,Westelcom_Fiber_-_View,WTC_Edit_Slic_GIS,Spans,5422,https://services6.arcgis.com/kqmnItpfwaHwLdiz/arcgis/rest/services/Westelcom_Fiber_-_View/FeatureServer/5,b838d1b962c04ea2b4083b7b0c818412,
1,,"Office of Science, Innovation and Technology",public,arcgis org,existing,fiber_routes,kucinski.gis@gmail.com,fiber_routes,5215,https://services8.arcgis.com/6zoy8FhqGf9FaeLx/arcgis/rest/services/fiber_routes/FeatureServer/123,3ede9c8496094c9e82584590109f3d38,
1,,Pickaway County GIS,public,arcgis org,existing,Fiber,jgillow@pickaway.org,Fiber,4291,https://services6.arcgis.com/FhJ42byMw3LmPYCN/arcgis/rest/services/Fiber/FeatureServer/5,f7afebcae0bc4c84aa9699bbd87c8716,
1,,NoaNet,public,arcgis org,existing,NNfiber,andrew.wuest@noanet.net_NoaNet,NNfiber,4214,https://services8.arcgis.com/M6FVSymJ2XsnL91N/arcgis/rest/services/NNfiber/FeatureServer/0,6e31a050b759438481fec53a6442671e,
1,,ATC Communications,carrier,arcgis org,existing,Fiber Cable,rtorrence_atcnet,Fiber Cable,3992,https://services5.arcgis.com/uSFncl0cOssKlssk/arcgis/rest/services/Fiber_Cable/FeatureServer/12,75786e8af71c4de6950f2deb1ee2d578,
1,,ATC Communications,carrier,arcgis org,existing,Fiber,rtorrence_atcnet,DBO.FiberCableTrace,3833,https://services5.arcgis.com/uSFncl0cOssKlssk/arcgis/rest/services/Fiber/FeatureServer/0,24e5e7d34ed14dee8fb20d69f17a7f68,
1,,Jackson EMC (electric co-op),public,owner username (hand-checked),existing,FlashFiberFootprintp,blovett_jwemc,Distribution Fiber,3610,https://services7.arcgis.com/kY8JFNt2NP4Zmqyg/arcgis/rest/services/FlashFiberFootprintp/FeatureServer/0,fb7c2c6fdef846218e35d04bc37ad7a4,
1,,gehebkb@poncacityok.gov,public,owner username,existing,Fiber conumer Map,gehebkb@poncacityok.gov,Fiber cables - Buried,3446,https://services6.arcgis.com/Dosymvda4OueTcnj/arcgis/rest/services/Fiber_conumer_Map/FeatureServer/1,89b8f35759b848d1b359640aec3be6f3,
1,,Fort Bend County GIS,public,arcgis org,existing,FBC PLW Fiber_WFL1,FBC_AGOAdmin,Polylines,3362,https://services.arcgis.com/HfQs2ClqmipKpmFK/arcgis/rest/services/FBC_PLW_Fiber_WFL1/FeatureServer/1,5a4a1f75f4e947489e6aaa4882887008,
1,,"Manatee County, FL",public,server hostname (hand-checked),existing,Data Communication,siteadmin_mcg,Data Conduit,3218,https://www.mymanatee.org/gisutil/rest/services/utilitiesinfrastructure/datacommunication/FeatureServer/1,90f2b33b2a744628ad76e1ff4d147152,
1,,Uniti,carrier,carrier website: unitiwholesale.com/network-map embeds this ArcGIS map,existing,Uniti Key Strategic Routes,,Key Strategic Routes,3185,https://services.arcgis.com/QO7AhQX53d0m9M2s/arcgis/rest/services/Key_Strategic_Routes_731/FeatureServer/199,,infrapedia lead
1,,City of Sherwood,public,arcgis org,existing,Fiber,LewisM@sherwoodoregon.gov_COS,Fiber Cable,3161,https://services5.arcgis.com/ikEzR7lqVIlrcVFn/arcgis/rest/services/Fiber/FeatureServer/3,d80f0829d8924fb08b476fc29f22f8d6,
1,,Fort Bend County GIS,public,arcgis org,existing,Fiber Optic Lines and Points,FBC_AGOAdmin,plw_fiberoptic,3110,https://services.arcgis.com/HfQs2ClqmipKpmFK/arcgis/rest/services/Fiber_Optic_Lines_and_Points/FeatureServer/0,091b08fdaa9a4b49b4c80513e244501e,
1,,Arizona Dept of Transportation,public,arcgis org,existing,I40 W Broadband Data Submission to USFS (Revised),SThompson@azdot.gov_adot,I40W_Fiber_Final,3059,https://services1.arcgis.com/XAiBIVuto7zeZj1B/arcgis/rest/services/I40_W_Broadband_Data_Submission_to_USFS_(Revised)/FeatureServer/1,304e5170ecaf4f2d989b7b14c407cde1,
1,,Mid-Region Metropolitan Planning Organization,public,arcgis org,existing,AMPA_ITS_TIPReviewCorrEtc,nmasek_MRMPO,CoA_Fiber_June2016_NEW,2619,https://services1.arcgis.com/i3mLmgyL55IkFf81/arcgis/rest/services/AMPA_ITS_TIPReviewCorrEtc/FeatureServer/18,d06c8f9c0de74a23b2ac4b8e3b295371,
1,,Bedford County GIS,public,arcgis org,existing,MBC Existing Fiber Network in Bedford County - 2023,archive_BedfordVAGIS,Polylines,2504,https://services3.arcgis.com/DXCmCcRcEQ793kMP/arcgis/rest/services/MBC_Existing_Fiber/FeatureServer/0,8a62451ddb87463ab8f2a84af806fc2c,
1,,"Kentucky Transportation Cabinet, Kentucky Department of Finance",public,item credits,existing,KYTC - Kentucky Wired,KYTCGIS,Third Party Fiber,2473,https://maps.kytc.ky.gov/arcgis/rest/services/Apps/KYWired/MapServer/13,f5f14ecb4950405a83c24a64e4c8c6e1,
1,,Bay County GIS,public,arcgis org,existing,ITS_Fiber,BayCounty_GISadmin,ITS_Fiber,2321,https://services1.arcgis.com/QB0VWfqR9MD4lF0F/arcgis/rest/services/ITS_Fiber/FeatureServer/0,3b54924075634735b66b5ebddd48b12f,
1,,maps.cityofdubuque.org,public,server hostname,existing,Eng_Fiber_Troy,TKress223,Fiber Optic Line,2197,https://maps.cityofdubuque.org/arcgisweb2/rest/services/Eng_Fiber/Fiber_Optic_Eng_CRES/FeatureServer/2,3f250ceaebfd46109f3a04db6282332c,
1,,Welcome to the City of Corona GIS System,public,arcgis org,existing,Corona Fiber_WFL1,Mayra.Horton@coronaca.gov_cityofcorona,Traffic Conduit,2107,https://services3.arcgis.com/4pohxs3ZXJsQTQod/arcgis/rest/services/Corona_Fiber_WFL1/FeatureServer/1,8e1c0060e38644738f9cea03a0051362,
1,,Jefferson County PUD,public,arcgis org,existing,All Existing Fiber,agerrish_jpud,Fiber from Finley/NorthSky,2068,https://services1.arcgis.com/Jhms7Iv8JvhFeKQZ/arcgis/rest/services/All_Existing_Fiber/FeatureServer/1,e1e23be1c2964ccc95e78855203f48a6,
1,,Jefferson County PUD,public,arcgis org,existing,Public Fiber Map_WFL1,agerrish_jpud,New Fiber,2063,https://services1.arcgis.com/Jhms7Iv8JvhFeKQZ/arcgis/rest/services/Public_Fiber_Map_WFL1/FeatureServer/0,a16b0d9545664b328f636c48bfe954aa,
1,,Blue Ridge Energy (electric co-op),public,owner username (hand-checked),existing,Public Fiber Data,dgoodnight@blueridgeenergy.onmicrosoft.com,sdm_Cable,2020,https://services7.arcgis.com/bOGlM2R7sMMH06e0/arcgis/rest/services/Public_Fiber_Data/FeatureServer/6,12127fb17dae42579ddbb19b1d5fe3de,
1,,California Public Utilities Commission,public,arcgis org,existing,2021 May Revise Locations (Anchor Build Fiber Highways),Dave.Crawford_ESRI_CaPUC,Anchor Build Fiber Highways,1953,https://services2.arcgis.com/VofPZYDe2pLxSP5G/arcgis/rest/services/Anchor_Build_Fiber_Highways/FeatureServer/0,6ab17ba395a1433b8383277b243287cb,
1,,"City of Dubuque, IA",public,arcgis org,planned,Future Fiber for HRGreen,TKress223,Backbone Fiber,1941,https://services.arcgis.com/527lum9o4TRWxIoH/arcgis/rest/services/Future_Fiber_for_HRGreen/FeatureServer/0,5857e57fddac44899e0bbf84aa95c138,
1,,"City of Dubuque, IA",public,arcgis org,planned,Future Fiber for HRGreen,TKress223,Fiber Optic Line,1941,https://services.arcgis.com/527lum9o4TRWxIoH/arcgis/rest/services/Future_Fiber_for_HRGreen/FeatureServer/2,5857e57fddac44899e0bbf84aa95c138,
1,,"Town of Breckenridge, CO",public,owner username (hand-checked),existing,Allo Fiber data 4_24,Breck_GIS,Fiber,1934,https://services1.arcgis.com/iKiXR351dz5u0ZXs/arcgis/rest/services/Allo_Fiber_data_4_24/FeatureServer/4,c8beaf0ea0c444529e1a9dc43910f20b,
1,,"St. Tammany Parish, LA",public,owner username (hand-checked),existing,St_ Tammany Parish Fiberhood Map_WFL1,sttammanygis,HLD Backbone,1863,https://services8.arcgis.com/xqfvcYWRsxGrAkQR/arcgis/rest/services/St__Tammany_Parish_Fiberhood_Map_WFL1/FeatureServer/4,78dee1ba837243b8b20fd3e414275a05,
1,,City of Rocky Mount NC,public,arcgis org,existing,Fiber Optic Engineering,CORMGIS1,Fiber Optic Engineering,1800,https://services.arcgis.com/4MdqIsNzxG7xyTvf/arcgis/rest/services/Fiber_Optic_Engineering/FeatureServer/2,211e96860edc41eabe65f7c104fc62af,
1,,City of Rocky Mount NC,public,arcgis org,existing,Network_Communications_Viewer2_WFL1,CORMGIS1,Fiber Optic Lines,1800,https://services.arcgis.com/4MdqIsNzxG7xyTvf/arcgis/rest/services/Network_Communications_Viewer2_WFL1/FeatureServer/45,0f6dace52fe14c239f734467b623dd41,
1,,Florida DOT District 7 (Westshore Interchange project),public,public agency project account (hand-checked),existing,FDOT D7 Westshore surveyed utilities: Frontier,,UTEXRD_FRONTIER_20250324,1798,https://services9.arcgis.com/ssjvmF1sZLRQUcYv/arcgis/rest/services/UTEXRD_FRONTIER_20250324/FeatureServer/411,,infrapedia lead
1,,hennepin.county.maps,public,owner username,existing,FIBER_Cable,hennepin.county.maps,Cable,1753,https://utility.arcgis.com/usrsvcs/servers/f09b9c5ec5fc4b21bb74769d80384458/rest/services/Maps/FIBER/MapServer/2,f09b9c5ec5fc4b21bb74769d80384458,
1,,"Town of Breckenridge, CO",public,owner username (hand-checked),planned,Fiber 2020 Plan,Breck_GIS,Fiber Cable,1741,https://services1.arcgis.com/iKiXR351dz5u0ZXs/arcgis/rest/services/Fiber_2020_Plan/FeatureServer/5,01c1f77d5f9d4fc19cb598022c8f295a,
1,,"City of New Westminster, British Columbia, Canada",public,arcgis org,existing,Fibre Optic Network,gis_services1,fnUndergroundSpan,1732,https://services3.arcgis.com/A7O8YnTNtzRPIn7T/arcgis/rest/services/City_Fibre_Network/FeatureServer/3,1d20421bbca2439daf38aabb73aea7f5,
1,,City of Coquitlam,public,arcgis org,existing,Communications Utility,gis_admin_Coquitlam,Communication Ducts,1603,https://services2.arcgis.com/Q6Lq3evZUGfPrN7o/arcgis/rest/services/Communications Utility/FeatureServer/1,e29c4a400b6f4d3ab522e47a123b4b13,
1,,"Town of Breckenridge, CO",public,owner username (hand-checked),existing,Allo Fiber data 4_24,Breck_GIS,Conduit,1603,https://services1.arcgis.com/iKiXR351dz5u0ZXs/arcgis/rest/services/Allo_Fiber_data_4_24/FeatureServer/5,c8beaf0ea0c444529e1a9dc43910f20b,
1,,"City of Albany, GA",public,arcgis org,existing,Albany Fiber Backbone Layer Updated 7-25-24,jkendall8,FiberLines,1537,https://services6.arcgis.com/VKHi8CC6pMIyYUIs/arcgis/rest/services/Albany_Fiber_Backbone_Layer/FeatureServer/1,98fa22a68664482ab407e089bcca8d4c,
1,,"City of Chesapeake, VA",public,arcgis org,planned,ChesX_Project_Coord,vfowler@cityofchesapeake.net,Route - planned,1484,https://services1.arcgis.com/OAphVRUvJVpBRovs/arcgis/rest/services/ChesX_Project_Coord/FeatureServer/3,f913ded8f51a4567b6df6c4f99f5b2ea,
1,,Yavapai County ArcGIS Organization,public,arcgis org,existing,Fiber_optic infrastructure,yavgis_developers,Sparklight Fiber Lines,1415,https://services1.arcgis.com/BajuNXbtZNiBKFkx/arcgis/rest/services/Fiber_optic_infrastructure/FeatureServer/0,9bedc06d71df4ee8b0c676982cc2bcf9,
1,,"Liberty University, Inc.",public,arcgis org,existing,Communication Lines,jcico@liberty.edu_LibertyU,Communication Lines,1397,https://services2.arcgis.com/gFkswwhe7kA4VZgg/arcgis/rest/services/Communication_Lines/FeatureServer/0,2f9e6fd5772845579d2f79ef693e9fca,
1,,"Dataset created by Coldwater Board of Public Utilities GIS staff.

Fiber design by Aspen Wireless Communications; Mike R",public,item credits,existing,AspenFiber,jcsmith1,FOC,1385,https://services2.arcgis.com/OHynDFZ1SVDsGFwm/arcgis/rest/services/AspenConstruction/FeatureServer/6,2df184384bb74faa9f749cdfa5d85276,
1,,Florida DOT District 7 (Westshore Interchange project),public,public agency project account (hand-checked),existing,FDOT D7 Westshore surveyed utilities: Mci,,UTEXRD_MCI_20250324,1381,https://services9.arcgis.com/ssjvmF1sZLRQUcYv/arcgis/rest/services/UTEXRD_MCI_20250324/FeatureServer/414,,infrapedia lead
1,,"Town of Breckenridge, CO",public,owner username (hand-checked),planned,Fiber 2020 Plan,Breck_GIS,Conduit,1347,https://services1.arcgis.com/iKiXR351dz5u0ZXs/arcgis/rest/services/Fiber_2020_Plan/FeatureServer/6,01c1f77d5f9d4fc19cb598022c8f295a,
1,,"Town of Breckenridge, CO",public,owner username (hand-checked),existing,Fiber 2020 Asbuilt_WFL1,Breck_GIS,FIBERCABLE,1323,https://services1.arcgis.com/iKiXR351dz5u0ZXs/arcgis/rest/services/Fiber_2020_Asbuilt_WFL1/FeatureServer/3,89151539c9734dbdb4e8869ce11a2e44,
1,,City of Eagle,public,arcgis org,existing,Fiber Ongoing Map _0630_WFL1,cmartin@cityofeagle.org_City_of_Eagle,EAGLE_ID.DBO.Conduit_Location,1303,https://services3.arcgis.com/kAacPsfz5gmRZ5sK/arcgis/rest/services/Fiber_Ongoing_Map__0630_WFL1/FeatureServer/2,1c847e6510944e7cb97a2ea0c8610a23,
1,,"Town of Breckenridge, CO",public,owner username (hand-checked),planned,Fiber 2022,Breck_GIS,Conduit Plan,1292,https://services1.arcgis.com/iKiXR351dz5u0ZXs/arcgis/rest/services/Fiber_2022/FeatureServer/0,bb80b28b1b71434ab7acb0cbf9d2b302,
1,,City of Rocky Mount NC,public,arcgis org,existing,Network_Communications_Viewer2_WFL1,CORMGIS1,Traffic Fiber Lines,1283,https://services.arcgis.com/4MdqIsNzxG7xyTvf/arcgis/rest/services/Network_Communications_Viewer2_WFL1/FeatureServer/48,0f6dace52fe14c239f734467b623dd41,
1,,City of Rocky Mount NC,public,arcgis org,existing,Traffic Fiber Engineering,CORMGIS1,Traffic Fiber Engineering,1283,https://services.arcgis.com/4MdqIsNzxG7xyTvf/arcgis/rest/services/Traffic_Fiber_Engineering/FeatureServer/44,cba2f1088cf84b05b1952d509c2e3007,
1,,AndrewEntrikin-PUD,public,owner username,existing,FiberAerial_Route_PR,AndrewEntrikin-PUD,FiberAerial_Route,1200,https://services1.arcgis.com/XpT4vD25DhCyPlki/arcgis/rest/services/FiberAerial_Route_PR/FeatureServer/0,d5c00c381e464c7d969b2bed36038343,
1,,Uniti,carrier,carrier website: unitiwholesale.com/network-map embeds this ArcGIS map,planned,Uniti Developing Routes (under review),,Routes under Review,1188,https://services.arcgis.com/QO7AhQX53d0m9M2s/arcgis/rest/services/Uniti_Wholesale_Map_Demo_4_WFL1/FeatureServer/54,,infrapedia lead
1,,Athens-Clarke County,public,arcgis org,existing,Fiber Lines,site.admin,Fiber Cable,1180,https://services2.arcgis.com/xSEULKvB31odt3XQ/arcgis/rest/services/Fiber_Lines/FeatureServer/0,a8bb37dc8cd64150b353bd5df74e6498,
1,,Athens-Clarke County,public,arcgis org,existing,ACC Broadband_20210803_WFL1,Mary.Martin@accgov.com_AthensClarke,Fiber_Lines,1175,https://services2.arcgis.com/xSEULKvB31odt3XQ/arcgis/rest/services/ACC_Broadband_20210803_WFL1/FeatureServer/1,a027393c702043deb3bb7ca87c3315ee,
1,,NoaNet,public,arcgis org,existing,Port_of_Whitman_Dark_Fiber_Network,andrew.wuest@noanet.net_NoaNet,Port_of_Whitman_Dark_Fiber_Network_Cables,1165,https://services8.arcgis.com/M6FVSymJ2XsnL91N/arcgis/rest/services/Port_of_Whitman_Dark_Fiber_Network/FeatureServer/1,f0c20f831007411b99f3ca26af5e9fc8,
1,,University Facilities Management - ArcGIS Online,public,arcgis org,existing,Communication System,f66z112_msubozeman,Communication_line,1165,https://services3.arcgis.com/wFMTmfA0r0EYbLS3/arcgis/rest/services/Communication_networkV2/FeatureServer/1,bfd23d44d37940e1ad1e54b3e06d9d93,
1,,"City of Chesapeake, VA",public,arcgis org,existing,ChesX_Project_Coord,vfowler@cityofchesapeake.net,Conduit - installed,1121,https://services1.arcgis.com/OAphVRUvJVpBRovs/arcgis/rest/services/ChesX_Project_Coord/FeatureServer/2,f913ded8f51a4567b6df6c4f99f5b2ea,
1,,City of Seattle ArcGIS Online,public,arcgis org,existing,Fiber Routes,Transportation_SeattleCityGIS,Fiber Routes,1105,https://services.arcgis.com/ZOyb2t4B0UYuYNYH/arcgis/rest/services/Fiber_Routes_CDL/FeatureServer/0,57d2039245864a56a696eb23e9ebbb22,
1,,"City of Kansas City, MO",public,"public agency server (mapd.kcmo.org, City of Kansas City, MO)",existing,KCMO right-of-way fiber: Unite Private Networks,,Fiber - Unite Private Networks,1102,https://mapd.kcmo.org/kcgis/rest/services/external/FiberLayersNonKCMO/FeatureServer/3,,infrapedia lead
1,,FranklinUtilities,public,owner username,existing,FranklinFiberOptic,FranklinUtilities,Fiber Lines,1024,https://services6.arcgis.com/hijIcquGnJsR08JY/arcgis/rest/services/FranklinFiberOptic/FeatureServer/1,b4ffa98565df4af3a9280c05d5dc9c4d,
1,,gismaps.ci.fayetteville.nc.us,public,server hostname,existing,Fiber_Optic_PWC/CITY,rgardner_faync,pubcofgis.DBO.FiberCable,1008,https://gismaps.ci.fayetteville.nc.us/cwmain/rest/services/FiberOptic/MapServer/0,20757c8db5864a4787f6e6ab2daaf266,
1,,"City of Fruita, CO",public,owner username (hand-checked),existing,DD_fiber,fruita_GIS,FiberLayer,971,https://services8.arcgis.com/EHbirLYcjMmLybPA/arcgis/rest/services/DD_fiber/FeatureServer/1,bfec231d74f34bc4a27d121e9c820f3f,
1,,"Town of Breckenridge, CO",public,owner username (hand-checked),existing,Fiber 2020 Asbuilt_WFL1,Breck_GIS,CONDUIT,937,https://services1.arcgis.com/iKiXR351dz5u0ZXs/arcgis/rest/services/Fiber_2020_Asbuilt_WFL1/FeatureServer/4,89151539c9734dbdb4e8869ce11a2e44,
1,,"City of Dubuque, IA",public,arcgis org,planned,Future Fiber for HRGreen,TKress223,Fiber Project Line,926,https://services.arcgis.com/527lum9o4TRWxIoH/arcgis/rest/services/Future_Fiber_for_HRGreen/FeatureServer/4,5857e57fddac44899e0bbf84aa95c138,
1,,Town of Breckenridge,public,arcgis org,existing,Fiber Collection_view,GIS_Breck,Line_layer,926,https://services7.arcgis.com/eiphdGIhOeaxJr5P/arcgis/rest/services/FiberCollection21_view/FeatureServer/1,f01bb231d9f840679d7c0ed93a529e7a,
1,,"Town of Breckenridge, CO",public,owner username (hand-checked),existing,FiberCollection21_view,Breck_GIS,Line layer,923,https://services1.arcgis.com/iKiXR351dz5u0ZXs/arcgis/rest/services/FiberCollection21_view/FeatureServer/1,08039e2769364f44b8d24404dcff8417,
1,,Borough of State College,public,arcgis org,existing,Fiber Conduit,tblose_scb,FIBER_OPTIC_CONDUIT,917,https://services8.arcgis.com/5EsWsFkU1FzqtfTb/arcgis/rest/services/Fiber_Conduit/FeatureServer/4,6891e9ab028844a1950d39903e2d9e5c,
1,,"Town of Breckenridge, CO",public,owner username (hand-checked),existing,Installed Fiber,Breck_GIS,Installed Fiber,902,https://services1.arcgis.com/iKiXR351dz5u0ZXs/arcgis/rest/services/Installed_Fiber/FeatureServer/55,43821bf7521f489385fe45cc89baebc5,
1,,"City of New Westminster, British Columbia, Canada",public,arcgis org,existing,Fibre Optic Network Remove,GIS_Coordinator,fnUndergroundSpan,860,https://services3.arcgis.com/A7O8YnTNtzRPIn7T/arcgis/rest/services/City Fibre Network/FeatureServer/3,30a3d9d194da4c2fba86e2f8ab60117e,
1,,"Town of Breckenridge, CO",public,owner username (hand-checked),existing,Allo Fiber data 4_24,Breck_GIS,Route,860,https://services1.arcgis.com/iKiXR351dz5u0ZXs/arcgis/rest/services/Allo_Fiber_data_4_24/FeatureServer/3,c8beaf0ea0c444529e1a9dc43910f20b,
1,,University of North Carolina Wilmington,public,arcgis org,existing,Telecom,projectmanagement,Telecom Lines,856,https://services1.arcgis.com/EhkUu6sHoRi5xjBh/arcgis/rest/services/Telecom/FeatureServer/4,8b7b07f7d6b8464180c844587fb1367b,
1,,University of North Carolina Wilmington,public,arcgis org,existing,TelecomSearchService,projectmanagement,Telecom Lines,831,https://services1.arcgis.com/EhkUu6sHoRi5xjBh/arcgis/rest/services/TelecomSearchService/FeatureServer/3,cc751db13c0141d48cfa6c3877389a64,
1,,City of Rocky Mount NC,public,arcgis org,existing,Network_Communications_Viewer2_WFL1,CORMGIS1,NCDOT Fiber,826,https://services.arcgis.com/4MdqIsNzxG7xyTvf/arcgis/rest/services/Network_Communications_Viewer2_WFL1/FeatureServer/17,0f6dace52fe14c239f734467b623dd41,
1,,Wideband Group,carrier,arcgis org,existing,FiberCable LkJms1_Ham1,rsigns.wideband,Projection_Update_Fiber_Lakeland,823,https://services6.arcgis.com/6f3U7VWaI0bXOChA/arcgis/rest/services/FiberCable_LkJms1_Ham1/FeatureServer/0,b49d4a396cb74a64b17f381fe959e877,
1,,"City of Richland, Washington",public,arcgis org,existing,GENERAL_FIBER4AGOL,dwelch_RichlandWA,cConduit,794,https://services3.arcgis.com/5g4JcCVJwbhPOszb/arcgis/rest/services/GENERAL_FIBER4AGOL/FeatureServer/6,0fa8c3e43b9f4db1a753170ec1b05cb0,
1,,City of Gardner Kansas,public,arcgis org,existing,Fiber_BackBone,gardnerkansas,Fiber Backbone (Approx 31 Miles),782,https://services5.arcgis.com/Ox3HYmIeiVBmWWrQ/arcgis/rest/services/Fiber_BackBone/FeatureServer/2,31633e99ae384a3ea45cd2fe7773c3c2,
1,,"San Jacinto River Authority, TX",public,owner username (hand-checked),existing,PUBLIC - GRP Fiber Optics,ecoleman_sjra,Fiber Optics,764,https://services2.arcgis.com/w2TRse9XgbPXdXc6/arcgis/rest/services/Transmission_Fiber/FeatureServer/4,c9093d4f5c3744c7aea55d4e23c2632a,
1,,Jackson EMC (electric co-op),public,owner username (hand-checked),existing,FlashFiberFootprintp,blovett_jwemc,Fiber Rings,758,https://services7.arcgis.com/kY8JFNt2NP4Zmqyg/arcgis/rest/services/FlashFiberFootprintp/FeatureServer/1,fb7c2c6fdef846218e35d04bc37ad7a4,
1,,"Fire Department, Transportation and Public Works, City of Santa Barbara",public,item credits,existing,Fiber Review_WFL1,santabarbaraca,Signal Communications Lines,747,https://services3.arcgis.com/hMpg7vsYb74pEKjX/arcgis/rest/services/Fiber_Review_WFL1/FeatureServer/1,ddf962e837da4fd0be87fd6da5f0d13f,
1,,City of Topeka,public,arcgis org,existing,StaticFiberOptic,tvogue,FiberOpticCable,703,https://services1.arcgis.com/EvtgI3PZ9PyCGJZS/arcgis/rest/services/StaticFiberOptic/FeatureServer/0,5a43e2b4a71d4a86bf6ff396141eda3a,
1,,Florida DOT District 7 (Westshore Interchange project),public,public agency project account (hand-checked),existing,FDOT D7 Westshore surveyed utilities: Spectrum,,UTEXRD_SPECTRUM_20250425,703,https://services9.arcgis.com/ssjvmF1sZLRQUcYv/arcgis/rest/services/UTEXRD_SPECTRUM_20250425/FeatureServer/211,,infrapedia lead
1,,maps.sjcpw.us,public,server hostname,existing,FiberCable,sjcpwd,FiberCable,698,https://maps.sjcpw.us/pwags/rest/services/Open_Data/trFiberCable/MapServer/0,4c64c36456ff42ae8f645dc596b53910,
1,,Clayton County GIS,public,arcgis org,existing,Traffic Network (View-Only),Robert.Zimmerman@claytoncountyga.gov_CCCD_GIS,Traffic Fiber,677,https://services5.arcgis.com/m528W8U8YDYeMPrQ/arcgis/rest/services/Traffic_Network_view/FeatureServer/53,9b4590645f2e48a4a2631ac1612f2d93,
1,,"City of Wenatchee, WA GIS Mapping",public,arcgis org,existing,2020 PUD Fiber Electric,GISAdmin_Wenatchee,PUD SpanGuy,674,https://services1.arcgis.com/yRJwhpord26CsXKm/arcgis/rest/services/2020_PUD_Fiber_Electric/FeatureServer/28,904e82145d6f415093d673d0e32d7a8b,
1,,"City of Rockford, IL",public,arcgis org (hand-checked),existing,Fiber_Data,rockfordil,Rockford.DBO.Rockford_FiberCable,671,https://services2.arcgis.com/Fh2bD9911cyi2gO2/arcgis/rest/services/Fiber_Data/FeatureServer/1,eef2be607d6548c3b9410e58bbd754c3,
1,,"Blount County, TN",public,owner username (hand-checked),existing,MacNETFiber_HFL,blountGIS,Cable,669,https://services3.arcgis.com/NIOS5f3vobGvnGtD/arcgis/rest/services/MacNETFiber_HFL/FeatureServer/3,5d22400015d24ade94555dba63f07af5,
1,,City of Rocky Mount NC,public,arcgis org,existing,Network_Communications_Viewer2_WFL1,CORMGIS1,Traffic_Fiber,651,https://services.arcgis.com/4MdqIsNzxG7xyTvf/arcgis/rest/services/Network_Communications_Viewer2_WFL1/FeatureServer/0,0f6dace52fe14c239f734467b623dd41,
1,,COM_Admin_Broadband,carrier,owner username,existing,Rhode Island Network Overview,COM_Admin_Broadband,OSHEAN Fiber Network,638,https://services6.arcgis.com/70X0jB6UtsfE8L2y/arcgis/rest/services/Rhode_Island_Network_Overview/FeatureServer/3,e37e4510fb354152a970343939f8368d,
1,,City of Keene GIS,public,arcgis org,existing,Keene NH Fiberoptic Network,keene,KN_FIBER_LINES_OLD,637,https://services2.arcgis.com/QKs1u1Zs6RQO4G4r/arcgis/rest/services/Keene_NH_Fiberoptic_Network/FeatureServer/1,ed5c68af4d5c4711a1ce7e866d768324,
1,,City of Puyallup,public,arcgis org,existing,Fiber Conduits: View,WKeller@puyallupwa.gov_puyallup,Conduit,628,https://services8.arcgis.com/5K6vnOH0GkPyJs6A/arcgis/rest/services/Fiber_Conduits_view/FeatureServer/0,8f1ee04266f34b13a2bd3df3d525841e,
1,,maps.gmpvt.com,carrier,server hostname,existing,GMP Fiber Optic Cable,JesseEncore,GMP Fiber ,621,https://maps.gmpvt.com/arcgis/rest/services/ConductorSizeFiberLookup/MapServer/2,40239e45e3cf4c2c9499ac7f9a06faa0,
1,,"City of Columbia Heights, MN",public,owner username (hand-checked),existing,Conduit,ColumbiaHeights,CONDUIT,585,https://services2.arcgis.com/jukipzcNaiQXqMc8/arcgis/rest/services/Conduit/FeatureServer/0,e04845f33e6946d0b55db9e171ff8e34,
1,,Florida DOT District 7 (Westshore Interchange project),public,public agency project account (hand-checked),existing,FDOT D7 Westshore surveyed utilities: Bright House,,UTEXRD_BRIGHT_HOUSE_20240908,577,https://services9.arcgis.com/ssjvmF1sZLRQUcYv/arcgis/rest/services/UTEXRD_BRIGHT_HOUSE_20240908/FeatureServer/276,,infrapedia lead
1,,Jefferson County PUD,public,arcgis org,existing,fiber old NoaNet layers,agerrish_jpud,OVERHEAD FIBER,573,https://services1.arcgis.com/Jhms7Iv8JvhFeKQZ/arcgis/rest/services/fiber/FeatureServer/1,27b5639da96b4c7493f57154a3c94836,
1,,City of Durango,public,arcgis org,existing,CityOfDurango_Fiber_WFL1,david.mcclellanCOD,DurangoOwned_FiberConduits,570,https://services.arcgis.com/iqrNQm6g4Pj36MWn/arcgis/rest/services/CityOfDurango_Fiber_WFL1/FeatureServer/1,1ee7dda3a40e4a2f9ed8295a66fa00d9,
1,,"Craven County, NC",public,owner username (hand-checked),existing,Craven_Fiber_Lines,bmarquard_CravenGIS,Craven_Fiber_Lines,555,https://services8.arcgis.com/W3WmI8CWeKpaagET/arcgis/rest/services/Craven_Fiber_Lines/FeatureServer/0,e7814f874e9f413b8c17e621f0b16b49,
1,,Vermont Public Service Department,public,item credits,existing,VT Data - PSD Fiber,Admin_PSD,VT Data - SOV-owned fiber routes,542,https://maps.vcgi.vermont.gov/arcgis/rest/services/PSD_services/OPENDATA_PSD_LAYERS_SP_NOCACHE_v1/MapServer/46,769eb0a6655c4f01bbed240a2f55eb50,
1,,City of Centennial - ArcGIS Online,public,arcgis org,existing,Fiber_March2016,CentennialGIS,Publishing_Data.DBO.COC_Conduit,514,https://services2.arcgis.com/qzGaVFGfQxn25AYB/arcgis/rest/services/Fiber_March2016/FeatureServer/20,dc51724abb714cdf8b3beaa7628cb971,
1,,City of Federal Way AGOL,public,arcgis org,existing,City Fiber - C3 Federal Way Fiber Data (View Only),s_curry,Conduit,508,https://services7.arcgis.com/nNFRPD700OKIXF3J/arcgis/rest/services/City_Fiber_C3_Federal_Way_Fiber_Data_View/FeatureServer/4,52ed173cd01a47da918085f50efdc089,
1,,City of Centennial - ArcGIS Online,public,arcgis org,existing,Conduit All,CentennialOpenData,Conduit,505,https://services2.arcgis.com/qzGaVFGfQxn25AYB/arcgis/rest/services/Conduit_All/FeatureServer/0,9e84482a354446f2a974fa749b9835eb,
1,,"City of Cortez, CO",public,arcgis org,existing,Fiber Optic Utilities View,gis_cityofcortez,Fiber Optic Lines,501,https://services7.arcgis.com/EdCSxfzvszlwn3hy/arcgis/rest/services/Fiber_Optic_Utilities_view/FeatureServer/13,c3def2e0163d436692fe32987f61b2f1,
1,,City of Federal Way AGOL,public,arcgis org,existing,C3 Federal Way Fiber Data - Deprecated,s_curry,Conduit,501,https://services7.arcgis.com/nNFRPD700OKIXF3J/arcgis/rest/services/CityFiber_3162018/FeatureServer/5,c81fdf94993a47bc982848edddefc2eb,
1,,City of Centennial - ArcGIS Online,public,arcgis org,existing,Fiber_March2016,CentennialGIS,Publishing_Data.DBO.COC_ConduitOwnership_Update,497,https://services2.arcgis.com/qzGaVFGfQxn25AYB/arcgis/rest/services/Fiber_March2016/FeatureServer/10,dc51724abb714cdf8b3beaa7628cb971,
1,,City of Centerville,public,arcgis org,existing,Fiber_MVECA_Update 2 view,mryan@centervilleohio.gov_centervilleohio,Fiber_MVECA_Update,496,https://services.arcgis.com/M5UrDFRz2ZRTplQC/arcgis/rest/services/Fiber_MVECA_Update_2_view/FeatureServer/0,c58c73f9871a4c89bb7c6c8234b88623,
1,,"City of Storm Lake, IA",public,owner username (hand-checked),existing,Fiber view,StormLake,Fiber Optic Line,486,https://services2.arcgis.com/8xg0ntvPHd0DEjki/arcgis/rest/services/Fiber_view/FeatureServer/2,31aeb20846334e60a44f755c09ba05f8,
1,,City of Centennial - ArcGIS Online,public,arcgis org,existing,Fiber,CentennialGIS,Conduit,485,https://services2.arcgis.com/qzGaVFGfQxn25AYB/arcgis/rest/services/Fiber/FeatureServer/2,0c9c0d72cf5043039ad85ec4792c57ba,
1,,Hamilton College,public,arcgis org,existing,Fiber _ Telecom_ViewOnlyLayer,txgadzia_hamilton1812,Fiber_Telecom,467,https://services3.arcgis.com/yB0kYLXANca8JmtV/arcgis/rest/services/Fiber___Telecom_ViewOnlyLayer/FeatureServer/3,45fa42d5db0c456882f90f4f450675ca,
1,,City of Centerville,public,arcgis org,existing,Fiber Audit 2026_WFL1,mryan@centervilleohio.gov_centervilleohio,Fiber,465,https://services.arcgis.com/M5UrDFRz2ZRTplQC/arcgis/rest/services/Fiber_Audit_2026_WFL1/FeatureServer/5,5eb07580b49c4fc7a63915af90c967f5,
1,,Mid-Region Metropolitan Planning Organization,public,arcgis org,existing,AMPA_ITS_TIPReviewCorrEtc,nmasek_MRMPO,AMPA_AdvComm_2016,461,https://services1.arcgis.com/i3mLmgyL55IkFf81/arcgis/rest/services/AMPA_ITS_TIPReviewCorrEtc/FeatureServer/19,d06c8f9c0de74a23b2ac4b8e3b295371,
1,,County of Summit GIS,public,arcgis org,existing,Fiber Route_923,Summit_Admin,Fiber_Route_923,460,https://services3.arcgis.com/3Ukh5HzAdI6WZ3KP/arcgis/rest/services/Fiber_Route_923/FeatureServer/0,c4a476eaaaae441e9cf6413be1160c78,
1,,"City of Marysville, Ohio",public,arcgis org,existing,Fiber Telecom System Public,dporchetti@marysvilleohio.org_Marysville,Fiber Cable,458,https://services3.arcgis.com/ccRMrVzOSHBUG6X2/arcgis/rest/services/Fiber_Telecom_System_Public/FeatureServer/1,7c382860e53041a1a95abde2fa2b7400,
1,,Welcome to the City of Corona GIS System,public,arcgis org,existing,Corona Fiber_WFL1,Mayra.Horton@coronaca.gov_cityofcorona,ATMS Fiber,447,https://services3.arcgis.com/4pohxs3ZXJsQTQod/arcgis/rest/services/Corona_Fiber_WFL1/FeatureServer/4,8e1c0060e38644738f9cea03a0051362,
1,,"City of Parksville, SD69",public,item credits,existing,Parksville_Fibre_Cable,Ljanik@parksville.ca_City_Parksville,Parksville_Fibre_Cable,417,https://services7.arcgis.com/6Ys1qjTn2qXd9VRQ/arcgis/rest/services/Parksville_Fibre_Cable/FeatureServer/63,1e4c10193e16478f9db66ea30d5430e4,
1,,LOGIS (MN municipal consortium),public,owner username (hand-checked),existing,LO_NS_Fiber_St_Louis_Park_auth,fiber_logis,St Louis Park Fiber Lines,417,https://utility.arcgis.com/usrsvcs/servers/d36eae7f9b8e4028b81c5e73fb16c16d/rest/services/Logis/LO_NS_Fiber_St_Louis_Park/MapServer/6,d36eae7f9b8e4028b81c5e73fb16c16d,
1,,Jefferson County PUD,public,arcgis org,existing,All Existing Fiber,agerrish_jpud,Fiber from OSPI,401,https://services1.arcgis.com/Jhms7Iv8JvhFeKQZ/arcgis/rest/services/All_Existing_Fiber/FeatureServer/2,e1e23be1c2964ccc95e78855203f48a6,
1,,                          Delaware Electric Cooperative,public,arcgis org,existing,EconomicAreas,docca,DEC 9-22 Fiber,398,https://services.arcgis.com/aNWMHQbAnMa2ZU4J/arcgis/rest/services/EconomicAreas/FeatureServer/4,2007cf3c89754396ad479879ec535b74,
1,,Alachua County Board of County Commissioners,public,arcgis org,existing,ForwardFocus_Broadband_FiberA,achequer_acgm,Project Area A - Fiber,393,https://services1.arcgis.com/MiBZ4u97DWldovjI/arcgis/rest/services/ForwardFocus_Broadband_FiberA/FeatureServer/6,46418d022e794f9eac2bf64cfd2fe9b5,
1,,"County of Franklin, VA",public,arcgis org,existing,FranklinCountyVA_Fiber_Private,FC.GIS,FranklinCountyVA_Fiber_Private,391,https://services9.arcgis.com/AzdpqVmJ5GjGWCoI/arcgis/rest/services/FranklinCountyVA_Fiber_Private/FeatureServer/0,90bf25f0ca65447998cbd0c996a29121,
1,,Town of Wake Forest,public,arcgis org,existing,Fiber_Network,twfgis,WF_FiberRoutes,386,https://services1.arcgis.com/gqTCvanrwF2z2HEu/arcgis/rest/services/Fiber_Network/FeatureServer/0,1d01f55213b948a39dbc336cd6a01db1,
1,,City of Oakland GIS,public,arcgis org,existing,OaklandFiberRoutes,davidlok,OaklandFiberRoutes,384,https://services.arcgis.com/9tC74aDHuml0x5Yz/arcgis/rest/services/OaklandFiberRoutes/FeatureServer/0,b451f59ecf6048e6b03e33c27d699fa3,
1,,City of Daytona Beach Online,public,arcgis org,existing,FiberNetworkData_Insp_View,evansone_CODB,FiberRunCollected,382,https://services2.arcgis.com/2rIG17xLqeJd2jOX/arcgis/rest/services/FiberNetworkData_Insp_View/FeatureServer/3,699a455626884620a3b1fd99f5393bf8,
1,,Fort Bend County GIS,public,arcgis org,existing,Fiber Optic Lines and Points,FBC_AGOAdmin,plw_fiberoptic 2,378,https://services.arcgis.com/HfQs2ClqmipKpmFK/arcgis/rest/services/Fiber_Optic_Lines_and_Points/FeatureServer/1,091b08fdaa9a4b49b4c80513e244501e,
1,,City and County of San Francisco,public,arcgis org,existing,05_26_2026_Fiber Optic Cable Map_WFL1,nick.webster_sfdt,12ct_UG,378,https://services.arcgis.com/Zs2aNLFN00jrS4gG/arcgis/rest/services/05_26_2026_Fiber_Optic_Cable_Map_WFL1/FeatureServer/23,f17d9328d66b4f8381daf4852a1563f2,
1,,LOGIS (MN municipal consortium),public,owner username (hand-checked),existing,LO_NS_Fiber_St_Louis_Park_auth,fiber_logis,CrescentLink Cable new,376,https://utility.arcgis.com/usrsvcs/servers/d36eae7f9b8e4028b81c5e73fb16c16d/rest/services/Logis/LO_NS_Fiber_St_Louis_Park/MapServer/3,d36eae7f9b8e4028b81c5e73fb16c16d,
1,,"City of Johns Creek, GA",public,arcgis org,existing,ITS Network,JohnsCreekGA,Conduit Lines,374,https://services1.arcgis.com/bqfNVPUK3HOnCFmA/arcgis/rest/services/ITS_Network/FeatureServer/1,895075b086c64ba2886027800ab719de,
1,,"City of Germantown, Tennessee",public,arcgis org,existing,Germantown Fiber Optic Network,shumphreys_gtown,FiberOptic_Germantown,359,https://services5.arcgis.com/LnfZzt7NtPrHmp5p/arcgis/rest/services/Traffic_Fiber_(Public_Fiber)/FeatureServer/4,63ef951618d546589d8286f741d158e8,
1,,Kane County Illinois - Maps,public,arcgis org,existing,KaneFiber_Fiber_10012018_VWRO_20230104,KDOT_Lebo,Fiber,350,https://services1.arcgis.com/oRKmdBXD6EbdmVgJ/arcgis/rest/services/KaneFiber_Fiber_10012018_VWRO_20230104/FeatureServer/0,8d873ff6518d4642a3ce7ddcbfca2421,
1,,SturgeonBayUtilities,public,owner username,existing,Sturgeon Bay Utilities - Facilities for TDS Fiber (2026-08-07),SturgeonBayUtilities,Service_Lines,347,https://services5.arcgis.com/06G6KiiN2DzsdV2c/arcgis/rest/services/Sturgeon_Bay_Utilities_-_Facilities_for_TDS_Fiber_(2026-08-07)/FeatureServer/35,08798f02ff174b1bbc1c4b5cfb9bbc93,
1,,Florida DOT District 7 (Westshore Interchange project),public,public agency project account (hand-checked),existing,FDOT D7 Westshore surveyed utilities: Fiberlight Xo Communications,,UTEXRD_FIBERLIGHT_XO_COMMUNICATIONS_20250425,346,https://services9.arcgis.com/ssjvmF1sZLRQUcYv/arcgis/rest/services/UTEXRD_FIBERLIGHT_XO_COMMUNICATIONS_20250425/FeatureServer/208,,infrapedia lead
1,,Centre Wellington Communications,carrier,item credits,existing,CWFibre,cwarcgis,Ehtel Fibre (2021),332,https://utility.arcgis.com/usrsvcs/servers/066e3de1511d4b38bc812b4969960041/rest/services/CWFibre/MapServer/7,066e3de1511d4b38bc812b4969960041,
1,,Alabama Department of Transportation,public,arcgis org,existing,Fiber Optic,ellista_ALDOT,Fiber,330,https://services.arcgis.com/LZzQi3xDiclG6XvQ/arcgis/rest/services/Fiber_Optic/FeatureServer/2,0f8acd4960ba4df99dda488d40b6fd3c,
1,,Clayton County GIS,public,arcgis org,existing,IT Fiber Network (View-Only),Robert.Zimmerman@claytoncountyga.gov_CCCD_GIS,IT Fiber (CTD35),330,https://services5.arcgis.com/m528W8U8YDYeMPrQ/arcgis/rest/services/IT_Fiber_Network_(View-Only)/FeatureServer/59,9e37584edf24455b84d059889e19a296,
1,,"City of Kettering, Ohio",public,arcgis org,existing,All Fiber Data,cgoessl,All Fiber,328,https://services1.arcgis.com/IDg0PVR55RzXuJ5Y/arcgis/rest/services/FiberNetworkFSAGOL/FeatureServer/2,43d56836cdc44c4aacdccedcc6c74888,
1,,City of Aspen GIS AGOL,public,arcgis org,existing,Fiber Network,CityofAspenGIS,Conduit,316,https://services3.arcgis.com/5FkYBrhNzpVtlA6F/arcgis/rest/services/Fiber_Network/FeatureServer/4,dc991dad262948f7a68c082f0a3b4042,
1,,Lakeland Internet,carrier,owner username (hand-checked),existing,FIBER_CABLE_LK view,lakelandinternet,FIBER_CABLE_LK,312,https://services6.arcgis.com/pRuZbKzJKSEajE0A/arcgis/rest/services/FIBER_CABLE_LK_view/FeatureServer/4,8000e040481345b4869bdc212bb4a79e,
1,,"City of Hamilton, Ohio",public,arcgis org,existing,FiberOpticCable_Overhead_COHowned,admincoh,Overhead Fiber Optic Cable,304,https://services1.arcgis.com/1pXnFsHirWAc6772/arcgis/rest/services/FiberOpticCable_Overhead_COHowned/FeatureServer/0,15cf7ad1901d493fb0094fe2383cbf98,
1,,"City of Richland, Washington",public,arcgis org,existing,GENERAL_FIBER4AGOL,dwelch_RichlandWA,FiberCable,304,https://services3.arcgis.com/5g4JcCVJwbhPOszb/arcgis/rest/services/GENERAL_FIBER4AGOL/FeatureServer/4,0fa8c3e43b9f4db1a753170ec1b05cb0,
1,,"City of New Westminster, British Columbia, Canada",public,arcgis org,planned,Fibre Optic Network Remove,GIS_Coordinator,fnPlannedFiber,299,https://services3.arcgis.com/A7O8YnTNtzRPIn7T/arcgis/rest/services/City Fibre Network/FeatureServer/2,30a3d9d194da4c2fba86e2f8ab60117e,
1,,Region 4 Planning and Development Council,public,arcgis org,existing,Webster Fiber Citynet ARC requested files2_24_26,Region4,Build yes backbone and lateral affecting ARC,297,https://services8.arcgis.com/aPNo3KjV6fgrbzfN/arcgis/rest/services/Webster_Fiber_Citynet_ARC_requested_files2_24_26/FeatureServer/1,7cdd00978372476a812eb6f8b63f1c7c,
1,,Toledo-Lucas County Port Authority,public,owner username (hand-checked),existing,Facility One Communication Lines,ToledoPort1955,Facility1_Communication,295,https://services9.arcgis.com/Z2CMrJ3MhQaTnck3/arcgis/rest/services/Facility_One_Communication_Lines/FeatureServer/0,74db8724f23242708cf298113e7b3c16,
1,,ArcGIS Online for Skagit County,public,arcgis org,existing,FiberWebMapAGOL,rvaughan_SkagitCounty,Fiber Lines (60%tp),293,https://services1.arcgis.com/ipyDbwUQfysOAPQq/arcgis/rest/services/FiberWebMapAGOL/FeatureServer/22,63c67556a5594b65b86e4d5a3644ea93,
1,,ArcGIS Online for Skagit County,public,arcgis org,existing,FiberWebMapAGOL,rvaughan_SkagitCounty,Fiber Lines (45%tp),293,https://services1.arcgis.com/ipyDbwUQfysOAPQq/arcgis/rest/services/FiberWebMapAGOL/FeatureServer/23,63c67556a5594b65b86e4d5a3644ea93,
1,,ArcGIS Online for Skagit County,public,arcgis org,existing,FiberWebMapAGOL,rvaughan_SkagitCounty,Fiber Lines,293,https://services1.arcgis.com/ipyDbwUQfysOAPQq/arcgis/rest/services/FiberWebMapAGOL/FeatureServer/24,63c67556a5594b65b86e4d5a3644ea93,
1,,ArcGIS Online for Skagit County,public,arcgis org,existing,FiberWebMapAGOL,rvaughan_SkagitCounty,Fiber,293,https://services1.arcgis.com/ipyDbwUQfysOAPQq/arcgis/rest/services/FiberWebMapAGOL/FeatureServer/25,63c67556a5594b65b86e4d5a3644ea93,
1,,Florida DOT District 7 (Westshore Interchange project),public,public agency project account (hand-checked),existing,FDOT D7 Westshore surveyed utilities: Uniti Fiber,,UTEXRD_UNITI_FIBER_20250324,288,https://services9.arcgis.com/ssjvmF1sZLRQUcYv/arcgis/rest/services/UTEXRD_UNITI_FIBER_20250324/FeatureServer/411,,infrapedia lead
1,,Scott County Iowa,public,arcgis org,existing,Fiber Optic,Scott_County_IA_GIS,Fiber Optic Paths,281,https://services.arcgis.com/ovln19YRWV44nBqV/arcgis/rest/services/Fiber_Optic/FeatureServer/1,fa73097899144564a200aa02b3ecd2e0,
1,,Port of Galveston,public,arcgis org,existing,CommunicationsSystem,JwillisPOG,Communications Conduit,274,https://services1.arcgis.com/RcfrTSKiiG2fgqIh/arcgis/rest/services/CommunicationsSystem_ade93ccc08074d62a04a4cb228457389/FeatureServer/905109,1c746d5d2dd74985befb4a0709289e00,
1,,"Fire Department, Transportation and Public Works, City of Santa Barbara",public,item credits,existing,Fiber Review_WFL1,santabarbaraca,Fiber Optic Cables,271,https://services3.arcgis.com/hMpg7vsYb74pEKjX/arcgis/rest/services/Fiber_Review_WFL1/FeatureServer/2,ddf962e837da4fd0be87fd6da5f0d13f,
1,,Arizona State University- Admin Usage,public,arcgis org,existing,Existing_Fiber_Routes,dblaisde_asuadmin,Existing Fiber Routes,268,https://services5.arcgis.com/aYs2RC3pluEvAuE3/arcgis/rest/services/Existing_Fiber_Routes/FeatureServer/0,8804eeb244464e7d8ccf07a2ab459091,
1,,"Pitkin County, Colorado",public,arcgis org,existing,Pitkin County Fiber Network,tannerpfeiffer,FiberLine,268,https://services1.arcgis.com/v0IZLkgglG1DPU2C/arcgis/rest/services/Pitkin_County_Fiber_Network/FeatureServer/3,fee17ba5966640b8be9ebb06f7edd21d,
1,,Otelco,carrier,owner username (hand-checked),existing,AL_HCOFF_1_ACTIVE_FIBER_MAP_UPDATED_WFL1,nolan.west@otelco.com_otelco,AL_HCOFF_1_ACTIVE_FIBER,259,https://services7.arcgis.com/6yqxoehjaVZJCNqj/arcgis/rest/services/AL_HCOFF_1_ACTIVE_FIBER_MAP_UPDATED_WFL1/FeatureServer/0,8b43c6d3f25d448887d1ccc06be5f2b1,
1,,"City of Decatur, Illinois",public,item credits,existing,FiberInfrastructure,decaturilgis,Fiber Optic Cable,249,https://maps.decaturil.gov/arcgis/rest/services/PublicWorks/FiberInfrastructure/MapServer/1,ebce6c41af8141c0990be174e86313c4,
1,,US Military Academy West Point,public,owner username (hand-checked),existing,West Point Telecom Conduits_WFL1,christian.acevedo@westpoint.edu_usma,Conduits,249,https://services2.arcgis.com/TSIJRCUq2X813XVI/arcgis/rest/services/West_Point_Telecom_Conduits_WFL1/FeatureServer/2,6e22ac626ace490a88a91f1e82c6052c,
1,,City of Detroit,public,arcgis org,planned,ConduitPlanning,SlusarskiD_detroitmi,Fiber_Backbone,247,https://services2.arcgis.com/qvkbeam7Wirps6zC/arcgis/rest/services/ConduitPlanning/FeatureServer/9,2684de52c7384d85bf3e18ab8a73d5bf,
1,,Town of Holly Springs,public,arcgis org,existing,Holly Springs Fiber Optic Collector Map 4-21-2017,alec.weide_tohs,Conduit,227,https://services1.arcgis.com/b6kciy3dYoQmo0t3/arcgis/rest/services/HS_Fiber_042117/FeatureServer/4,c9b52a4790ad45dd94200378d7678407,
1,,City of Shafter,public,arcgis org,existing,FiberSystem_Path_View,cschultz_shafter,Fiber System Path,225,https://services2.arcgis.com/LukbLC9Gps89zZa7/arcgis/rest/services/FiberSystem_Path_View/FeatureServer/0,a6d68fe4a1a64ab4be649fc8d85bed6b,
1,,"City of Corvallis, OR",public,arcgis org (hand-checked),existing,CorvallisAreaFiber,CityOfCorvallis,CorvallisAreaFiber,221,https://services6.arcgis.com/NNPaUnXVoJt8FVVE/arcgis/rest/services/CorvallisAreaFiber/FeatureServer/0,2fee01a0ffc64246ad81011c901e9e97,
1,,"County of Franklin, VA",public,arcgis org,existing,MBC Fiber in Franklin Co,FC.GIS,MBC_Fiber_in_Franklin_Co,208,https://services9.arcgis.com/AzdpqVmJ5GjGWCoI/arcgis/rest/services/MBC_Fiber_in_Franklin_Co/FeatureServer/0,e81a6a57582e4e7484498d3fbe0bb997,
1,,"Franklin County VA GIS, 2021",public,item credits,existing,IT Facilities,FC.GIS,Fiber Lines - MBC,208,https://gis.franklincountyva.gov/arcgis/rest/services/InternalServices/IT_Facilities/MapServer/6,2e0456bdcd894671b08ff2cf2bb4f835,
1,,ArcGIS Online for Skagit County,public,arcgis org,existing,FiberWebMapAGOL,rvaughan_SkagitCounty,Fiber Distribution,206,https://services1.arcgis.com/ipyDbwUQfysOAPQq/arcgis/rest/services/FiberWebMapAGOL/FeatureServer/21,63c67556a5594b65b86e4d5a3644ea93,
1,,City of Daytona Beach Online,public,arcgis org,existing,FiberNetworkData_Insp_View,evansone_CODB,FiberRunDigitized,203,https://services2.arcgis.com/2rIG17xLqeJd2jOX/arcgis/rest/services/FiberNetworkData_Insp_View/FeatureServer/5,699a455626884620a3b1fd99f5393bf8,
1,,Addison County Regional Planning Commission,public,arcgis org,existing,Fiber_Optic_Routes_2024_Ferrisburgh,handrew_acrpc,Fiber_Optic_Routes_2024_Ferrisburgh,195,https://services8.arcgis.com/Gf7J70KyUdpb0dNE/arcgis/rest/services/Fiber_Optic_Routes_2024_Ferrisburgh/FeatureServer/0,29b72aa6b8064e45bc8a2f1569b3164b,
1,,mgriffith@hrea.coop,public,owner username,existing,ReConnect 1 Fiber Spans,mgriffith@hrea.coop,Fiber Spans,194,https://services5.arcgis.com/xTa2bESo3FHO6lZN/arcgis/rest/services/ReConnect_1_Fiber_Spans/FeatureServer/10,c56bb585e8dc4a4daa6fa1655e9c827e,
1,,Centre Wellington Communications,carrier,item credits,existing,CWFibre,cwarcgis,Centre Wellington Fibre Optic,192,https://utility.arcgis.com/usrsvcs/servers/066e3de1511d4b38bc812b4969960041/rest/services/CWFibre/MapServer/2,066e3de1511d4b38bc812b4969960041,
1,,"City of Midland Mi, MCONET, CMU",public,item credits,existing,FIBER,thomrich,Fiber Cable,188,https://arcgis1.midland-mi.org/arcgis/rest/services/Fiber/MapServer/9,49cd010ff092476aabfd6100bf4e3d2f,
1,,Madison County Tax Department,public,arcgis org,existing,Fiber Lines,gis_madcotax,Fiber_Lines,184,https://services3.arcgis.com/NwIC4HArqo0JlKGT/arcgis/rest/services/Fiber_Lines/FeatureServer/0,3eb93c8bcda04f7d8fcb5826307878d4,
1,,City of Statesville,public,arcgis org,existing,Fiber_Layer_AGOL,GIS_Admin_statesvillegis,Statesville_Fiber_Extras,180,https://services2.arcgis.com/WbGEgSzGTEPg4fr6/arcgis/rest/services/Fiber_Layer_AGOL/FeatureServer/2,cd3289036f35482b97b09046af59d24f,
1,,City of Centerville,public,arcgis org,existing,Fiber Audit 2026_WFL1,mryan@centervilleohio.gov_centervilleohio,FiberLine,177,https://services.arcgis.com/M5UrDFRz2ZRTplQC/arcgis/rest/services/Fiber_Audit_2026_WFL1/FeatureServer/4,5eb07580b49c4fc7a63915af90c967f5,
1,,"City of McAllen, TX",public,owner username (hand-checked),existing,2ndSt_Fiber,roymartinez_mcallen,2ndSt_Route,176,https://services3.arcgis.com/feieT9DHJD3rMLX7/arcgis/rest/services/2ndSt_Fiber/FeatureServer/1,86e84388ed5642bbbc49abb8e0339754,
1,,City of Boston,public,arcgis org (hand-checked),existing,Fiber Lines 2017,mclane,Fiber_Lines_2016,168,https://services.arcgis.com/sFnw0xNflSi8J0uh/arcgis/rest/services/Fiber_Lines_2016/FeatureServer/0,c11b4636e992447abd72e3b771728ec4,
1,,"City of Sandpoint, Idaho ",public,arcgis org,existing,Utility_Data_20230122,Sandpoint,Fiber Conduit,167,https://services5.arcgis.com/AQtaKb5EvfD9wl7S/arcgis/rest/services/Utility_Data_20230122/FeatureServer/3,ccaff6d4ab0e4090ab135f99b4595a1d,
1,,"City of Fayetteville, AR",public,item credits,planned,Other Utilities,FayettevilleAR,Proposed Fiber Conduit,162,https://maps.fayetteville-ar.gov/server/rest/services/Other_Utilities/MapServer/6,d7c1603f410c4ba6a096fe8fe12d12e2,
1,,"Town of Amherst, MA",public,arcgis org,planned,Fiber,amherstmaps,Planned Fiber,162,https://services.arcgis.com/fvEtUQQPvELjRlqy/arcgis/rest/services/Fiber/FeatureServer/1,4058474c6d2f4570b8aaf81e35c9fb95,
1,,City and County of San Francisco,public,arcgis org,existing,05_26_2026_Fiber Optic Cable Map_WFL1,nick.webster_sfdt,48ct_UG,161,https://services.arcgis.com/Zs2aNLFN00jrS4gG/arcgis/rest/services/05_26_2026_Fiber_Optic_Cable_Map_WFL1/FeatureServer/18,f17d9328d66b4f8381daf4852a1563f2,
1,,"City of Fayetteville, AR",public,item credits,existing,Other Utilities,FayettevilleAR,Fiber Conduit,161,https://maps.fayetteville-ar.gov/server/rest/services/Other_Utilities/MapServer/5,d7c1603f410c4ba6a096fe8fe12d12e2,
1,,Spokane Regional Transportation Council,public,arcgis org,existing,Regional ITS Infrastructure _April 2024__WFL1,bkloskey,Conduit and Fiber,161,https://services1.arcgis.com/Ub7Rr4y0UspW2NcJ/arcgis/rest/services/Regional_ITS_Infrastructure__April_2024__WFL1/FeatureServer/6,44713fbb48b94fa59d31a84481076239,
1,,"Office of Science, Innovation and Technology",public,arcgis org,existing,fiber_route_ts_202408,kucinski.gis@gmail.com,fiber_route_ts_202408,160,https://services8.arcgis.com/6zoy8FhqGf9FaeLx/arcgis/rest/services/fiber_route_ts_202408/FeatureServer/120,c2be0b8d39304998b3131bcad7334e66,
1,,Bedford County GIS,public,arcgis org,existing,Shentel Broadband Fiber Cable Routes - 2025,archive_BedfordVAGIS,Shentel_Fiber_Route,160,https://services3.arcgis.com/DXCmCcRcEQ793kMP/arcgis/rest/services/Shentel_Fiber_Route/FeatureServer/0,929c46a9d2874ad7a1df14e838c8287a,
1,,"City of Mesquite, Nevada",public,arcgis org,existing,FiberNetwork,rkammerer,Fiber Optic 72 Strand Conduit,159,https://services7.arcgis.com/47djI2dDVjy1gZox/arcgis/rest/services/FiberNetwork/FeatureServer/5,5329b113f7c04cba974a7f81873b8a7a,
1,,ATC Communications,carrier,arcgis org,planned,Proposed FiberCable,rtorrence_atcnet,Proposed FiberCable,157,https://services5.arcgis.com/uSFncl0cOssKlssk/arcgis/rest/services/Proposed_FiberCable/FeatureServer/0,4116bf9a011c4be283550ad9698938fd,
1,,Alabama Department of Economic and Community Affairs,public,arcgis org,existing,Fiber Utility Network 2022 Awarded Middle Mile,jschmaljohn_CTC2,Fiber Utility Network 2022 Awarded Middle Mile,157,https://services7.arcgis.com/ecupH7bxameyeamw/arcgis/rest/services/Fiber_Utility_Network_2022_Awarded_Middle_Mile/FeatureServer/52,e557ae920cc342bb836d5e0a0c11a0e6,
1,,Southern Methodist University,public,owner username (hand-checked),existing,Fiber_Cable_View_Layer,tbagley_SMU,FiberCable,156,https://services9.arcgis.com/gcJrJcPpHyVRGU0T/arcgis/rest/services/Fiber_Cable_View_Layer/FeatureServer/0,39ae1e0fec904e1bbba3f7c9af88a5d2,
1,,GIS-Department,public,owner username,existing,Fiber_Optic,GIS-Department,Fiber_Optic,154,https://services.arcgis.com/p44fQSGBTnSRR4hh/arcgis/rest/services/Fiber_Optic/FeatureServer/0,1246cc8cad4847fa8c4544f40c3949ed,
1,,Westelcom,carrier,owner username (hand-checked),existing,Westelcom_Fiber_-_View,WTC_Edit_Slic_GIS,Cables,154,https://services6.arcgis.com/kqmnItpfwaHwLdiz/arcgis/rest/services/Westelcom_Fiber_-_View/FeatureServer/7,b838d1b962c04ea2b4083b7b0c818412,
1,,Cape May County GIS,public,arcgis org,existing,I_T_ Infrastructure WebMap_WFL1,JPDownie2000,Conduit Lines,153,https://services6.arcgis.com/uC0mne2MlQubT7ew/arcgis/rest/services/I_T__Infrastructure_WebMap_WFL1/FeatureServer/5,4cfa3278bfc744cf8a8659f543387e25,
1,,"Chatham County, Chatham County GIS, Performance Cabling",public,item credits,existing,MS-FIBERLINES,Chatham01,Existing Chatham County Fiber Lines,151,https://gisservices.chathamcountync.gov/opendataagol/rest/services/Infrastructure/Chatham_FiberLines/MapServer/1,094bdc8685154eda9e368fa441e6dcaa,
1,,maps.boonecountyil.org,public,server hostname,existing,Fiber_lines,Belvidere_GIS,Fiber_Lines,151,https://maps.boonecountyil.org/arcgis/rest/services/City_of_Belvidere/Fiber_lines/MapServer/0,0c883d7a7b9740048ceadcbd0afdf5b3,
1,,City of Memphis ArcGIS Online,public,arcgis org,existing,Fiber Line Traffic,naveenreddy.narayana@memphistn.gov_MEMEGIS1,Fiber Line Traffic Density,150,https://services2.arcgis.com/saWmpKJIUAjyyNVc/arcgis/rest/services/Fiber_Line_Traffic/FeatureServer/6,3ac1784d90c248b78e5232bf9ef7e7d0,
1,,City of Rocky Mount NC,public,arcgis org,existing,Network_Fiber_Cameras,CORMGIS1,Network_Fiber,149,https://services.arcgis.com/4MdqIsNzxG7xyTvf/arcgis/rest/services/Network_Fiber_Cameras/FeatureServer/8,8e91040676b3401cbf9d5bfc5692f281,
1,,"City of Wenatchee, WA GIS Mapping",public,arcgis org,existing,2020 PUD Fiber Electric,GISAdmin_Wenatchee,PUD MiscellaneousLine,149,https://services1.arcgis.com/yRJwhpord26CsXKm/arcgis/rest/services/2020_PUD_Fiber_Electric/FeatureServer/33,904e82145d6f415093d673d0e32d7a8b,
1,,Macon-Bibb County Government,public,arcgis org,existing,FiberOpticSystem,jnabhan,Fiber Optic Line,147,https://services2.arcgis.com/zPFLSOZ5HzUzzTQb/arcgis/rest/services/FiberOpticSystem/FeatureServer/4,8f0f1b9ef1954563ad4ebe2e8017aca6,
1,,City of Rocky Mount NC,public,arcgis org,existing,Network_Communications_Viewer2_WFL1,CORMGIS1,Network Fiber,147,https://services.arcgis.com/4MdqIsNzxG7xyTvf/arcgis/rest/services/Network_Communications_Viewer2_WFL1/FeatureServer/42,0f6dace52fe14c239f734467b623dd41,
1,,Jefferson County PUD,public,arcgis org,existing,Discovery Bay East Fiber Project Area,agerrish_jpud,PWB - Prospective Project Route,145,https://services1.arcgis.com/Jhms7Iv8JvhFeKQZ/arcgis/rest/services/PWB_Grant_Project_Area/FeatureServer/0,7bba4aed3ce94322900747a6f461cc24,
1,,City of Oakland GIS,public,arcgis org,existing,FiberOnly_Cnslt_All,davidlok,FiberOnly_Cnslt_All,144,https://services.arcgis.com/9tC74aDHuml0x5Yz/arcgis/rest/services/FiberOnly_Cnslt_All/FeatureServer/0,97574cca1f50471bbd5e3737c3f50634,
1,,FiberLight,carrier,carrier website: fiberlight.com network coverage map embeds this ArcGIS map,existing,FiberLight Network,,FiberLightNetwork,143,https://services.arcgis.com/cmtiXjnD63zmtycz/arcgis/rest/services/FiberLightNetwork/FeatureServer/3,,infrapedia lead
1,,"City of Arlington, WA",public,arcgis org,existing,Fiber Lines,acalderon_arlingtonwa,Fiber Lines Active,142,https://services3.arcgis.com/nPsPH23NWoWmXQgb/arcgis/rest/services/AGOL_Fiber_Lines/FeatureServer/0,57b8e26197ca498c9ea12d8fb2a4cd7e,
1,,County of Monterey,public,arcgis org,existing,County Fiber Routes,GISAdmin_MontereyCo,County_Fiber_Routes,139,https://services2.arcgis.com/nOGTdfb4kF4dZljH/arcgis/rest/services/County_Fiber_Routes/FeatureServer/0,083aeed8b9584e4da91706690450e5d2,
1,,City of Centennial - ArcGIS Online,public,arcgis org,existing,ITS Fiber,CentennialOpenData,ITS,138,https://services2.arcgis.com/qzGaVFGfQxn25AYB/arcgis/rest/services/ITS_Fiber/FeatureServer/0,0e4719bb60434b8db2bb06431637fc09,
1,,Arapahoe County Online GIS,public,arcgis org,existing,Asset Fiber,zvernon_arapahoegov,Asset_Fiber,138,https://services2.arcgis.com/OSbOBWdLkmvu5I9F/arcgis/rest/services/Asset_Fiber/FeatureServer/0,a80ebcf5aa3444f988a5856757b4c929,
1,,Westfield State University,public,arcgis org,existing,Network,carstenbraun,Conduit,137,https://services1.arcgis.com/yzNawWwHQXYQkxUq/arcgis/rest/services/Network/FeatureServer/15,da11ff623e7543749df5a1d0e805818f,
1,,PRussell_Cityofmlt,public,owner username,existing,UG_Power_Fiber_gdb,PRussell_Cityofmlt,MLT_Fiber_Lines,137,https://services.arcgis.com/efPDmjgxOd3NdvZV/arcgis/rest/services/UG_Power_Fiber_gdb/FeatureServer/0,97ab91d139e2484dabc8dd04ba09e179,
1,,City of Aspen GIS AGOL,public,arcgis org,existing,Fiber Network,CityofAspenGIS,Fiber Cable,136,https://services3.arcgis.com/5FkYBrhNzpVtlA6F/arcgis/rest/services/Fiber_Network/FeatureServer/3,dc991dad262948f7a68c082f0a3b4042,
1,,COM_Admin_Broadband,carrier,owner username,existing,Rhode Island Network Overview,COM_Admin_Broadband,TMC_FiberLines,135,https://services6.arcgis.com/70X0jB6UtsfE8L2y/arcgis/rest/services/Rhode_Island_Network_Overview/FeatureServer/10,e37e4510fb354152a970343939f8368d,
1,,City of Oakland GIS,public,arcgis org,existing,ConsultantData_FiberOptic_Filtered,davidlok,ConsultantData_FiberOptic_Filtered,134,https://services.arcgis.com/9tC74aDHuml0x5Yz/arcgis/rest/services/ConsultantData_FiberOptic_Filtered/FeatureServer/0,851e783422774d539812d5969ea88691,
1,,City of St. Augustine,public,arcgis org,existing,FiberNetwork,CityofStAugustine,Fiberlines,134,https://services.arcgis.com/2HXAtOKdBRSMj8is/arcgis/rest/services/FiberNetwork/FeatureServer/1,53e6c4d7485e44339ec7444df40221f4,
1,,NoaNet,public,arcgis org,existing,Port of Garfield Dark Fiber Network,andrew.wuest@noanet.net_NoaNet,Backbone,134,https://services8.arcgis.com/M6FVSymJ2XsnL91N/arcgis/rest/services/Port_of_Garfield_Dark_Fiber_Network/FeatureServer/4,9fe03380c3a34721ada0600c76fb444d,
1,,Port of Galveston,public,arcgis org,existing,CommunicationsSystem,JwillisPOG,Access Cable,134,https://services1.arcgis.com/RcfrTSKiiG2fgqIh/arcgis/rest/services/CommunicationsSystem_ade93ccc08074d62a04a4cb228457389/FeatureServer/715040,1c746d5d2dd74985befb4a0709289e00,
1,,Welcome to the City of Corona GIS System,public,arcgis org,existing,Corona Fiber_WFL1,Mayra.Horton@coronaca.gov_cityofcorona,Fiber City,132,https://services3.arcgis.com/4pohxs3ZXJsQTQod/arcgis/rest/services/Corona_Fiber_WFL1/FeatureServer/3,8e1c0060e38644738f9cea03a0051362,
1,,City and County of San Francisco,public,arcgis org,existing,05_26_2026_Fiber Optic Cable Map_WFL1,nick.webster_sfdt,12ct_OH,130,https://services.arcgis.com/Zs2aNLFN00jrS4gG/arcgis/rest/services/05_26_2026_Fiber_Optic_Cable_Map_WFL1/FeatureServer/22,f17d9328d66b4f8381daf4852a1563f2,
1,,City of Norwalk CT,public,arcgis org,existing,Fiber,TMPNorwalk,Fiber Fibertech,130,https://services2.arcgis.com/HfsHDBmkGwb1UtID/arcgis/rest/services/Fiber/FeatureServer/2,3f17df5fac2b4d138ae42cbb829d32c8,
1,,City and County of San Francisco,public,arcgis org,existing,05_26_2026_Fiber Optic Cable Map_WFL1,nick.webster_sfdt,144ct_UG,128,https://services.arcgis.com/Zs2aNLFN00jrS4gG/arcgis/rest/services/05_26_2026_Fiber_Optic_Cable_Map_WFL1/FeatureServer/12,f17d9328d66b4f8381daf4852a1563f2,
1,,"City of Smyrna, GA",public,owner username (hand-checked),existing,Fiber Network,Smyrna_GA,FIBER_SECTIONS,125,https://services2.arcgis.com/hE9igMm8RoNeQRbh/arcgis/rest/services/Telecom_System/FeatureServer/4,8f90b786083f455e9c639e318ef5e3a9,
1,,City of Round Rock,public,arcgis org,existing,3D Fiber Lines ,roundrockgis,FiberRing3D_Ground_Val,124,https://services.arcgis.com/KaARkuoKF9vrGr3P/arcgis/rest/services/Map_3D_Options_WFL1/FeatureServer/0,008f7bb4a131423aaa7902f039f58a0c,
1,,City of Round Rock,public,arcgis org,existing,3D Fiber Lines ,roundrockgis,FiberRing3D_2D Base,123,https://services.arcgis.com/KaARkuoKF9vrGr3P/arcgis/rest/services/Map_3D_Options_WFL1/FeatureServer/2,008f7bb4a131423aaa7902f039f58a0c,
1,,Jefferson County PUD,public,arcgis org,existing,fiber old NoaNet layers,agerrish_jpud,UNDERGROUND FIBER,117,https://services1.arcgis.com/Jhms7Iv8JvhFeKQZ/arcgis/rest/services/fiber/FeatureServer/2,27b5639da96b4c7493f57154a3c94836,
1,,City of Federal Way AGOL,public,arcgis org,existing,City Fiber - C3 Federal Way Fiber Data (View Only),s_curry,FiberCable,116,https://services7.arcgis.com/nNFRPD700OKIXF3J/arcgis/rest/services/City_Fiber_C3_Federal_Way_Fiber_Data_View/FeatureServer/5,52ed173cd01a47da918085f50efdc089,
1,,Alachua County Board of County Commissioners,public,arcgis org,existing,ForwardFocus_Broadband_FiberB,achequer_acgm,Project Area B - Fiber,115,https://services1.arcgis.com/MiBZ4u97DWldovjI/arcgis/rest/services/ForwardFocus_Broadband_FiberB/FeatureServer/8,7593e273a14d4ac6aefcd9e421614da7,
1,,"City of Lancaster, Ohio GIS",public,arcgis org,existing,ITT Fiber (view),LancasterGIS,ITT Fiber,113,https://services1.arcgis.com/CRjnKyCe3OfYTMC3/arcgis/rest/services/ITT_Fiber_(view)/FeatureServer/0,39a65a6f71f84ace851b11062dbbde7e,
1,,"City of Fishers, IN",public,item credits (hand-checked),existing,Fiber Lines and Handholes,TOFGIS,Fiber Line,112,https://maps.fishers.in.us/arcgis/rest/services/Fiber/MapServer/1,318aedac8aeb4e8bb7dfbab11e89c18c,
1,,Wood County Land Information Office,public,arcgis org,planned,FiberOptic_proposed,WoodCountyWiGIS,Polylines,108,https://services2.arcgis.com/kTzzDJBaecBOZCjk/arcgis/rest/services/FiberOptic_proposed/FeatureServer/0,1c6bd7054efe456dbbed6a97deab71e9,
1,,Seacoast Utility Authority,public,arcgis org,existing,Parcel_Fiber_Conduit,seacoast_u,Fiber Conduit,108,https://services1.arcgis.com/ZkbJeKLwpS1ygJlC/arcgis/rest/services/Parcel_Fiber_Conduit/FeatureServer/0,480a5443f0eb4d689d85ce78b8a01e68,
1,,Seacoast Utility Authority,public,arcgis org,existing,Parcel_Fiber_Conduit_view,seacoast_u,GIS_DATA.SDE.Parcel_Fiber_Conduit,108,https://services1.arcgis.com/ZkbJeKLwpS1ygJlC/arcgis/rest/services/Parcel_Fiber_Conduit_view/FeatureServer/0,55b78251e452459d98ed6b6cd04261d6,
1,,"City of Lewisville, Texas",public,arcgis org,existing,Fiber Optics View,nlibassi@cityoflewisville.com_Lewisville,LISDFiberLines,107,https://services2.arcgis.com/kXGqZY4GIOcEYxoF/arcgis/rest/services/Fiber_Optics_View/FeatureServer/10,db303eb3a2134a6fa4c797d6e888fcf5,
1,,City and County of San Francisco,public,arcgis org,existing,05_26_2026_Fiber Optic Cable Map_WFL1,nick.webster_sfdt,312ct_UG,106,https://services.arcgis.com/Zs2aNLFN00jrS4gG/arcgis/rest/services/05_26_2026_Fiber_Optic_Cable_Map_WFL1/FeatureServer/6,f17d9328d66b4f8381daf4852a1563f2,
1,,"City of Chesapeake, VA",public,arcgis org,existing,ChesX_Project_Coord,vfowler@cityofchesapeake.net,Fiber - installed,104,https://services1.arcgis.com/OAphVRUvJVpBRovs/arcgis/rest/services/ChesX_Project_Coord/FeatureServer/1,f913ded8f51a4567b6df6c4f99f5b2ea,
1,,Regional Municipality of Waterloo,public,item credits,existing,GRT_Routes_IW,i25wang_uwaterloo,GRT_Routes_IW,104,https://services1.arcgis.com/DwLTn0u9VBSZvUPe/arcgis/rest/services/GRT_Routes_IW/FeatureServer/0,d6c6589c81a5462fb18ddc06f2e2e880,
1,,Garrett County,public,arcgis org,existing,Oakland Fiber,garrettGIS,Oakland_Fiber,103,https://services3.arcgis.com/Hj3vC5lmzqLyRabS/arcgis/rest/services/Oakland_Fiber/FeatureServer/0,42dcdf78fc544f9dba6179fd86ed7465,
1,,SturgeonBayUtilities,public,owner username,existing,Sturgeon Bay Utilities - Facilities for TDS Fiber (2026-08-07),SturgeonBayUtilities,Span_Guy,103,https://services5.arcgis.com/06G6KiiN2DzsdV2c/arcgis/rest/services/Sturgeon_Bay_Utilities_-_Facilities_for_TDS_Fiber_(2026-08-07)/FeatureServer/29,08798f02ff174b1bbc1c4b5cfb9bbc93,
1,,City of Federal Way AGOL,public,arcgis org,existing,C3 Federal Way Fiber Data - Deprecated,s_curry,FiberCable,103,https://services7.arcgis.com/nNFRPD700OKIXF3J/arcgis/rest/services/CityFiber_3162018/FeatureServer/4,c81fdf94993a47bc982848edddefc2eb,
1,,City and County of San Francisco,public,arcgis org,existing,05_26_2026_Fiber Optic Cable Map_WFL1,nick.webster_sfdt,216ct_UG,102,https://services.arcgis.com/Zs2aNLFN00jrS4gG/arcgis/rest/services/05_26_2026_Fiber_Optic_Cable_Map_WFL1/FeatureServer/10,f17d9328d66b4f8381daf4852a1563f2,
1,,City of Spooner GIS,public,arcgis org,existing,CINC Fiber Network,SpoonerDPW,CINC Fiber Trenches,100,https://services3.arcgis.com/Xnd2fKNA0yBORhwl/arcgis/rest/services/CINC_Fiber_Network/FeatureServer/27,905e61cfcb1444e98ea5057b3a547b91,
1,,"Northside ISD, TX",public,owner username (hand-checked),existing,NISD_Fiber_Data,DunawayNISD,Fiber Lines,100,https://services3.arcgis.com/qnlpi19w6R1Ta48m/arcgis/rest/services/NISD_Fiber_Data/FeatureServer/1,8e44a2f3f3724c549e3a9bb86f43e1a7,
1,,"City of Lewisville, Texas",public,arcgis org,existing,Fiber Optics View,nlibassi@cityoflewisville.com_Lewisville,LewisvilleFiberLine,99,https://services2.arcgis.com/kXGqZY4GIOcEYxoF/arcgis/rest/services/Fiber_Optics_View/FeatureServer/8,db303eb3a2134a6fa4c797d6e888fcf5,
1,,Welcome to the City of Corona GIS System,public,arcgis org,existing,Corona Fiber_WFL1,Mayra.Horton@coronaca.gov_cityofcorona,Polylines,99,https://services3.arcgis.com/4pohxs3ZXJsQTQod/arcgis/rest/services/Corona_Fiber_WFL1/FeatureServer/7,8e1c0060e38644738f9cea03a0051362,
1,,"City of Columbia Heights, MN",public,owner username (hand-checked),existing,Fiber Lines,ColumbiaHeights,Fiber_line,97,https://services2.arcgis.com/jukipzcNaiQXqMc8/arcgis/rest/services/Fiber_lines/FeatureServer/0,cb1dab5aacd643bd8bce22bb3a25eef0,
1,,County of Monterey,public,arcgis org,planned,Sunsys_Proposed_Routes,GISAdmin_MontereyCo,SunsysProposedRoutes,97,https://services2.arcgis.com/nOGTdfb4kF4dZljH/arcgis/rest/services/SunsysProposedRoutes/FeatureServer/0,3f738b00ad2b40f7a0733d974063c6ee,
1,,City of Round Rock,public,arcgis org,existing,RRISD Fiber Ring,roundrockgis,Fiber Ring RRISD,97,https://services.arcgis.com/KaARkuoKF9vrGr3P/arcgis/rest/services/Fiber_Ring_RRISD_View/FeatureServer/0,104fc53983d9423fb11dc4294fbc0b69,
1,,Empire State Development,public,arcgis org,existing,Allegany Fiber Lines MIP,kelly.ohmann_nysesd,Allegany Fiber Lines,97,https://services8.arcgis.com/c8XMnzAXvS7OB2eQ/arcgis/rest/services/Allegany_Fiber_Lines_MIP/FeatureServer/1,5560c62c540b4848b491943815e45f8d,
1,,City of Round Rock,public,arcgis org,existing,CoRR Fiber Ring,roundrockgis,Fiber Ring CORR,96,https://services.arcgis.com/KaARkuoKF9vrGr3P/arcgis/rest/services/Fiber_Ring_CORR_View/FeatureServer/0,999003bd039b4586924820e93f667cfd,
1,," CITY OF TWIN FALLS, ID",public,arcgis org,existing,Fiber Map,ckesume@tfid.org,Fiber Conduit,93,https://services1.arcgis.com/I78Ijvc0YuZijqmq/arcgis/rest/services/Fiber_Map/FeatureServer/3,7d24c202cfc148b892d98630389efd04,
1,,"City of Norfolk, NE",public,owner username (hand-checked),existing,Norfolk Fiber Map Public,jbohn_Norfolkne,Underground,89,https://services5.arcgis.com/Gbmp5qaBUbr846rq/arcgis/rest/services/Norfolk_Fiber_Map_Public/FeatureServer/1,80ecc5a6a6774b38831e23ad88f06dfc,
1,,ArcGIS Online for Skagit County,public,arcgis org,existing,FiberWebMapAGOL,rvaughan_SkagitCounty,Fiber Backbone,87,https://services1.arcgis.com/ipyDbwUQfysOAPQq/arcgis/rest/services/FiberWebMapAGOL/FeatureServer/20,63c67556a5594b65b86e4d5a3644ea93,
1,,"City of Dublin, Ohio",public,arcgis org,existing,Traffic Signal Fiber,DublinOhio,Traffic Signal Fiber,87,https://services1.arcgis.com/NqY8dnPSEdMJhuRw/arcgis/rest/services/Traffic_Signal_Fiber/FeatureServer/8,0a91d68975594ab88b8575eff5eef184,
1,,Welcome to the City of Corona GIS System,public,arcgis org,existing,Corona Fiber_WFL1,Mayra.Horton@coronaca.gov_cityofcorona,Corona Fiber,86,https://services3.arcgis.com/4pohxs3ZXJsQTQod/arcgis/rest/services/Corona_Fiber_WFL1/FeatureServer/8,8e1c0060e38644738f9cea03a0051362,
1,,"City of Coral Gables, FL",public,arcgis org (hand-checked),existing,fiber_smart,ccowen,FIBER,86,https://services1.arcgis.com/ug7Y0GY6kYE0tf0p/arcgis/rest/services/fiber_smart/FeatureServer/0,ab95f0c87924489e9c3a3928beef8630,
1,,MCNC,public,arcgis org,existing,HERO Route,awhite_MCNC,HERO_Route_Overall,84,https://services3.arcgis.com/3sMniArlypYvDtZ8/arcgis/rest/services/HERO_Route/FeatureServer/0,9cc24ec3854f4c0e94217578e492a53e,
1,,"City of Kansas City, MO",public,"public agency server (mapd.kcmo.org, City of Kansas City, MO)",existing,KCMO right-of-way fiber: Johnson County,,Fiber - Johnson County,83,https://mapd.kcmo.org/kcgis/rest/services/external/FiberLayersNonKCMO/FeatureServer/0,,infrapedia lead
1,,ArcGIS Online for Skagit County,public,arcgis org,existing,FiberWebMapAGOL,rvaughan_SkagitCounty,2004 - 2008 Segments,81,https://services1.arcgis.com/ipyDbwUQfysOAPQq/arcgis/rest/services/FiberWebMapAGOL/FeatureServer/9,63c67556a5594b65b86e4d5a3644ea93,
1,,"Town of Breckenridge, CO",public,owner username (hand-checked),planned,Allo 2025 Build,Breck_GIS,Conduit Planned Build 2025,81,https://services1.arcgis.com/iKiXR351dz5u0ZXs/arcgis/rest/services/Allo_2025_Build/FeatureServer/3,7566151e5bb44ad7a5f8b6a85e30391c,
1,,City of Owatonna and Owatonna Public Utilities,public,arcgis org,existing,OPU_Fiber_Overlay,ScheurerK,Fiber Cable,81,https://services3.arcgis.com/aUiGMU77F4x6wcC7/arcgis/rest/services/OPU_Fiber_Overlay/FeatureServer/1,06521cd7bf904d9aa790729ba8543a59,
1,,City of Sunny Isles Beach,public,arcgis org,planned,Information Technology Infrastructure_WFL1,sibgis,SIB Conduits Proposed_02,81,https://services9.arcgis.com/zfgyi0Gr8i5waYkS/arcgis/rest/services/Information_Technology_Infrastructure_WFL1/FeatureServer/7,e32a1ffc086b4d8583cf2fc15f6855e8,
1,,City of Montgomery ArcGIS Online,public,arcgis org,existing,Fiber_Optic_Cable,njacks13,Fiber_Optic_Cable,79,https://services7.arcgis.com/xNUwUjOJqYE54USz/arcgis/rest/services/Fiber_Optic_Cable/FeatureServer/0,dac43f6866034bfebd69778bc1643c64,
1,,gis.lakecountyfl.gov,public,server hostname,existing,Fiber lines,LCGISAdmin,Fiber Lines,79,https://gis.lakecountyfl.gov/lakegis/rest/services/ITS/ITS_AllDeploy/MapServer/1,efc941e8dea74286bd6da08c584551e3,
1,,"City of Corvallis, OR",public,arcgis org (hand-checked),existing,Fiber_Line_Main_Trunk_4_9_26_demo_final,CityOfCorvallis,Fiber_Line_Main_Trunk_4_9_26_demo_final,77,https://services6.arcgis.com/NNPaUnXVoJt8FVVE/arcgis/rest/services/Fiber_Line_Main_Trunk_4_9_26_demo_final/FeatureServer/0,e4364ad216ca412fbbb4638d3a5bfea4,
1,,City of Centennial - ArcGIS Online,public,arcgis org,existing,Fiber_March2016,CentennialGIS,Publishing_Data.DBO.COC_FiberCable,77,https://services2.arcgis.com/qzGaVFGfQxn25AYB/arcgis/rest/services/Fiber_March2016/FeatureServer/13,dc51724abb714cdf8b3beaa7628cb971,
1,,Ho-Chunk Nation,public,arcgis org,planned,Broadband and Proposed Fiber,PajtaW1,Proposed Fiber,76,https://services.arcgis.com/3rrA9BDtivXLVByx/arcgis/rest/services/Broadband_and_Proposed_Fiber/FeatureServer/0,7423380e544a486ebb993c24cbbc0914,
1,,City of Sunny Isles Beach,public,arcgis org,planned,Information Technology Infrastructure_WFL1,sibgis,Fibercable Proposed,75,https://services9.arcgis.com/zfgyi0Gr8i5waYkS/arcgis/rest/services/Information_Technology_Infrastructure_WFL1/FeatureServer/8,e32a1ffc086b4d8583cf2fc15f6855e8,
1,,Florida DOT District 7 (Westshore Interchange project),public,public agency project account (hand-checked),existing,FDOT D7 Westshore surveyed utilities: Mfs,,UTEXRD_MFS_20250218,75,https://services9.arcgis.com/ssjvmF1sZLRQUcYv/arcgis/rest/services/UTEXRD_MFS_20250218/FeatureServer/358,,infrapedia lead
1,,ArcGIS Online for Skagit County,public,arcgis org,existing,FiberWebMapAGOL,rvaughan_SkagitCounty,2010 - 2015 Segments,74,https://services1.arcgis.com/ipyDbwUQfysOAPQq/arcgis/rest/services/FiberWebMapAGOL/FeatureServer/1,63c67556a5594b65b86e4d5a3644ea93,
1,,City of Menifee,public,arcgis org,existing,Conduit_Fiber_Map_WFL1,khaessly_com,2024 Conduit Redraw,74,https://services.arcgis.com/RjTKod25O4b8SbZx/arcgis/rest/services/Conduit_Fiber_Map_WFL1/FeatureServer/3,300e6d0cdd2e46998406548884716817,
1,,Ho-Chunk Nation,public,arcgis org,planned,Proposed Fiber,PajtaW1,FiberUpdate,72,https://services.arcgis.com/3rrA9BDtivXLVByx/arcgis/rest/services/Proposed_Fiber/FeatureServer/0,f12d2d0e45f140d4af090f6cc2cf185b,
1,,University of Redlands Operations,public,arcgis org,existing,Fiber Cables (Public),julia_lenhardt_urops,Fiber Cables,71,https://services7.arcgis.com/ffy1QvCbgGDG2ZGG/arcgis/rest/services/Fiber_Cables_(Public)/FeatureServer/48,a49917b3b6614b5d83852f299bec4c56,
1,,Wayne State University,public,arcgis org,existing,WSU Utilities,eq4010_waynestateGIS0,FiberCable,71,https://services2.arcgis.com/6luuUoENRhtlTjOc/arcgis/rest/services/WSU_Utilities/FeatureServer/9,10a2c60c58d54764aee6b2d5ac2b7ee1,
1,,"Blount County, TN AGOL",public,arcgis org,existing,Existing Fiber Optic Cable,blounttnAGOL,Existing_Fiber_Optic_Cable,70,https://services7.arcgis.com/PfdSnwostbAQH8Jf/arcgis/rest/services/Existing_Fiber_Optic_Cable/FeatureServer/0,d63cbdfccaf248c49e97273d10a9cd4d,
1,,City of Gardner Kansas,public,arcgis org,existing,Fiber_BackBone,gardnerkansas,UGBackbone,69,https://services5.arcgis.com/Ox3HYmIeiVBmWWrQ/arcgis/rest/services/Fiber_BackBone/FeatureServer/1,31633e99ae384a3ea45cd2fe7773c3c2,
1,,"Madison County / City of Rexburg, ID",public,arcgis org (hand-checked),planned,FiberContract,Aaron.denney,Proposed_City_of_Rexburg_Fiber_Route,68,https://services1.arcgis.com/EiEr2xT4gB5AIOtc/arcgis/rest/services/FiberContract/FeatureServer/6,2011396be45247408faf65e089a447c9,
1,,"Town of Oro Valley, Arizona",public,arcgis org,existing,OV Fiber Review,rfreer@orovalleyaz.gov_TownofOroValley,Fiber,68,https://services5.arcgis.com/00hUnoewKbhedDpg/arcgis/rest/services/OV_Fiber_Review/FeatureServer/2,0639857b31d04c1d845622adc9f0db62,
1,,City of Aspen GIS AGOL,public,arcgis org,planned,Proposed Fiber Network,CityofAspenGIS,Fiber Cable Proposed,68,https://services3.arcgis.com/5FkYBrhNzpVtlA6F/arcgis/rest/services/Proposed_Fiber_Network/FeatureServer/3,b99171fed2014365b26b6c4848a6dc7c,
1,,City of Statesville,public,arcgis org,existing,Fiber_Layer_AGOL,GIS_Admin_statesvillegis,Conterra_Fiber,67,https://services2.arcgis.com/WbGEgSzGTEPg4fr6/arcgis/rest/services/Fiber_Layer_AGOL/FeatureServer/3,cd3289036f35482b97b09046af59d24f,
1,,Westfield State University,public,arcgis org,existing,Network,carstenbraun,Fiber Cable,66,https://services1.arcgis.com/yzNawWwHQXYQkxUq/arcgis/rest/services/Network/FeatureServer/14,da11ff623e7543749df5a1d0e805818f,
1,,City of Platteville,public,arcgis org,existing,Fiber_Conduit,GIS_Platteville,Fiber_and_Conduit,64,https://services3.arcgis.com/YwCuPGYdQw7hiTj1/arcgis/rest/services/Fiber_Conduit/FeatureServer/0,7e1cc3e801004619bc1635a28806c6a3,
1,,City of Statesville,public,arcgis org,existing,Fiber_Layer_AGOL,GIS_Admin_statesvillegis,Statesville_Fiber_Optic_Cable_Ring,63,https://services2.arcgis.com/WbGEgSzGTEPg4fr6/arcgis/rest/services/Fiber_Layer_AGOL/FeatureServer/1,cd3289036f35482b97b09046af59d24f,
1,,"City of Norfolk, NE",public,owner username (hand-checked),existing,Norfolk Fiber Map Public,jbohn_Norfolkne,Overhead,63,https://services5.arcgis.com/Gbmp5qaBUbr846rq/arcgis/rest/services/Norfolk_Fiber_Map_Public/FeatureServer/0,80ecc5a6a6774b38831e23ad88f06dfc,
1,,County of Summit GIS,public,arcgis org,existing,Akron Area Criminal Justice Ring Map_WFL2,Summit_Admin,Akron Only - Criminal Justice Ring,63,https://services3.arcgis.com/3Ukh5HzAdI6WZ3KP/arcgis/rest/services/Akron_Area_Criminal_Justice_Ring_Map_WFL2/FeatureServer/3,847826829109431aafc357785394107b,
1,,"City of Yuma, Arizona",public,arcgis org,existing,desired_fiber_location,YumaAZ,fiber_lines,62,https://services1.arcgis.com/tzW2OKwR84ufoH3y/arcgis/rest/services/desired_fiber_location/FeatureServer/0,4903cb25186c43b38186d62e69c83111,
1,,"City of Corvallis, OR",public,arcgis org (hand-checked),existing,LSN_FiberRing2018,CityOfCorvallis,LSN_FiberRing2018,61,https://services6.arcgis.com/NNPaUnXVoJt8FVVE/arcgis/rest/services/LSN_FiberRing2018/FeatureServer/0,226f1e55e95f4f42aa4489b48e3657d4,
1,,                          Delaware Electric Cooperative,public,arcgis org,existing,EconomicAreas,docca,Lightower Backbone,60,https://services.arcgis.com/aNWMHQbAnMa2ZU4J/arcgis/rest/services/EconomicAreas/FeatureServer/3,2007cf3c89754396ad479879ec535b74,
1,," CITY OF TWIN FALLS, ID",public,arcgis org,existing,Fiber Map,ckesume@tfid.org,Fiber,60,https://services1.arcgis.com/I78Ijvc0YuZijqmq/arcgis/rest/services/Fiber_Map/FeatureServer/4,7d24c202cfc148b892d98630389efd04,
1,,City and County of San Francisco,public,arcgis org,existing,05_26_2026_Fiber Optic Cable Map_WFL1,nick.webster_sfdt,24ct_UG,59,https://services.arcgis.com/Zs2aNLFN00jrS4gG/arcgis/rest/services/05_26_2026_Fiber_Optic_Cable_Map_WFL1/FeatureServer/21,f17d9328d66b4f8381daf4852a1563f2,
1,,City and County of San Francisco,public,arcgis org,existing,05_26_2026_Fiber Optic Cable Map_WFL1,nick.webster_sfdt,96ct_UG,58,https://services.arcgis.com/Zs2aNLFN00jrS4gG/arcgis/rest/services/05_26_2026_Fiber_Optic_Cable_Map_WFL1/FeatureServer/14,f17d9328d66b4f8381daf4852a1563f2,
1,,City of Round Rock,public,arcgis org,existing,3D Fiber Lines ,roundrockgis,FiberRing3D_Query,58,https://services.arcgis.com/KaARkuoKF9vrGr3P/arcgis/rest/services/Map_3D_Options_WFL1/FeatureServer/1,008f7bb4a131423aaa7902f039f58a0c,
1,,Northwood University,public,arcgis org,existing,CommunicationsSystem_viewing,muetzelj,Conduit,57,https://services8.arcgis.com/n3nC1CT4ADmOvVjS/arcgis/rest/services/CommunicationsSystem_viewing_45ee711b94c3434db95883005136ece7/FeatureServer/9,f5fc6d76f02d4576a4025b7f3b4267c2,
1,,ArcGIS Online for Skagit County,public,arcgis org,existing,FiberWebMapAGOL,rvaughan_SkagitCounty,2008 Segment,56,https://services1.arcgis.com/ipyDbwUQfysOAPQq/arcgis/rest/services/FiberWebMapAGOL/FeatureServer/10,63c67556a5594b65b86e4d5a3644ea93,
1,,"Madison County / City of Rexburg, ID",public,arcgis org (hand-checked),existing,Rexburg Municipal Fiber Ring,Aaron.denney,CableFacilitiesWide3,56,https://services1.arcgis.com/EiEr2xT4gB5AIOtc/arcgis/rest/services/Rexburg_Municipal_Fiber_Ring/FeatureServer/0,d2da3da7f3f840198ec420fafdf3e229,
1,,Arizona Dept of Transportation,public,arcgis org,existing,Existing_Fiber,SCheshko@azdot.gov_adot,Existing_Fiber,56,https://services1.arcgis.com/XAiBIVuto7zeZj1B/arcgis/rest/services/Existing_Fiber/FeatureServer/0,ca2d3cf9d6b14b42aba297ae5b0470cd,
1,,City of Alamosa,public,arcgis org,existing,Alamosa Fiber Online,M0narch,Alamosa_Conduit_WGS,56,https://services2.arcgis.com/kQ9CrbL3URg6t3jo/arcgis/rest/services/Alamosa_Fiber_Online/FeatureServer/2,e905deff6d6a462da9d5c6060ffd1739,
1,,"City of Marlborough, Geographic Information Systems",public,arcgis org,existing,Fiber_Optic_Network,nbowen,Fiber Lines - Existing,55,https://services3.arcgis.com/bpeS3swje8g57sok/arcgis/rest/services/Fiber_Optic_Network/FeatureServer/2,38ebac0f9a1d4a308ddddc9f0eb54fea,
1,,"City of Fayetteville, AR",public,item credits,existing,Other Utilities,FayettevilleAR,Fiber Cable,55,https://maps.fayetteville-ar.gov/server/rest/services/Other_Utilities/MapServer/3,d7c1603f410c4ba6a096fe8fe12d12e2,
1,,Arizona Dept of Transportation,public,arcgis org,existing,Fiber,SThompson@azdot.gov_adot,Fiber,54,https://services1.arcgis.com/XAiBIVuto7zeZj1B/arcgis/rest/services/Fiber/FeatureServer/0,0e46cd56db034f9e91d3468961eefc94,
1,,City of Oakland GIS,public,arcgis org,existing,Fiber_Existing_FieldReview,davidlok,Fiber_Existing_FieldReview,53,https://services.arcgis.com/9tC74aDHuml0x5Yz/arcgis/rest/services/Fiber_Existing_FieldReview/FeatureServer/0,e39dfd62c6ab47d78ad4ca256780abc9,
1,,"City of Parksville, SD69",public,item credits,existing,Parksville_Fibre_Conduits,Ljanik@parksville.ca_City_Parksville,Parksville_Fibre_Conduits,53,https://services7.arcgis.com/6Ys1qjTn2qXd9VRQ/arcgis/rest/services/Parksville_Fibre_Conduits/FeatureServer/64,1c3e2221f4a4436e98713199a08f0816,
1,,Village of Lombard,public,arcgis org,existing,County Fiber Optic Improvements,WilliamsAl,fiber route,52,https://services6.arcgis.com/vs0Q5ds549q7lQMm/arcgis/rest/services/County_Fiber_Optic_Improvements/FeatureServer/0,220fbb4ffe8b4d1d9f5b200f072e6a9d,
1,,Florida DOT District 7 (Westshore Interchange project),public,public agency project account (hand-checked),existing,FDOT D7 Westshore surveyed utilities: Att,,UTEXRD_ATT_20250425,52,https://services9.arcgis.com/ssjvmF1sZLRQUcYv/arcgis/rest/services/UTEXRD_ATT_20250425/FeatureServer/202,,infrapedia lead
1,,Alaska DNR / USGS,public,item credits (hand-checked),existing,"Infrastructure 1:63,360",irm_admin,"Fiberoptic Cable 1:63,360",51,https://arcgis.dnr.alaska.gov/arcgis/rest/services/OpenData/Infrastructure_Infrastructure/MapServer/11,e76515edf9194ea59e25f807248c182c,
1,,City of South San Francisco,public,arcgis org,existing,ssf_conduit_342025,jhanderson,ssf_conduit_342025,51,https://services5.arcgis.com/inY93B27l4TSbT7h/arcgis/rest/services/ssf_conduit_342025/FeatureServer/0,9df2db29b53643b89298b37011fd1af8,
1,,City of Eagle,public,arcgis org,planned,Fiber Ongoing Map _0630_WFL1,cmartin@cityofeagle.org_City_of_Eagle,EAGLE_ID.DBO.RuconPath_Proposed,50,https://services3.arcgis.com/kAacPsfz5gmRZ5sK/arcgis/rest/services/Fiber_Ongoing_Map__0630_WFL1/FeatureServer/4,1c847e6510944e7cb97a2ea0c8610a23,
1,,Yavapai County ArcGIS Organization,public,arcgis org,existing,Fiber_optic infrastructure,yavgis_developers,ADOT Fiber,49,https://services1.arcgis.com/BajuNXbtZNiBKFkx/arcgis/rest/services/Fiber_optic_infrastructure/FeatureServer/1,9bedc06d71df4ee8b0c676982cc2bcf9,
1,,Colorado DOT,public,item credits (hand-checked),existing,I70_Bakerville_Aux_Lane_WEB,evan.kirby@diexsys.com,Fiber Optic Backbone,49,https://services5.arcgis.com/8ysKDgRnGX6B4VxC/arcgis/rest/services/I70_Bakerville_Aux_Lane_WEB/FeatureServer/5,227118fdea83446c8b9b2dd8f8e69562,
1,,"City of Coral Gables, FL",public,arcgis org (hand-checked),existing,Conduits,CGIT_GIS,Conduits,49,https://services1.arcgis.com/ug7Y0GY6kYE0tf0p/arcgis/rest/services/Conduits/FeatureServer/0,e9061636e78345b5ba74e67fe7df3b34,
1,,"City of Coral Gables, FL",public,arcgis org (hand-checked),existing,Smart District Web App_WFL1,CGIT_GIS,Conduit Lines,48,https://services1.arcgis.com/ug7Y0GY6kYE0tf0p/arcgis/rest/services/Smart_District_Web_App_WFL1/FeatureServer/2,cddff90eaabb4901b0b918957c7f64bf,
1,,San Diego Association of Governments,public,arcgis org,existing,Transportation Agency Fiber Ring,phoebe.ho_SANDAG,TransportationAgencyFiberRing,47,https://services1.arcgis.com/HG80xaIVT1z1OdO5/arcgis/rest/services/Polylines/FeatureServer/0,eb110240d08046649f4d8223314975c8,
1,,Region 4 Planning and Development Council,public,arcgis org,planned,Webster ARC Proposed Fiber Route,Region4,Polylines,46,https://services8.arcgis.com/aPNo3KjV6fgrbzfN/arcgis/rest/services/Webster_ARC_Proposed_Fiber_Route/FeatureServer/1,1f4fccba82994c269abeddef7cd1b39d,
1,,ATC Communications,carrier,arcgis org,planned,Proposed FiberCable 5_27_26,cmatthews_atcnet,Proposed FiberCable,46,https://services5.arcgis.com/uSFncl0cOssKlssk/arcgis/rest/services/Proposed_FiberCable_5_27_26/FeatureServer/0,9fe4fa205d824a58acfe7dce7e2dbe16,
1,,Village of Western Springs,public,arcgis org,existing,Communication_Fiber_Feature Layer_View_BW Risk Assessment,WS_Admin,Fiber Line,46,https://services1.arcgis.com/hh2VCtfzZp8V2Vbe/arcgis/rest/services/Communication_Fiber_Feature_Layer_View_BWPreview/FeatureServer/1,94dfb0bfef074446b537373afe7ee9d0,
1,,City of Shafter,public,arcgis org,existing,FiberSystem_Cable_View,cschultz_shafter,FiberSystem_Cable,46,https://services2.arcgis.com/LukbLC9Gps89zZa7/arcgis/rest/services/FiberSystem_Cable_View/FeatureServer/0,aca1ff8b96a84322ad60bfc310a2bd2d,
1,,Village of Western Springs,public,arcgis org,existing,Communication_Fiber_Feature Layer_View,WS_Admin,Fiber,46,https://services1.arcgis.com/hh2VCtfzZp8V2Vbe/arcgis/rest/services/Fiber_(View)/FeatureServer/1,f30a18c510664dbc8fa636290fe5c44e,
1,,"City of Columbus, Nebraska - GIS",public,arcgis org,existing,City _ County Fiber Optic Lines_WFL1,cityofcolumbusgis,Fiber Optic Lines,45,https://services8.arcgis.com/VdGaBUXUfZ3ETyKd/arcgis/rest/services/City___County_Fiber_Optic_Lines_WFL1/FeatureServer/0,083d29932fd24b5091e4fe511f516e94,
1,,City of Oakland GIS,public,arcgis org,existing,Oakland_FiberOptic_Existing,davidlok,Oakland_FiberOptic_Existing,45,https://services.arcgis.com/9tC74aDHuml0x5Yz/arcgis/rest/services/Oakland_FiberOptic_Existing/FeatureServer/0,23e50a3e723e4980920989c9d219e47a,
1,,City of Amarillo,public,arcgis org,existing,City Fiber Telecommunications,City_of_Amarillo,Fiber Optic,45,https://services6.arcgis.com/Vdk8uHgdgYx8ZqS6/arcgis/rest/services/City_Fiber_Telecommunications/FeatureServer/0,c802490df2734d22ae2648b4c27f0120,
1,,"City of Kansas City, MO",public,"public agency server (mapd.kcmo.org, City of Kansas City, MO)",existing,KCMO right-of-way fiber: KC Scout (MoDOT/KDOT ITS),,Fiber - KC Scout,45,https://mapd.kcmo.org/kcgis/rest/services/external/FiberLayersNonKCMO/FeatureServer/2,,infrapedia lead
1,,Caltrans District 11,public,item credits (hand-checked),existing,fiberoptic_lines,planning_cra,fiberoptic_lines,44,https://services8.arcgis.com/WunV6yKxvEXfsV4W/arcgis/rest/services/fiberoptic_lines/FeatureServer/0,0affbbd714a14655a0e6cdb004bae583,
1,,City of Spooner GIS,public,arcgis org,existing,CINC Fiber Network,SpoonerDPW,CINC Fiber Network,44,https://services3.arcgis.com/Xnd2fKNA0yBORhwl/arcgis/rest/services/CINC_Fiber_Network/FeatureServer/28,905e61cfcb1444e98ea5057b3a547b91,
1,,Wayne State University,public,arcgis org,existing,WSU Utilities,eq4010_waynestateGIS0,FiberCableCADLevel,44,https://services2.arcgis.com/6luuUoENRhtlTjOc/arcgis/rest/services/WSU_Utilities/FeatureServer/10,10a2c60c58d54764aee6b2d5ac2b7ee1,
1,,City of Centennial - ArcGIS Online,public,arcgis org,existing,Fiber,CentennialGIS,FiberOpticCable,44,https://services2.arcgis.com/qzGaVFGfQxn25AYB/arcgis/rest/services/Fiber/FeatureServer/1,0c9c0d72cf5043039ad85ec4792c57ba,
1,,Region 4 Planning and Development Council,public,arcgis org,planned,ROC Proposed Fiber Routes,Region4,Polylines,43,https://services8.arcgis.com/aPNo3KjV6fgrbzfN/arcgis/rest/services/ROC_Proposed_Fiber_Routes/FeatureServer/3,da3e52048e934c3188a0a469e0dfb5c4,
1,,City of Oakland GIS,public,arcgis org,existing,ConData_Fibers_Not_in_GIS_incl_existing,davidlok,ConData_Fibers_Not_in_GIS_incl_existing,42,https://services.arcgis.com/9tC74aDHuml0x5Yz/arcgis/rest/services/ConData_Fibers_Not_in_GIS_incl_existing/FeatureServer/0,442d386d598148fb88eb264b8ed89cec,
1,,NoaNet,public,arcgis org,existing,Port of Garfield Dark Fiber Network,andrew.wuest@noanet.net_NoaNet,Conduit,42,https://services8.arcgis.com/M6FVSymJ2XsnL91N/arcgis/rest/services/Port_of_Garfield_Dark_Fiber_Network/FeatureServer/5,9fe03380c3a34721ada0600c76fb444d,
1,,Northwood University,public,arcgis org,existing,CommunicationsSystem_viewing,muetzelj,Cable,42,https://services8.arcgis.com/n3nC1CT4ADmOvVjS/arcgis/rest/services/CommunicationsSystem_viewing_45ee711b94c3434db95883005136ece7/FeatureServer/8,f5fc6d76f02d4576a4025b7f3b4267c2,
1,,"Caroline County, MD",public,owner username (hand-checked),existing,Fiber,nstephens@carolinemd.org_CCMD,Fiber_Paths,42,https://services6.arcgis.com/M2dyOQipFC1IggF3/arcgis/rest/services/Fiber/FeatureServer/0,862cc4b43d73465da22e57b64cb941cc,
1,,City and County of San Francisco,public,arcgis org,existing,05_26_2026_Fiber Optic Cable Map_WFL1,nick.webster_sfdt,72ct_UG,41,https://services.arcgis.com/Zs2aNLFN00jrS4gG/arcgis/rest/services/05_26_2026_Fiber_Optic_Cable_Map_WFL1/FeatureServer/16,f17d9328d66b4f8381daf4852a1563f2,
1,,City of Kinston,public,arcgis org,existing,fiberoptic,thomas.vogel_KDPS,E_FiberOptic,41,https://services5.arcgis.com/oHyVM17u2FMyV4oB/arcgis/rest/services/fiberoptic/FeatureServer/0,8ff75f6269f34424a8f4b8b77683f90f,
1,,City of Norwalk CT,public,arcgis org,existing,Fiber,TMPNorwalk,Fiber City Traffic,41,https://services2.arcgis.com/HfsHDBmkGwb1UtID/arcgis/rest/services/Fiber/FeatureServer/0,3f17df5fac2b4d138ae42cbb829d32c8,
1,,Makah Tribe,public,arcgis org (hand-checked),existing,MAK_Fiber_Optic_Lines,makah.realty,FiberOpticLines_Makah,40,https://services9.arcgis.com/bX2xeX2HlRqsq64o/arcgis/rest/services/MAK_Fiber_Optic_Lines/FeatureServer/0,0f8b08fdcfb04e9ba5f04d46c7456edc,
1,,City of Norwalk CT,public,arcgis org,existing,Fiber,TMPNorwalk,Fiber City MAN,40,https://services2.arcgis.com/HfsHDBmkGwb1UtID/arcgis/rest/services/Fiber/FeatureServer/1,3f17df5fac2b4d138ae42cbb829d32c8,
1,,City of Oakland GIS,public,arcgis org,existing,Broadband_Network,ealvarez_oakgis,Fiber,38,https://services.arcgis.com/9tC74aDHuml0x5Yz/arcgis/rest/services/Broadband_Network/FeatureServer/2,03b83feab68a4733bb96c4256e3db373,
1,,ArcGIS Online for Skagit County,public,arcgis org,existing,FiberWebMapAGOL,rvaughan_SkagitCounty,2011 Segment,37,https://services1.arcgis.com/ipyDbwUQfysOAPQq/arcgis/rest/services/FiberWebMapAGOL/FeatureServer/6,63c67556a5594b65b86e4d5a3644ea93,
1,,ArcGIS Online for Skagit County,public,arcgis org,existing,FiberWebMapAGOL,rvaughan_SkagitCounty,2003 Segment,37,https://services1.arcgis.com/ipyDbwUQfysOAPQq/arcgis/rest/services/FiberWebMapAGOL/FeatureServer/15,63c67556a5594b65b86e4d5a3644ea93,
1,,Tri-County Regional Planning Commission,public,arcgis org,existing,IDOT Fiber Connections,tcrpcgisadmin,IDOT District 4 Fiber Optic Cable Links,37,https://services.arcgis.com/pPTAs43AFhhk0pXQ/arcgis/rest/services/IDOT_Fiber_Connections/FeatureServer/0,89d3186d075d42619cbc58e54a767d20,
1,,Aspen Wireless,carrier,owner username (hand-checked),existing,FiberCable Updated,jim_aspenwireless,FiberCable New,37,https://services5.arcgis.com/VHsAhrAM9xGQ2ry2/arcgis/rest/services/FiberCable_Updated/FeatureServer/0,8ee1f385a828494b94463caa2da4cbe7,
1,,City of South San Francisco,public,arcgis org,existing,digonceoupdate_service,jhanderson,SSF_Conduit,37,https://services5.arcgis.com/inY93B27l4TSbT7h/arcgis/rest/services/digonceoupdate_service/FeatureServer/2,db65463b73af4f028fb2f7904dd03021,
1,,greg@basemanutilities.com,public,owner username,existing,USMMA Campus Fiber view,greg@basemanutilities.com,23-234 Fiber,37,https://services6.arcgis.com/qsMHUtkawfmFg7pb/arcgis/rest/services/USMMA_Campus_Fiber_view/FeatureServer/1,6c02645d9ebd496fbba4565f71ab484f,
1,,"Caroline County, MD",public,owner username (hand-checked),existing,Fiber_Optics,nstephens@carolinemd.org_CCMD,IT_Fiber,36,https://services6.arcgis.com/M2dyOQipFC1IggF3/arcgis/rest/services/requested_data_gdb/FeatureServer/0,b95972e7353b432d8ea6102310cf7a12,
1,,pwd@ci.brillion.wi.us,public,owner username,existing,Fiber_Optic_view_only,pwd@ci.brillion.wi.us,Fiber Optic Line,35,https://services8.arcgis.com/2raam4MoVkhmWtED/arcgis/rest/services/Fiber_Optic_view_only/FeatureServer/1,9c36b12fcab64da0827c1037e729a877,
1,,iank@ctsi.nsn.us,public,owner username,existing,CTSI Fiber Network 2025_WFL1,iank@ctsi.nsn.us,Fiber_Optic,35,https://services8.arcgis.com/DspRiqmHwdahssQd/arcgis/rest/services/CTSI_Fiber_Network_2025_WFL1/FeatureServer/4,114fb156d6f04e9e9ad35346a67abaa9,
1,,"Town of Amherst, MA",public,arcgis org,existing,FiberInfrastructure,amherstmaps,Fiber Lines,34,https://services.arcgis.com/fvEtUQQPvELjRlqy/arcgis/rest/services/FiberInfrastructure/FeatureServer/2,b68fecab0be741d188fa77d59e633b58,
1,,City of Centerville,public,arcgis org,existing,Fiber Audit 2026_WFL1,mryan@centervilleohio.gov_centervilleohio,Centerville_Fiber_Network,34,https://services.arcgis.com/M5UrDFRz2ZRTplQC/arcgis/rest/services/Fiber_Audit_2026_WFL1/FeatureServer/47,5eb07580b49c4fc7a63915af90c967f5,
1,,City of Centerville,public,arcgis org,existing,Fiber Audit 2026_WFL1,mryan@centervilleohio.gov_centervilleohio,Centerville_Owned_Fi_Project,34,https://services.arcgis.com/M5UrDFRz2ZRTplQC/arcgis/rest/services/Fiber_Audit_2026_WFL1/FeatureServer/40,5eb07580b49c4fc7a63915af90c967f5,
1,,City and County of San Francisco,public,arcgis org,existing,05_26_2026_Fiber Optic Cable Map_WFL1,nick.webster_sfdt,288ct_UG,34,https://services.arcgis.com/Zs2aNLFN00jrS4gG/arcgis/rest/services/05_26_2026_Fiber_Optic_Cable_Map_WFL1/FeatureServer/8,f17d9328d66b4f8381daf4852a1563f2,
1,,Kane County Illinois - Maps,public,arcgis org,planned,KaneFiber_Fiber_Proposed_10042019_View,KDOT_Lebo,Fiber,34,https://services1.arcgis.com/oRKmdBXD6EbdmVgJ/arcgis/rest/services/KaneFiber_Fiber_Proposed_10042019_View/FeatureServer/0,728832f8d6d144c8893addd97a81f6e7,
1,,"City of New Westminster, British Columbia, Canada",public,arcgis org,existing,Fibre Optic Network,gis_services1,fnOverheadSpan,33,https://services3.arcgis.com/A7O8YnTNtzRPIn7T/arcgis/rest/services/City_Fibre_Network/FeatureServer/4,1d20421bbca2439daf38aabb73aea7f5,
1,,City of Menifee,public,arcgis org,existing,Conduit_Fiber_Map_WFL1,khaessly_com,Existing Conduit -Scrible-,33,https://services.arcgis.com/RjTKod25O4b8SbZx/arcgis/rest/services/Conduit_Fiber_Map_WFL1/FeatureServer/12,300e6d0cdd2e46998406548884716817,
1,,College of the Atlantic GIS,public,arcgis org,existing,COA Fiber Optic Network,coagis_org,Fiber Optic Network,32,https://services1.arcgis.com/0EOqWPtpCmgQr2ay/arcgis/rest/services/COA_Utilities/FeatureServer/1,1b7bcc9607e240acac336f0a67ddab20,
1,,Palm Beach County GIS,public,arcgis org,existing,VARAP Study Database Map - Data Layers,EHernandez2_PBCGOV,Bus_Routes,32,https://services1.arcgis.com/ZWOoUZbtaYePLlPw/arcgis/rest/services/Clearview_Geographic_Database_Map_WFL1/FeatureServer/4,7a559614bab34328a5a5026d42826037,
1,,"Montgomery County, MD",public,arcgis org,existing,Fiber Routes Commercial,yachi.chen,Windstream (2018),31,https://services.arcgis.com/hdlG36cOubTzNDBb/arcgis/rest/services/Fiber_Routes_Commercial/FeatureServer/3,8cc92662dd614663a9842a8148239c7d,
1,,County of Summit GIS,public,arcgis org,existing,Fiber Ring Map _ 8_03_2023_WFL1,Summit_Admin,Fiber Ring 1/31/2023,31,https://services3.arcgis.com/3Ukh5HzAdI6WZ3KP/arcgis/rest/services/Fiber_Ring_Map___8_03_2023_WFL1/FeatureServer/6,64f11fe67c014666b764e4dc7ea1479a,
1,,Nevada Department of Transportation,public,arcgis org,planned,Nevada Department of Transportation Statewide ITS ATM Masterplan,OpenData_NDOT,Device Fiber,31,https://services1.arcgis.com/9Y4hSlLf13E9S0Eo/arcgis/rest/services/Nevada_Department_of_Transportation_Statewide_ITS_ATM_Masterplan/FeatureServer/8,f907e6399dff4162b4b3d3a7e3522e9d,
1,,County of Summit GIS,public,arcgis org,existing,FiberRingTest2,Summit_Admin,Fiber Route by Jurisdiction,31,https://services3.arcgis.com/3Ukh5HzAdI6WZ3KP/arcgis/rest/services/FiberRingTest2/FeatureServer/6,c669d1f4fb57491eb4739c44a257f0f6,
1,,City of Kinston,public,arcgis org,existing,E_FiberOptic,thomas.vogel_KDPS,E_FiberOptic,30,https://services5.arcgis.com/oHyVM17u2FMyV4oB/arcgis/rest/services/E_FiberOptic/FeatureServer/0,4964cc10127f4dec9cfd40f2a1c1f539,
1,,"Craven County, NC",public,owner username (hand-checked),existing,Dan Fiber Notes 2,bmarquard_CravenGIS,Line layer,30,https://services8.arcgis.com/W3WmI8CWeKpaagET/arcgis/rest/services/Dan_Fiber_Notes_2/FeatureServer/1,6dd4d898877744c38d898b10e4e52313,
1,,Erie County GIS Advisory Board,public,arcgis org,existing,{ACTIVE} COSFiberopticLines,ttaylor_ECGISAB9,Fiber Line,29,https://services3.arcgis.com/r00vmm8eIzAwdHlO/arcgis/rest/services/COSFiberopticLines/FeatureServer/0,a89ee64baa844384bb0c1f775152e64d,
1,,City of Centerville,public,arcgis org,existing,Fiber Audit 2026_WFL1,mryan@centervilleohio.gov_centervilleohio,Polylines,29,https://services.arcgis.com/M5UrDFRz2ZRTplQC/arcgis/rest/services/Fiber_Audit_2026_WFL1/FeatureServer/35,5eb07580b49c4fc7a63915af90c967f5,
1,,"City of West Jordan, UT",public,arcgis org (hand-checked),existing,Google_SummitIG2_WFL1,evan.daudistel,SummitDuctbank,29,https://services1.arcgis.com/yznraL2FyB2Sm732/arcgis/rest/services/Google_SummitIG2_WFL1/FeatureServer/9,774ed4d513cc450ebb3de956a44b6b4d,
1,,City and County of San Francisco,public,arcgis org,existing,05_26_2026_Fiber Optic Cable Map_WFL1,nick.webster_sfdt,216ct_OH,28,https://services.arcgis.com/Zs2aNLFN00jrS4gG/arcgis/rest/services/05_26_2026_Fiber_Optic_Cable_Map_WFL1/FeatureServer/9,f17d9328d66b4f8381daf4852a1563f2,
1,,"City of Mesquite, Nevada",public,arcgis org,existing,FiberNetwork,rkammerer,Intelligent Transportation System (Blue Tube),27,https://services7.arcgis.com/47djI2dDVjy1gZox/arcgis/rest/services/FiberNetwork/FeatureServer/2,5329b113f7c04cba974a7f81873b8a7a,
1,,City of Amarillo,public,arcgis org,existing,COAFiberOptic,City_of_Amarillo,Live Fiber,27,https://services6.arcgis.com/Vdk8uHgdgYx8ZqS6/arcgis/rest/services/COAFiberOptic/FeatureServer/3,0ede31450ad94e85a1194f91e5ebe265,
1,,Region 4 Planning and Development Council,public,arcgis org,planned,Proposed Fiber Routes line,Region4,Proposed_Fiber_Routes_line,27,https://services8.arcgis.com/aPNo3KjV6fgrbzfN/arcgis/rest/services/Proposed_Fiber_Routes_line/FeatureServer/0,41ddd63ab3444a3fb5495a7a8f02ce4d,
1,,Waupaca County Land Information,public,arcgis org,existing,WaupacaCountyFiberOptic,WaupacaCounty_LIO,Polylines,26,https://services3.arcgis.com/7eEEBGPmOQcC1gAa/arcgis/rest/services/WaupacaCountyFiberOptic/FeatureServer/0,f05c20c120ca44fe8e87d990b8bcd9da,
1,,City and County of San Francisco,public,arcgis org,existing,05_26_2026_Fiber Optic Cable Map_WFL1,nick.webster_sfdt,96ct_OH,26,https://services.arcgis.com/Zs2aNLFN00jrS4gG/arcgis/rest/services/05_26_2026_Fiber_Optic_Cable_Map_WFL1/FeatureServer/13,f17d9328d66b4f8381daf4852a1563f2,
1,,Town of Milford,public,arcgis org (hand-checked),existing,ExistingOriginalFiberLoop,jwhangen32,ExistingOriginalFiberLoop,26,https://services2.arcgis.com/JUU3wfkYLZ85bP4F/arcgis/rest/services/ExistingOriginalFiberLoop/FeatureServer/0,0a755ff4798e47a2a580f3abceb08f63,
1,,City of Owatonna and Owatonna Public Utilities,public,arcgis org,existing,OPU_Fiber_Overlay,ScheurerK,OPU Fiber Overlay,26,https://services3.arcgis.com/aUiGMU77F4x6wcC7/arcgis/rest/services/OPU_Fiber_Overlay/FeatureServer/2,06521cd7bf904d9aa790729ba8543a59,
1,,"City of Kansas City, MO",public,"public agency server (mapd.kcmo.org, City of Kansas City, MO)",existing,KCMO right-of-way fiber: Unified Government (KCK),,Fiber - Unified Government,26,https://mapd.kcmo.org/kcgis/rest/services/external/FiberLayersNonKCMO/FeatureServer/1,,infrapedia lead
1,,ArcGIS Online for Skagit County,public,arcgis org,existing,FiberWebMapAGOL,rvaughan_SkagitCounty,2001 Segment,25,https://services1.arcgis.com/ipyDbwUQfysOAPQq/arcgis/rest/services/FiberWebMapAGOL/FeatureServer/17,63c67556a5594b65b86e4d5a3644ea93,
1,,City and County of San Francisco,public,arcgis org,existing,05_26_2026_Fiber Optic Cable Map_WFL1,nick.webster_sfdt,48ct_OH,25,https://services.arcgis.com/Zs2aNLFN00jrS4gG/arcgis/rest/services/05_26_2026_Fiber_Optic_Cable_Map_WFL1/FeatureServer/17,f17d9328d66b4f8381daf4852a1563f2,
1,,Town of Milford,public,arcgis org (hand-checked),existing,Milford_Fiber_lines_removed,jwhangen32,Milford_Fiber_lines_removed,25,https://services2.arcgis.com/JUU3wfkYLZ85bP4F/arcgis/rest/services/Milford_Fiber_lines_removed/FeatureServer/0,5dc9febbec2a405082336ee2d7949632,
1,,Arizona Dept of Transportation,public,arcgis org,planned,Proposed_Fiber,SCheshko@azdot.gov_adot,Proposed_Fiber,25,https://services1.arcgis.com/XAiBIVuto7zeZj1B/arcgis/rest/services/Proposed_Fiber/FeatureServer/0,b04ae71587704114994209cfc8b84410,
1,,"City of Dublin, Ohio",public,arcgis org,existing,Dublink Regional (Outer Loop and Downtown),DublinOhio,Regional Fiber Edit,25,https://services1.arcgis.com/NqY8dnPSEdMJhuRw/arcgis/rest/services/Dublink_Regional_(Outer_Loop_and_Downtown)/FeatureServer/36,60aef6649f7a406ca7ef845f4bca578f,
1,,City of Centerville,public,arcgis org,existing,Centerville Owned Fiber_32524,mryan@centervilleohio.gov_centervilleohio,Centerville Owned Fiber,24,https://services.arcgis.com/M5UrDFRz2ZRTplQC/arcgis/rest/services/Centerville_Owned_Fiber_32524/FeatureServer/0,f54f3c30d1984cbbba6646e9e91142aa,
1,,"City of Cedar Hill, TX",public,arcgis org,existing,Fiber_Optic_Lines,CCH_AGOL_Manager,GISDATA.GISOWNER.CHISD_FiberOpticLines,23,https://services2.arcgis.com/c4jK8v4C9UDiTgJU/arcgis/rest/services/Fiber_Optic_Lines/FeatureServer/1,f3e4aa1a076e463ab2a4e04af32a7299,
1,,"City of Marlborough, Geographic Information Systems",public,arcgis org,planned,Fiber_Optic_Network,nbowen,Fiber Lines - Future Expansion,23,https://services3.arcgis.com/bpeS3swje8g57sok/arcgis/rest/services/Fiber_Optic_Network/FeatureServer/1,38ebac0f9a1d4a308ddddc9f0eb54fea,
1,,"City of Lancaster, Ohio GIS",public,arcgis org,existing,Backbone Route (view),LancasterGIS,Backbone Route,23,https://services1.arcgis.com/CRjnKyCe3OfYTMC3/arcgis/rest/services/Backbone_Route_(view)/FeatureServer/0,6d6a486956164485a5a4d39395d41233,
1,,"City of Newport, RI",public,arcgis org,existing,Fiber Online Map_WFL1,mcrittenden@newportri,Newport Fiber,23,https://services2.arcgis.com/URasD5e1uL7MfVOn/arcgis/rest/services/Fiber_Online_Map_WFL1/FeatureServer/2,0e8c1643117f4e94b3dbd5a8b3b9ed1e,
1,,"City of Midland Mi, MCONET, CMU",public,item credits,existing,FIBER,thomrich,Conduit,23,https://arcgis1.midland-mi.org/arcgis/rest/services/Fiber/MapServer/10,49cd010ff092476aabfd6100bf4e3d2f,
1,,Florida DOT District 7 (Westshore Interchange project),public,public agency project account (hand-checked),existing,FDOT D7 Westshore surveyed utilities: Teco Telecom,,UTEXRD_TECO_TELECOM_20250324,23,https://services9.arcgis.com/ssjvmF1sZLRQUcYv/arcgis/rest/services/UTEXRD_TECO_TELECOM_20250324/FeatureServer/408,,infrapedia lead
1,,CA Governor's Office of Emergency Services,public,arcgis org,existing,Cal OES - CESRS Microwave Routes,CA_Office_of_Emergency_Services_GIS,CESRS Microwave Routes,22,https://services.arcgis.com/BLN4oKB0N1YSgvY8/arcgis/rest/services/CESRS_Microwave_Routes/FeatureServer/0,d7482122ba8b4082849b578b0255d89c,
1,,City of Oakland GIS,public,arcgis org,existing,Project_ITSCommunications,davidlok,Project_ITSCommunications,22,https://services.arcgis.com/9tC74aDHuml0x5Yz/arcgis/rest/services/Project_ITSCommunications/FeatureServer/0,50928d7b39db44879dc6f5349479af7a,
1,,City of Alamosa,public,arcgis org,existing,Alamosa Fiber Online,M0narch,Alamosa_Fiber_WGS,22,https://services2.arcgis.com/kQ9CrbL3URg6t3jo/arcgis/rest/services/Alamosa_Fiber_Online/FeatureServer/1,e905deff6d6a462da9d5c6060ffd1739,
1,,Cape May County GIS,public,arcgis org,existing,I_T_ Infrastructure WebMap_WFL1,JPDownie2000,Fiber,21,https://services6.arcgis.com/uC0mne2MlQubT7ew/arcgis/rest/services/I_T__Infrastructure_WebMap_WFL1/FeatureServer/4,4cfa3278bfc744cf8a8659f543387e25,
1,,Mohawk Council of Kahnawà:ke,public,arcgis org,existing,Fiber_cable_2022_Dec19,BradfordDean,Fiber_cable,21,https://services8.arcgis.com/0EarEyaTySs7q51C/arcgis/rest/services/Fiber_cable_2022_Dec19/FeatureServer/1,d2ce465b05f94540ae89e517c416f2a7,
1,," CITY OF TWIN FALLS, ID",public,arcgis org,planned,Fiber Proposed,awalker_COTF,Proposed Conduit,21,https://services1.arcgis.com/I78Ijvc0YuZijqmq/arcgis/rest/services/Fiber_Proposed/FeatureServer/1,5dd4fe30e7d94beeac451323bfa5cbd7,
1,,ArcGIS Online for Skagit County,public,arcgis org,existing,FiberWebMapAGOL,rvaughan_SkagitCounty,2002 Segment,20,https://services1.arcgis.com/ipyDbwUQfysOAPQq/arcgis/rest/services/FiberWebMapAGOL/FeatureServer/16,63c67556a5594b65b86e4d5a3644ea93,
1,,City of Duncanville,public,arcgis org,existing,ITS Fiber,GBerryDuncanville,Fiber Route,20,https://services3.arcgis.com/mjqW4t1A3YDrjss0/arcgis/rest/services/ITS_Fiber/FeatureServer/1,b47e0930db9a4b0b8b2d3bb3ab689fa3,
1,,City of Newport News,public,arcgis org,existing,Fiber Concept,wyattjf_nngov,Fiber Concept,20,https://services6.arcgis.com/SiUAoHzWN11AIADA/arcgis/rest/services/Fiber_Concept/FeatureServer/0,29d2bb5a21c1411790fd2053b31f8077,
1,,Mohawk Council of Kahnawà:ke,public,arcgis org,existing,Fiber_cable_23a,BradfordDean,Fiber_cable,20,https://services8.arcgis.com/0EarEyaTySs7q51C/arcgis/rest/services/Fiber_cable_23a/FeatureServer/1,8a739ae235b04defb29b519814663cd6,
1,,"City of Mesquite, Nevada",public,arcgis org,existing,FiberNetwork,rkammerer,Information Technology (Green Tube),19,https://services7.arcgis.com/47djI2dDVjy1gZox/arcgis/rest/services/FiberNetwork/FeatureServer/1,5329b113f7c04cba974a7f81873b8a7a,
1,,ArcGIS Online for Skagit County,public,arcgis org,existing,FiberWebMapAGOL,rvaughan_SkagitCounty,1999 Segment,19,https://services1.arcgis.com/ipyDbwUQfysOAPQq/arcgis/rest/services/FiberWebMapAGOL/FeatureServer/18,63c67556a5594b65b86e4d5a3644ea93,
1,,City of Statesville,public,arcgis org,existing,Fiber_Layer_AGOL,GIS_Admin_statesvillegis,Windstream Fiber,19,https://services2.arcgis.com/WbGEgSzGTEPg4fr6/arcgis/rest/services/Fiber_Layer_AGOL/FeatureServer/0,cd3289036f35482b97b09046af59d24f,
1,,"City of Sandpoint, Idaho ",public,arcgis org,existing,Utility_Data_20230122,Sandpoint,Fiber Cable,19,https://services5.arcgis.com/AQtaKb5EvfD9wl7S/arcgis/rest/services/Utility_Data_20230122/FeatureServer/2,ccaff6d4ab0e4090ab135f99b4595a1d,
1,,Macon-Bibb County Government,public,arcgis org,existing,FiberOpticSystem,jnabhan,Conduit,18,https://services2.arcgis.com/zPFLSOZ5HzUzzTQb/arcgis/rest/services/FiberOpticSystem/FeatureServer/6,8f0f1b9ef1954563ad4ebe2e8017aca6,
1,,City of Oakland GIS,public,arcgis org,existing,ConData_Fibers_through_Pracels,davidlok,ConData_Fibers_through_Pracels,18,https://services.arcgis.com/9tC74aDHuml0x5Yz/arcgis/rest/services/ConData_Fibers_through_Pracels/FeatureServer/0,60d3ea80fe4f418087f78075ea7dbfd7,
1,,City of Centennial - ArcGIS Online,public,arcgis org,existing,Clarkson Fiber Line for ITS,mdemmon@centennialco.gov_Centennial,Clarkson Fiber Line for ITS,18,https://services2.arcgis.com/qzGaVFGfQxn25AYB/arcgis/rest/services/Clarkson_Fiber_Line_for_ITS/FeatureServer/3,bae0e60a0f48471595a3af4d9874cfd7,
1,,City of Evanston WY,public,arcgis org,existing,Fiber_Network,HermanR,Fiber_Network,18,https://services7.arcgis.com/TsVLs9I3Mz0rNgK9/arcgis/rest/services/Fiber_Network/FeatureServer/0,6ffff99b695143428ef6ffa108c6d118,
1,,Michigan State University Online ArcGIS,public,arcgis org,existing,CommunicationsSystem,connorrhf@gmail.com_msugis,Cable,18,https://services.arcgis.com/uHAHKfH1Z5ye1Oe0/arcgis/rest/services/CommunicationsSystem_9771157ba1d0415eb59f5117d984a61c/FeatureServer/8,248359571df349338edf24e7613d4f7a,
1,,Mohawk Council of Kahnawà:ke,public,arcgis org,existing,Fiber_cable,BradfordDean,Fiber_cable,18,https://services8.arcgis.com/0EarEyaTySs7q51C/arcgis/rest/services/Fiber_cable/FeatureServer/1,72cd77be3adc4756829fef2310689f47,
1,,"City of Corvallis, OR",public,arcgis org (hand-checked),planned,LSN_FiberRing_Proposed_shp,CityOfCorvallis,LSN_FiberRing_Proposed_shp,18,https://services6.arcgis.com/NNPaUnXVoJt8FVVE/arcgis/rest/services/LSN_FiberRing_Proposed_shp/FeatureServer/0,ad770845670548feb3fabf898b9acc9d,
1,,ArcGIS Online for Skagit County,public,arcgis org,existing,FiberWebMapAGOL,rvaughan_SkagitCounty,2012 Segment,17,https://services1.arcgis.com/ipyDbwUQfysOAPQq/arcgis/rest/services/FiberWebMapAGOL/FeatureServer/5,63c67556a5594b65b86e4d5a3644ea93,
1,,ArcGIS Online for Skagit County,public,arcgis org,existing,FiberWebMapAGOL,rvaughan_SkagitCounty,2005 Segment,17,https://services1.arcgis.com/ipyDbwUQfysOAPQq/arcgis/rest/services/FiberWebMapAGOL/FeatureServer/13,63c67556a5594b65b86e4d5a3644ea93,
1,,ArcGIS Online for Skagit County,public,arcgis org,existing,FiberWebMapAGOL,rvaughan_SkagitCounty,Fiber (Loop),17,https://services1.arcgis.com/ipyDbwUQfysOAPQq/arcgis/rest/services/FiberWebMapAGOL/FeatureServer/26,63c67556a5594b65b86e4d5a3644ea93,
1,,iank@ctsi.nsn.us,public,owner username,existing,CTSI Fiber Network 2025_WFL1,iank@ctsi.nsn.us,Telephone,17,https://services8.arcgis.com/DspRiqmHwdahssQd/arcgis/rest/services/CTSI_Fiber_Network_2025_WFL1/FeatureServer/3,114fb156d6f04e9e9ad35346a67abaa9,
1,,App State GIS,public,item credits,existing,Google_Earth_Placemark_NRLP_Verizon,eddie1975,AppState_Peacock_CableLine_KMZ_06052023SP,17,https://services2.arcgis.com/wdQEqhSQSuYA89VW/arcgis/rest/services/Google_Earth_Placemark_NRLP_Verizon/FeatureServer/3,e1e5a44fc62b4ae38ede83a942e1f938,
1,,City of Harrisburg Pennsylvania,public,arcgis org,existing,Commo_Fiber_Cable_Single_Mode,emrubin_COHBG,Commo_Fiber_Cable_Single_Mode,17,https://services5.arcgis.com/9n3LUAMi3B692MBL/arcgis/rest/services/Commo_Fiber_Cable_Single_Mode/FeatureServer/0,70274607e38a436b92820dc0e90decf8,
1,,EUP REGIONAL PLANNING,public,arcgis org,existing,EUPFiberProject,euprpdc,Fiber Lines ,17,https://services.arcgis.com/r3fID69a2yHQdVc4/arcgis/rest/services/EUPFiberProject/FeatureServer/6,b837e8cbdbf4444598c36ab345f1b6f9,
1,,Florida DOT District 7 (Westshore Interchange project),public,public agency project account (hand-checked),existing,FDOT D7 Westshore surveyed utilities: Time Warner,,UTEXRD_TIME_WARNER_20240701,17,https://services9.arcgis.com/ssjvmF1sZLRQUcYv/arcgis/rest/services/UTEXRD_TIME_WARNER_20240701/FeatureServer/203,,infrapedia lead
1,,City of Santa Fe,public,arcgis org,existing,Fiber Phase 1,Jay.puckett_wsp5,SF_FiberPhase1,16,https://services7.arcgis.com/p0Gk2nDbPs7KEqSZ/arcgis/rest/services/SF_FiberPhase1_1/FeatureServer/0,009c48acc29e4bc3a64dd57eb1485af2,
1,,ArcGIS Online for Skagit County,public,arcgis org,existing,FiberWebMapAGOL,rvaughan_SkagitCounty,2009 Segment,16,https://services1.arcgis.com/ipyDbwUQfysOAPQq/arcgis/rest/services/FiberWebMapAGOL/FeatureServer/8,63c67556a5594b65b86e4d5a3644ea93,
1,,"City of Fruita, CO",public,owner username (hand-checked),existing,Fruita Fiber Optic Lines,fruita_GIS,Fruita_Fiber_Optic_Lines,16,https://services8.arcgis.com/EHbirLYcjMmLybPA/arcgis/rest/services/Fruita_Fiber_Optic_Lines/FeatureServer/0,8d1a479cc7d840118a062930e8a3acd0,
1,,City and County of San Francisco,public,arcgis org,existing,05_26_2026_Fiber Optic Cable Map_WFL1,nick.webster_sfdt,36ct_UG,16,https://services.arcgis.com/Zs2aNLFN00jrS4gG/arcgis/rest/services/05_26_2026_Fiber_Optic_Cable_Map_WFL1/FeatureServer/19,f17d9328d66b4f8381daf4852a1563f2,
1,,"City of New Westminster, British Columbia, Canada",public,arcgis org,existing,Fibre Optic Network Remove,GIS_Coordinator,fnOverheadSpan,16,https://services3.arcgis.com/A7O8YnTNtzRPIn7T/arcgis/rest/services/City Fibre Network/FeatureServer/4,30a3d9d194da4c2fba86e2f8ab60117e,
1,,UPlan Map Center,public,arcgis org,planned,UDOT Statewide Planned Fiber Infrastructure 2026,prusso@crest-solutions.net_uplan,Planned,16,https://services.arcgis.com/pA2nEVnB6tquxgOW/arcgis/rest/services/UDOT_Statewide_Fiber_Infrastructure/FeatureServer/0,0b727babf60541a6b04fe49c6eeb7612,
1,,AndrewEntrikin-PUD,public,owner username,existing,Ferndale Fiber WSBO Funded,AndrewEntrikin-PUD,Ferndale Fiber Routes,16,https://services1.arcgis.com/XpT4vD25DhCyPlki/arcgis/rest/services/Ferndale_Fiber_WSBO_Funded1/FeatureServer/0,f9714efb3ef24376a18050782a91300d,
1,,Town of Kernersville,public,arcgis org,existing,Fiber_Lines,gisadmin_TOK,Fiber_Lines,16,https://services3.arcgis.com/QgJmoTzlT6vrCJS8/arcgis/rest/services/Fiber_Lines/FeatureServer/0,13aedac478374f1c9d66618068b70ab4,
1,,City of Centennial - ArcGIS Online,public,arcgis org,existing,Fiber_March2016,CentennialGIS,Publishing_Data.DBO.LPS_fiberConduit_build,16,https://services2.arcgis.com/qzGaVFGfQxn25AYB/arcgis/rest/services/Fiber_March2016/FeatureServer/14,dc51724abb714cdf8b3beaa7628cb971,
1,,City of Federal Way AGOL,public,arcgis org,existing,CityFiber_WebUpload_R3,s_curry,FiberCable,16,https://services7.arcgis.com/nNFRPD700OKIXF3J/arcgis/rest/services/CityFiber_WebUpload_R3/FeatureServer/4,23f521b923384d789abd5530ffb3ae1c,
1,,"Town of Queen Creek, AZ",public,owner username (hand-checked),existing,Conduits,QueenCreekGIS,Conduits,16,https://services1.arcgis.com/t16ZiY9Utsg4bsyA/arcgis/rest/services/Conduits/FeatureServer/0,e36e3a5c2ef54a1885172608b85bd687,
1,,"City of Mesquite, Nevada",public,arcgis org,existing,FiberNetwork,rkammerer,Public Saftey (Slate Tube),15,https://services7.arcgis.com/47djI2dDVjy1gZox/arcgis/rest/services/FiberNetwork/FeatureServer/3,5329b113f7c04cba974a7f81873b8a7a,
1,,City of Amarillo,public,arcgis org,existing,COAFiberOptic,City_of_Amarillo,Abandoned Fiber,15,https://services6.arcgis.com/Vdk8uHgdgYx8ZqS6/arcgis/rest/services/COAFiberOptic/FeatureServer/5,0ede31450ad94e85a1194f91e5ebe265,
1,,City and County of San Francisco,public,arcgis org,existing,05_26_2026_Fiber Optic Cable Map_WFL1,nick.webster_sfdt,432ct_UG,15,https://services.arcgis.com/Zs2aNLFN00jrS4gG/arcgis/rest/services/05_26_2026_Fiber_Optic_Cable_Map_WFL1/FeatureServer/4,f17d9328d66b4f8381daf4852a1563f2,
1,,City of Jackson GIS,public,arcgis org,existing,FIBER MAP UPDATE NEW FIBER ROUTES JULY 2021_WFL1,mmaberry,hood_fiber,15,https://services2.arcgis.com/n0wqzAPJddc1vROD/arcgis/rest/services/FIBER_MAP_UPDATE_NEW_FIBER_ROUTES_JULY_2021_WFL1/FeatureServer/1,05ea5b184b244873ac64bde6e1943d61,
1,,City of Jackson GIS,public,arcgis org,planned,JPS Lit Community COJ Fiber 2021_WFL1,mmaberry,Proposed Fiber Paths,15,https://services2.arcgis.com/n0wqzAPJddc1vROD/arcgis/rest/services/JPS_Lit_Community_COJ_Fiber_2021_WFL1/FeatureServer/10,f722349f8a5d40c9a39a26ae03c75e19,
1,,Port of Galveston,public,arcgis org,existing,CommunicationsSystem,JwillisPOG,Distribution Cable,15,https://services1.arcgis.com/RcfrTSKiiG2fgqIh/arcgis/rest/services/CommunicationsSystem_ade93ccc08074d62a04a4cb228457389/FeatureServer/715035,1c746d5d2dd74985befb4a0709289e00,
1,,"Franklin County VA GIS, 2021",public,item credits,existing,IT Facilities,FC.GIS,County Fiber Lines - GPS Fall 2022,15,https://gis.franklincountyva.gov/arcgis/rest/services/InternalServices/IT_Facilities/MapServer/4,2e0456bdcd894671b08ff2cf2bb4f835,
1,,Pima County GIS,public,arcgis org,existing,Pima County Regional Middle Mile Project,david.shafer@pima.gov_Pima,PCRMMP_FiberRoute_20251218,14,https://services2.arcgis.com/UTBp78iglGpbqp1B/arcgis/rest/services/Pima_County_Regional_Middle_Mile_Project/FeatureServer/0,5e201109c2244997b312cd69005dab4c,
1,,Borough of State College,public,arcgis org,existing,Borough Fiber Cables,tblose_scb,FIBER_OPTIC_CONDUIT,14,https://services8.arcgis.com/5EsWsFkU1FzqtfTb/arcgis/rest/services/Borough_Fiber_Cables/FeatureServer/4,919e5330232e49fb88f7343112d916e9,
1,,"City of Smyrna, GA",public,owner username (hand-checked),existing,Fiber Network,Smyrna_GA,SIGNAL SYSTEM,14,https://services2.arcgis.com/hE9igMm8RoNeQRbh/arcgis/rest/services/Telecom_System/FeatureServer/5,8f90b786083f455e9c639e318ef5e3a9,
1,,City of Detroit,public,arcgis org,planned,Proposed Fiber Locations (Streets) ,naizghia@detroitmi.gov,Proposed Fiber Locations (streets),14,https://services2.arcgis.com/qvkbeam7Wirps6zC/arcgis/rest/services/Proposed_Fiber_Locations/FeatureServer/0,dcef16ad73854635984865065c2b5cdc,
1,,City of Federal Way AGOL,public,arcgis org,existing,CityFiber_WebUpload_R2,s_curry,FiberCable,14,https://services7.arcgis.com/nNFRPD700OKIXF3J/arcgis/rest/services/CityFiber_WebUpload_R2/FeatureServer/4,a550048389b54368917528a56aaa9b63,
1,,City of South San Francisco,public,arcgis org,existing,Verizon,jhanderson,Verizon Fiber,14,https://services5.arcgis.com/inY93B27l4TSbT7h/arcgis/rest/services/Verizon/FeatureServer/0,a7d32606fca64788a9e7c87bf9a1ab07,
1,,ArcGIS Online for Skagit County,public,arcgis org,existing,FiberWebMapAGOL,rvaughan_SkagitCounty,2016 Segment,13,https://services1.arcgis.com/ipyDbwUQfysOAPQq/arcgis/rest/services/FiberWebMapAGOL/FeatureServer/0,63c67556a5594b65b86e4d5a3644ea93,
1,,City of Centerville,public,arcgis org,existing,Fiber Audit 2026_WFL1,mryan@centervilleohio.gov_centervilleohio,Polylines,13,https://services.arcgis.com/M5UrDFRz2ZRTplQC/arcgis/rest/services/Fiber_Audit_2026_WFL1/FeatureServer/32,5eb07580b49c4fc7a63915af90c967f5,
1,,online.greenwoodvillage.com,public,server hostname,existing,Website Public,GreenwoodVillage,TruckRoute,13,https://online.greenwoodvillage.com/server/rest/services/City/Website_Public/MapServer/34,f1239f202d884672a3957c142a30c657,
1,,"Botetourt County, VA",public,owner username (hand-checked),existing,BoCo_Commercial_fiber,sandie_botetourt,Lines,13,https://services6.arcgis.com/6h5xc2eGkGuRiFia/arcgis/rest/services/BoCo_Commercial_fiber/FeatureServer/2,9be432b2740c4377b1c0b055daae8850,
1,,Wayne State University,public,arcgis org,existing,WSU Utilities,eq4010_waynestateGIS0,Cable_Lines,13,https://services2.arcgis.com/6luuUoENRhtlTjOc/arcgis/rest/services/WSU_Utilities/FeatureServer/8,10a2c60c58d54764aee6b2d5ac2b7ee1,
1,,Marion County Oregon,public,arcgis org,existing,CommShotLines,Marion_County,CommShotLines,13,https://services1.arcgis.com/sYGZnQPdJ0azuLyn/arcgis/rest/services/CommShotLines/FeatureServer/0,835e447f837b4e289be91bb41122e4f8,
1,,Erie County GIS Advisory Board,public,arcgis org,planned,ProposedTelecomFiberLines,ttaylor_ECGISAB9,Polylines,12,https://services3.arcgis.com/r00vmm8eIzAwdHlO/arcgis/rest/services/ProposedTelecomFiberLines/FeatureServer/2,cccb1535b0494ed0adf4ed91e797414c,
1,,City of Centennial - ArcGIS Online,public,arcgis org,existing,Internal_Fiber_Line_WFL1,CentennialGIS,Fiber,12,https://services2.arcgis.com/qzGaVFGfQxn25AYB/arcgis/rest/services/Internal_Fiber_Line_WFL1/FeatureServer/1,6669b20907bf434fa419849c13a93179,
1,,City of South San Francisco,public,arcgis org,existing,DigOnce,jhanderson,Dig Once Conduit,12,https://services5.arcgis.com/inY93B27l4TSbT7h/arcgis/rest/services/DigOnce/FeatureServer/3,8ee743f95b29455588c294ea4a51a28c,
1,,Hudson County Interactive Mapping Initiative,public,arcgis org,existing,Fiber_0417,dkrasnuk,HC_Fiber,11,https://services3.arcgis.com/Stu7jwuXrnM0myT0/arcgis/rest/services/Fiber_0417/FeatureServer/0,8f48385b96d7403b8f6e0c7d269e2b3c,
1,,"Region VII Planning & Development Council, WV",public,owner username (hand-checked),existing,Phase 2 Route,regionviipdc,Phase 2 Route,11,https://services6.arcgis.com/bBYVUvmRNNAidhU3/arcgis/rest/services/Phase_2_Route/FeatureServer/0,d6e22857acc64037947b136a077f71d1,
1,,City of East Point,public,arcgis org,existing,Extended Fiberline,panteracuatro,Line layer,11,https://services7.arcgis.com/CPLm4MuWYjfnA2R9/arcgis/rest/services/Extended_Fiberline/FeatureServer/0,b3f3528497944dc28ea73572765cc5fd,
1,,"Madison County / City of Rexburg, ID",public,arcgis org (hand-checked),existing,Fiber Features Jan 2020,cole.hibbard,Public Fiber,11,https://services1.arcgis.com/EiEr2xT4gB5AIOtc/arcgis/rest/services/Fiber_Features_Jan_2020/FeatureServer/1,526d68c4be5041e1962caf992630633f,
1,,Muscatine Area Geographic Information Consortium,public,arcgis org,planned,Fiber Design Cables and Conduit lines NA2011,MAGICAdmin,Communications_FiberCable_Design,11,https://services.arcgis.com/YKu9KTHe0ln1JUmf/arcgis/rest/services/FiberCables_gdb/FeatureServer/0,2bbed5ed187942eeb55825820ae6e078,
1,,"Montgomery County, MD",public,arcgis org,existing,Fiber Routes Commercial,yachi.chen,DF&I (2019),10,https://services.arcgis.com/hdlG36cOubTzNDBb/arcgis/rest/services/Fiber_Routes_Commercial/FeatureServer/1,8cc92662dd614663a9842a8148239c7d,
1,,"City of Greenville, IL",public,server hostname (hand-checked),existing,Fiber_Optic,astroud_Greenville,Fiber Optic Conduit,10,https://portal.greenvilleillinois.com/cog_server/rest/services/Fiber_Optic/MapServer/1,45f7582ba6cb4ab9b71ecb37b76bf523,
1,,County of Summit GIS,public,arcgis org,existing,Fiber Ring Map _ 8_03_2023_WFL1,Summit_Admin,Fairlawn Fiber Middle Mile MVP,10,https://services3.arcgis.com/3Ukh5HzAdI6WZ3KP/arcgis/rest/services/Fiber_Ring_Map___8_03_2023_WFL1/FeatureServer/0,64f11fe67c014666b764e4dc7ea1479a,
1,,App State GIS,public,item credits,existing,Google_Earth_Placemark_NRLP_Verizon,eddie1975,AppState_FacultyST_CableLine_KMZ_06052023SP,10,https://services2.arcgis.com/wdQEqhSQSuYA89VW/arcgis/rest/services/Google_Earth_Placemark_NRLP_Verizon/FeatureServer/2,e1e5a44fc62b4ae38ede83a942e1f938,
1,,City of Bay City,public,arcgis org,existing,SubstationFiberMap,tkunde15,Communication Cable,10,https://services6.arcgis.com/qEGIvpJUxjqfBKaP/arcgis/rest/services/SubstationFiberMap/FeatureServer/2,d40d5d31b00b4a4eaf4e2b0199415d50,
1,,"City of Mesquite, Nevada",public,arcgis org,existing,FiberNetwork,rkammerer,Information Technology (Brown Tube),9,https://services7.arcgis.com/47djI2dDVjy1gZox/arcgis/rest/services/FiberNetwork/FeatureServer/4,5329b113f7c04cba974a7f81873b8a7a,
1,,City and County of San Francisco,public,arcgis org,existing,05_26_2026_Fiber Optic Cable Map_WFL1,nick.webster_sfdt,24ct_OH,9,https://services.arcgis.com/Zs2aNLFN00jrS4gG/arcgis/rest/services/05_26_2026_Fiber_Optic_Cable_Map_WFL1/FeatureServer/20,f17d9328d66b4f8381daf4852a1563f2,
1,,City of Menifee,public,arcgis org,existing,Prospective Fiber Routes,khaessly_com,Routes,9,https://services.arcgis.com/RjTKod25O4b8SbZx/arcgis/rest/services/Prospective_Fiber_Routes/FeatureServer/1,c44a42df7d854694860f83ff7fc3f855,
1,,Clayton County GIS,public,arcgis org,existing,Traffic Network (View-Only),Robert.Zimmerman@claytoncountyga.gov_CCCD_GIS,Empty Conduit,9,https://services5.arcgis.com/m528W8U8YDYeMPrQ/arcgis/rest/services/Traffic_Network_view/FeatureServer/52,9b4590645f2e48a4a2631ac1612f2d93,
1,,City of Aspen GIS AGOL,public,arcgis org,planned,Proposed Fiber Network,CityofAspenGIS,Conduit Proposed,9,https://services3.arcgis.com/5FkYBrhNzpVtlA6F/arcgis/rest/services/Proposed_Fiber_Network/FeatureServer/4,b99171fed2014365b26b6c4848a6dc7c,
1,,Port of Galveston,public,arcgis org,existing,CommunicationsSystem,JwillisPOG,Wire Duct Bank,9,https://services1.arcgis.com/RcfrTSKiiG2fgqIh/arcgis/rest/services/CommunicationsSystem_ade93ccc08074d62a04a4cb228457389/FeatureServer/905102,1c746d5d2dd74985befb4a0709289e00,
1,,ArcGIS Online for Skagit County,public,arcgis org,existing,FiberWebMapAGOL,rvaughan_SkagitCounty,2010 Segment,8,https://services1.arcgis.com/ipyDbwUQfysOAPQq/arcgis/rest/services/FiberWebMapAGOL/FeatureServer/7,63c67556a5594b65b86e4d5a3644ea93,
1,,"Harnett County, NC",public,owner username (hand-checked),planned,Fiber Planning,gisadmin_harnett,FiberLinesIT,8,https://services6.arcgis.com/JUqSVFZXra1AhP6M/arcgis/rest/services/Fiber_Planning/FeatureServer/1,a8b2586459c04f049f1561eb1adaf020,
1,,SturgeonBayUtilities,public,owner username,existing,Sturgeon Bay Utilities - Facilities for TDS Fiber (2026-08-07),SturgeonBayUtilities,Lateral,8,https://services5.arcgis.com/06G6KiiN2DzsdV2c/arcgis/rest/services/Sturgeon_Bay_Utilities_-_Facilities_for_TDS_Fiber_(2026-08-07)/FeatureServer/34,08798f02ff174b1bbc1c4b5cfb9bbc93,
1,,City of Centennial - ArcGIS Online,public,arcgis org,existing,Fiber_March2016,CentennialGIS,Publishing_Data.DBO.LPS_backboneconduitandfiberbuild,8,https://services2.arcgis.com/qzGaVFGfQxn25AYB/arcgis/rest/services/Fiber_March2016/FeatureServer/19,dc51724abb714cdf8b3beaa7628cb971,
1,,City of Federal Way AGOL,public,arcgis org,existing,CityFiber_WebUpload_R3,s_curry,Conduit,8,https://services7.arcgis.com/nNFRPD700OKIXF3J/arcgis/rest/services/CityFiber_WebUpload_R3/FeatureServer/5,23f521b923384d789abd5530ffb3ae1c,
1,,City of South San Francisco,public,arcgis org,existing,DigOnce,jhanderson,SSF Fiber,8,https://services5.arcgis.com/inY93B27l4TSbT7h/arcgis/rest/services/DigOnce/FeatureServer/2,8ee743f95b29455588c294ea4a51a28c,
1,,Florida DOT District 7 (Westshore Interchange project),public,public agency project account (hand-checked),existing,FDOT D7 Westshore surveyed utilities: Intermedia,,UTEXRD_INTERMEDIA_20240701,8,https://services9.arcgis.com/ssjvmF1sZLRQUcYv/arcgis/rest/services/UTEXRD_INTERMEDIA_20240701/FeatureServer/203,,infrapedia lead
1,,LA County Sanitation Districts,public,item credits (hand-checked),existing,UndergroundUtilities,nathanheick@lacsd.org,Communication Lines,7,https://services6.arcgis.com/mfr5GsRh8UYwsJgO/arcgis/rest/services/UndergroundUtilities/FeatureServer/17,bccf8a3426e94a1dbd2c4ac5ab523b8e,
1,,ArcGIS Online for Skagit County,public,arcgis org,existing,FiberWebMapAGOL,rvaughan_SkagitCounty,1996 Segment,7,https://services1.arcgis.com/ipyDbwUQfysOAPQq/arcgis/rest/services/FiberWebMapAGOL/FeatureServer/19,63c67556a5594b65b86e4d5a3644ea93,
1,,City and County of San Francisco,public,arcgis org,existing,05_26_2026_Fiber Optic Cable Map_WFL1,nick.webster_sfdt,864ct_UG,7,https://services.arcgis.com/Zs2aNLFN00jrS4gG/arcgis/rest/services/05_26_2026_Fiber_Optic_Cable_Map_WFL1/FeatureServer/3,f17d9328d66b4f8381daf4852a1563f2,
1,,City of Centennial - ArcGIS Online,public,arcgis org,existing,IKEA Fiber Area,apowers@centennialco.gov_Centennial,Conduit Route ,7,https://services2.arcgis.com/qzGaVFGfQxn25AYB/arcgis/rest/services/IKEA_Fiber_Area/FeatureServer/1,2d0f4dc6d7214fcf9589a764f4867820,
1,,County of Los Angeles,public,arcgis org,existing,L.A. County Fiber Lines,nfranchino@planning.lacounty.gov_lacounty,fiber_lines,7,https://services.arcgis.com/RmCCgQtiZLDCtblq/arcgis/rest/services/fiber_lines/FeatureServer/0,0d741021de7740789c0fe8d3adb3f8a8,
1,,City of Redding GIS,public,arcgis org,existing,FiberRFP,skincaid,FiberLine,7,https://services2.arcgis.com/3cLBYFivUvlzVu0H/arcgis/rest/services/FiberRFP/FeatureServer/1,d5f78207a39b4698b92a09db703959f4,
1,,City of Centennial - ArcGIS Online,public,arcgis org,existing,Fiber_March2016,CentennialGIS,Publishing_Data.DBO.southmetro_newfiber_existingconduit,7,https://services2.arcgis.com/qzGaVFGfQxn25AYB/arcgis/rest/services/Fiber_March2016/FeatureServer/9,dc51724abb714cdf8b3beaa7628cb971,
1,,City of Centennial - ArcGIS Online,public,arcgis org,existing,Fiber_March2016,CentennialGIS,Publishing_Data.DBO.southmetro_lateralconduit_fiberbuildout,7,https://services2.arcgis.com/qzGaVFGfQxn25AYB/arcgis/rest/services/Fiber_March2016/FeatureServer/22,dc51724abb714cdf8b3beaa7628cb971,
1,,Mohave County Arizona GIS,public,arcgis org,existing,Fiber Cable Runs,teeben70,Fiber Cable Runs,7,https://services7.arcgis.com/lmLFfg1NId9XINIK/arcgis/rest/services/Fiber_Cable_Runs/FeatureServer/0,3428ad8707494823a8e86c3d23d51cc0,
1,,ArcGIS Online for Skagit County,public,arcgis org,existing,FiberWebMapAGOL,rvaughan_SkagitCounty,2004 Segment,6,https://services1.arcgis.com/ipyDbwUQfysOAPQq/arcgis/rest/services/FiberWebMapAGOL/FeatureServer/14,63c67556a5594b65b86e4d5a3644ea93,
1,,"City of Tomball, TX",public,owner username (hand-checked),existing,Fiber Optic Public View,jsalgado_tomball,Fiber Optic,6,https://services2.arcgis.com/Q162lMMZLeb8KwDU/arcgis/rest/services/Fiber_Optic_Public_View/FeatureServer/0,e6890f4e204543c2a21e7390070e311a,
1,,City of Amarillo,public,arcgis org,existing,COAFiberOptic,City_of_Amarillo,Live Phone Cable,6,https://services6.arcgis.com/Vdk8uHgdgYx8ZqS6/arcgis/rest/services/COAFiberOptic/FeatureServer/1,0ede31450ad94e85a1194f91e5ebe265,
1,,City of Amarillo,public,arcgis org,existing,COAFiberOptic,City_of_Amarillo,Abandoned Phone Cable,6,https://services6.arcgis.com/Vdk8uHgdgYx8ZqS6/arcgis/rest/services/COAFiberOptic/FeatureServer/4,0ede31450ad94e85a1194f91e5ebe265,
1,,City of Amarillo,public,arcgis org,existing,City Fiber Telecommunications,City_of_Amarillo,Phone,6,https://services6.arcgis.com/Vdk8uHgdgYx8ZqS6/arcgis/rest/services/City_Fiber_Telecommunications/FeatureServer/1,c802490df2734d22ae2648b4c27f0120,
1,,Atlanta Department of Transportation and Public Works,public,arcgis org,existing,Atlanta Beltline Fiber Route,dpwdata_atl,Atlanta Beltline Fiber Route,6,https://services2.arcgis.com/zLeajbicrDRLQcny/arcgis/rest/services/Atlanta_Beltline_Fiber_Route/FeatureServer/0,d8d8523758f04a18aac18ce383d62df2,
1,,"Alex Harnocz, AICP
(City of Lakewood - City Planner)",public,item credits,existing,Everstream Fiber Network,josh_conrad,Everstream,6,https://services5.arcgis.com/tH1j0ErvAo6IVI7r/arcgis/rest/services/Everstream/FeatureServer/0,b8c6045d06854b9e856b91798bddb430,
1,,City of Oakland GIS,public,arcgis org,planned,Proposed Fiber Network,ealvarez_oakgis,Oakland Connect Proposed Fiber,6,https://services.arcgis.com/9tC74aDHuml0x5Yz/arcgis/rest/services/Proposed_Fiber_Network/FeatureServer/0,df553e2d045642f5b06e5e6c6a0d69ab,
1,,"County of Franklin, VA",public,arcgis org,existing,County Fiber,FC.GIS,County_Fiber,6,https://services9.arcgis.com/AzdpqVmJ5GjGWCoI/arcgis/rest/services/County_Fiber/FeatureServer/0,84480cf84a9b4b9da346af0db58d51c0,
1,,City of Federal Way AGOL,public,arcgis org,existing,CityFiber_WebUpload_R2,s_curry,Conduit,6,https://services7.arcgis.com/nNFRPD700OKIXF3J/arcgis/rest/services/CityFiber_WebUpload_R2/FeatureServer/5,a550048389b54368917528a56aaa9b63,
1,,"Franklin County VA GIS, 2021",public,item credits,existing,IT Facilities,FC.GIS,Fiber Lines - County,6,https://gis.franklincountyva.gov/arcgis/rest/services/InternalServices/IT_Facilities/MapServer/5,2e0456bdcd894671b08ff2cf2bb4f835,
1,,"Rock County, Wisconsin Location Information Online",public,arcgis org,existing,Broadband Fiber,RockCountyGIS,Broadband_Fiber,6,https://services3.arcgis.com/iP3EkckmBHOMrtt5/arcgis/rest/services/Broadband_Fiber/FeatureServer/0,d8cda2f14bea44fea1d0dbbeabea24c9,
1,,"City of Lewisville, Texas",public,arcgis org,existing,Fiber Optics View,nlibassi@cityoflewisville.com_Lewisville,DentonCountyFiberCityRing,5,https://services2.arcgis.com/kXGqZY4GIOcEYxoF/arcgis/rest/services/Fiber_Optics_View/FeatureServer/9,db303eb3a2134a6fa4c797d6e888fcf5,
1,,ArcGIS Online for Skagit County,public,arcgis org,existing,FiberWebMapAGOL,rvaughan_SkagitCounty,2015 Segment,5,https://services1.arcgis.com/ipyDbwUQfysOAPQq/arcgis/rest/services/FiberWebMapAGOL/FeatureServer/2,63c67556a5594b65b86e4d5a3644ea93,
1,,Village of Westmont GIS,public,arcgis org,existing,Fiber Optic (view),westmontgis,FiberOptic,5,https://services5.arcgis.com/XWUAZV69Zk3cPZHa/arcgis/rest/services/Fiber_Optic_(view)/FeatureServer/0,5074cfa013404ca6bf03c5a69cc36ed5,
1,,Region 4 Planning and Development Council,public,arcgis org,planned,Nicholas ReConnect Proposed Buried Fiber Routes,Region4,ProposedFiberR_Updated_Prop_Buried_Fiber,5,https://services8.arcgis.com/aPNo3KjV6fgrbzfN/arcgis/rest/services/Nicholas_ReConnect_Proposed_Buried_Fiber_Routes/FeatureServer/44,b927b3aba51f42e19d0976720f8f3269,
1,,City of Centennial - ArcGIS Online,public,arcgis org,existing,Fiber Line Backbone VIEW,CentennialGIS,Fiber,5,https://services2.arcgis.com/qzGaVFGfQxn25AYB/arcgis/rest/services/Fiber_Line_Backbone_VIEW/FeatureServer/0,2077da867ffe4e2bb2882ce70e8b5654,
1,,Tennessee Valley Authority,public,arcgis org,existing,Fiberon Transmission Lines,TVA-GIS,FiberonTransmission_Lines,5,https://services.arcgis.com/w8auYAijfGK1Mydj/arcgis/rest/services/FiberonTransmission_Lines/FeatureServer/0,fcb2a9bb5e9e43879e44f83fad378ce3,
1,,Mohawk Council of Kahnawà:ke,public,arcgis org,existing,Fiber_Cable_Information,BradfordDean,Fiber_Cable_Information,5,https://services8.arcgis.com/0EarEyaTySs7q51C/arcgis/rest/services/Fiber_Cable_Information/FeatureServer/1,120367c6ea244ed58515fed74844b95d,
1,,"City of Cedar Hill, TX",public,arcgis org,planned,Fiber_Optic_Lines,CCH_AGOL_Manager,GISDATA.GISOWNER.Proposed_CHISD_FiberOpticLines,4,https://services2.arcgis.com/c4jK8v4C9UDiTgJU/arcgis/rest/services/Fiber_Optic_Lines/FeatureServer/0,f3e4aa1a076e463ab2a4e04af32a7299,
1,,ArcGIS Online for Skagit County,public,arcgis org,existing,FiberWebMapAGOL,rvaughan_SkagitCounty,2013 Segment,4,https://services1.arcgis.com/ipyDbwUQfysOAPQq/arcgis/rest/services/FiberWebMapAGOL/FeatureServer/4,63c67556a5594b65b86e4d5a3644ea93,
1,,City and Borough of Sitka,public,arcgis org,existing,Fiber Optic Line,joshua.houston.cityofsitka,Fiber Line,4,https://services7.arcgis.com/EozEvrS4g3SEhtG3/arcgis/rest/services/Fiber_Optic_Line/FeatureServer/6,01749076e40645168089580f57b11507,
1,,City and County of San Francisco,public,arcgis org,existing,05_26_2026_Fiber Optic Cable Map_WFL1,nick.webster_sfdt,72ct_OH,4,https://services.arcgis.com/Zs2aNLFN00jrS4gG/arcgis/rest/services/05_26_2026_Fiber_Optic_Cable_Map_WFL1/FeatureServer/15,f17d9328d66b4f8381daf4852a1563f2,
1,,"City of Fayetteville, AR",public,item credits,planned,Other Utilities,FayettevilleAR,Proposed Fiber Cable,4,https://maps.fayetteville-ar.gov/server/rest/services/Other_Utilities/MapServer/4,d7c1603f410c4ba6a096fe8fe12d12e2,
1,,City of Jackson GIS,public,arcgis org,existing,JPS Lit Community COJ Fiber 2021_WFL1,mmaberry,Export_InLine_Aerial_Fiber,4,https://services2.arcgis.com/n0wqzAPJddc1vROD/arcgis/rest/services/JPS_Lit_Community_COJ_Fiber_2021_WFL1/FeatureServer/7,f722349f8a5d40c9a39a26ae03c75e19,
1,,Region 4 Planning and Development Council,public,arcgis org,planned,NCC ReConnect Proposed Buried Fiber Routes,Region4,ProposedFiberR_Prop_Buried_Fiber,4,https://services8.arcgis.com/aPNo3KjV6fgrbzfN/arcgis/rest/services/NCC_ReConnect_Proposed_Buried_Fiber_Routes/FeatureServer/2,34bc5428d4b348c696d6a7cd0858a962,
1,,Arizona State University- Admin Usage,public,arcgis org,existing,Fiber_Routes,dblaisde_asuadmin,Fiber_Routes,4,https://services5.arcgis.com/aYs2RC3pluEvAuE3/arcgis/rest/services/Fiber_Routes/FeatureServer/0,e1d2e8a44b87492cb34fd05aa65f2dff,
1,,City of Centennial - ArcGIS Online,public,arcgis org,existing,FiberLinesMap,CentennialGIS,Fiber,4,https://services2.arcgis.com/qzGaVFGfQxn25AYB/arcgis/rest/services/FiberLinesMap/FeatureServer/0,e556490b28ce4cbaafec7f16a685144e,
1,,City of Centennial - ArcGIS Online,public,arcgis org,existing,Fiber_March2016,CentennialGIS,Publishing_Data.DBO.LPS_newfiberinexistingconduit,4,https://services2.arcgis.com/qzGaVFGfQxn25AYB/arcgis/rest/services/Fiber_March2016/FeatureServer/7,dc51724abb714cdf8b3beaa7628cb971,
1,,City of Centennial - ArcGIS Online,public,arcgis org,existing,Fiber_March2016,CentennialGIS,Publishing_Data.DBO.LPS_newfiberinexistingconduit_1,4,https://services2.arcgis.com/qzGaVFGfQxn25AYB/arcgis/rest/services/Fiber_March2016/FeatureServer/15,dc51724abb714cdf8b3beaa7628cb971,
1,,City of Centennial - ArcGIS Online,public,arcgis org,existing,Fiber_March2016,CentennialGIS,Publishing_Data.DBO.southmetro_backboneconduitfiber,4,https://services2.arcgis.com/qzGaVFGfQxn25AYB/arcgis/rest/services/Fiber_March2016/FeatureServer/18,dc51724abb714cdf8b3beaa7628cb971,
1,,City of Centennial - ArcGIS Online,public,arcgis org,existing,Fiber_March2016,CentennialGIS,Publishing_Data.DBO.dc_connectivity_newconduit_fiberbuild,4,https://services2.arcgis.com/qzGaVFGfQxn25AYB/arcgis/rest/services/Fiber_March2016/FeatureServer/23,dc51724abb714cdf8b3beaa7628cb971,
1,,City of South San Francisco,public,arcgis org,existing,DigOnce,jhanderson,Dig Once Paving No Fiber No SIC,4,https://services5.arcgis.com/inY93B27l4TSbT7h/arcgis/rest/services/DigOnce/FeatureServer/0,8ee743f95b29455588c294ea4a51a28c,
1,,City of South San Francisco,public,arcgis org,planned,digonceoupdate_service,jhanderson,PotentialFutureIIGRoutes,4,https://services5.arcgis.com/inY93B27l4TSbT7h/arcgis/rest/services/digonceoupdate_service/FeatureServer/1,db65463b73af4f028fb2f7904dd03021,
1,,Spokane Regional Transportation Council,public,arcgis org,existing,Regional ITS Infrastructure _April 2024__WFL1,bkloskey,Fiber Lines,4,https://services1.arcgis.com/Ub7Rr4y0UspW2NcJ/arcgis/rest/services/Regional_ITS_Infrastructure__April_2024__WFL1/FeatureServer/18,44713fbb48b94fa59d31a84481076239,
1,,ArcGIS Online for Skagit County,public,arcgis org,existing,FiberWebMapAGOL,rvaughan_SkagitCounty,2014 Segment,3,https://services1.arcgis.com/ipyDbwUQfysOAPQq/arcgis/rest/services/FiberWebMapAGOL/FeatureServer/3,63c67556a5594b65b86e4d5a3644ea93,
1,,Cheyenne and Laramie County GIS Cooperative,public,arcgis org,existing,Archer Fiber Infrastructure_WFL1,JordanEvans1,Fiber Paths,3,https://services1.arcgis.com/e5t4ywWgRBNUuDeU/arcgis/rest/services/Archer_Fiber_Infrastructure_WFL1/FeatureServer/4,1a7038d678fd4219ba21779a425cf631,
1,,Colorado DOT,public,arcgis org (hand-checked),existing,CDOT Fiber Optic Infrastructure,ColoradoDOT_GIS,CDOT Fiber Optic Infrastructure,3,https://services.arcgis.com/yzB9WM8W0BO3Ql7d/arcgis/rest/services/CDOT_Fiber_Optic_Infrastructure/FeatureServer/0,7d183c36da6846e1b338312f53f22206,
1,,City and County of San Francisco,public,arcgis org,existing,05_26_2026_Fiber Optic Cable Map_WFL1,nick.webster_sfdt,1728ct_UG,3,https://services.arcgis.com/Zs2aNLFN00jrS4gG/arcgis/rest/services/05_26_2026_Fiber_Optic_Cable_Map_WFL1/FeatureServer/1,f17d9328d66b4f8381daf4852a1563f2,
1,,City and County of San Francisco,public,arcgis org,existing,05_26_2026_Fiber Optic Cable Map_WFL1,nick.webster_sfdt,1152ct_UG,3,https://services.arcgis.com/Zs2aNLFN00jrS4gG/arcgis/rest/services/05_26_2026_Fiber_Optic_Cable_Map_WFL1/FeatureServer/2,f17d9328d66b4f8381daf4852a1563f2,
1,,TownOfMonoGIS,public,owner username,existing,FibreOpticLines,TownOfMonoGIS,FibreOpticLines,3,https://services.arcgis.com/fMgMrqmxVK4frPSR/arcgis/rest/services/FibreOpticLines/FeatureServer/0,66d84208832f4323b07548605950a915,
1,,County of Summit GIS,public,arcgis org,existing,Fiber Ring Map _ 8_03_2023_WFL1,Summit_Admin,Fiber Route PSAP,3,https://services3.arcgis.com/3Ukh5HzAdI6WZ3KP/arcgis/rest/services/Fiber_Ring_Map___8_03_2023_WFL1/FeatureServer/5,64f11fe67c014666b764e4dc7ea1479a,
1,,County of Summit GIS,public,arcgis org,existing,Fiber Ring Map _ 8_03_2023_WFL1,Summit_Admin,TWINSBURG_TWP,3,https://services3.arcgis.com/3Ukh5HzAdI6WZ3KP/arcgis/rest/services/Fiber_Ring_Map___8_03_2023_WFL1/FeatureServer/37,64f11fe67c014666b764e4dc7ea1479a,
1,,City of Glendale Arizona,public,arcgis org,existing,Fiber_Pegasus,JPollack@GLENDALEAZ.COM_COG_GIS,Line layer,3,https://services1.arcgis.com/9fVTQQSiODPjLUTa/arcgis/rest/services/Fiber_Pegasus/FeatureServer/1,97159cee460c44eab97b582ca48003dc,
1,,City of Centennial - ArcGIS Online,public,arcgis org,existing,Fiber_March2016,CentennialGIS,Publishing_Data.DBO.arapahoe_county_newfiber_existingconduit,3,https://services2.arcgis.com/qzGaVFGfQxn25AYB/arcgis/rest/services/Fiber_March2016/FeatureServer/8,dc51724abb714cdf8b3beaa7628cb971,
1,,City of Centennial - ArcGIS Online,public,arcgis org,existing,Fiber_March2016,CentennialGIS,Publishing_Data.DBO.arapahoe_county_backbone_conduitfiber,3,https://services2.arcgis.com/qzGaVFGfQxn25AYB/arcgis/rest/services/Fiber_March2016/FeatureServer/11,dc51724abb714cdf8b3beaa7628cb971,
1,,City of Centennial - ArcGIS Online,public,arcgis org,existing,Fiber_March2016,CentennialGIS,Publishing_Data.DBO.cunn_lateralconduit_fiberbuildout,3,https://services2.arcgis.com/qzGaVFGfQxn25AYB/arcgis/rest/services/Fiber_March2016/FeatureServer/17,dc51724abb714cdf8b3beaa7628cb971,
1,,Walton County Geographical Information Systems (GIS),public,arcgis org,existing,BroabandFiber,WCGIS66,Dark Fiber,3,https://services1.arcgis.com/TaXHPwWfIMuzJ7Ov/arcgis/rest/services/BroabandFiber/FeatureServer/0,f0e6b853af414c99b4adbe1d705d02ff,
1,,City of Santa Fe,public,arcgis org,existing,Railyard Fiber To The Premises,Jay.puckett_wsp5,Railyard_FTTP,2,https://services7.arcgis.com/p0Gk2nDbPs7KEqSZ/arcgis/rest/services/Railyard_FTTP_1/FeatureServer/0,a011050861de47d3a26a391a8a9c4af4,
1,,Mohawk Council of Kahnawà:ke,public,arcgis org,existing,ZerodB Project 2026016 CCS_01U,Jamesserendip,CCS-01U cables,2,https://services8.arcgis.com/0EarEyaTySs7q51C/arcgis/rest/services/ZerodB_Project_2026016_CCS_01U/FeatureServer/3,8338be7fcb904e9486168b2cdce1825b,
1,,Bay County GIS,public,arcgis org,existing,FDOT_Fiber,BayCounty_GISadmin,FDOT_Fiber,2,https://services1.arcgis.com/QB0VWfqR9MD4lF0F/arcgis/rest/services/FDOT_Fiber/FeatureServer/0,fe9638b077824ea2b9399213058cb008,
1,,City and County of San Francisco,public,arcgis org,existing,05_26_2026_Fiber Optic Cable Map_WFL1,nick.webster_sfdt,312ct_OH,2,https://services.arcgis.com/Zs2aNLFN00jrS4gG/arcgis/rest/services/05_26_2026_Fiber_Optic_Cable_Map_WFL1/FeatureServer/5,f17d9328d66b4f8381daf4852a1563f2,
1,,City and County of San Francisco,public,arcgis org,existing,05_26_2026_Fiber Optic Cable Map_WFL1,nick.webster_sfdt,288ct_OH,2,https://services.arcgis.com/Zs2aNLFN00jrS4gG/arcgis/rest/services/05_26_2026_Fiber_Optic_Cable_Map_WFL1/FeatureServer/7,f17d9328d66b4f8381daf4852a1563f2,
1,,City of Jackson GIS,public,arcgis org,existing,FIBER MAP UPDATE NEW FIBER ROUTES JULY 2021_WFL1,mmaberry,FS 10 to 105 West Mayes St,2,https://services2.arcgis.com/n0wqzAPJddc1vROD/arcgis/rest/services/FIBER_MAP_UPDATE_NEW_FIBER_ROUTES_JULY_2021_WFL1/FeatureServer/6,05ea5b184b244873ac64bde6e1943d61,
1,,City of Jackson GIS,public,arcgis org,existing,FIBER MAP UPDATE NEW FIBER ROUTES JULY 2021_WFL1,mmaberry,FS 20 CONNECTION FIBER RUN,2,https://services2.arcgis.com/n0wqzAPJddc1vROD/arcgis/rest/services/FIBER_MAP_UPDATE_NEW_FIBER_ROUTES_JULY_2021_WFL1/FeatureServer/9,05ea5b184b244873ac64bde6e1943d61,
1,,City of Jackson GIS,public,arcgis org,existing,FIBER MAP UPDATE NEW FIBER ROUTES JULY 2021_WFL1,mmaberry,Fiber Route FS 10 to TL Love Center,2,https://services2.arcgis.com/n0wqzAPJddc1vROD/arcgis/rest/services/FIBER_MAP_UPDATE_NEW_FIBER_ROUTES_JULY_2021_WFL1/FeatureServer/10,05ea5b184b244873ac64bde6e1943d61,
1,,City of Jackson GIS,public,arcgis org,existing,FIBER MAP UPDATE NEW FIBER ROUTES JULY 2021_WFL1,mmaberry,Bore Paths PTC TO Tower,2,https://services2.arcgis.com/n0wqzAPJddc1vROD/arcgis/rest/services/FIBER_MAP_UPDATE_NEW_FIBER_ROUTES_JULY_2021_WFL1/FeatureServer/16,05ea5b184b244873ac64bde6e1943d61,
1,,City of Jackson GIS,public,arcgis org,existing,FIBER MAP UPDATE NEW FIBER ROUTES JULY 2021_WFL1,mmaberry,COJ ImpoundLotFiber,2,https://services2.arcgis.com/n0wqzAPJddc1vROD/arcgis/rest/services/FIBER_MAP_UPDATE_NEW_FIBER_ROUTES_JULY_2021_WFL1/FeatureServer/17,05ea5b184b244873ac64bde6e1943d61,
1,,City of Jackson GIS,public,arcgis org,existing,FIBER MAP UPDATE NEW FIBER ROUTES JULY 2021_WFL1,mmaberry,CooperRdTower_2PCT1,2,https://services2.arcgis.com/n0wqzAPJddc1vROD/arcgis/rest/services/FIBER_MAP_UPDATE_NEW_FIBER_ROUTES_JULY_2021_WFL1/FeatureServer/25,05ea5b184b244873ac64bde6e1943d61,
1,,"Office of Science, Innovation and Technology",public,arcgis org,existing,US_93 Route,kucinski.gis@gmail.com,US-93 Route,2,https://services8.arcgis.com/6zoy8FhqGf9FaeLx/arcgis/rest/services/US_93_Route/FeatureServer/86,1656a5df104f4671a18588bca3699fcb,
1,,City of Oakland GIS,public,arcgis org,planned,Proposed Fiber Network,ealvarez_oakgis,Oakland Connect Middle Mile,2,https://services.arcgis.com/9tC74aDHuml0x5Yz/arcgis/rest/services/Proposed_Fiber_Network/FeatureServer/4,df553e2d045642f5b06e5e6c6a0d69ab,
1,,"City of Newport, RI",public,arcgis org,existing,Fiber Online Map_WFL1,mcrittenden@newportri,OSHEAN Fiber,2,https://services2.arcgis.com/URasD5e1uL7MfVOn/arcgis/rest/services/Fiber_Online_Map_WFL1/FeatureServer/5,0e8c1643117f4e94b3dbd5a8b3b9ed1e,
1,,COM_Admin_Broadband,carrier,owner username,existing,Rhode Island Network Overview,COM_Admin_Broadband,Middle Mile Fiber Network,2,https://services6.arcgis.com/70X0jB6UtsfE8L2y/arcgis/rest/services/Rhode_Island_Network_Overview/FeatureServer/4,e37e4510fb354152a970343939f8368d,
1,,"Craven County, NC",public,owner username (hand-checked),existing,Dan Fiber Notes,bmarquard_CravenGIS,Line layer,2,https://services8.arcgis.com/W3WmI8CWeKpaagET/arcgis/rest/services/Dan_Fiber_Notes/FeatureServer/1,9a9ad1a1d07f465f984f5a3d40d633af,
1,,gerald.sneary@shreveportla.gov,public,owner username,existing,Caddo Fiber Lines,gerald.sneary@shreveportla.gov,Caddo Fiber Lines,2,https://services3.arcgis.com/cEsSI6IR59h5UGE4/arcgis/rest/services/Caddo_Fiber_Lines/FeatureServer/0,089d7d50e9b4457ead01b2de9780bf04,
1,,City of Centennial - ArcGIS Online,public,arcgis org,existing,Fiber_March2016,CentennialGIS,Publishing_Data.DBO.cunn_newfiber_existingconduit,2,https://services2.arcgis.com/qzGaVFGfQxn25AYB/arcgis/rest/services/Fiber_March2016/FeatureServer/12,dc51724abb714cdf8b3beaa7628cb971,
1,,City of Centennial - ArcGIS Online,public,arcgis org,existing,Fiber_March2016,CentennialGIS,Publishing_Data.DBO.unusable_assets,2,https://services2.arcgis.com/qzGaVFGfQxn25AYB/arcgis/rest/services/Fiber_March2016/FeatureServer/16,dc51724abb714cdf8b3beaa7628cb971,
1,,City of Round Rock,public,arcgis org,existing,Fiber Conduit,roundrockgis,Fiber Conduit,1,https://services.arcgis.com/KaARkuoKF9vrGr3P/arcgis/rest/services/Fiber_Conduit_View/FeatureServer/0,0626473a85394bb89abd559f09421485,
1,,ArcGIS Online for Skagit County,public,arcgis org,existing,FiberWebMapAGOL,rvaughan_SkagitCounty,2007 Segment,1,https://services1.arcgis.com/ipyDbwUQfysOAPQq/arcgis/rest/services/FiberWebMapAGOL/FeatureServer/11,63c67556a5594b65b86e4d5a3644ea93,
1,,ArcGIS Online for Skagit County,public,arcgis org,existing,FiberWebMapAGOL,rvaughan_SkagitCounty,2006 Segment,1,https://services1.arcgis.com/ipyDbwUQfysOAPQq/arcgis/rest/services/FiberWebMapAGOL/FeatureServer/12,63c67556a5594b65b86e4d5a3644ea93,
1,,"Renville County, MN, Minnesota Geospatial Information Office",public,item credits,existing,Countywide Utilities,RenvilleCounty,Fiber Cable,1,https://gis.renvillecountymn.gov/arcgis/rest/services/CountywideUtilities/FeatureServer/5,57c70d59fdcb4ee6bc505e677134e2ff,
1,,Cheyenne and Laramie County GIS Cooperative,public,arcgis org,existing,Archer Fiber Infrastructure_WFL1,JordanEvans1,Public Works Scata Fiber,1,https://services1.arcgis.com/e5t4ywWgRBNUuDeU/arcgis/rest/services/Archer_Fiber_Infrastructure_WFL1/FeatureServer/3,1a7038d678fd4219ba21779a425cf631,
1,,City of Amarillo,public,arcgis org,existing,COAFiberOptic,City_of_Amarillo,Potter County Fiber,1,https://services6.arcgis.com/Vdk8uHgdgYx8ZqS6/arcgis/rest/services/COAFiberOptic/FeatureServer/6,0ede31450ad94e85a1194f91e5ebe265,
1,,City and County of San Francisco,public,arcgis org,existing,05_26_2026_Fiber Optic Cable Map_WFL1,nick.webster_sfdt,144ct_OH,1,https://services.arcgis.com/Zs2aNLFN00jrS4gG/arcgis/rest/services/05_26_2026_Fiber_Optic_Cable_Map_WFL1/FeatureServer/11,f17d9328d66b4f8381daf4852a1563f2,
1,,"City of Monterey Park, CA",public,arcgis org (hand-checked),existing,Arcadian Fiber Optic Project,rmaruya_MontereyPark,Arcadian Fiber Optic Project,1,https://services9.arcgis.com/ivAMP6vRMPA12GAA/arcgis/rest/services/Arcadian_Fiber_Optic_Project/FeatureServer/0,7c52b4790b0e4546b3f4c725af793111,
1,,"DeKalb County, IN area GIS",public,arcgis org (hand-checked),existing,FiberOpticLine,Waterloo_RitterGIS,FiberOpticLine,1,https://services5.arcgis.com/PaWckjuEwz6CBkgU/arcgis/rest/services/FiberOpticLine/FeatureServer/0,8c5e4aa501fb4469bda261aded5beaf5,
1,,University of Arizona GIS,public,arcgis org,existing,Rb test,ekyle_uagis,COMMUNICATION,1,https://services1.arcgis.com/Ezk9fcjSUkeadg6u/arcgis/rest/services/Rb_test/FeatureServer/18,0b0f631f9aa44162b37b7b1a2a2ea7ad,
1,,Los Angeles County Metro,public,arcgis org,existing,Electrical and Communications,RoaA@metro.net_LAMetro,Existing Fiber (Caltrans),1,https://services8.arcgis.com/TNoJFjk1LsD45Juj/arcgis/rest/services/Electrical_and_Communications/FeatureServer/5,78ca37cf58d340b590d0d4253a0d71ea,
1,,Los Angeles County Metro,public,arcgis org,existing,Electrical and Communications,RoaA@metro.net_LAMetro,New_Fiber_Optic_Conduit_and__Cable_Metro,1,https://services8.arcgis.com/TNoJFjk1LsD45Juj/arcgis/rest/services/Electrical_and_Communications/FeatureServer/6,78ca37cf58d340b590d0d4253a0d71ea,
1,,City of Jackson GIS,public,arcgis org,existing,FIBER MAP UPDATE NEW FIBER ROUTES JULY 2021_WFL1,mmaberry,FS 26 - Vergie P Middleton Community Center  Fiber Route,1,https://services2.arcgis.com/n0wqzAPJddc1vROD/arcgis/rest/services/FIBER_MAP_UPDATE_NEW_FIBER_ROUTES_JULY_2021_WFL1/FeatureServer/7,05ea5b184b244873ac64bde6e1943d61,
1,,City of Jackson GIS,public,arcgis org,existing,FIBER MAP UPDATE NEW FIBER ROUTES JULY 2021_WFL1,mmaberry,FS14_2_HattieTower,1,https://services2.arcgis.com/n0wqzAPJddc1vROD/arcgis/rest/services/FIBER_MAP_UPDATE_NEW_FIBER_ROUTES_JULY_2021_WFL1/FeatureServer/11,05ea5b184b244873ac64bde6e1943d61,
1,,City of Jackson GIS,public,arcgis org,existing,FIBER MAP UPDATE NEW FIBER ROUTES JULY 2021_WFL1,mmaberry,FS11_to_Tower,1,https://services2.arcgis.com/n0wqzAPJddc1vROD/arcgis/rest/services/FIBER_MAP_UPDATE_NEW_FIBER_ROUTES_JULY_2021_WFL1/FeatureServer/13,05ea5b184b244873ac64bde6e1943d61,
1,,City of Jackson GIS,public,arcgis org,existing,FIBER MAP UPDATE NEW FIBER ROUTES JULY 2021_WFL1,mmaberry,Oakmont2HattiesburbTower,1,https://services2.arcgis.com/n0wqzAPJddc1vROD/arcgis/rest/services/FIBER_MAP_UPDATE_NEW_FIBER_ROUTES_JULY_2021_WFL1/FeatureServer/14,05ea5b184b244873ac64bde6e1943d61,
1,,City of Jackson GIS,public,arcgis org,existing,FIBER MAP UPDATE NEW FIBER ROUTES JULY 2021_WFL1,mmaberry,BorePathFS12toTower,1,https://services2.arcgis.com/n0wqzAPJddc1vROD/arcgis/rest/services/FIBER_MAP_UPDATE_NEW_FIBER_ROUTES_JULY_2021_WFL1/FeatureServer/15,05ea5b184b244873ac64bde6e1943d61,
1,,City of Jackson GIS,public,arcgis org,existing,FIBER MAP UPDATE NEW FIBER ROUTES JULY 2021_WFL1,mmaberry,ECenter_FS23Route,1,https://services2.arcgis.com/n0wqzAPJddc1vROD/arcgis/rest/services/FIBER_MAP_UPDATE_NEW_FIBER_ROUTES_JULY_2021_WFL1/FeatureServer/18,05ea5b184b244873ac64bde6e1943d61,
1,,City of Jackson GIS,public,arcgis org,existing,FIBER MAP UPDATE NEW FIBER ROUTES JULY 2021_WFL1,mmaberry,Route FS 10 TO 810 Lerida ct,1,https://services2.arcgis.com/n0wqzAPJddc1vROD/arcgis/rest/services/FIBER_MAP_UPDATE_NEW_FIBER_ROUTES_JULY_2021_WFL1/FeatureServer/20,05ea5b184b244873ac64bde6e1943d61,
1,,City of Jackson GIS,public,arcgis org,existing,FIBER MAP UPDATE NEW FIBER ROUTES JULY 2021_WFL1,mmaberry,FS 6 to Jayne Ave,1,https://services2.arcgis.com/n0wqzAPJddc1vROD/arcgis/rest/services/FIBER_MAP_UPDATE_NEW_FIBER_ROUTES_JULY_2021_WFL1/FeatureServer/21,05ea5b184b244873ac64bde6e1943d61,
1,,City of Jackson GIS,public,arcgis org,existing,FIBER MAP UPDATE NEW FIBER ROUTES JULY 2021_WFL1,mmaberry,Is_Fiber2CareMaintance,1,https://services2.arcgis.com/n0wqzAPJddc1vROD/arcgis/rest/services/FIBER_MAP_UPDATE_NEW_FIBER_ROUTES_JULY_2021_WFL1/FeatureServer/23,05ea5b184b244873ac64bde6e1943d61,
1,,City of Jackson GIS,public,arcgis org,existing,FIBER MAP UPDATE NEW FIBER ROUTES JULY 2021_WFL1,mmaberry,Route10_2SonnyGolf,1,https://services2.arcgis.com/n0wqzAPJddc1vROD/arcgis/rest/services/FIBER_MAP_UPDATE_NEW_FIBER_ROUTES_JULY_2021_WFL1/FeatureServer/24,05ea5b184b244873ac64bde6e1943d61,
1,,City of Jackson GIS,public,arcgis org,existing,FIBER MAP UPDATE NEW FIBER ROUTES JULY 2021_WFL1,mmaberry,Gym_AnimalControl,1,https://services2.arcgis.com/n0wqzAPJddc1vROD/arcgis/rest/services/FIBER_MAP_UPDATE_NEW_FIBER_ROUTES_JULY_2021_WFL1/FeatureServer/26,05ea5b184b244873ac64bde6e1943d61,
1,,Allegany County GIS,public,arcgis org,existing,TCC_US40_Fiber_Map_Service,jsquires_alleganygis,US40_Fiber_Run_CL,1,https://services6.arcgis.com/dQQCC5HsocVNGmxM/arcgis/rest/services/TCC_US40_Fiber_Map_Service/FeatureServer/0,a70d8a10f0374af8b2e06b7cf158db51,
1,,City of Jackson GIS,public,arcgis org,existing,Gigabit Bit Fiber Routes_1_WFL1,mmaberry,FS10_SonnyGuyRoute_Jan2021,1,https://services2.arcgis.com/n0wqzAPJddc1vROD/arcgis/rest/services/Gigabit_Bit_Fiber_Routes_1_WFL1/FeatureServer/6,13ef502cdbf94d72a7e6a4cb5d773abb,
1,,"Office of Science, Innovation and Technology",public,arcgis org,existing,I_80 Route,kucinski.gis@gmail.com,I-80 Route,1,https://services8.arcgis.com/6zoy8FhqGf9FaeLx/arcgis/rest/services/I_80_Route/FeatureServer/89,0bae3c1e5f5c49d29320853e2da53ed5,
1,,"Office of Science, Innovation and Technology",public,arcgis org,existing,US_50 Route,kucinski.gis@gmail.com,US-50 Route,1,https://services8.arcgis.com/6zoy8FhqGf9FaeLx/arcgis/rest/services/US_50_Route/FeatureServer/92,43e30461bda34525baefac8787f3fa15,
1,,"Office of Science, Innovation and Technology",public,arcgis org,existing,I_15 Route,kucinski.gis@gmail.com,I-15 Route,1,https://services8.arcgis.com/6zoy8FhqGf9FaeLx/arcgis/rest/services/I_15_Route/FeatureServer/88,eb33eb253fe8464ab7c95190444f35f9,
1,,"Office of Science, Innovation and Technology",public,arcgis org,existing,US_95 Route,kucinski.gis@gmail.com,US-95 Route,1,https://services8.arcgis.com/6zoy8FhqGf9FaeLx/arcgis/rest/services/US_95_Route/FeatureServer/87,bdfae386c8764fbcb8875c357e60ca6e,
1,,"Office of Science, Innovation and Technology",public,arcgis org,existing,I_580 Route,kucinski.gis@gmail.com,I-580 Route,1,https://services8.arcgis.com/6zoy8FhqGf9FaeLx/arcgis/rest/services/I_580_Route/FeatureServer/90,cd7cfe084169457aa5dd4f9f5505b7c3,
1,,"Madison County / City of Rexburg, ID",public,arcgis org (hand-checked),existing,Existing City of Rexburg Fiber,Aaron.denney,Existing City of Rexburg Fiber,1,https://services1.arcgis.com/EiEr2xT4gB5AIOtc/arcgis/rest/services/Existing_City_of_Rexburg_Fiber/FeatureServer/0,488c007c90ca4c96b9f40ed044b1388f,
1,,"Madison County / City of Rexburg, ID",public,arcgis org (hand-checked),planned,FiberContract,Aaron.denney,Proposed_ITD_Fiber_Route,1,https://services1.arcgis.com/EiEr2xT4gB5AIOtc/arcgis/rest/services/FiberContract/FeatureServer/5,2011396be45247408faf65e089a447c9,
1,,"Madison County / City of Rexburg, ID",public,arcgis org (hand-checked),existing,FiberContract,Aaron.denney,Airport Fiber,1,https://services1.arcgis.com/EiEr2xT4gB5AIOtc/arcgis/rest/services/FiberContract/FeatureServer/8,2011396be45247408faf65e089a447c9,
1,,Region 4 Planning and Development Council,public,arcgis org,planned,Meadow Bridge Proposed Fiber Route,Region4,Polylines,1,https://services8.arcgis.com/aPNo3KjV6fgrbzfN/arcgis/rest/services/Meadow_Bridge_Proposed_Fiber_Route/FeatureServer/12,bbb764bfc87347d4b9ae7277a6e0c004,
1,,County of Summit GIS,public,arcgis org,existing,Fiber Ring Map _ 8_03_2023_WFL1,Summit_Admin,TWINSBURG_CITY,1,https://services3.arcgis.com/3Ukh5HzAdI6WZ3KP/arcgis/rest/services/Fiber_Ring_Map___8_03_2023_WFL1/FeatureServer/38,64f11fe67c014666b764e4dc7ea1479a,
1,,County of Summit GIS,public,arcgis org,existing,Fiber Ring Map _ 8_03_2023_WFL1,Summit_Admin,TALLMADGE_CITY,1,https://services3.arcgis.com/3Ukh5HzAdI6WZ3KP/arcgis/rest/services/Fiber_Ring_Map___8_03_2023_WFL1/FeatureServer/39,64f11fe67c014666b764e4dc7ea1479a,
1,,County of Summit GIS,public,arcgis org,existing,Fiber Ring Map _ 8_03_2023_WFL1,Summit_Admin,STOW_CITY,1,https://services3.arcgis.com/3Ukh5HzAdI6WZ3KP/arcgis/rest/services/Fiber_Ring_Map___8_03_2023_WFL1/FeatureServer/40,64f11fe67c014666b764e4dc7ea1479a,
1,,County of Summit GIS,public,arcgis org,existing,Fiber Ring Map _ 8_03_2023_WFL1,Summit_Admin,SPRINGFIELD_TWP,1,https://services3.arcgis.com/3Ukh5HzAdI6WZ3KP/arcgis/rest/services/Fiber_Ring_Map___8_03_2023_WFL1/FeatureServer/41,64f11fe67c014666b764e4dc7ea1479a,
1,,County of Summit GIS,public,arcgis org,existing,Fiber Ring Map _ 8_03_2023_WFL1,Summit_Admin,SILVER_LAKE_VILL,1,https://services3.arcgis.com/3Ukh5HzAdI6WZ3KP/arcgis/rest/services/Fiber_Ring_Map___8_03_2023_WFL1/FeatureServer/42,64f11fe67c014666b764e4dc7ea1479a,
1,,County of Summit GIS,public,arcgis org,existing,Fiber Ring Map _ 8_03_2023_WFL1,Summit_Admin,SAGAMORE_HILLS_TWP,1,https://services3.arcgis.com/3Ukh5HzAdI6WZ3KP/arcgis/rest/services/Fiber_Ring_Map___8_03_2023_WFL1/FeatureServer/43,64f11fe67c014666b764e4dc7ea1479a,
1,,County of Summit GIS,public,arcgis org,existing,Fiber Ring Map _ 8_03_2023_WFL1,Summit_Admin,RICHFIELD_VILL,1,https://services3.arcgis.com/3Ukh5HzAdI6WZ3KP/arcgis/rest/services/Fiber_Ring_Map___8_03_2023_WFL1/FeatureServer/44,64f11fe67c014666b764e4dc7ea1479a,
1,,County of Summit GIS,public,arcgis org,existing,Fiber Ring Map _ 8_03_2023_WFL1,Summit_Admin,RICHFIELD_TWP,1,https://services3.arcgis.com/3Ukh5HzAdI6WZ3KP/arcgis/rest/services/Fiber_Ring_Map___8_03_2023_WFL1/FeatureServer/45,64f11fe67c014666b764e4dc7ea1479a,
1,,County of Summit GIS,public,arcgis org,existing,Fiber Ring Map _ 8_03_2023_WFL1,Summit_Admin,REMINDERVILLE_VILL,1,https://services3.arcgis.com/3Ukh5HzAdI6WZ3KP/arcgis/rest/services/Fiber_Ring_Map___8_03_2023_WFL1/FeatureServer/46,64f11fe67c014666b764e4dc7ea1479a,
1,,County of Summit GIS,public,arcgis org,existing,Fiber Ring Map _ 8_03_2023_WFL1,Summit_Admin,PENINSULA_VILL,1,https://services3.arcgis.com/3Ukh5HzAdI6WZ3KP/arcgis/rest/services/Fiber_Ring_Map___8_03_2023_WFL1/FeatureServer/47,64f11fe67c014666b764e4dc7ea1479a,
1,,County of Summit GIS,public,arcgis org,existing,Fiber Ring Map _ 8_03_2023_WFL1,Summit_Admin,NORTON_CITY,1,https://services3.arcgis.com/3Ukh5HzAdI6WZ3KP/arcgis/rest/services/Fiber_Ring_Map___8_03_2023_WFL1/FeatureServer/48,64f11fe67c014666b764e4dc7ea1479a,
1,,County of Summit GIS,public,arcgis org,existing,Fiber Ring Map _ 8_03_2023_WFL1,Summit_Admin,NORTHFIELD_VILL,1,https://services3.arcgis.com/3Ukh5HzAdI6WZ3KP/arcgis/rest/services/Fiber_Ring_Map___8_03_2023_WFL1/FeatureServer/49,64f11fe67c014666b764e4dc7ea1479a,
1,,County of Summit GIS,public,arcgis org,existing,Fiber Ring Map _ 8_03_2023_WFL1,Summit_Admin,NORTHFIELD_CENTER_TWP,1,https://services3.arcgis.com/3Ukh5HzAdI6WZ3KP/arcgis/rest/services/Fiber_Ring_Map___8_03_2023_WFL1/FeatureServer/50,64f11fe67c014666b764e4dc7ea1479a,
1,,County of Summit GIS,public,arcgis org,existing,Fiber Ring Map _ 8_03_2023_WFL1,Summit_Admin,NEW_FRANKLIN_CITY,1,https://services3.arcgis.com/3Ukh5HzAdI6WZ3KP/arcgis/rest/services/Fiber_Ring_Map___8_03_2023_WFL1/FeatureServer/51,64f11fe67c014666b764e4dc7ea1479a,
1,,County of Summit GIS,public,arcgis org,existing,Fiber Ring Map _ 8_03_2023_WFL1,Summit_Admin,MUNROE_FALLS_CITY,1,https://services3.arcgis.com/3Ukh5HzAdI6WZ3KP/arcgis/rest/services/Fiber_Ring_Map___8_03_2023_WFL1/FeatureServer/52,64f11fe67c014666b764e4dc7ea1479a,
1,,County of Summit GIS,public,arcgis org,existing,Fiber Ring Map _ 8_03_2023_WFL1,Summit_Admin,MOGADORE_VILL,1,https://services3.arcgis.com/3Ukh5HzAdI6WZ3KP/arcgis/rest/services/Fiber_Ring_Map___8_03_2023_WFL1/FeatureServer/53,64f11fe67c014666b764e4dc7ea1479a,
1,,County of Summit GIS,public,arcgis org,existing,Fiber Ring Map _ 8_03_2023_WFL1,Summit_Admin,MACEDONIA_CITY,1,https://services3.arcgis.com/3Ukh5HzAdI6WZ3KP/arcgis/rest/services/Fiber_Ring_Map___8_03_2023_WFL1/FeatureServer/54,64f11fe67c014666b764e4dc7ea1479a,
1,,County of Summit GIS,public,arcgis org,existing,Fiber Ring Map _ 8_03_2023_WFL1,Summit_Admin,LAKEMORE_VILL,1,https://services3.arcgis.com/3Ukh5HzAdI6WZ3KP/arcgis/rest/services/Fiber_Ring_Map___8_03_2023_WFL1/FeatureServer/55,64f11fe67c014666b764e4dc7ea1479a,
1,,County of Summit GIS,public,arcgis org,existing,Fiber Ring Map _ 8_03_2023_WFL1,Summit_Admin,HUDSON_CITY,1,https://services3.arcgis.com/3Ukh5HzAdI6WZ3KP/arcgis/rest/services/Fiber_Ring_Map___8_03_2023_WFL1/FeatureServer/56,64f11fe67c014666b764e4dc7ea1479a,
1,,County of Summit GIS,public,arcgis org,existing,Fiber Ring Map _ 8_03_2023_WFL1,Summit_Admin,GREEN_CITY,1,https://services3.arcgis.com/3Ukh5HzAdI6WZ3KP/arcgis/rest/services/Fiber_Ring_Map___8_03_2023_WFL1/FeatureServer/57,64f11fe67c014666b764e4dc7ea1479a,
1,,County of Summit GIS,public,arcgis org,existing,Fiber Ring Map _ 8_03_2023_WFL1,Summit_Admin,FAIRLAWN_CITY,1,https://services3.arcgis.com/3Ukh5HzAdI6WZ3KP/arcgis/rest/services/Fiber_Ring_Map___8_03_2023_WFL1/FeatureServer/58,64f11fe67c014666b764e4dc7ea1479a,
1,,County of Summit GIS,public,arcgis org,existing,Fiber Ring Map _ 8_03_2023_WFL1,Summit_Admin,CUYAHOGA_FALLS_CITY,1,https://services3.arcgis.com/3Ukh5HzAdI6WZ3KP/arcgis/rest/services/Fiber_Ring_Map___8_03_2023_WFL1/FeatureServer/59,64f11fe67c014666b764e4dc7ea1479a,
1,,County of Summit GIS,public,arcgis org,existing,Fiber Ring Map _ 8_03_2023_WFL1,Summit_Admin,COVENTRY_TWP,1,https://services3.arcgis.com/3Ukh5HzAdI6WZ3KP/arcgis/rest/services/Fiber_Ring_Map___8_03_2023_WFL1/FeatureServer/60,64f11fe67c014666b764e4dc7ea1479a,
1,,County of Summit GIS,public,arcgis org,existing,Fiber Ring Map _ 8_03_2023_WFL1,Summit_Admin,COPLEY_TWP_TWP,1,https://services3.arcgis.com/3Ukh5HzAdI6WZ3KP/arcgis/rest/services/Fiber_Ring_Map___8_03_2023_WFL1/FeatureServer/61,64f11fe67c014666b764e4dc7ea1479a,
1,,County of Summit GIS,public,arcgis org,existing,Fiber Ring Map _ 8_03_2023_WFL1,Summit_Admin,CLINTON_VILL,1,https://services3.arcgis.com/3Ukh5HzAdI6WZ3KP/arcgis/rest/services/Fiber_Ring_Map___8_03_2023_WFL1/FeatureServer/62,64f11fe67c014666b764e4dc7ea1479a,
1,,County of Summit GIS,public,arcgis org,existing,Fiber Ring Map _ 8_03_2023_WFL1,Summit_Admin,BOSTON_TWP_TWP,1,https://services3.arcgis.com/3Ukh5HzAdI6WZ3KP/arcgis/rest/services/Fiber_Ring_Map___8_03_2023_WFL1/FeatureServer/63,64f11fe67c014666b764e4dc7ea1479a,
1,,County of Summit GIS,public,arcgis org,existing,Fiber Ring Map _ 8_03_2023_WFL1,Summit_Admin,BOSTON_HEIGHTS_VILL,1,https://services3.arcgis.com/3Ukh5HzAdI6WZ3KP/arcgis/rest/services/Fiber_Ring_Map___8_03_2023_WFL1/FeatureServer/64,64f11fe67c014666b764e4dc7ea1479a,
1,,County of Summit GIS,public,arcgis org,existing,Fiber Ring Map _ 8_03_2023_WFL1,Summit_Admin,BATH_TWP,1,https://services3.arcgis.com/3Ukh5HzAdI6WZ3KP/arcgis/rest/services/Fiber_Ring_Map___8_03_2023_WFL1/FeatureServer/65,64f11fe67c014666b764e4dc7ea1479a,
1,,County of Summit GIS,public,arcgis org,existing,Fiber Ring Map _ 8_03_2023_WFL1,Summit_Admin,BARBERTON_CITY,1,https://services3.arcgis.com/3Ukh5HzAdI6WZ3KP/arcgis/rest/services/Fiber_Ring_Map___8_03_2023_WFL1/FeatureServer/66,64f11fe67c014666b764e4dc7ea1479a,
1,,County of Summit GIS,public,arcgis org,existing,Fiber Ring Map _ 8_03_2023_WFL1,Summit_Admin,AKRON_CITY,1,https://services3.arcgis.com/3Ukh5HzAdI6WZ3KP/arcgis/rest/services/Fiber_Ring_Map___8_03_2023_WFL1/FeatureServer/67,64f11fe67c014666b764e4dc7ea1479a,
1,,"City of Yuma, Arizona",public,arcgis org,existing,upn_closed_won_route,YumaAZ,upn_closed_won_route,1,https://services1.arcgis.com/tzW2OKwR84ufoH3y/arcgis/rest/services/upn_closed_won_route/FeatureServer/0,da8841b96e0b4739bfe49fd90aa49ccc,
1,,Oklahoma Broadband Office,public,arcgis org,existing,Trace Fiber Networks_MM,spinnoobbOK24,TFN ARPA-XX66,1,https://services5.arcgis.com/YjiGkfGCdfjouFLC/arcgis/rest/services/Trace_Fiber_Networks_MM/FeatureServer/1,9d15871f47034aec96c46ae2ebc9dfd3,
1,,Oklahoma Broadband Office,public,arcgis org,existing,Trace Fiber Networks_MM,spinnoobbOK24,TFN ARPA-XX67,1,https://services5.arcgis.com/YjiGkfGCdfjouFLC/arcgis/rest/services/Trace_Fiber_Networks_MM/FeatureServer/2,9d15871f47034aec96c46ae2ebc9dfd3,
1,,COM_Admin_Broadband,carrier,owner username,existing,Rhode Island Network Overview,COM_Admin_Broadband,Cox Network _ Engineering,1,https://services6.arcgis.com/70X0jB6UtsfE8L2y/arcgis/rest/services/Rhode_Island_Network_Overview/FeatureServer/12,e37e4510fb354152a970343939f8368d,
1,,COM_Admin_Broadband,carrier,owner username,existing,Rhode Island Network Overview,COM_Admin_Broadband,Cox Network,1,https://services6.arcgis.com/70X0jB6UtsfE8L2y/arcgis/rest/services/Rhode_Island_Network_Overview/FeatureServer/13,e37e4510fb354152a970343939f8368d,
1,,mresare@willcox.az.gov,public,owner username,existing,City Fiber Lines view,mresare@willcox.az.gov,City Fiber Lines,1,https://services7.arcgis.com/hxtt7K3MNs4rxxlr/arcgis/rest/services/City_Fiber_Lines_view/FeatureServer/192,cf5afc0318334b688faeb8388c5d4344,
1,,Mohawk Council of Kahnawà:ke,public,arcgis org,existing,OldLibrary_to_PattonsWoodcraft_Fiber_KSCS,BradfordDean,OldLibrary_to_PattonsWoodcraft_Fiber_KSCS,1,https://services8.arcgis.com/0EarEyaTySs7q51C/arcgis/rest/services/OldLibrary_to_PattonsWoodcraft_Fiber_KSCS/FeatureServer/45,4c74357e0aa6420093bd9551897227d6,
1,,Jefferson County PUD,public,arcgis org,existing,fiber old NoaNet layers,agerrish_jpud,Radio_Connections,1,https://services1.arcgis.com/Jhms7Iv8JvhFeKQZ/arcgis/rest/services/fiber/FeatureServer/0,27b5639da96b4c7493f57154a3c94836,
1,,City of Centennial - ArcGIS Online,public,arcgis org,existing,Fiber_March2016,CentennialGIS,Publishing_Data.DBO.cunn_fiberproject_backboneconduitfiber,1,https://services2.arcgis.com/qzGaVFGfQxn25AYB/arcgis/rest/services/Fiber_March2016/FeatureServer/21,dc51724abb714cdf8b3beaa7628cb971,
1,,New Mexico DOT,public,arcgis org (hand-checked),existing,I40 ITS (May 2023),Josh.Ahmann_NMDOT,I-40 ITS Fiber Needed (April 2024),1,https://services.arcgis.com/hOpd7wfnKm16p9D9/arcgis/rest/services/I40_ITS/FeatureServer/2,55463905066541e3a6e6d169d560ab5c,
1,,"Madison County / City of Rexburg, ID",public,arcgis org (hand-checked),planned,Fiber Features Jan 2020,cole.hibbard,Proposed Fiber,1,https://services1.arcgis.com/EiEr2xT4gB5AIOtc/arcgis/rest/services/Fiber_Features_Jan_2020/FeatureServer/0,526d68c4be5041e1962caf992630633f,
1,,County of Summit GIS,public,arcgis org,existing,Akron Area Criminal Justice Ring Map_WFL2,Summit_Admin,Criminal Justice Ring - Merge,1,https://services3.arcgis.com/3Ukh5HzAdI6WZ3KP/arcgis/rest/services/Akron_Area_Criminal_Justice_Ring_Map_WFL2/FeatureServer/50,847826829109431aafc357785394107b,
1,,cityofemmett,public,owner username,existing,UnderdrainConduit,cityofemmett,UnderdrainConduit,1,https://services9.arcgis.com/38kxXIgQnOefJPCe/arcgis/rest/services/UnderdrainConduit/FeatureServer/0,69f59b7a408e474c8a447682c4b975f8,
1,,"City of Lincoln/Lancaster County, NE Maps & Apps",public,arcgis org,existing,ESRIFiberModel,CountyCityPub,Conduit,1,https://services1.arcgis.com/wpJGOi6N4Rq5cqFv/arcgis/rest/services/ESRIFiberModel/FeatureServer/22,201c706cd6484ad2a64dc3f4886f26b4,
1,,Florida DOT District 7 (Westshore Interchange project),public,public agency project account (hand-checked),existing,FDOT D7 Westshore surveyed utilities: Acsi 01,,UTEXRD_ACSI_01_20250218,1,https://services9.arcgis.com/ssjvmF1sZLRQUcYv/arcgis/rest/services/UTEXRD_ACSI_01_20250218/FeatureServer/352,,infrapedia lead
0,derived/not a route,The Evergreen State College (TESC),public,arcgis org,existing,Fiber_1mile_road,luempert_nich,Fiber_1mile_road,459648,https://services3.arcgis.com/0IbpLwS460cn4psv/arcgis/rest/services/Fiber_1mile_road/FeatureServer/6,23373b6257514a3bb53c29ac09d469f2,
0,derived/not a route,The Evergreen State College (TESC),public,arcgis org,existing,WSDOT_Fiber_intersect,luempert_nich,WSDOT_Fiber_intersect,389778,https://services3.arcgis.com/0IbpLwS460cn4psv/arcgis/rest/services/WSDOT_Fiber_intersect/FeatureServer/9,0338067a990c46bebf6a5dbfa04ea399,
0,publisher: demo/sample,Esri,demo/sample,item credits,existing,SFT Communications Network (View Only),arcgistelecomteam,Cable,165273,https://services.arcgis.com/B7X7NCOKKXditlwZ/arcgis/rest/services/CommunicationsSystem_viewing_0302c3a9e2e14fae9c2ae700a4c9215f/FeatureServer/8,8c45f55293414a27b0a62e3a6bc70adc,
0,service drop,arcgistelecomteam,demo/sample,owner username,existing,SFT Communications Network (Public) ARCHIVE,arcgistelecomteam,Drop Cable,101624,https://services.arcgis.com/B7X7NCOKKXditlwZ/arcgis/rest/services/CommunicationsSystem_public/FeatureServer/715045,9d827489aa5243a8b2e4b3b357051e73,
0,publisher: unknown,TabTabSmith,unknown,owner username,existing,Lumen Fiber 09142026,TabTabSmith,Lumen_Protected_Route_STAKECENTERLOCATING,76296,https://services.arcgis.com/spxzDdFH6ua0rLaf/arcgis/rest/services/Lumen_Fiber_09142026/FeatureServer/1,d1015ce52a1146ecb26a1e645c920341,
0,"manual: 99% overlaps Segra_Fiber_Network_Complete (same carrier, older export)",SEGRA,carrier,arcgis org,existing,Segra Fiber Network (Consolidated),MadsenM_segramaps,SegraFiberNetworkFinal_06202024,70481,https://services2.arcgis.com/idZndEogp4LoOmcv/arcgis/rest/services/SegraFiberNetwork_Consolidated/FeatureServer/167,d5c7822e3f574567ad9a91f4e58b07ec,
0,duplicate copy,SEGRA,carrier,arcgis org,existing,Segra Fiber Network (Consolidated) noExclude,MadsenM_segramaps,SegraFiberNetworkFinal_06202024,70105,https://services2.arcgis.com/idZndEogp4LoOmcv/arcgis/rest/services/Segra_Fiber_Network_(Consolidated)_noExclude/FeatureServer/167,7d200477549e47f9891335859dc2b375,
0,duplicate copy,SEGRA,carrier,arcgis org,existing,SegraFiberNetworkFinal_06202024,spacekj_segramaps,SegraFiberNetworkFinal_06202024,69977,https://services2.arcgis.com/idZndEogp4LoOmcv/arcgis/rest/services/SegraFiberNetworkFinal_06202024/FeatureServer/167,ce5e5763712548c490eb82963ae5dee4,
0,service drop,Vermont Department of Public Service,public,arcgis org,existing,VT Data - Fiber Service Corridors 2026,Admin_PSD,BBStatus2026_ServiceCorridors_Fiber,50640,https://services3.arcgis.com/5tLOjexclC0TuD0h/arcgis/rest/services/BBStatus2026_ServiceCorridors_Fiber/FeatureServer/0,d49ad054f3e04cdfb53a4484bb273d55,
0,service drop,Vermont Department of Public Service,public,arcgis org,existing,VT Data - Fiber Service Corridors 2025,Admin_PSD,BBStatus2025_Routes_Fiber,47330,https://services3.arcgis.com/5tLOjexclC0TuD0h/arcgis/rest/services/BBStatus2025_Routes_Fiber/FeatureServer/0,f0b8e6ec40ce4dd3b46ade684c323623,
0,coax/cable TV,Vermont Department of Public Service,public,arcgis org,existing,VT Data Cable Routes 2024,Admin_PSD,VT_Data_Cable_Routes_2024,46750,https://services3.arcgis.com/5tLOjexclC0TuD0h/arcgis/rest/services/VT_Data_Routes_Cable_2024/FeatureServer/0,bac42076d2504f7dbb7f76a250b3e0c9,
0,coax/cable TV,Vermont Department of Public Service,public,arcgis org,existing,VT Data - Cable Service Corridors 2026,Admin_PSD,BBStatus2026_ServiceCorridors_Cable,44682,https://services3.arcgis.com/5tLOjexclC0TuD0h/arcgis/rest/services/BBStatus2026_ServiceCorridors_Cable/FeatureServer/0,4972d5ab7a1440d788b89495dbe147dc,
0,coax/cable TV,Vermont Department of Public Service,public,arcgis org,existing,VT Data - Cable Service Corridors 2025,Admin_PSD,BBStatus2025_Routes_Cable,42092,https://services3.arcgis.com/5tLOjexclC0TuD0h/arcgis/rest/services/BBStatus2025_Routes_Cable/FeatureServer/0,8348446cffde4ad483cfe7a22855e388,
0,"availability data, not routes",Vermont Department of Public Service,public,arcgis org,existing,VT Data Fiber Routes 2024,Admin_PSD,VT_Data_Fiber_Routes_2024,37617,https://services3.arcgis.com/5tLOjexclC0TuD0h/arcgis/rest/services/Vt_Data_Fiber_Routes_2024_view/FeatureServer/0,dce3aaae1b4d4fd3bbc986dcebb6c120,
0,derived/not a route,"SRF Consulting Group, Inc.",consultant,arcgis org,planned,Anoka Future Fiber Base Layers,JMyers@srfconsulting.com_SRFConsulting,Centerlines,35213,https://services.arcgis.com/sLe4VrKqV1JxToKz/arcgis/rest/services/Anoka_Future_Fiber_Base_Layers/FeatureServer/2,cc00a3c94fed4ed7a67a191be0cdb9c5,
0,publisher: unknown,dfrizzell,unknown,owner username,existing,BRMEMC Fiber Network,dfrizzell,June22ModifiedFiber,33801,https://services3.arcgis.com/hMAx8ICMET6TGbuB/arcgis/rest/services/BRMEMC_Fiber_Network/FeatureServer/0,dcb0e8ac26ac453195ac9b4643dcc8c3,
0,publisher: unknown,bsanders_infiniteusa,unknown,owner username,existing,FQVRNCXA_Greenfield,bsanders_infiniteusa,ug_route.1,32172,https://services6.arcgis.com/82StO99lL6o0cCAH/arcgis/rest/services/FQVRNCXA_Greenfield/FeatureServer/15,23cea4a54c0743aea979a73b5825c71c,
0,electric,hjc115,unknown,owner username,existing,Fiber_Lines_Est_H3,hjc115,main.fiberroadsh3,29345,https://services7.arcgis.com/as7TbwXYuvmA7RFf/arcgis/rest/services/Fiber_Lines_Est_H3/FeatureServer/0,06751293a24649a0bbe9cba0948ebb5b,
0,publisher: consultant,Michael Baker International,consultant,arcgis org,existing,WHCC FOND Fiber cable All Zones,Jonathan.Heck@mbakerintl.com_Baker,WHCC FOND Fiber cable All Zones,27255,https://services1.arcgis.com/q8sarOko6mCDwiGm/arcgis/rest/services/WHCC_FOND_Fiber_cable_All_Zones/FeatureServer/0,9690365116fe4202a51055633b904bce,
0,derived/not a route,Cloudpoint Geospatial Inc. ,consultant,arcgis org,existing,Indoors Fiber Web Map_WFL1,sbowley_cloudpointgeo,Details,24454,https://services1.arcgis.com/FxX0ybnXnF4EyInS/arcgis/rest/services/Indoors_Fiber_Web_Map_WFL1/FeatureServer/4,e26eaf39477a442da48b2117a3b77598,
0,electric,"City of Wenatchee, WA GIS Mapping",public,arcgis org,existing,2020 PUD Fiber Electric,GISAdmin_Wenatchee,PUD elecConduitDuct,24033,https://services1.arcgis.com/yRJwhpord26CsXKm/arcgis/rest/services/2020_PUD_Fiber_Electric/FeatureServer/35,904e82145d6f415093d673d0e32d7a8b,
0,service drop,Merced County GIS,public,arcgis org,existing,Merced_County_Fiber_Cable_Drops,Kristi.Kelechenyi_MercedCounty,Merced_County_Fiber_Cable_Drops,23711,https://services6.arcgis.com/LYh3hRvKq5ASgAVM/arcgis/rest/services/Merced_County_Fiber_Cable_Drops/FeatureServer/1,f6dfa7b15bb34fffbdaff2b83add75a2,
0,copy of Crown Castle routes,"Montgomery County, MD",public,arcgis org,existing,Fiber Routes Commercial,yachi.chen,Crown Castle (2018),23481,https://services.arcgis.com/hdlG36cOubTzNDBb/arcgis/rest/services/Fiber_Routes_Commercial/FeatureServer/0,8cc92662dd614663a9842a8148239c7d,
0,electric,"City of Wenatchee, WA GIS Mapping",public,arcgis org,existing,2020 PUD Fiber Electric,GISAdmin_Wenatchee,PUD elecBusBar,22274,https://services1.arcgis.com/yRJwhpord26CsXKm/arcgis/rest/services/2020_PUD_Fiber_Electric/FeatureServer/36,904e82145d6f415093d673d0e32d7a8b,
0,"availability data, not routes",Vermont Department of Public Service,public,item credits,existing,VT Data - Fiber Routes 2022,Admin_PSD,VT Data - Fiber Routes 2022,21054,https://maps.vcgi.vermont.gov/arcgis/rest/services/PSD_services/OPENDATA_PSD_LAYERS_SP_NOCACHE_v1/MapServer/56,b666bc2e77ea4396b839d37e031fd3f4,
0,publisher: unknown,jphillips_sncomm,unknown,owner username,existing,Fibercable,jphillips_sncomm,Fibercable,20689,https://services3.arcgis.com/VjX0NO6XVlaDJbTG/arcgis/rest/services/Fibercable/FeatureServer/0,99d73703e86648a2a8adca6f52c3a6ee,
0,service drop,wecc,unknown,owner username,existing,Fiber Map for Linemen,wecc,drop,20681,https://services9.arcgis.com/UFJjZLqP0pPmUyok/arcgis/rest/services/Fiber_Map_for_Linemen/FeatureServer/0,1a78b893fbb24fdca792d7d255803f50,
0,service drop,bsanders_infiniteusa,unknown,owner username,existing,FQVRNCXA_Greenfield,bsanders_infiniteusa,fiber_cable_drop.1,19616,https://services6.arcgis.com/82StO99lL6o0cCAH/arcgis/rest/services/FQVRNCXA_Greenfield/FeatureServer/18,23cea4a54c0743aea979a73b5825c71c,
0,"availability data, not routes",Vermont Department of Public Service,public,item credits,existing,VT Data - Fiber Routes 2021,Admin_PSD,VT Data - Fiber Routes 2021,18705,https://maps.vcgi.vermont.gov/arcgis/rest/services/PSD_services/OPENDATA_PSD_LAYERS_SP_NOCACHE_v1/MapServer/50,287c695766f54d2a9d9e90a3cae0e54e,
0,copy of Crown_Castle routes,City of Philadelphia,public,arcgis org,existing,Crown_Castle_Fiber_Network,maps.phl.data,Crown_Castle_Fiber_Network,15046,https://services.arcgis.com/fLeGjb7u4uXqeF9q/arcgis/rest/services/Crown_Castle_Fiber_Network/FeatureServer/0,6f395efbdcbe4fd080b55d9df9718a68,
0,electric,"City of Wenatchee, WA GIS Mapping",public,arcgis org,existing,2020 PUD Fiber Electric,GISAdmin_Wenatchee,PUD elecPrimaryOverheadLine,14976,https://services1.arcgis.com/yRJwhpord26CsXKm/arcgis/rest/services/2020_PUD_Fiber_Electric/FeatureServer/32,904e82145d6f415093d673d0e32d7a8b,
0,electric,"City of Wenatchee, WA GIS Mapping",public,arcgis org,existing,2020 PUD Fiber Electric,GISAdmin_Wenatchee,PUD elecSecondaryUndergroundLine,14252,https://services1.arcgis.com/yRJwhpord26CsXKm/arcgis/rest/services/2020_PUD_Fiber_Electric/FeatureServer/29,904e82145d6f415093d673d0e32d7a8b,
0,copy of Zayo routes,Arizona State Land Department,public,arcgis org,existing,Zayo_Network,Ryan.Johnson,ZayoNetworkAZ_Dissolve,13901,https://services1.arcgis.com/UpxtrwRYNaXVpkGe/arcgis/rest/services/Zayo_Network/FeatureServer/0,cf3d15789d084deaaadb2fe5a96b5e44,
0,electric,"City of Wenatchee, WA GIS Mapping",public,arcgis org,existing,2020 PUD Fiber Electric,GISAdmin_Wenatchee,PUD elecSecondaryOverheadLine,11680,https://services1.arcgis.com/yRJwhpord26CsXKm/arcgis/rest/services/2020_PUD_Fiber_Electric/FeatureServer/30,904e82145d6f415093d673d0e32d7a8b,
0,derived/not a route,City of Oakland GIS,public,arcgis org,existing,Face_of_Curb_ExistingFiberArea,davidlok,Face_of_Curb_ExistingFiberArea,11639,https://services.arcgis.com/9tC74aDHuml0x5Yz/arcgis/rest/services/Face_of_Curb_ExistingFiberArea/FeatureServer/0,56cb0d2b63f447c7953bfb9ab7e7cc94,
0,publisher: consultant,ashley.hunt_emerysapp,consultant,owner username,existing,I70A Existing Utility Fiber 2025_03_27_P2,ashley.hunt_emerysapp,I70A_FULL_EXISTING_UTILITY_MERGE,11512,https://services6.arcgis.com/EHhJx7V4ByXIPvxe/arcgis/rest/services/I70A_Existing_Utility_Fiber_2025_03_27/FeatureServer/0,c72370d13b0946c9b95f5c5b2c090077,
0,publisher: demo/sample,arcgistelecomteam,demo/sample,owner username,existing,SFT Communications Network (Public) ARCHIVE,arcgistelecomteam,Wire Duct Bank,11358,https://services.arcgis.com/B7X7NCOKKXditlwZ/arcgis/rest/services/CommunicationsSystem_public/FeatureServer/905102,9d827489aa5243a8b2e4b3b357051e73,
0,publisher: unknown,citycorp,unknown,owner username,existing,Fiber Optic Duct,citycorp,Fiber_Optic_Duct,10457,https://services1.arcgis.com/g2qMSCNar9dcOtYq/arcgis/rest/services/Fiber_Optic_Duct/FeatureServer/0,7571d514030641c698ba917d1fc24657,
0,"availability data, not routes",Vermont Public Service Department,public,item credits,existing,Fiber Routes 2019,Admin_PSD,Fiber Systems 2019,9792,https://maps.vcgi.vermont.gov/arcgis/rest/services/PSD_services/PSD_Published_Layers/MapServer/15,a8d6163f9c7c491784b153a874890243,
0,"availability data, not routes",Vermont Public Service Department.,public,item credits,existing,VT Data - Fiber Routes 2019,Admin_PSD,VT Data - Fiber Routes 2019,9792,https://maps.vcgi.vermont.gov/arcgis/rest/services/PSD_services/OPENDATA_PSD_LAYERS_SP_NOCACHE_v1/MapServer/33,aa3980fea25e465c99348728f43015d0,
0,publisher: consultant,Rummel Klepper & Kahl,consultant,arcgis org,existing,DE_ITS_Existing_Fiber,tomearp.rkk,Existing Fiber,6782,https://services1.arcgis.com/nWsjONL9B4B0DLnV/arcgis/rest/services/DE_ITS_Existing_Fiber/FeatureServer/0,08ade3225f6748d2a759754b53113230,
0,service drop,bcarter_sitetracker,unknown,owner username,existing,Sitetracker Fiber,bcarter_sitetracker,Drop_Cable,6781,https://services7.arcgis.com/kz0fowMmnpdEMZXA/arcgis/rest/services/Sitetracker_Fiber/FeatureServer/7,3ece9ab40f214474828f85c21845aed6,
0,publisher: demo/sample,arcgistelecomteam,demo/sample,owner username,existing,SFT Communications Network (Public) ARCHIVE,arcgistelecomteam,Access Cable,6288,https://services.arcgis.com/B7X7NCOKKXditlwZ/arcgis/rest/services/CommunicationsSystem_public/FeatureServer/715040,9d827489aa5243a8b2e4b3b357051e73,
0,electric,"City of Wenatchee, WA GIS Mapping",public,arcgis org,existing,2020 PUD Fiber Electric,GISAdmin_Wenatchee,PUD elecPrimaryUndergroundLine,6279,https://services1.arcgis.com/yRJwhpord26CsXKm/arcgis/rest/services/2020_PUD_Fiber_Electric/FeatureServer/31,904e82145d6f415093d673d0e32d7a8b,
0,electric,SturgeonBayUtilities,public,owner username,existing,Sturgeon Bay Utilities - Facilities for TDS Fiber (2026-08-07),SturgeonBayUtilities,OH_Secondary_Line,6004,https://services5.arcgis.com/06G6KiiN2DzsdV2c/arcgis/rest/services/Sturgeon_Bay_Utilities_-_Facilities_for_TDS_Fiber_(2026-08-07)/FeatureServer/32,08798f02ff174b1bbc1c4b5cfb9bbc93,
0,publisher: unknown,dfiedler,unknown,owner username,existing,LS Networks,dfiedler,LS_Networks,5650,https://services7.arcgis.com/7dCtZoMa8eN1Heza/arcgis/rest/services/LS_Networks/FeatureServer/0,43fc0333d5ec430cb987f9a290a0178e,
0,publisher: unknown,bsanders_infiniteusa,unknown,owner username,existing,FQVRNCXA_Greenfield,bsanders_infiniteusa,oh_route.1,5068,https://services6.arcgis.com/82StO99lL6o0cCAH/arcgis/rest/services/FQVRNCXA_Greenfield/FeatureServer/19,23cea4a54c0743aea979a73b5825c71c,
0,electric,SturgeonBayUtilities,public,owner username,existing,Sturgeon Bay Utilities - Facilities for TDS Fiber (2026-08-07),SturgeonBayUtilities,Mains,4929,https://services5.arcgis.com/06G6KiiN2DzsdV2c/arcgis/rest/services/Sturgeon_Bay_Utilities_-_Facilities_for_TDS_Fiber_(2026-08-07)/FeatureServer/31,08798f02ff174b1bbc1c4b5cfb9bbc93,
0,publisher: unknown,BradGarriott,unknown,owner username,existing,Mulberry Telecommunications Construction Map,BradGarriott,Fiber_Conduit_Layer,4609,https://services8.arcgis.com/WT6CFeaiIJ4ZlMPl/arcgis/rest/services/Mulberry_Telecommunications_Construction_Map/FeatureServer/9,63a8870f002f4de39d7410241b03a85b,
0,copy of Zayo routes,"Montgomery County, MD",public,arcgis org,existing,Fiber Routes Commercial,yachi.chen,Zayo (2019),4530,https://services.arcgis.com/hdlG36cOubTzNDBb/arcgis/rest/services/Fiber_Routes_Commercial/FeatureServer/4,8cc92662dd614663a9842a8148239c7d,
0,publisher: unknown,BradGarriott,unknown,owner username,existing,Fiber Layout,BradGarriott,Conduit,4226,https://services8.arcgis.com/WT6CFeaiIJ4ZlMPl/arcgis/rest/services/Fiber_Layout/FeatureServer/14,dd58931d94254643b290d53fec6272a2,
0,publisher: unknown,BradGarriott,unknown,owner username,existing,Mulberry_Fiber_Layout,BradGarriott,Conduit,4226,https://services8.arcgis.com/WT6CFeaiIJ4ZlMPl/arcgis/rest/services/Mulberry_Fiber_Layout/FeatureServer/14,2537a937def7482b89b292bd0a38441b,
0,publisher: unknown,BradGarriott,unknown,owner username,existing,Fiber_Layout_5_view,BradGarriott,Conduit,4226,https://services8.arcgis.com/WT6CFeaiIJ4ZlMPl/arcgis/rest/services/Fiber_Layout_5_view/FeatureServer/14,3eff9dfbf78e4ae2903ab13e59ecb8b6,
0,publisher: unknown,wecc,unknown,owner username,existing,Fiber Map for Linemen,wecc,npt,3917,https://services9.arcgis.com/UFJjZLqP0pPmUyok/arcgis/rest/services/Fiber_Map_for_Linemen/FeatureServer/1,1a78b893fbb24fdca792d7d255803f50,
0,electric,SturgeonBayUtilities,public,owner username,existing,Sturgeon Bay Utilities - Facilities for TDS Fiber (2026-08-07),SturgeonBayUtilities,Lateral_Lines,3804,https://services5.arcgis.com/06G6KiiN2DzsdV2c/arcgis/rest/services/Sturgeon_Bay_Utilities_-_Facilities_for_TDS_Fiber_(2026-08-07)/FeatureServer/30,08798f02ff174b1bbc1c4b5cfb9bbc93,
0,publisher: consultant,Jacobs ArcGIS Online,consultant,arcgis org,existing,Fiber_Optic_Cable,Sarah.Jenniges@jacobs.com_Jacobs,Fiber_Optic_Cable,3727,https://services9.arcgis.com/eNX73FDxjlKFtCtH/arcgis/rest/services/Fiber_Optic_Cable/FeatureServer/0,73e0b280478e4ff1ae434ece959b8c19,
0,publisher: unknown,Onward1,unknown,owner username,existing,SCE Fiber Optic Cable and Splices_Jan2017,Onward1,SCE Fiber Optic Cable_Jan2017,3720,https://services7.arcgis.com/oynHYRod3aHKiiTk/arcgis/rest/services/SCE_Fiber_Optic_Cable_and_Splices_Jan2017/FeatureServer/1,4cfd9378643a4f59a4145a19c1da40a1,
0,publisher: unknown,hreed,unknown,owner username,existing,fiber_optics_gdb,hreed,FIBER_ASBUILT,3631,https://services9.arcgis.com/8wDqTf3aNqvKtSlW/arcgis/rest/services/fiber_optics_gdb/FeatureServer/1,8c2d16b462e149a1960c174965e1ee78,
0,publisher: unknown,hreed,unknown,owner username,existing,fiber_optics_gdb view,hreed,FIBER_ASBUILT,3631,https://services9.arcgis.com/8wDqTf3aNqvKtSlW/arcgis/rest/services/fiber_optics_gdb_view/FeatureServer/1,7854acad646c4e99b0e4da5180521cbc,
0,publisher: unknown,hreed,unknown,owner username,existing,fiber_optics_002_gdb,hreed,Fiber01,3629,https://services9.arcgis.com/8wDqTf3aNqvKtSlW/arcgis/rest/services/fiber_optics_002_gdb/FeatureServer/3,b84b1eca444b4cdfb0dbafaf4dee60d2,
0,electric,"SRF Consulting Group, Inc.",consultant,arcgis org,planned,Anoka Future Fiber Base Layers,JMyers@srfconsulting.com_SRFConsulting,MnDOT AADT,3569,https://services.arcgis.com/sLe4VrKqV1JxToKz/arcgis/rest/services/Anoka_Future_Fiber_Base_Layers/FeatureServer/0,cc00a3c94fed4ed7a67a191be0cdb9c5,
0,publisher: unknown,tabitha.smith,unknown,owner username,existing,BluePeak New Sioux Falls Fiber 04282025_WFL1,tabitha.smith,Fiber_Polylines 2025-04-16 173013,3471,https://services6.arcgis.com/M20iwblPxfgOK58h/arcgis/rest/services/BluePeak_New_Sioux_Falls_Fiber_04282025_WFL1/FeatureServer/6,fea9407f93a842a5b40bfe95f474de43,
0,publisher: unknown,bsanders_infiniteusa,unknown,owner username,existing,FQVRNCXA_Greenfield,bsanders_infiniteusa,fiber_cable_distribution.1,3403,https://services6.arcgis.com/82StO99lL6o0cCAH/arcgis/rest/services/FQVRNCXA_Greenfield/FeatureServer/16,23cea4a54c0743aea979a73b5825c71c,
0,publisher: unknown,VPSmasonford,unknown,owner username,existing,Estherville_Town_FiberView (Vantage360 Demo DO NOT DELETE),VPSmasonford,Duct,3324,https://services8.arcgis.com/pdI2ulAPTQxAaD48/arcgis/rest/services/Estherville_Town_FiberView/FeatureServer/3,90ab3ba2a0f747538238f1a26054369d,
0,publisher: consultant,Robinson.Myers_TelamonCLS,consultant,owner username,existing,Fiber,Robinson.Myers_TelamonCLS,Line layer,3229,https://services3.arcgis.com/2KcOCt7Lxga2AytI/arcgis/rest/services/Fiber/FeatureServer/0,aa04bccc3723497e85123c56f6eca7c5,
0,electric,SturgeonBayUtilities,public,owner username,existing,Sturgeon Bay Utilities - Facilities for TDS Fiber (2026-08-07),SturgeonBayUtilities,OH_Primary_Line,3224,https://services5.arcgis.com/06G6KiiN2DzsdV2c/arcgis/rest/services/Sturgeon_Bay_Utilities_-_Facilities_for_TDS_Fiber_(2026-08-07)/FeatureServer/33,08798f02ff174b1bbc1c4b5cfb9bbc93,
0,publisher: unknown,Akudinov1,unknown,owner username,existing,Fiber Conduit Underground,Akudinov1,Fiber_Conduit_Underground,3178,https://services9.arcgis.com/9x9lgeLv6zTWYbEo/arcgis/rest/services/Fiber_Conduit_Underground/FeatureServer/0,4f0372f77b6d4350b6f7f32add3e8be1,
0,publisher: consultant,scollins@olsson.com_olsson,consultant,owner username,planned,20250910_Winnebago_FiberDesign_Public,scollins@olsson.com_olsson,Conduit Path,3171,https://services6.arcgis.com/gyy0H6zBnh9CbWoj/arcgis/rest/services/20250910_Winnebago_FiberDesign_Public/FeatureServer/6,19ed38e3d39848a7afef46f754e4d485,
0,publisher: unknown,hreed,unknown,owner username,existing,fiber_optics_002_gdb,hreed,Fiber,3093,https://services9.arcgis.com/8wDqTf3aNqvKtSlW/arcgis/rest/services/fiber_optics_002_gdb/FeatureServer/1,b84b1eca444b4cdfb0dbafaf4dee60d2,
0,service drop,jskiles269,unknown,owner username,existing,___FIBERNET___,jskiles269,Drop,2921,https://services6.arcgis.com/TrCMRSr9CBKziiBY/arcgis/rest/services/___FIBERNET___/FeatureServer/356,7723b4a0f7e645faaa3d291d2da527e4,
0,electric,SturgeonBayUtilities,public,owner username,existing,Sturgeon Bay Utilities - Facilities for TDS Fiber (2026-08-07),SturgeonBayUtilities,UG_Secondary_Line,2836,https://services5.arcgis.com/06G6KiiN2DzsdV2c/arcgis/rest/services/Sturgeon_Bay_Utilities_-_Facilities_for_TDS_Fiber_(2026-08-07)/FeatureServer/36,08798f02ff174b1bbc1c4b5cfb9bbc93,
0,publisher: unknown,BradGarriott,unknown,owner username,existing,Mulberry Telecommunications Map_WFL1,BradGarriott,Fiber_Conduit_Layer,2723,https://services8.arcgis.com/WT6CFeaiIJ4ZlMPl/arcgis/rest/services/Mulberry_Telecommunications_Map_WFL1/FeatureServer/4,e1167da2296b4b1fae6cecf8978ef928,
0,service drop,BradGarriott,unknown,owner username,existing,Drop Conduit,BradGarriott,Fiber_Conduit_Layer,2720,https://services8.arcgis.com/WT6CFeaiIJ4ZlMPl/arcgis/rest/services/Drop_Conduit/FeatureServer/5,2e81321a6e764591af996a6af21e1308,
0,publisher: unknown,BradGarriott,unknown,owner username,existing,Fiber_Conduit Pro,BradGarriott,Fiber_Conduit,2684,https://services8.arcgis.com/WT6CFeaiIJ4ZlMPl/arcgis/rest/services/Fiber_Conduit_Pro/FeatureServer/96,a128492621204f6b9353f5412844ca0a,
0,publisher: unknown,VPSmasonford,unknown,owner username,existing,Estherville_Town_FiberView (Vantage360 Demo DO NOT DELETE),VPSmasonford,SEBO_Fiber,2678,https://services8.arcgis.com/pdI2ulAPTQxAaD48/arcgis/rest/services/Estherville_Town_FiberView/FeatureServer/2,90ab3ba2a0f747538238f1a26054369d,
0,copy of Centurylink routes,Florida DOT District 7 (Westshore Interchange project),public,public agency project account (hand-checked),existing,FDOT D7 Westshore surveyed utilities: Centurylink,,UTEXRD_CENTURYLINK_20250425,2570,https://services9.arcgis.com/ssjvmF1sZLRQUcYv/arcgis/rest/services/UTEXRD_CENTURYLINK_20250425/FeatureServer/205,,infrapedia lead
0,publisher: demo/sample,esriadmins_FPUD,demo/sample,owner username,existing,Fiber_Layers_FPUD_Share,esriadmins_FPUD,Fiber_Cable_FPUD,2554,https://services5.arcgis.com/UpHwHhNniOgJg6jk/arcgis/rest/services/Fiber_Layers_FPUD_Share/FeatureServer/1,e65669323b484243a8bdfe68c3a47a38,
0,derived/not a route,scollins@olsson.com_olsson,consultant,owner username,planned,20250910_Winnebago_FiberDesign_Public,scollins@olsson.com_olsson,Allocation Line,2499,https://services6.arcgis.com/gyy0H6zBnh9CbWoj/arcgis/rest/services/20250910_Winnebago_FiberDesign_Public/FeatureServer/5,19ed38e3d39848a7afef46f754e4d485,
0,publisher: demo/sample,AGOL,demo/sample,arcgis org,existing,Apex_Dayton City Fiber Layout Map_WFL1,Richard.Bailey@DaytonOhio.gov,STRAND,2439,https://services2.arcgis.com/3dDB2Kk6kuA2gIGw/arcgis/rest/services/Apex_Dayton_City_Fiber_Layout_Map_WFL1/FeatureServer/11,c888b97448644245a2a289f3b3ac1c9d,
0,publisher: demo/sample,arcgistelecomteam,demo/sample,owner username,existing,SFT Communications Network (Public) ARCHIVE,arcgistelecomteam,Distribution Cable,2435,https://services.arcgis.com/B7X7NCOKKXditlwZ/arcgis/rest/services/CommunicationsSystem_public/FeatureServer/715035,9d827489aa5243a8b2e4b3b357051e73,
0,publisher: unknown,amilanes,unknown,owner username,existing,REV_fiber_cable,amilanes,REV_fiber_cable,2371,https://services1.arcgis.com/Brg1qbmzmFn7JtpX/arcgis/rest/services/REV_fiber_cable/FeatureServer/0,3df09f3babaa48ad93659088f787324b,
0,copy of Lumen routes,Makah Tribe,public,arcgis org (hand-checked),existing,CL_Fiber_Optic_Lines,makah.realty,FiberOpticLines_fmLumen,2316,https://services9.arcgis.com/bX2xeX2HlRqsq64o/arcgis/rest/services/CL_Fiber_Optic_Lines/FeatureServer/0,2efe596a45d0408c8357236e1016a78d,
0,duplicate copy,maps.cityofdubuque.org,public,server hostname,existing,City Fiber,TKress223,Fiber Optic Line,2197,https://maps.cityofdubuque.org/arcgisweb2/rest/services/Base_Map_Layers/Fiber/FeatureServer/2,8076ded097ef456ebc1d4567d1ec9314,
0,duplicate copy,maps.cityofdubuque.org,public,server hostname,existing,Existing Fiber,TKress223,Fiber Optic Line,2197,https://maps.cityofdubuque.org/arcgisweb2/rest/services/Eng_Fiber/Existing_Fiber/FeatureServer/4,7f51b23c4633460bbd6926f32f6039bb,
0,publisher: consultant,GIS WebTech,consultant,arcgis org,existing,Colorado Fiber,layermanager,Underground Fiber Cable,2195,https://services6.arcgis.com/BAJNi3EgCdtQ1BCG/arcgis/rest/services/Colorado_Fiber/FeatureServer/1,874a8a28c3a64bfca47cf77f9f4c932b,
0,publisher: unknown,NExley_Baylor,unknown,owner username,existing,BaylorU_Telecomm_Utilities,NExley_Baylor,Telecomm Lines,2177,https://services8.arcgis.com/t4l5MlZWeZ3C03RW/arcgis/rest/services/BaylorU_Telecomm_Utilities/FeatureServer/1,555b6d96258846309390d297ae80fc06,
0,service drop,BradGarriott,unknown,owner username,existing,Drop Conduit,BradGarriott,Drop Conduit,2151,https://services8.arcgis.com/WT6CFeaiIJ4ZlMPl/arcgis/rest/services/Drop_Conduit/FeatureServer/3,2e81321a6e764591af996a6af21e1308,
0,derived/not a route,btcitadmin,unknown,owner username,existing,Fiber_Missing_Counts_Labeling,btcitadmin,Cable,2085,https://services5.arcgis.com/N97JQKhBchHvF70P/arcgis/rest/services/Fiber_Missing_Counts_Labeling/FeatureServer/0,6fcf802bea5b40e9938aa4f1578fa4c2,
0,confidential,"The JEA, Jacksonville FL",other,arcgis org,existing,Fiber_Easement_Legal_Review,joinek@jea.com_TheJEA,CONFIDENTIAL_JEA_Fiber,2012,https://services3.arcgis.com/scqt8yYklsqBtWeV/arcgis/rest/services/Fiber_Easement_Legal_Review/FeatureServer/0,509cd5c87d074f07a859c2425316b865,
0,publisher: consultant,ExultEngineering,consultant,owner username,existing,CDOT ITS Asset ToolPublish_WFL1,ExultEngineering,Logical Fiber Network,1955,https://services3.arcgis.com/KeHpkB2z2Rm4PO4O/arcgis/rest/services/CDOT_ITS_Asset_ToolPublish_WFL1/FeatureServer/14,65d71dd5405c4655b814a516b04db2ff,
0,duplicate copy,"California State University, Dominguez Hills - GIS",public,arcgis org,existing,Anchor_Build_Fiber_Highways,CSUDH_GEO,Anchor_Build_Fiber_Highways,1953,https://services9.arcgis.com/H3sRUUw4G1T50MGB/arcgis/rest/services/Anchor_Build_Fiber_Highways/FeatureServer/3,d2b0a5ce11494cfbb22f28e1cc1b7540,
0,electric,City of Gardner Kansas,public,arcgis org,existing,RG_fiber,gardnerkansas,City of Gardner Underground Lines,1952,https://services5.arcgis.com/Ox3HYmIeiVBmWWrQ/arcgis/rest/services/RG_fiber/FeatureServer/2,83b1c65b20384d678a162b9b960b3eec,
0,duplicate copy,Town of Breckenridge,public,arcgis org,existing,Allo Fiber data 4_24,GIS_Breck,Fiber,1934,https://services7.arcgis.com/eiphdGIhOeaxJr5P/arcgis/rest/services/Allo_Fiber_data_4_24_migration_upload_/FeatureServer/4,229e93aff8d64a9bb215df7d53210c3a,
0,outside US,Esri Mid-Market Sales,demo/sample,arcgis org,existing,Canada Fiber Lines,nloza_CS,ExportFeatureFiberSites,1927,https://services6.arcgis.com/hWvhIzIz0nI5CkJe/arcgis/rest/services/Canada_Fiber_Lines/FeatureServer/4,323693a5b8fc4129b00517c7ed1b7f3f,
0,service drop,City of Sherwood,public,arcgis org,existing,Fiber,LewisM@sherwoodoregon.gov_COS,Fiber Service Line,1925,https://services5.arcgis.com/ikEzR7lqVIlrcVFn/arcgis/rest/services/Fiber/FeatureServer/2,d80f0829d8924fb08b476fc29f22f8d6,
0,publisher: demo/sample,esriadmins_FPUD,demo/sample,owner username,existing,Fiber_Layers_FPUD_Share,esriadmins_FPUD,Fiber_Conduit_FPUD,1878,https://services5.arcgis.com/UpHwHhNniOgJg6jk/arcgis/rest/services/Fiber_Layers_FPUD_Share/FeatureServer/2,e65669323b484243a8bdfe68c3a47a38,
0,duplicate copy,"St. Tammany Parish, LA",public,owner username (hand-checked),existing,St_ Tammany Parish Fiberhood_WFL1,sttammanygis,HLD Backbone,1863,https://services8.arcgis.com/xqfvcYWRsxGrAkQR/arcgis/rest/services/St__Tammany_Parish_Fiberhood_WFL1/FeatureServer/4,6cf67b0c071647ada7f8223ceeb6c6a6,
0,publisher: consultant,jripoli@tilsontech.com,consultant,owner username,existing,Lamoille_VELCO_Fiber,jripoli@tilsontech.com,VELCO Fiber,1834,https://services8.arcgis.com/18kyfXBs3NuIG8eD/arcgis/rest/services/Lamoille_VELCO_Fiber/FeatureServer/0,2e79c62e70614a95b16f5b5233cf1a2e,
0,service drop,Westelcom,carrier,owner username (hand-checked),existing,Westelcom_Fiber_-_View,WTC_Edit_Slic_GIS,Drops,1766,https://services6.arcgis.com/kqmnItpfwaHwLdiz/arcgis/rest/services/Westelcom_Fiber_-_View/FeatureServer/6,b838d1b962c04ea2b4083b7b0c818412,
0,publisher: unknown,e0187455,unknown,owner username,existing,2Greenfield_ Conduit_ and High Count Fiber _1_,e0187455,"Greenfield, Conduit, and High Count Fiber (1)",1724,https://services.arcgis.com/QO7AhQX53d0m9M2s/arcgis/rest/services/2Greenfield__Conduit__and_High_Count_Fiber__1_/FeatureServer/10,3acab82ab7814e3f8e32f0bb034df4fe,
0,publisher: unknown,tabitha.smith,unknown,owner username,existing,BluePeak New Sioux Falls Fiber 04282025_WFL1,tabitha.smith,Export811_Polylines 2025-04-16 173013,1698,https://services6.arcgis.com/M20iwblPxfgOK58h/arcgis/rest/services/BluePeak_New_Sioux_Falls_Fiber_04282025_WFL1/FeatureServer/7,fea9407f93a842a5b40bfe95f474de43,
0,duplicate copy,Town of Breckenridge,public,arcgis org,existing,Allo Fiber data 4_24,GIS_Breck,Conduit,1603,https://services7.arcgis.com/eiphdGIhOeaxJr5P/arcgis/rest/services/Allo_Fiber_data_4_24_migration_upload_/FeatureServer/5,229e93aff8d64a9bb215df7d53210c3a,
0,publisher: unknown,tabitha.smith,unknown,owner username,existing,BluePeak New Sioux Falls Fiber 04282025_WFL1,tabitha.smith,SiouxFalls_Export_Fiber811_Polylines 2025-04-16 173013,1515,https://services6.arcgis.com/M20iwblPxfgOK58h/arcgis/rest/services/BluePeak_New_Sioux_Falls_Fiber_04282025_WFL1/FeatureServer/3,fea9407f93a842a5b40bfe95f474de43,
0,publisher: unknown,Noc@sfnnv.com,unknown,owner username,existing,FIBER_CABLE_LYO_0930,Noc@sfnnv.com,FIBER_CABLE_LYO_0930,1515,https://services7.arcgis.com/YLexQkxGrrnYnXML/arcgis/rest/services/LINE_FEATURES_STRAND_(2)/FeatureServer/0,2da28365ea8a404b80106e469f4af495,
0,publisher: unknown,jskiles269,unknown,owner username,existing,___FIBERNET___,jskiles269,Strand,1514,https://services6.arcgis.com/TrCMRSr9CBKziiBY/arcgis/rest/services/___FIBERNET___/FeatureServer/358,7723b4a0f7e645faaa3d291d2da527e4,
0,publisher: unknown,wecc,unknown,owner username,existing,Fiber Map for Linemen,wecc,backbone,1506,https://services9.arcgis.com/UFJjZLqP0pPmUyok/arcgis/rest/services/Fiber_Map_for_Linemen/FeatureServer/2,1a78b893fbb24fdca792d7d255803f50,
0,publisher: unknown,John.Owens_fchghd,unknown,owner username,existing,FRC_Communications_line,John.Owens_fchghd,FRC_Communications_line,1490,https://services3.arcgis.com/Aggy9xaAU9RIlKwt/arcgis/rest/services/FRC_Communications_line/FeatureServer/0,2f79c49150b84fca86b8e21ed37d7507,
0,electric,SturgeonBayUtilities,public,owner username,existing,Sturgeon Bay Utilities - Facilities for TDS Fiber (2026-08-07),SturgeonBayUtilities,Main,1442,https://services5.arcgis.com/06G6KiiN2DzsdV2c/arcgis/rest/services/Sturgeon_Bay_Utilities_-_Facilities_for_TDS_Fiber_(2026-08-07)/FeatureServer/38,08798f02ff174b1bbc1c4b5cfb9bbc93,
0,publisher: unknown,paultierney,unknown,owner username,planned,Proposed Communication Feb 23,paultierney,Proposed_Communication_Feb_23,1415,https://services6.arcgis.com/EHhJx7V4ByXIPvxe/arcgis/rest/services/Proposed_Communication_Feb_23/FeatureServer/0,a7c9f7d49bf3430bb11b5e974948aa00,
0,publisher: consultant,scollins@olsson.com_olsson,consultant,owner username,planned,20250910_Winnebago_FiberDesign_Public,scollins@olsson.com_olsson,Fiber,1413,https://services6.arcgis.com/gyy0H6zBnh9CbWoj/arcgis/rest/services/20250910_Winnebago_FiberDesign_Public/FeatureServer/4,19ed38e3d39848a7afef46f754e4d485,
0,publisher: unknown,hjc115,unknown,owner username,existing,ZitofiberassetsPA,hjc115,ZitofiberassetsPA,1371,https://services7.arcgis.com/as7TbwXYuvmA7RFf/arcgis/rest/services/ZitofiberassetsPA/FeatureServer/0,b803bc8bfc474510be81792ee643c4d3,
0,electric,City of Gardner Kansas,public,arcgis org,existing,RG_fiber,gardnerkansas,City of Gardner Overhead Lines,1359,https://services5.arcgis.com/Ox3HYmIeiVBmWWrQ/arcgis/rest/services/RG_fiber/FeatureServer/1,83b1c65b20384d678a162b9b960b3eec,
0,derived/not a route,maps.cityofdubuque.org,public,server hostname,existing,Existing Fiber,TKress223,Markup Line,1314,https://maps.cityofdubuque.org/arcgisweb2/rest/services/Eng_Fiber/Existing_Fiber/FeatureServer/1,7f51b23c4633460bbd6926f32f6039bb,
0,electric,SturgeonBayUtilities,public,owner username,existing,Sturgeon Bay Utilities - Facilities for TDS Fiber (2026-08-07),SturgeonBayUtilities,UG_Primary_Line,1206,https://services5.arcgis.com/06G6KiiN2DzsdV2c/arcgis/rest/services/Sturgeon_Bay_Utilities_-_Facilities_for_TDS_Fiber_(2026-08-07)/FeatureServer/37,08798f02ff174b1bbc1c4b5cfb9bbc93,
0,duplicate copy,City of Eagle,public,arcgis org,existing,Fiber Ongoing Map _ Current_WFL1,cmartin@cityofeagle.org_City_of_Eagle,EAGLE_ID.DBO.Conduit_Location,1184,https://services3.arcgis.com/kAacPsfz5gmRZ5sK/arcgis/rest/services/Fiber_Ongoing_Map___Current_WFL1/FeatureServer/55,1a54212681e8490e90e3e89e98bdb4d6,
0,derived/not a route,hreed,unknown,owner username,existing,fiber_optics_002_gdb,hreed,FIBERSCHEMATIC_LINE,1165,https://services9.arcgis.com/8wDqTf3aNqvKtSlW/arcgis/rest/services/fiber_optics_002_gdb/FeatureServer/4,b84b1eca444b4cdfb0dbafaf4dee60d2,
0,electric,PRussell_Cityofmlt,public,owner username,existing,UG_Power_Fiber_gdb,PRussell_Cityofmlt,PUD_UG_Conductor,1024,https://services.arcgis.com/efPDmjgxOd3NdvZV/arcgis/rest/services/UG_Power_Fiber_gdb/FeatureServer/4,97ab91d139e2484dabc8dd04ba09e179,
0,publisher: consultant,nmelady_Trihydro,consultant,owner username,existing,CS_FiberLine_Publishing,nmelady_Trihydro,Construction_Polylines,969,https://services3.arcgis.com/OlZcR2a5WgcagJMt/arcgis/rest/services/CS_FiberLine_Publishing/FeatureServer/2,4ccbc205b8d24364b8231c24714f6717,
0,publisher: unknown,dfiedler,unknown,owner username,existing,SIG_Current_Network,dfiedler,SIG_Current_Network,965,https://services7.arcgis.com/7dCtZoMa8eN1Heza/arcgis/rest/services/SIG_Current_Network/FeatureServer/0,07f7237dcc934bb49f89d2805e51b300,
0,publisher: unknown,VPSmasonford,unknown,owner username,existing,Estherville_Town_FiberView (Vantage360 Demo DO NOT DELETE),VPSmasonford,BFO_Fiber,919,https://services8.arcgis.com/pdI2ulAPTQxAaD48/arcgis/rest/services/Estherville_Town_FiberView/FeatureServer/1,90ab3ba2a0f747538238f1a26054369d,
0,duplicate copy,"Town of Breckenridge, CO",public,owner username (hand-checked),existing,Installed Fiber view,Breck_GIS,Installed Fiber,902,https://services1.arcgis.com/iKiXR351dz5u0ZXs/arcgis/rest/services/Installed_Fiber_view/FeatureServer/55,ae7f7d256e3644b1bf4725f087e157ab,
0,duplicate copy,Town of Breckenridge,public,arcgis org,existing,Installed Fiber,GIS_Breck,Installed_Fiber,902,https://services7.arcgis.com/eiphdGIhOeaxJr5P/arcgis/rest/services/Installed_Fiber_migration_upload_/FeatureServer/0,69ee2aaa41b24a6dbd5ff6744ed8bfa4,
0,duplicate copy,Town of Breckenridge,public,arcgis org,existing,Installed Fiber view,GIS_Breck,Installed_Fiber,902,https://services7.arcgis.com/eiphdGIhOeaxJr5P/arcgis/rest/services/Installed_Fiber_view/FeatureServer/0,d7b6805a47314718b89b9abe83db838d,
0,publisher: consultant,Colorado River Constructors,consultant,arcgis org,existing,Communication_Existing,alberto.quinones,Communication_Existing,876,https://services6.arcgis.com/MJL7ERS6nTm5gNLo/arcgis/rest/services/Communication_Existing/FeatureServer/131,fef8effeb3e34dbe957dd7075e888d58,
0,publisher: unknown,ironstridesolutions,unknown,owner username,existing,Conduit,ironstridesolutions,Conduit,869,https://services1.arcgis.com/1fso6481LoZc47C5/arcgis/rest/services/Conduit/FeatureServer/6,3187efa2fed5446db9a569fbab434537,
0,duplicate copy,Town of Breckenridge,public,arcgis org,existing,Allo Fiber data 4_24,GIS_Breck,Route,860,https://services7.arcgis.com/eiphdGIhOeaxJr5P/arcgis/rest/services/Allo_Fiber_data_4_24_migration_upload_/FeatureServer/3,229e93aff8d64a9bb215df7d53210c3a,
0,publisher: consultant,Mead & Hunt AGOL,consultant,arcgis org,existing,Clearwater Communications_WFL1,James.Poeschel_MeadHunt,Cable_Lines,851,https://services2.arcgis.com/2gKap7KMz7fy1U4a/arcgis/rest/services/Clearwater_Communications_WFL1/FeatureServer/7,a3eed60bade847a48f3f00579941c0f8,
0,publisher: consultant,Colorado River Constructors,consultant,arcgis org,existing,ASB_OHP_ALL_COMMUNICATION_Merge,alberto.quinones,ASB_OHP_ALL_COMMUNICATION_Merge,840,https://services6.arcgis.com/MJL7ERS6nTm5gNLo/arcgis/rest/services/ASB_OHP_ALL_COMMUNICATION_Merge/FeatureServer/0,b1c50125975c4d8689a8e54ed30c4c6e,
0,publisher: unknown,bcarter_sitetracker,unknown,owner username,existing,Sitetracker Fiber,bcarter_sitetracker,Wire_Duct_Bank,769,https://services7.arcgis.com/kz0fowMmnpdEMZXA/arcgis/rest/services/Sitetracker_Fiber/FeatureServer/12,3ece9ab40f214474828f85c21845aed6,
0,publisher: demo/sample,AGOL,demo/sample,arcgis org,existing,Apex_Dayton City Fiber Layout Map_WFL1,Richard.Bailey@DaytonOhio.gov,CONDUIT,768,https://services2.arcgis.com/3dDB2Kk6kuA2gIGw/arcgis/rest/services/Apex_Dayton_City_Fiber_Layout_Map_WFL1/FeatureServer/13,c888b97448644245a2a289f3b3ac1c9d,
0,publisher: unknown,jskiles269,unknown,owner username,existing,___FIBERNET___,jskiles269,Tail,755,https://services6.arcgis.com/TrCMRSr9CBKziiBY/arcgis/rest/services/___FIBERNET___/FeatureServer/351,7723b4a0f7e645faaa3d291d2da527e4,
0,publisher: unknown,CollectorAdmin,unknown,owner username,existing,FiberOpticCable,CollectorAdmin,FiberOpticCable,755,https://services3.arcgis.com/2cK5UGZmo8UhE16C/arcgis/rest/services/FiberOpticCable/FeatureServer/0,9d0da009a57f45339b06fe1a6bc3fcf8,
0,publisher: consultant,Charlotte.Burger_NV5,consultant,owner username,existing,Telecom Line,Charlotte.Burger_NV5,Telecom_Line,751,https://services2.arcgis.com/EfgKMXWYhNQe0H3M/arcgis/rest/services/Telecom_Line/FeatureServer/0,cd58fa7cbd324daea001472bb9d7255d,
0,publisher: consultant,Charlotte.Burger_NV5,consultant,owner username,existing,Telecom Line view,Charlotte.Burger_NV5,Telecom_Line,751,https://services2.arcgis.com/EfgKMXWYhNQe0H3M/arcgis/rest/services/Telecom_Line_view/FeatureServer/0,abb0aff019994a719c6a0f34f5a8d1cf,
0,publisher: unknown,stcrpdb,unknown,owner username,existing,STN Backbone,stcrpdb,STNBackbone2020_shp,747,https://services2.arcgis.com/qO6xd1V1VbSyViir/arcgis/rest/services/STNBackbone2020_shp/FeatureServer/0,aef45fb768454e689459ccfcfce1e34d,
0,publisher: other,layer8development,other,item credits,existing,QC MAP,layer8development,FIBER_QC,726,https://services7.arcgis.com/qfS1jGEzi90H6vPG/arcgis/rest/services/QC_MAP/FeatureServer/5,ea0b0c9c47784e9cac1098456c5d22b0,
0,publisher: consultant,Colorado River Constructors,consultant,arcgis org,existing,COMMUNICATION,alberto.quinones,ASB_ATT_DUCT_BANK_Line,686,https://services6.arcgis.com/MJL7ERS6nTm5gNLo/arcgis/rest/services/COMMUNICATION/FeatureServer/1,5449df3c5f394687846348e6fa43b389,
0,electric,City of Longmont,public,arcgis org,existing,FiberLines,LongmontGIS,gis.ELECTRIC.FiberLines,677,https://services1.arcgis.com/Sb0rgSd67ecLKIvl/arcgis/rest/services/FiberLines/FeatureServer/0,c81caec42c1d426c976608d727a0aa31,
0,publisher: consultant,"Integra Design Group, PSC",consultant,arcgis org,existing,Telecom Optic Fiber - Lines,integradesign,Telecom_Optic_Fiber___Lines_(current),658,https://services2.arcgis.com/QwVReOib6QNUWA6n/arcgis/rest/services/Telecom_Optic_Fiber___Lines_(current)/FeatureServer/0,c5b3a019b83a451bbb32c53c890eaaaa,
0,duplicate copy,City of Rocky Mount NC,public,arcgis org,existing,Traffic_Fiber_Glover,CORMGIS1,Traffic_Fiber,651,https://services.arcgis.com/4MdqIsNzxG7xyTvf/arcgis/rest/services/Traffic_Fiber_Glover/FeatureServer/0,2754740d76424b918b6c3bbd090e927c,
0,duplicate copy,City of Rocky Mount NC,public,arcgis org,existing,Traffic_Fiber,CORMGIS1,Traffic Fiber,651,https://services.arcgis.com/4MdqIsNzxG7xyTvf/arcgis/rest/services/Traffic_Fiber/FeatureServer/0,4ff7764ee82b46bcbdf6c4bdc9cf4a2d,
0,publisher: consultant,GEI Consultants,consultant,arcgis org,existing,PFN IMPACC Fiber Route,ztyczka_GEI,Fiber Install,635,https://services1.arcgis.com/ZXPUOG4dA7682sDQ/arcgis/rest/services/PFN_IMPACC_Fiber_Route/FeatureServer/2,cb9ab89befb14dc9a8f68b5482fd1d79,
0,publisher: consultant,ExultEngineering,consultant,owner username,existing,CDOT ITS Asset ToolPublish_WFL1,ExultEngineering,CDOT_OldShapefile_Fiber,590,https://services3.arcgis.com/KeHpkB2z2Rm4PO4O/arcgis/rest/services/CDOT_ITS_Asset_ToolPublish_WFL1/FeatureServer/23,65d71dd5405c4655b814a516b04db2ff,
0,publisher: unknown,paultierney,unknown,owner username,existing,ITS Update 2025_02_23 (2),paultierney,Prop ITS Fiber 2025.02.23,585,https://services6.arcgis.com/EHhJx7V4ByXIPvxe/arcgis/rest/services/ITS_Update_2025_02_23_(2)/FeatureServer/1,c682e3fce0114881b816141339ee5d96,
0,duplicate copy,City of Durango,public,arcgis org,existing,CityOfDurango_Fiber_WFL1,david.mcclellanCOD,DurangoOwned_FiberConduits,570,https://services.arcgis.com/iqrNQm6g4Pj36MWn/arcgis/rest/services/CityOfDurango_Fiber_WFL1/FeatureServer/0,1ee7dda3a40e4a2f9ed8295a66fa00d9,
0,publisher: consultant,GIS WebTech,consultant,arcgis org,existing,Colorado Fiber,layermanager,Aerial Fiber Cable,563,https://services6.arcgis.com/BAJNi3EgCdtQ1BCG/arcgis/rest/services/Colorado_Fiber/FeatureServer/0,874a8a28c3a64bfca47cf77f9f4c932b,
0,copy of ZAYO routes,College of William & Mary,public,arcgis org (hand-checked),existing,ZAYO Fiber Network,gmlewis@wm.edu_wm_gis,ZAYO Fiber Network,522,https://services1.arcgis.com/7CPYy0u5Z9IAJ2OG/arcgis/rest/services/ZAYO_Fiber_Network/FeatureServer/0,33c2ea1c7c0842289306e0115fe03ef5,
0,publisher: unknown,jskiles269,unknown,owner username,existing,___FIBERNET___,jskiles269,Conduit,502,https://services6.arcgis.com/TrCMRSr9CBKziiBY/arcgis/rest/services/___FIBERNET___/FeatureServer/357,7723b4a0f7e645faaa3d291d2da527e4,
0,duplicate copy,City of Centerville,public,arcgis org,existing,Fiber Audit 2026_WFL1,mryan@centervilleohio.gov_centervilleohio,Fiber_MVECA_Update,496,https://services.arcgis.com/M5UrDFRz2ZRTplQC/arcgis/rest/services/Fiber_Audit_2026_WFL1/FeatureServer/6,5eb07580b49c4fc7a63915af90c967f5,
0,copy of Crown Castle routes,Florida DOT District 7 (Westshore Interchange project),public,public agency project account (hand-checked),existing,FDOT D7 Westshore surveyed utilities: Crown Castle,,UTEXRD_CROWN_CASTLE_20250324,488,https://services9.arcgis.com/ssjvmF1sZLRQUcYv/arcgis/rest/services/UTEXRD_CROWN_CASTLE_20250324/FeatureServer/408,,infrapedia lead
0,publisher: unknown,BradGarriott,unknown,owner username,existing,Mulberry Telecommunications Construction Map_WFL3,BradGarriott,Fiber_Cable,486,https://services8.arcgis.com/WT6CFeaiIJ4ZlMPl/arcgis/rest/services/Mulberry_Telecommunications_Construction_Map_WFL3/FeatureServer/1,ba26f8fbfce4444488cc66e99285225d,
0,publisher: unknown,BradGarriott,unknown,owner username,existing,Mulberry Telecommunications Construction Map_WFL2,BradGarriott,Fiber_Cable,484,https://services8.arcgis.com/WT6CFeaiIJ4ZlMPl/arcgis/rest/services/Mulberry_Telecommunications_Construction_Map_WFL2/FeatureServer/8,b3dea64bb05846ae9b25d34666c79756,
0,publisher: unknown,bcarter_sitetracker,unknown,owner username,existing,Sitetracker Fiber,bcarter_sitetracker,Access_Cable,474,https://services7.arcgis.com/kz0fowMmnpdEMZXA/arcgis/rest/services/Sitetracker_Fiber/FeatureServer/0,3ece9ab40f214474828f85c21845aed6,
0,publisher: unknown,mktolson,unknown,owner username,existing,Metronet Fiber Optic Locates,mktolson,Fiber Conduit,436,https://services5.arcgis.com/lqLdPJybSWZ5wUWQ/arcgis/rest/services/Metronet_Fiber_Optic_Locates/FeatureServer/50,1cbb76a7d8004e5bb5f7bace85144ea3,
0,publisher: unknown,caroline_erdmann,unknown,owner username,existing,Kalispel Telecom,caroline_erdmann,TeleCom_Line,425,https://services3.arcgis.com/0i8WvfNdfTbWrPkh/arcgis/rest/services/Kalispel_Telecom/FeatureServer/65,89a4c4a73ae140ef9cbe77b6e61a2dfb,
0,publisher: unknown,BradGarriott,unknown,owner username,existing,Mulberry Telecommunications Construction Map,BradGarriott,Fiber_Cable,422,https://services8.arcgis.com/WT6CFeaiIJ4ZlMPl/arcgis/rest/services/Mulberry_Telecommunications_Construction_Map/FeatureServer/8,63a8870f002f4de39d7410241b03a85b,
0,publisher: consultant,ldorantes_g2consulting,consultant,owner username,existing,Fiber_Cable,ldorantes_g2consulting,Fiber_Cable,416,https://services2.arcgis.com/VNjiSEv43nRxEjFT/arcgis/rest/services/Fiber_Cable/FeatureServer/5,c7b950898fc14e269e2e9d75df37c74a,
0,publisher: unknown,jdriggers_gpcomm,unknown,owner username,existing,GPC_Leased_Fiber_020924,jdriggers_gpcomm,GPC_Leased_Fiber_020924,415,https://services9.arcgis.com/WGUfikw6ahcG09qY/arcgis/rest/services/GPC_Leased_Fiber_020924/FeatureServer/0,f0948fb3a20046e2ae37ab354c12701c,
0,publisher: unknown,FiberCity1,unknown,owner username,existing,FIBER_SHAPE_FOR_ONLINE_0721,FiberCity1,FIBER_LINE,413,https://services.arcgis.com/zuVYcGbo1L9xuj72/arcgis/rest/services/FIBER_SHAPE_FOR_ONLINE_0721/FeatureServer/0,175e6c8554534115aa12a84b377cb0a1,
0,publisher: unknown,cgholladay65,unknown,owner username,existing,Fastwyre_MTC_ COPPER AND FIBER NETWORK 2024_WFL1,cgholladay65,c-backbone,398,https://services3.arcgis.com/J01UrYgLSgRvRWvT/arcgis/rest/services/Fastwyre_MTC__COPPER_AND_FIBER_NETWORK_2024_WFL1/FeatureServer/76,6ac37884fe1843489a4d8240db4eacbb,
0,publisher: unknown,dgco_gis,unknown,owner username,existing,Fiber Network,dgco_gis,Polylines,389,https://services5.arcgis.com/wb2dkDj6yTkvZmS4/arcgis/rest/services/Fiber_Network/FeatureServer/1,93d0a7934f5748cbb9171bff195fdbc4,
0,publisher: unknown,BradGarriott,unknown,owner username,existing,Mulberry Telecommunications Map_WFL1,BradGarriott,Fiber_Cable,386,https://services8.arcgis.com/WT6CFeaiIJ4ZlMPl/arcgis/rest/services/Mulberry_Telecommunications_Map_WFL1/FeatureServer/3,e1167da2296b4b1fae6cecf8978ef928,
0,service drop,BradGarriott,unknown,owner username,existing,Drop Conduit,BradGarriott,Fiber_Cable,386,https://services8.arcgis.com/WT6CFeaiIJ4ZlMPl/arcgis/rest/services/Drop_Conduit/FeatureServer/4,2e81321a6e764591af996a6af21e1308,
0,service drop,cgholladay65,unknown,owner username,existing,Fastwyre_MTC_ COPPER AND FIBER NETWORK 2024_WFL1,cgholladay65,c-drop,386,https://services3.arcgis.com/J01UrYgLSgRvRWvT/arcgis/rest/services/Fastwyre_MTC__COPPER_AND_FIBER_NETWORK_2024_WFL1/FeatureServer/75,6ac37884fe1843489a4d8240db4eacbb,
0,publisher: demo/sample,Salesforce Sales Performance Management,demo/sample,arcgis org,existing,Enriched_Enriched_Fiber_Lines,joeguerra_MA1,Enriched_Enriched_Fiber_Lines,379,https://services7.arcgis.com/pVoLVK2t5smy6UhX/arcgis/rest/services/Enriched_Enriched_Fiber_Lines/FeatureServer/0,3c2d490b888c49bda02e40cd7041a552,
0,publisher: unknown,BradGarriott,unknown,owner username,existing,Fiber Layout,BradGarriott,Fiber Cable,374,https://services8.arcgis.com/WT6CFeaiIJ4ZlMPl/arcgis/rest/services/Fiber_Layout/FeatureServer/13,dd58931d94254643b290d53fec6272a2,
0,publisher: unknown,BradGarriott,unknown,owner username,existing,Mulberry_Fiber_Layout,BradGarriott,Fiber Cable,374,https://services8.arcgis.com/WT6CFeaiIJ4ZlMPl/arcgis/rest/services/Mulberry_Fiber_Layout/FeatureServer/13,2537a937def7482b89b292bd0a38441b,
0,publisher: unknown,BradGarriott,unknown,owner username,existing,Fiber_Layout_5_view,BradGarriott,Fiber Cable,374,https://services8.arcgis.com/WT6CFeaiIJ4ZlMPl/arcgis/rest/services/Fiber_Layout_5_view/FeatureServer/13,3eff9dfbf78e4ae2903ab13e59ecb8b6,
0,publisher: unknown,cgholladay65,unknown,owner username,existing,Fastwyre_MTC_ COPPER AND FIBER NETWORK 2024_WFL1,cgholladay65,c-backbone,370,https://services3.arcgis.com/J01UrYgLSgRvRWvT/arcgis/rest/services/Fastwyre_MTC__COPPER_AND_FIBER_NETWORK_2024_WFL1/FeatureServer/85,6ac37884fe1843489a4d8240db4eacbb,
0,duplicate copy,Wideband Group,carrier,arcgis org,existing,FIBER_CABLE_LK view,rsigns.wideband,Projection_Update_Fiber_Lakeland,366,https://services6.arcgis.com/6f3U7VWaI0bXOChA/arcgis/rest/services/FIBER_CABLE_LK_view/FeatureServer/0,bfb9a9c34e07426f87b5157a4d1e2c65,
0,duplicate copy,"City of Germantown, Tennessee",public,arcgis org,existing,FiberOptics,shumphreys_gtown,FiberOptic_Germantown,359,https://services5.arcgis.com/LnfZzt7NtPrHmp5p/arcgis/rest/services/FiberOptics/FeatureServer/4,71a7cbf80b5148d789b0a8f685221cea,
0,publisher: demo/sample,arcgistelecomteam,demo/sample,owner username,existing,SFT Tampa Fiber,arcgistelecomteam,Tampa Fiber,356,https://services.arcgis.com/B7X7NCOKKXditlwZ/arcgis/rest/services/SFT_Tampa_Fiber/FeatureServer/0,6f4e95bee420420cab96385ab3bba169,
0,duplicate copy,Kane County Illinois - Maps,public,arcgis org,existing,KaneFiber_Fiber_10012018_View_ReadOnly,KDOT_Lebo,Fiber,350,https://services1.arcgis.com/oRKmdBXD6EbdmVgJ/arcgis/rest/services/KaneFiber_Fiber_10012018_View_ReadOnly/FeatureServer/0,0e7cb66e298f4bf888bed9e93e83be6d,
0,publisher: other,No Credits,other,item credits,existing,Conduit,CityofAspenGIS,Conduit,316,https://maps.cityofaspen.com/server/rest/services/Fiber/Fiber_Network/FeatureServer/4,773b3944541d4e12b4b9b5e429dd1606,
0,publisher: consultant,GIS WebTech,consultant,arcgis org,existing,Colorado Fiber,layermanager,Leased Fiber Cable,315,https://services6.arcgis.com/BAJNi3EgCdtQ1BCG/arcgis/rest/services/Colorado_Fiber/FeatureServer/2,874a8a28c3a64bfca47cf77f9f4c932b,
0,copy of Level 3 routes,Florida DOT District 7 (Westshore Interchange project),public,public agency project account (hand-checked),existing,FDOT D7 Westshore surveyed utilities: Level 3,,UTEXRD_LEVEL_3_20250218,302,https://services9.arcgis.com/ssjvmF1sZLRQUcYv/arcgis/rest/services/UTEXRD_LEVEL_3_20250218/FeatureServer/352,,infrapedia lead
0,publisher: consultant,NV5 Geospatial,consultant,arcgis org,existing,FiberOpticsSample,steve.mulberry@nv5.com,MasterLines,297,https://services.arcgis.com/41TSzUbTxELRIXMD/arcgis/rest/services/FiberOpticsSample/FeatureServer/5,c547582199094d58bc086cce3495c1cd,
0,duplicate copy,Toledo-Lucas County Port Authority,public,owner username (hand-checked),existing,Facility One Communication Lines_1,ToledoPort1955,Facility1_Communication,295,https://services9.arcgis.com/Z2CMrJ3MhQaTnck3/arcgis/rest/services/Facility_One_Communication_Lines_1/FeatureServer/0,939f73d837fa47a59c42d1b8fd4e0866,
0,publisher: unknown,Chandler66,unknown,owner username,existing,South Bay Fiber Network_WFL1,Chandler66,Fiber Network,292,https://services6.arcgis.com/aaHc844r9MO5oJql/arcgis/rest/services/South_Bay_Fiber_Network_WFL1/FeatureServer/2,3d38f67c3cc541afa6cff7acebe03d7d,
0,publisher: demo/sample,Esri,demo/sample,item credits,existing,DCOEnergy_CommunicationsSystem_viewing,RoFerdinand,Distribution Cable,285,https://services8.arcgis.com/4CrsNT91n9C10gee/arcgis/rest/services/CommunicationsSystem_viewing_661bd5d820e84b1dbd865bbad20551b7/FeatureServer/715035,3e7243af0c184357b6ae3878f331b20a,
0,service drop,cgholladay65,unknown,owner username,existing,Fastwyre_MTC_ COPPER AND FIBER NETWORK 2024_WFL1,cgholladay65,c-drop,279,https://services3.arcgis.com/J01UrYgLSgRvRWvT/arcgis/rest/services/Fastwyre_MTC__COPPER_AND_FIBER_NETWORK_2024_WFL1/FeatureServer/84,6ac37884fe1843489a4d8240db4eacbb,
0,publisher: unknown,Noc@sfnnv.com,unknown,owner username,existing,FIBER_CABLE_LYO_0979,Noc@sfnnv.com,FIBER_CABLE_LYO_0979,278,https://services7.arcgis.com/YLexQkxGrrnYnXML/arcgis/rest/services/FIBER_CABLE_LYO_0979/FeatureServer/0,d99fa5875f574e178bb161f5e6f3f7d9,
0,publisher: demo/sample,Esri Nederland,demo/sample,arcgis org,existing,ResultsMDE,OudCollegaContent,Network Routes,272,https://services.arcgis.com/emS4w7iyWEQiulAb/arcgis/rest/services/ResultsMDE/FeatureServer/14,3549eb04eb5a42f58d656c6eb6a3a2a2,
0,duplicate copy,Otelco,carrier,owner username (hand-checked),existing,AL_HCOFF_1_ACTIVE_FIBER_MAP_WFL1,nolan.west@otelco.com_otelco,AL_HCOFF_1_ACTIVE_FIBER,259,https://services7.arcgis.com/6yqxoehjaVZJCNqj/arcgis/rest/services/AL_HCOFF_1_ACTIVE_FIBER_MAP_WFL1/FeatureServer/0,7d1f8c74c8a04dd99349a0ea6c5c098a,
0,publisher: other,layer8development,other,item credits,existing,QC MAP,layer8development,CONDUIT_QC,246,https://services7.arcgis.com/qfS1jGEzi90H6vPG/arcgis/rest/services/QC_MAP/FeatureServer/4,ea0b0c9c47784e9cac1098456c5d22b0,
0,publisher: other,AutoCad as-builts and Kevin Enders (intern),other,item credits,existing,Conduit,jonesgs,Conduit,242,https://services.arcgis.com/MnSL3OxrZYrc6w4v/arcgis/rest/services/Conduit/FeatureServer/1,7bfa2eaa34ad458e9249c80d4255a3d3,
0,publisher: demo/sample,AGOL,demo/sample,arcgis org,existing,FiberOpticCable2,Richard.Bailey@DaytonOhio.gov,FiberOpticCable2,234,https://services2.arcgis.com/3dDB2Kk6kuA2gIGw/arcgis/rest/services/FiberOpticCable2/FeatureServer/0,c43da42d620f42e0bc29878fdabfd434,
0,publisher: unknown,bienalon,unknown,owner username,existing,Castle_WebApp_Fiber_FS,bienalon,Fiber_Optics,234,https://services.arcgis.com/w0K9MAswvUFWyjPZ/arcgis/rest/services/Castle_WebApp_Fiber_FS/FeatureServer/0,69641ab7ef90442fb9c68c7891f0af0c,
0,publisher: unknown,jcsmith1,unknown,owner username,existing,AspenConduitLayer,jcsmith1,Conduit,230,https://services2.arcgis.com/OHynDFZ1SVDsGFwm/arcgis/rest/services/AspenConduitLayer/FeatureServer/0,691173674cef4ef582eafe3e30a4688b,
0,publisher: consultant,DLZ,consultant,arcgis org,planned,Proposed Fiber Routes,jwoodman,Proposed Fiber Routes,228,https://services5.arcgis.com/0Zxdzkr2RDoDbXEQ/arcgis/rest/services/Proposed_Fiber_Routes/FeatureServer/2,c3458a7c030644e1ada5c103588a8025,
0,publisher: demo/sample,AGOL,demo/sample,arcgis org,existing,Apex_Dayton City Fiber Layout Map_WFL1,Richard.Bailey@DaytonOhio.gov,UG_FiberCable,228,https://services2.arcgis.com/3dDB2Kk6kuA2gIGw/arcgis/rest/services/Apex_Dayton_City_Fiber_Layout_Map_WFL1/FeatureServer/9,c888b97448644245a2a289f3b3ac1c9d,
0,copy of Zayo routes,Florida DOT District 7 (Westshore Interchange project),public,public agency project account (hand-checked),existing,FDOT D7 Westshore surveyed utilities: Zayo,,UTEXRD_ZAYO_20250324,226,https://services9.arcgis.com/ssjvmF1sZLRQUcYv/arcgis/rest/services/UTEXRD_ZAYO_20250324/FeatureServer/417,,infrapedia lead
0,publisher: unknown,MMount2123,unknown,owner username,existing,IT_Infrastructure_UseThis_WFL1,MMount2123,CityOfOwassoFiber,224,https://services1.arcgis.com/VJvqwZ3JnU52C9ua/arcgis/rest/services/IT_Infrastructure_UseThis_WFL1/FeatureServer/3,a78e1cd1ff6a472cb1a53f99f4f0102c,
0,publisher: unknown,Akudinov1,unknown,owner username,existing,Fiber Conduit - Underground,Akudinov1,Fiber Conduit - Underground,221,https://services9.arcgis.com/9x9lgeLv6zTWYbEo/arcgis/rest/services/Fiber_Conduit/FeatureServer/0,e338e9d33be84a8a9dff60d6709558f7,
0,publisher: unknown,RobertBuck,unknown,owner username,existing,Traffic Fiber Network,RobertBuck,TrafficFiberNetwork,219,https://services3.arcgis.com/waC30SNtVvCK7olj/arcgis/rest/services/Traffic_Fiber_Network/FeatureServer/0,ef3831cc5ab54d56bf0ba37a6f2f5f07,
0,publisher: consultant,enFocus Inc.,consultant,arcgis org,existing,ElkhartFiber2,admin@sbenfocus.org,ElkhartFiber2,219,https://services1.arcgis.com/vsxSgyf5UmOzvtbf/arcgis/rest/services/ElkhartFiber2/FeatureServer/0,2ccb39dafd314280a17938beceb119d2,
0,publisher: demo/sample,Esri,demo/sample,item credits,existing,CommunicationsSystem_editing,RmontoyaTDI,Distribution Cable,217,https://services6.arcgis.com/osfd1ajiPchobHxV/arcgis/rest/services/CommunicationsSystem_editing_c040de9e41de47869e9dfb8ddabd7fb0/FeatureServer/715035,f718733e6e2040a4ace99693307aeb53,
0,publisher: demo/sample,Esri,demo/sample,item credits,existing,CommunicationsSystem_editing,RmontoyaTDI,Communications Conduit,213,https://services6.arcgis.com/osfd1ajiPchobHxV/arcgis/rest/services/CommunicationsSystem_editing_c040de9e41de47869e9dfb8ddabd7fb0/FeatureServer/905109,f718733e6e2040a4ace99693307aeb53,
0,publisher: demo/sample,arcgistelecomteam,demo/sample,owner username,existing,SFT Communications Network (Public) ARCHIVE,arcgistelecomteam,Regional Cable,209,https://services.arcgis.com/B7X7NCOKKXditlwZ/arcgis/rest/services/CommunicationsSystem_public/FeatureServer/715030,9d827489aa5243a8b2e4b3b357051e73,
0,publisher: unknown,mwest3,unknown,owner username,existing,DATA_Fibre_Optic_Lines_PUBLIC,mwest3,Fibre_Lines,206,https://services5.arcgis.com/YrichWXF9aowPgGP/arcgis/rest/services/DATA_Fibre_Optic_Lines_PUBLIC/FeatureServer/0,6708c70589994c15b073256744c05ea7,
0,duplicate copy,ArcGIS Online for Skagit County,public,arcgis org,existing,FiberWebMapAGOL,rvaughan_SkagitCounty,Fiber Distribution,206,https://services1.arcgis.com/ipyDbwUQfysOAPQq/arcgis/rest/services/FiberWebMapAGOL/FeatureServer/28,63c67556a5594b65b86e4d5a3644ea93,
0,publisher: unknown,nheumannlighthousetg,unknown,owner username,existing,Fiber_Master,nheumannlighthousetg,Fiber Line,202,https://services5.arcgis.com/OWzHjHk5M5IBYZ6N/arcgis/rest/services/Fiber_Master/FeatureServer/4,f5a85f758895451f80b9b057e7ea5b31,
0,publisher: other,maps.victoria.ca,other,server hostname,existing,City Of Victoria Owned Fibre Conduit,CityOfVictoriaBC,City Of Victoria Owned Fibre Conduit,201,https://maps.victoria.ca/server/rest/services/OpenData/OpenData_City/MapServer/2,84f3d9e7d6fb448699a257a5c645448f,
0,publisher: demo/sample,AGOL,demo/sample,arcgis org,existing,Apex_Dayton City Fiber Layout Map_WFL1,Richard.Bailey@DaytonOhio.gov,Aerial_FiberCable,199,https://services2.arcgis.com/3dDB2Kk6kuA2gIGw/arcgis/rest/services/Apex_Dayton_City_Fiber_Layout_Map_WFL1/FeatureServer/15,c888b97448644245a2a289f3b3ac1c9d,
0,publisher: unknown,cgholladay65,unknown,owner username,existing,Fastwyre_MTC_ COPPER AND FIBER NETWORK 2024_WFL1,cgholladay65,c-backbone,198,https://services3.arcgis.com/J01UrYgLSgRvRWvT/arcgis/rest/services/Fastwyre_MTC__COPPER_AND_FIBER_NETWORK_2024_WFL1/FeatureServer/30,6ac37884fe1843489a4d8240db4eacbb,
0,publisher: consultant,nmelady_Trihydro,consultant,owner username,existing,CS_FiberLine_Publishing,nmelady_Trihydro,OtherLayers_Lines,198,https://services3.arcgis.com/OlZcR2a5WgcagJMt/arcgis/rest/services/CS_FiberLine_Publishing/FeatureServer/1,4ccbc205b8d24364b8231c24714f6717,
0,publisher: unknown,MMount2123,unknown,owner username,existing,ITFiberLines-Locked,MMount2123,ITFiberLines,195,https://services1.arcgis.com/VJvqwZ3JnU52C9ua/arcgis/rest/services/IT_Infrastructure_WFL1/FeatureServer/1,5936b19015e64ea58cc72029eb438f2f,
0,publisher: consultant,engineering.department,consultant,owner username,existing,Fiber_Optic_Work_in_the_City_Public,engineering.department,Line layer,194,https://services.arcgis.com/p44fQSGBTnSRR4hh/arcgis/rest/services/Fiber_Optic_Work_in_the_City_Public/FeatureServer/0,2b816441dec14bdbac56706e9b75a83a,
0,publisher: unknown,KCoutain_CHA,unknown,owner username,planned,DRAFT McGhee Tyson Existing Fiber Optic Data,KCoutain_CHA,E-CABL-FIBR-EX,191,https://services8.arcgis.com/MVX6tbvWftyS3KBR/arcgis/rest/services/DRAFT_McGhee_Tyson_Existing_Fiber_Optic_Data/FeatureServer/0,010327f253d649fd9d24c5546730d65b,
0,publisher: unknown,jfaulkner_pogis,unknown,owner username,existing,Fiber_Optics_Network_view,jfaulkner_pogis,Fire Optic Conduit,188,https://services1.arcgis.com/EHJIZRZ77WzgIElO/arcgis/rest/services/Fiber_Optics_Network_view/FeatureServer/2,447886040b5e4489aadc9293bec642f7,
0,publisher: unknown,jfaulkner_pogis,unknown,owner username,existing,Fiber Optics Network,jfaulkner_pogis,Fire Optic Conduit,188,https://services1.arcgis.com/EHJIZRZ77WzgIElO/arcgis/rest/services/Fiber_Optics_Network/FeatureServer/2,58189a7cce774e7ba1e23cce7525db22,
0,publisher: unknown,tabitha.smith,unknown,owner username,existing,BluePeak New Sioux Falls Fiber 04282025_WFL1,tabitha.smith,Backbone_Polylines 2025-04-16 173013,187,https://services6.arcgis.com/M20iwblPxfgOK58h/arcgis/rest/services/BluePeak_New_Sioux_Falls_Fiber_04282025_WFL1/FeatureServer/8,fea9407f93a842a5b40bfe95f474de43,
0,publisher: unknown,Noc@sfnnv.com,unknown,owner username,existing,FIBER_CABLE_LYO_0951,Noc@sfnnv.com,FIBER_CABLE_LYO_0951,187,https://services7.arcgis.com/YLexQkxGrrnYnXML/arcgis/rest/services/FIBER_CABLE_LYO_0951/FeatureServer/0,1e80a14b27884ae386afa2a61c02d7c3,
0,publisher: unknown,grey.pittman_GeoGraphTech,unknown,owner username,existing,Clemson_FiberCable,grey.pittman_GeoGraphTech,Fiber Cable,186,https://services8.arcgis.com/qe3sxYGfx01JJXdt/arcgis/rest/services/Clemson_FiberCable/FeatureServer/0,336b6ee75a454fdc832c0de9be359e36,
0,publisher: unknown,Noc@sfnnv.com,unknown,owner username,existing,FIBER_CABLE_EUR_0841,Noc@sfnnv.com,FIBER_CABLE_EUR_0841,183,https://services7.arcgis.com/YLexQkxGrrnYnXML/arcgis/rest/services/FIBER_CABLE_EUR_0841/FeatureServer/0,a67a1fcaf0564f83bd6035bbff4739f8,
0,publisher: unknown,jskiles269,unknown,owner username,existing,___FIBERNET___,jskiles269,Feeder,181,https://services6.arcgis.com/TrCMRSr9CBKziiBY/arcgis/rest/services/___FIBERNET___/FeatureServer/355,7723b4a0f7e645faaa3d291d2da527e4,
0,publisher: other,Maps & Data,other,arcgis org,existing,Communication,AdminLogin1,Buried Comm,179,https://services1.arcgis.com/WGzzp37bqYMLyzDR/arcgis/rest/services/Communication/FeatureServer/1,429fe738524d4f088305e28b466d8afa,
0,publisher: unknown,dthood5,unknown,owner username,existing,BFO Fiber,dthood5,BFO Fiber,171,https://services6.arcgis.com/bkIb0HpWmXH00alq/arcgis/rest/services/Merge_Merge_Merge_BFO_Schools/FeatureServer/0,769aedeae62d4bb38d2e13d42c89798b,
0,publisher: unknown,Sam.Weaver,unknown,owner username,existing,Collection_Communication_Lines_NEW,Sam.Weaver,Collection_Communication_Lines,170,https://services1.arcgis.com/yfalcTIlueMdl9fz/arcgis/rest/services/Collection_Communication_Lines_NEW/FeatureServer/6,2a2148df845542f1b74fd7a761b689ff,
0,publisher: unknown,Sam.Weaver,unknown,owner username,existing,Collection_Communication_Lines,Sam.Weaver,Collection_Communication_Lines,170,https://services1.arcgis.com/yfalcTIlueMdl9fz/arcgis/rest/services/Collection_Communication_Lines/FeatureServer/6,e53bb37277c24e61bbf2f8da01695ba4,
0,publisher: unknown,cyake@jub.com,unknown,owner username,planned,Proposed Route_June_2022,cyake@jub.com,Proposed Route (June 2022),169,https://services1.arcgis.com/QjiQKkFtXufcXWpu/arcgis/rest/services/Proposed_Route_June_2022/FeatureServer/0,88e2b439296b487bbfc55ce78ec26604,
0,publisher: unknown,cyake@jub.com,unknown,owner username,existing,Alternative_May_2022,cyake@jub.com,Route,168,https://services1.arcgis.com/QjiQKkFtXufcXWpu/arcgis/rest/services/Alternative_May_2022/FeatureServer/2,5a39a59817f44c159eef558ce6e56899,
0,publisher: unknown,Noc@sfnnv.com,unknown,owner username,existing,FIBER_CABLE_WAS_0922,Noc@sfnnv.com,FIBER_CABLE_WAS_0922,167,https://services7.arcgis.com/YLexQkxGrrnYnXML/arcgis/rest/services/FIBER_CABLE_WAS_0922/FeatureServer/0,ad5dd5a892e84e6dbfc28b8cb3ce9313,
0,publisher: demo/sample,Esri Nederland,demo/sample,arcgis org,existing,ResultsMDE,OudCollegaContent,Network Segments,163,https://services.arcgis.com/emS4w7iyWEQiulAb/arcgis/rest/services/ResultsMDE/FeatureServer/15,3549eb04eb5a42f58d656c6eb6a3a2a2,
0,publisher: unknown,mchavezav,unknown,owner username,existing,Telecom,mchavezav,Fiber Optic,162,https://services.arcgis.com/p44fQSGBTnSRR4hh/arcgis/rest/services/Telecom/FeatureServer/4,5989f95add5c4d9f894c1298da47c9ba,
0,publisher: unknown,cdedecke,unknown,owner username,existing,City Layers,cdedecke,Approx_City_Fiber_Conduit,157,https://services5.arcgis.com/5hE5PoX87LzkB5tp/arcgis/rest/services/City_Layers/FeatureServer/1,8e7399017e164743aed642c06d856182,
0,publisher: unknown,Liberalwater,unknown,owner username,existing,SWKO Fiber Route Layer,Liberalwater,SWKO Fiber Route,156,https://services6.arcgis.com/nRkmtZHjCBp13izw/arcgis/rest/services/SWKO_Fiber_Route_Layer/FeatureServer/40,df704ab916b6464bbbb3e4131cc6ddfa,
0,publisher: unknown,mktolson,unknown,owner username,existing,Metronet Fiber Optic Locates,mktolson,City of Mankato - Fiber Locates,155,https://services5.arcgis.com/lqLdPJybSWZ5wUWQ/arcgis/rest/services/Metronet_Fiber_Optic_Locates/FeatureServer/1012,1cbb76a7d8004e5bb5f7bace85144ea3,
0,publisher: unknown,mktolson,unknown,owner username,existing,Metronet Fiber Optic Locates,mktolson,City of Mankato - Fiber Locates,155,https://services5.arcgis.com/lqLdPJybSWZ5wUWQ/arcgis/rest/services/Metronet_Fiber_Optic_Locates/FeatureServer/1011,1cbb76a7d8004e5bb5f7bace85144ea3,
0,publisher: unknown,cgholladay65,unknown,owner username,existing,Fastwyre_MTC_ COPPER AND FIBER NETWORK 2024_WFL1,cgholladay65,c-backbone,154,https://services3.arcgis.com/J01UrYgLSgRvRWvT/arcgis/rest/services/Fastwyre_MTC__COPPER_AND_FIBER_NETWORK_2024_WFL1/FeatureServer/22,6ac37884fe1843489a4d8240db4eacbb,
0,duplicate copy,GIS-Department,public,owner username,existing,Fiber_Optic view,GIS-Department,Fiber_Optic,154,https://services.arcgis.com/p44fQSGBTnSRR4hh/arcgis/rest/services/Fiber_Optic_view/FeatureServer/0,a400053e134b47d8b24140ec797dd63a,
0,publisher: unknown,cgholladay65,unknown,owner username,existing,Fastwyre_MTC_ COPPER AND FIBER NETWORK 2024_WFL1,cgholladay65,c-backbone,153,https://services3.arcgis.com/J01UrYgLSgRvRWvT/arcgis/rest/services/Fastwyre_MTC__COPPER_AND_FIBER_NETWORK_2024_WFL1/FeatureServer/56,6ac37884fe1843489a4d8240db4eacbb,
0,electric,"Miami-Dade County, Florida",public,arcgis org,existing,Primary Evacuation Route,MDPublisher,PrimaryEvacuationRoute,152,https://services.arcgis.com/8Pc9XBTAsYuxx9Ny/arcgis/rest/services/PrimaryEvacuationRoute_gdb/FeatureServer/0,3e72cd8f568948af8796f8dfa70b45c5,
0,publisher: consultant,Lochner,consultant,arcgis org,existing,City of Tampa ATMS,lochner.se,Fiber Paths,150,https://services2.arcgis.com/SauGyEuPWFNMB9BQ/arcgis/rest/services/City_Of_Tampa_ATMS/FeatureServer/5,dcf7d393b8c14866ab887c29dc68a721,
0,service drop,cgholladay65,unknown,owner username,existing,Fastwyre_MTC_ COPPER AND FIBER NETWORK 2024_WFL1,cgholladay65,c-drop,149,https://services3.arcgis.com/J01UrYgLSgRvRWvT/arcgis/rest/services/Fastwyre_MTC__COPPER_AND_FIBER_NETWORK_2024_WFL1/FeatureServer/21,6ac37884fe1843489a4d8240db4eacbb,
0,duplicate copy,City of Rocky Mount NC,public,arcgis org,existing,Network_Fiber_Cameras2,CORMGIS1,Network_Fiber,149,https://services.arcgis.com/4MdqIsNzxG7xyTvf/arcgis/rest/services/Network_Fiber_Cameras2/FeatureServer/18,ffccba2fe88d45dda12977f944c5b876,
0,duplicate copy,City of Rocky Mount NC,public,arcgis org,existing,Network Fiber,CORMGIS1,Network Fiber,147,https://services.arcgis.com/4MdqIsNzxG7xyTvf/arcgis/rest/services/Network_Fiber/FeatureServer/51,fb89bde4cc52450f8aee28b9a07051bf,
0,publisher: demo/sample,ArcGIS Solutions Demonstration organization,demo/sample,arcgis org,existing,CommunicationsSystem_viewing,LocalGovTryItLive,Cable,142,https://services6.arcgis.com/Pu6Fai10JE2L2xUd/arcgis/rest/services/CommunicationsSystem_viewing_878934c1f0b9431aa125bf007ba801dd/FeatureServer/8,6aa20715038b4d8db32e8b0610605282,
0,publisher: demo/sample,ArcGIS Solutions Demonstration organization,demo/sample,arcgis org,existing,CommunicationsSystem,LocalGovTryItLive,Cable,142,https://services6.arcgis.com/Pu6Fai10JE2L2xUd/arcgis/rest/services/CommunicationsSystem_878934c1f0b9431aa125bf007ba801dd/FeatureServer/8,e7b9ff0461d6414dbde9b1aebac0ec43,
0,publisher: unknown,bsanders_infiniteusa,unknown,owner username,existing,FQVRNCXA_Greenfield,bsanders_infiniteusa,fiber_cable_feeder.1,140,https://services6.arcgis.com/82StO99lL6o0cCAH/arcgis/rest/services/FQVRNCXA_Greenfield/FeatureServer/17,23cea4a54c0743aea979a73b5825c71c,
0,publisher: demo/sample,Salesforce Sales Performance Management,demo/sample,arcgis org,existing,Crown Castle Fiber Line,joeguerra_MA1,2040_Regional_Transportation_Projects_Line,137,https://services7.arcgis.com/pVoLVK2t5smy6UhX/arcgis/rest/services/2040_Regional_Transportation_Projects_Line/FeatureServer/0,b1936916f4234965af2be3620660d081,
0,publisher: unknown,o_maxim,unknown,owner username,existing,Network,o_maxim,Conduit,137,https://services3.arcgis.com/Wobi1dRiFkLPw0IP/arcgis/rest/services/Network/FeatureServer/15,4b4915f61df34a8d955d907da2551582,
0,publisher: demo/sample,"Esri,. Inc.",demo/sample,item credits,existing,OptikFiber,esri_id1,Conduit,137,https://services2.arcgis.com/LvCBNZuwhTWWbvod/arcgis/rest/services/OptikFiber/FeatureServer/11,84b44f074b2c4d1c85eca4fb753754d8,
0,publisher: other,No Credits,other,item credits,existing,Fiber Cable,CityofAspenGIS,Fiber Cable,136,https://maps.cityofaspen.com/server/rest/services/Fiber/Fiber_Network/FeatureServer/3,e03045e9bd4b4dc6aec80950fe316db1,
0,service drop,AGOL,demo/sample,arcgis org,existing,Apex_Dayton City Fiber Layout Map_WFL1,Richard.Bailey@DaytonOhio.gov,AERIAL_DROP_CABLE,130,https://services2.arcgis.com/3dDB2Kk6kuA2gIGw/arcgis/rest/services/Apex_Dayton_City_Fiber_Layout_Map_WFL1/FeatureServer/16,c888b97448644245a2a289f3b3ac1c9d,
0,publisher: demo/sample,RivercityEsri,demo/sample,owner username,existing,SCADA _ Fiber Utility Network REC_WFL1,RivercityEsri,Routes,129,https://services6.arcgis.com/W9fkD2xCq6TYakWX/arcgis/rest/services/SCADA___Fiber_Utility_Network_REC_WFL1/FeatureServer/2,330f97fbbea54571b6a86dc172de7b26,
0,publisher: demo/sample,RivercityEsri,demo/sample,owner username,existing,SCADA Fiber Utility Network REC_WFL1,RivercityEsri,Routes,129,https://services6.arcgis.com/W9fkD2xCq6TYakWX/arcgis/rest/services/SCADA_Fiber_Utility_Network_REC_WFL1/FeatureServer/2,0e230fdbe62d4fcab0cb9a4d32c6b306,
0,duplicate copy,"City of Smyrna, GA",public,owner username (hand-checked),existing,Fiber_Network_view,Smyrna_GA,FIBER_SECTIONS,125,https://services2.arcgis.com/hE9igMm8RoNeQRbh/arcgis/rest/services/Fiber_Network_view/FeatureServer/4,2a0bbecba5d74a0bae11f6daf9de6b51,
0,publisher: unknown,kana_poco,unknown,owner username,existing,Fibre Optic Network,kana_poco,FibreOpticDucts,124,https://services9.arcgis.com/nz97KciUs5nOw64q/arcgis/rest/services/Fibre_Optic_Network/FeatureServer/0,b76ebec2474341208f204ed47b93f30f,
0,publisher: unknown,jcsmith1,unknown,owner username,existing,AspenFiberProject,jcsmith1,Fiber Route,124,https://services2.arcgis.com/OHynDFZ1SVDsGFwm/arcgis/rest/services/AspenFiberProject/FeatureServer/4,345b52b774304b249282279bbab08258,
0,publisher: unknown,virgilturner,unknown,owner username,existing,REGION10 LOGICAL NETWORK,virgilturner,FIBER NETWORK CONNECTIONS,124,https://services7.arcgis.com/B4FStGaeITqeRGPL/arcgis/rest/services/REGION10_LOGICAL_NETWORK/FeatureServer/3,069ba420ebb84b9697f0a1388043a168,
0,service drop,cgholladay65,unknown,owner username,existing,Fastwyre_MTC_ COPPER AND FIBER NETWORK 2024_WFL1,cgholladay65,c-drop,124,https://services3.arcgis.com/J01UrYgLSgRvRWvT/arcgis/rest/services/Fastwyre_MTC__COPPER_AND_FIBER_NETWORK_2024_WFL1/FeatureServer/55,6ac37884fe1843489a4d8240db4eacbb,
0,publisher: unknown,jfaulkner_pogis,unknown,owner username,existing,Fiber_Optics_Network_view,jfaulkner_pogis,Fiber Optic Cable,122,https://services1.arcgis.com/EHJIZRZ77WzgIElO/arcgis/rest/services/Fiber_Optics_Network_view/FeatureServer/1,447886040b5e4489aadc9293bec642f7,
0,publisher: unknown,jfaulkner_pogis,unknown,owner username,existing,Fiber Optics Network,jfaulkner_pogis,Fiber Optic Cable,122,https://services1.arcgis.com/EHJIZRZ77WzgIElO/arcgis/rest/services/Fiber_Optics_Network/FeatureServer/1,58189a7cce774e7ba1e23cce7525db22,
0,publisher: unknown,hampshiregis,unknown,owner username,existing,KirbyNorthFiberExpansion_gdb,hampshiregis,FiberCable,118,https://services.arcgis.com/AzdwootxJ6KLl1L4/arcgis/rest/services/KirbyNorthFiberExpansion_gdb/FeatureServer/2,73b55617fa184c9d99084eb2084be501,
0,publisher: unknown,ironstridesolutions,unknown,owner username,existing,FiberLines,ironstridesolutions,FiberLines,113,https://services1.arcgis.com/1fso6481LoZc47C5/arcgis/rest/services/FiberLines/FeatureServer/4,200f6bce958e4890bf57a949a92957b5,
0,publisher: unknown,DeltaLakeID,unknown,owner username,existing,BayRunner_Crossings_Fiber_Optic,DeltaLakeID,Polylines,108,https://services3.arcgis.com/XMQKAgZWwkgJkYhx/arcgis/rest/services/BayRunner_Crossings_Fiber_Optic/FeatureServer/3,0b7123b5fb754bc3840b8ce4b5f7cd69,
0,publisher: unknown,cgholladay65,unknown,owner username,existing,Fastwyre_MTC_ COPPER AND FIBER NETWORK 2024_WFL1,cgholladay65,c-backbone,107,https://services3.arcgis.com/J01UrYgLSgRvRWvT/arcgis/rest/services/Fastwyre_MTC__COPPER_AND_FIBER_NETWORK_2024_WFL1/FeatureServer/50,6ac37884fe1843489a4d8240db4eacbb,
0,publisher: unknown,paultierney,unknown,owner username,existing,ITS Existing Fiber Features_shp,paultierney,ITS_Existing_Fiber_Features_shp,103,https://services6.arcgis.com/EHhJx7V4ByXIPvxe/arcgis/rest/services/ITS_Existing_Fiber_Features_shp/FeatureServer/0,1bf56df6282e434bb13866d5794faed0,
0,publisher: unknown,cgholladay65,unknown,owner username,existing,Fastwyre_MTC_ COPPER AND FIBER NETWORK 2024_WFL1,cgholladay65,c-backbone,98,https://services3.arcgis.com/J01UrYgLSgRvRWvT/arcgis/rest/services/Fastwyre_MTC__COPPER_AND_FIBER_NETWORK_2024_WFL1/FeatureServer/38,6ac37884fe1843489a4d8240db4eacbb,
0,publisher: consultant,ExultEngineering,consultant,owner username,existing,CDOT ITS Asset ToolPublish_WFL1,ExultEngineering,Camera Cables,98,https://services3.arcgis.com/KeHpkB2z2Rm4PO4O/arcgis/rest/services/CDOT_ITS_Asset_ToolPublish_WFL1/FeatureServer/16,65d71dd5405c4655b814a516b04db2ff,
0,service drop,cgholladay65,unknown,owner username,existing,Fastwyre_MTC_ COPPER AND FIBER NETWORK 2024_WFL1,cgholladay65,c-drop,97,https://services3.arcgis.com/J01UrYgLSgRvRWvT/arcgis/rest/services/Fastwyre_MTC__COPPER_AND_FIBER_NETWORK_2024_WFL1/FeatureServer/29,6ac37884fe1843489a4d8240db4eacbb,
0,publisher: demo/sample,AGOL,demo/sample,arcgis org,existing,Apex_Dayton City Fiber Layout Map_WFL1,Richard.Bailey@DaytonOhio.gov,ATT_Conduit,96,https://services2.arcgis.com/3dDB2Kk6kuA2gIGw/arcgis/rest/services/Apex_Dayton_City_Fiber_Layout_Map_WFL1/FeatureServer/14,c888b97448644245a2a289f3b3ac1c9d,
0,service drop,ArcGIS Team Local Gov,demo/sample,arcgis org,existing,CommunicationsSystem_viewing,gjoseph_localgov,Drop Cable,93,https://services.arcgis.com/b6gLrKHqgkQb393u/arcgis/rest/services/CommunicationsSystem_viewing_2f8dd82b519143a89603aa2b1d669588/FeatureServer/715045,dde86fe1c2e04197958fbe57e6e67bd5,
0,service drop,ArcGIS Team Local Gov,demo/sample,arcgis org,existing,CommunicationsSystem_field_inventory,gjoseph_localgov,Drop Cable,93,https://services.arcgis.com/b6gLrKHqgkQb393u/arcgis/rest/services/CommunicationsSystem_field_inventory_2f8dd82b519143a89603aa2b1d669588/FeatureServer/715045,0eca6d18f2484c6487201018a477f360,
0,service drop,ArcGIS Team Local Gov,demo/sample,arcgis org,existing,CommunicationsSystem_editing,gjoseph_localgov,Drop Cable,93,https://services.arcgis.com/b6gLrKHqgkQb393u/arcgis/rest/services/CommunicationsSystem_editing_2f8dd82b519143a89603aa2b1d669588/FeatureServer/715045,bf198062027f43a4bdfb5649cd4aabce,
0,service drop,ArcGIS Team Local Gov,demo/sample,arcgis org,existing,CommunicationsSystem,gjoseph_localgov,Drop Cable,93,https://services.arcgis.com/b6gLrKHqgkQb393u/arcgis/rest/services/CommunicationsSystem_2f8dd82b519143a89603aa2b1d669588/FeatureServer/715045,79d09d731d2f48b39d64f7f4e0789139,
0,service drop,ArcGIS Solutions Demonstration organization,demo/sample,arcgis org,existing,CommunicationsSystem_viewing,LocalGovTryItLive,Drop Cable,92,https://services6.arcgis.com/Pu6Fai10JE2L2xUd/arcgis/rest/services/CommunicationsSystem_viewing_cf69db6f4f9341e9afbace32e57ebe89/FeatureServer/715045,e9c0cb03d89842dabebce192c6ffa520,
0,service drop,ArcGIS Solutions Demonstration organization,demo/sample,arcgis org,existing,CommunicationsSystem_field_inventory,LocalGovTryItLive,Drop Cable,92,https://services6.arcgis.com/Pu6Fai10JE2L2xUd/arcgis/rest/services/CommunicationsSystem_field_inventory_cf69db6f4f9341e9afbace32e57ebe89/FeatureServer/715045,9a62b6c32bde4a169435accb3700097c,
0,service drop,ArcGIS Solutions Demonstration organization,demo/sample,arcgis org,existing,CommunicationsSystem_editing,LocalGovTryItLive,Drop Cable,92,https://services6.arcgis.com/Pu6Fai10JE2L2xUd/arcgis/rest/services/CommunicationsSystem_editing_cf69db6f4f9341e9afbace32e57ebe89/FeatureServer/715045,70b2bc7bd0f04364957c53a6de42012a,
0,service drop,ArcGIS Solutions Demonstration organization,demo/sample,arcgis org,existing,CommunicationsSystem,LocalGovTryItLive,Drop Cable,92,https://services6.arcgis.com/Pu6Fai10JE2L2xUd/arcgis/rest/services/CommunicationsSystem_cf69db6f4f9341e9afbace32e57ebe89/FeatureServer/715045,106786780f144405a0151cd1d55efebf,
0,publisher: unknown,mktolson,unknown,owner username,existing,Metronet Fiber Optic Locates,mktolson,Metronet Partnership Agreements,90,https://services5.arcgis.com/lqLdPJybSWZ5wUWQ/arcgis/rest/services/Metronet_Fiber_Optic_Locates/FeatureServer/0,1cbb76a7d8004e5bb5f7bace85144ea3,
0,publisher: unknown,MGS_TMattimiro,unknown,owner username,existing,ISU Fiber Network,MGS_TMattimiro,Fiber Cable,87,https://services6.arcgis.com/MgHatnn8VBHh0mIt/arcgis/rest/services/ISU_Fiber_Network/FeatureServer/3,011b3abbf1424332b1586f4471ce2b34,
0,duplicate copy,ArcGIS Online for Skagit County,public,arcgis org,existing,FiberWebMapAGOL,rvaughan_SkagitCounty,Fiber Backbone,87,https://services1.arcgis.com/ipyDbwUQfysOAPQq/arcgis/rest/services/FiberWebMapAGOL/FeatureServer/27,63c67556a5594b65b86e4d5a3644ea93,
0,publisher: unknown,Noc@sfnnv.com,unknown,owner username,existing,FIBER_CABLE_WAS_0938,Noc@sfnnv.com,FIBER_CABLE_WAS_0938,81,https://services7.arcgis.com/YLexQkxGrrnYnXML/arcgis/rest/services/FIBER_CABLE_WAS_0938/FeatureServer/0,5c0e31d4caa24d55af1a5186061b60bb,
0,duplicate copy,"City of Lakewood, Colorado",public,arcgis org,existing,LkwdFiber,Lkwdsoftwareservices,Fiber_Cable,81,https://services.arcgis.com/PFikmPaTMlt2KX1O/arcgis/rest/services/LkwdFiber/FeatureServer/2,4d45c324ba624f6395540eaa9ee0a652,
0,publisher: other,"  Greenville, North Carolina",other,arcgis org,existing,IT Underground,nwalton_cog,IT_Underground_Fiber,80,https://services2.arcgis.com/VSBiNLpPiT129XQl/arcgis/rest/services/IT_Underground/FeatureServer/0,c8c2dd61399b45dbaca8ad4f1fefa435,
0,publisher: unknown,bdoub_CHA,unknown,owner username,existing,Communication Fiber Cable,bdoub_CHA,CommFiberCbl,80,https://services8.arcgis.com/MVX6tbvWftyS3KBR/arcgis/rest/services/Communication_Fiber_Cable_view/FeatureServer/43,d6aac40bc79e4e05b0421b2a1d8f6105,
0,service drop,AGOL,demo/sample,arcgis org,existing,Apex_Dayton City Fiber Layout Map_WFL1,Richard.Bailey@DaytonOhio.gov,UG_DROP_CABLE,80,https://services2.arcgis.com/3dDB2Kk6kuA2gIGw/arcgis/rest/services/Apex_Dayton_City_Fiber_Layout_Map_WFL1/FeatureServer/10,c888b97448644245a2a289f3b3ac1c9d,
0,service drop,cgholladay65,unknown,owner username,existing,Fastwyre_MTC_ COPPER AND FIBER NETWORK 2024_WFL1,cgholladay65,c-drop,77,https://services3.arcgis.com/J01UrYgLSgRvRWvT/arcgis/rest/services/Fastwyre_MTC__COPPER_AND_FIBER_NETWORK_2024_WFL1/FeatureServer/49,6ac37884fe1843489a4d8240db4eacbb,
0,publisher: demo/sample,"Esri,. Inc.",demo/sample,item credits,existing,OptikFiber,esri_id1,Fiber Cable,76,https://services2.arcgis.com/LvCBNZuwhTWWbvod/arcgis/rest/services/OptikFiber/FeatureServer/3,84b44f074b2c4d1c85eca4fb753754d8,
0,publisher: consultant,nmelady_Trihydro,consultant,owner username,existing,CS_FiberLine_Publishing,nmelady_Trihydro,ExhibitD_FiberLine,75,https://services3.arcgis.com/OlZcR2a5WgcagJMt/arcgis/rest/services/CS_FiberLine_Publishing/FeatureServer/34,4ccbc205b8d24364b8231c24714f6717,
0,publisher: demo/sample,RivercityEsri,demo/sample,owner username,planned,AWS_Orrock Proposed Fiber Path_WFL1,RivercityEsri,Proposed Fiber Path,75,https://services6.arcgis.com/W9fkD2xCq6TYakWX/arcgis/rest/services/AWS_Orrock_Proposed_Fiber_Path_WFL1/FeatureServer/2,0a8739e88a8b4858bed9135fd0922dd6,
0,publisher: unknown,cyake@jub.com,unknown,owner username,existing,Nez Perce_Grangeville Route,cyake@jub.com,Nez Perce-Grangeville Route,73,https://services1.arcgis.com/QjiQKkFtXufcXWpu/arcgis/rest/services/Nez_Perce_Grangeville_Route/FeatureServer/68,7911d5ddcb2d4da08ec68b744b45a6f0,
0,publisher: demo/sample,Esri's Telecom Team,demo/sample,item credits,existing,Backhaul_Results,arcgistelecomteam,Backbone Network,69,https://services.arcgis.com/B7X7NCOKKXditlwZ/arcgis/rest/services/Backhaul_Results/FeatureServer/4,3de5b419b51349bdac16e8dd9c876e89,
0,publisher: demo/sample,Esri's Telecom Team,demo/sample,item credits,existing,SFT Fiber Backbone,arcgistelecomteam,Fiber Backbone,69,https://services.arcgis.com/B7X7NCOKKXditlwZ/arcgis/rest/services/SFT_Fiber_Backbone/FeatureServer/0,72b1ac25555643be852f67a2e3888d14,
0,publisher: other,No Credits,other,item credits,planned,Fiber Cable Proposed,CityofAspenGIS,Fiber Cable Proposed,68,https://maps.cityofaspen.com/server/rest/services/Fiber/Proposed_Fiber_Network/FeatureServer/3,6c0b4911981e4ca7a5d54686826a9957,
0,publisher: unknown,o_maxim,unknown,owner username,existing,Network,o_maxim,Fiber Cable,66,https://services3.arcgis.com/Wobi1dRiFkLPw0IP/arcgis/rest/services/Network/FeatureServer/14,4b4915f61df34a8d955d907da2551582,
0,duplicate copy,County of Summit GIS,public,arcgis org,existing,Akron Area Criminal Justice Ring Map_WFL1,Summit_Admin,Akron Only - Criminal Justice Ring,63,https://services3.arcgis.com/3Ukh5HzAdI6WZ3KP/arcgis/rest/services/Akron_Area_Criminal_Justice_Ring_Map_WFL1/FeatureServer/3,45c66eeb567247bf8d5f3ed9941a7aa9,
0,publisher: unknown,cyake@jub.com,unknown,owner username,existing,New Fiber Route,cyake@jub.com,New Fiber Route,62,https://services1.arcgis.com/QjiQKkFtXufcXWpu/arcgis/rest/services/New_Fiber_Route/FeatureServer/149,44eda0dc962f44d3a7c2ef957f3cc1fd,
0,publisher: demo/sample,Esri's Telecom Team,demo/sample,item credits,existing,SFT Fiber Backbone,arcgistelecomteam,National Longhaul,59,https://services.arcgis.com/B7X7NCOKKXditlwZ/arcgis/rest/services/SFT_Fiber_Backbone/FeatureServer/1,72b1ac25555643be852f67a2e3888d14,
0,publisher: other,Taylor Hunter,other,item credits,existing,Cell_Map,thunter22,Fiber lines,58,https://services8.arcgis.com/N334FOEnkH2pYwmq/arcgis/rest/services/Cell_Map/FeatureServer/7,26dc69b246c14fae950f025a7a4c76e1,
0,publisher: unknown,jskiles269,unknown,owner username,existing,___FIBERNET___,jskiles269,Backbone,57,https://services6.arcgis.com/TrCMRSr9CBKziiBY/arcgis/rest/services/___FIBERNET___/FeatureServer/359,7723b4a0f7e645faaa3d291d2da527e4,
0,publisher: unknown,shai.fullmer,unknown,owner username,existing,MMD_Fiber-Lines,shai.fullmer,MMD_Fiber-Lines,57,https://services2.arcgis.com/UQZwdzRccrtOsnDL/arcgis/rest/services/FiberLines_MMD/FeatureServer/0,a079d9e5688e4c2dad2fdb02c1fb3b87,
0,publisher: unknown,piper.livingston,unknown,owner username,existing,Fiber Lines,piper.livingston,Fiber Lines,57,https://services3.arcgis.com/pi8Rll0S1Iwgkq8o/arcgis/rest/services/Fiber_Lines/FeatureServer/0,1deb431f7f3447d6806552c25bb43c5d,
0,copy of Lumen routes,Makah Tribe,public,arcgis org (hand-checked),planned,CL_Fiber_Line_Proposed,makah.realty,FiberLine_fmLumen_Proposed,56,https://services9.arcgis.com/bX2xeX2HlRqsq64o/arcgis/rest/services/CL_Fiber_Line_Proposed/FeatureServer/0,cf8efc9b321641f6ad8b52c948141d0c,
0,publisher: unknown,cgholladay65,unknown,owner username,existing,Fastwyre_MTC_ COPPER AND FIBER NETWORK 2024_WFL1,cgholladay65,c-backbone,54,https://services3.arcgis.com/J01UrYgLSgRvRWvT/arcgis/rest/services/Fastwyre_MTC__COPPER_AND_FIBER_NETWORK_2024_WFL1/FeatureServer/11,6ac37884fe1843489a4d8240db4eacbb,
0,service drop,cgholladay65,unknown,owner username,existing,Fastwyre_MTC_ COPPER AND FIBER NETWORK 2024_WFL1,cgholladay65,c-drop,53,https://services3.arcgis.com/J01UrYgLSgRvRWvT/arcgis/rest/services/Fastwyre_MTC__COPPER_AND_FIBER_NETWORK_2024_WFL1/FeatureServer/37,6ac37884fe1843489a4d8240db4eacbb,
0,publisher: unknown,eklimowski,unknown,owner username,existing,Norwalk Fiber Optics,eklimowski,Fiber Optic Conduit,52,https://services.arcgis.com/lcU85Lh3UvDs5Naw/arcgis/rest/services/Norwalk_Fiber_Optics/FeatureServer/2,758032fff18f4bbba07a5c17ed31f231,
0,service drop,AGOL,demo/sample,arcgis org,existing,Apex_Dayton City Fiber Layout Map_WFL1,Richard.Bailey@DaytonOhio.gov,Service_Drop,52,https://services2.arcgis.com/3dDB2Kk6kuA2gIGw/arcgis/rest/services/Apex_Dayton_City_Fiber_Layout_Map_WFL1/FeatureServer/12,c888b97448644245a2a289f3b3ac1c9d,
0,publisher: other,maps.langleycity.ca,other,server hostname,existing,Fibre Optic Lines,LangleyCityGIS,Fibre Optic Line,51,https://maps.langleycity.ca/server/rest/services/Maps/Open_Data/MapServer/65,53726d607c624a928bf0b1f772a1da8d,
0,publisher: unknown,MAC_Admin,unknown,owner username,existing,Fiber Optics,MAC_Admin,FiberOptic,49,https://services9.arcgis.com/zYjZLdIJCvvIF7ph/arcgis/rest/services/Fiber_Optics/FeatureServer/0,eee58e7333344202a799610e7e140f6a,
0,publisher: unknown,jcrolfzen,unknown,owner username,existing,Alternative 2 Route,jcrolfzen,Alternative_2_Route,49,https://services8.arcgis.com/IDp5lohDMREgQD03/arcgis/rest/services/Alternative_2_Route/FeatureServer/0,9eff890eeb394e35bb4dbd27b176f561,
0,publisher: demo/sample,ArcGIS Team Local Gov,demo/sample,arcgis org,existing,CommunicationsSystem_viewing,gjoseph_localgov,Wire Duct Bank,49,https://services.arcgis.com/b6gLrKHqgkQb393u/arcgis/rest/services/CommunicationsSystem_viewing_2f8dd82b519143a89603aa2b1d669588/FeatureServer/905102,dde86fe1c2e04197958fbe57e6e67bd5,
0,publisher: demo/sample,ArcGIS Team Local Gov,demo/sample,arcgis org,existing,CommunicationsSystem_field_inventory,gjoseph_localgov,Wire Duct Bank,49,https://services.arcgis.com/b6gLrKHqgkQb393u/arcgis/rest/services/CommunicationsSystem_field_inventory_2f8dd82b519143a89603aa2b1d669588/FeatureServer/905102,0eca6d18f2484c6487201018a477f360,
0,publisher: demo/sample,ArcGIS Solutions Demonstration organization,demo/sample,arcgis org,existing,CommunicationsSystem_viewing,LocalGovTryItLive,Wire Duct Bank,49,https://services6.arcgis.com/Pu6Fai10JE2L2xUd/arcgis/rest/services/CommunicationsSystem_viewing_cf69db6f4f9341e9afbace32e57ebe89/FeatureServer/905102,e9c0cb03d89842dabebce192c6ffa520,
0,publisher: demo/sample,ArcGIS Team Local Gov,demo/sample,arcgis org,existing,CommunicationsSystem_editing,gjoseph_localgov,Wire Duct Bank,49,https://services.arcgis.com/b6gLrKHqgkQb393u/arcgis/rest/services/CommunicationsSystem_editing_2f8dd82b519143a89603aa2b1d669588/FeatureServer/905102,bf198062027f43a4bdfb5649cd4aabce,
0,publisher: demo/sample,ArcGIS Solutions Demonstration organization,demo/sample,arcgis org,existing,CommunicationsSystem_field_inventory,LocalGovTryItLive,Wire Duct Bank,49,https://services6.arcgis.com/Pu6Fai10JE2L2xUd/arcgis/rest/services/CommunicationsSystem_field_inventory_cf69db6f4f9341e9afbace32e57ebe89/FeatureServer/905102,9a62b6c32bde4a169435accb3700097c,
0,publisher: demo/sample,ArcGIS Team Local Gov,demo/sample,arcgis org,existing,CommunicationsSystem,gjoseph_localgov,Wire Duct Bank,49,https://services.arcgis.com/b6gLrKHqgkQb393u/arcgis/rest/services/CommunicationsSystem_2f8dd82b519143a89603aa2b1d669588/FeatureServer/905102,79d09d731d2f48b39d64f7f4e0789139,
0,publisher: demo/sample,ArcGIS Solutions Demonstration organization,demo/sample,arcgis org,existing,CommunicationsSystem_editing,LocalGovTryItLive,Wire Duct Bank,49,https://services6.arcgis.com/Pu6Fai10JE2L2xUd/arcgis/rest/services/CommunicationsSystem_editing_cf69db6f4f9341e9afbace32e57ebe89/FeatureServer/905102,70b2bc7bd0f04364957c53a6de42012a,
0,publisher: demo/sample,ArcGIS Solutions Demonstration organization,demo/sample,arcgis org,existing,CommunicationsSystem,LocalGovTryItLive,Wire Duct Bank,49,https://services6.arcgis.com/Pu6Fai10JE2L2xUd/arcgis/rest/services/CommunicationsSystem_cf69db6f4f9341e9afbace32e57ebe89/FeatureServer/905102,106786780f144405a0151cd1d55efebf,
0,publisher: unknown,amscllc,unknown,owner username,existing,Fiber Routes,amscllc,Fiber_Routes,48,https://services1.arcgis.com/WTXhkvI9mSg0lzhr/arcgis/rest/services/Fiber_Routes/FeatureServer/0,8bc14839abc244b0be8c57716cbae883,
0,publisher: unknown,jcrolfzen,unknown,owner username,existing,Winter Trai l2025 Fiber Line,jcrolfzen,Winter_Trai_l2025_Fiber_Line,47,https://services8.arcgis.com/IDp5lohDMREgQD03/arcgis/rest/services/Winter_Trai_l2025_Fiber_Line/FeatureServer/0,3d0a395956884b09930fed971ec51b65,
0,publisher: unknown,Thrasher_User01,unknown,owner username,planned,PROPOSED_FIBER_ROUTE_view,Thrasher_User01,PROPOSED ROUTE,47,https://services5.arcgis.com/6Ryg1DYnVze4GYYo/arcgis/rest/services/PROPOSED_FIBER_ROUTE_view/FeatureServer/6,1e530a9f9330426d88dda75183af48be,
0,publisher: unknown,jcrolfzen,unknown,owner username,existing,Broadband Fiber Route June 2025 (Current),jcrolfzen,Broadband_Fiber_Route_June_2025_(Current),47,https://services8.arcgis.com/IDp5lohDMREgQD03/arcgis/rest/services/Broadband_Fiber_Route_June_2025_(Current)/FeatureServer/0,0306d75f2ea24b55b9b6178a80067c46,
0,publisher: unknown,alvaro.garcia@halff.com,unknown,owner username,planned,Broadband Proposed Fiber Lines,alvaro.garcia@halff.com,Broadband_Proposed_Fiber_Lines,47,https://services.arcgis.com/1oF9XVrVYcFTsAKj/arcgis/rest/services/Broadband_Proposed_Fiber_Lines/FeatureServer/0,c0b222be34e846b9803246ec25e2f29a,
0,publisher: unknown,bcarter_sitetracker,unknown,owner username,existing,Sitetracker Fiber,bcarter_sitetracker,Distribution_Cable,46,https://services7.arcgis.com/kz0fowMmnpdEMZXA/arcgis/rest/services/Sitetracker_Fiber/FeatureServer/5,3ece9ab40f214474828f85c21845aed6,
0,publisher: unknown,alyssawood,unknown,owner username,existing,Thorndike Presented Map 1_WFL1,alyssawood,Final Product After New Build,46,https://services7.arcgis.com/NanlOhKb0A7a7kSU/arcgis/rest/services/Thorndike_Presented_Map_1_WFL1/FeatureServer/1,a4f1e0f61eea4ea4a0e8ab3bcb105263,
0,duplicate copy,Region 4 Planning and Development Council,public,arcgis org,existing,Webster_ARC_Fiber,Region4,Polylines,46,https://services8.arcgis.com/aPNo3KjV6fgrbzfN/arcgis/rest/services/Webster_ARC_Fiber/FeatureServer/1,7cbbde7b9f9a4a978449f6674e0c4837,
0,publisher: unknown,dwoodrum,unknown,owner username,existing,FiberLines,dwoodrum,FiberLines,44,https://services3.arcgis.com/tqxvrl7BFGNfxMFd/arcgis/rest/services/FiberLines/FeatureServer/1,92ce917fa50d4093b1e3a8c9ddff5413,
0,publisher: unknown,stcrpdb,unknown,owner username,existing,Fiber Route,stcrpdb,Fiber Route,43,https://services2.arcgis.com/qO6xd1V1VbSyViir/arcgis/rest/services/Fiber_Route/FeatureServer/0,3037b92988f8450db8ce87f828c579f3,
0,duplicate copy,Region 4 Planning and Development Council,public,arcgis org,planned,ROC Proposed Fiber Routes,Region4,Polylines,43,https://services8.arcgis.com/aPNo3KjV6fgrbzfN/arcgis/rest/services/ROC_Proposed_Fiber_Routes/FeatureServer/4,da3e52048e934c3188a0a469e0dfb5c4,
0,publisher: unknown,ErikKlosiewski,unknown,owner username,existing,CTGR Fiber,ErikKlosiewski,Fiber,42,https://services3.arcgis.com/O8Ql7t6Za7L8aGkQ/arcgis/rest/services/CTGR_Fiber/FeatureServer/68,9bca22640f964ca6b394caf1e67f4009,
0,publisher: unknown,cgholladay65,unknown,owner username,existing,Fastwyre_MTC_ COPPER AND FIBER NETWORK 2024_WFL1,cgholladay65,f-backbone,42,https://services3.arcgis.com/J01UrYgLSgRvRWvT/arcgis/rest/services/Fastwyre_MTC__COPPER_AND_FIBER_NETWORK_2024_WFL1/FeatureServer/74,6ac37884fe1843489a4d8240db4eacbb,
0,electric,PRussell_Cityofmlt,public,owner username,existing,UG_Power_Fiber_gdb,PRussell_Cityofmlt,PUD_Abandoned_UG_Conductor,42,https://services.arcgis.com/efPDmjgxOd3NdvZV/arcgis/rest/services/UG_Power_Fiber_gdb/FeatureServer/9,97ab91d139e2484dabc8dd04ba09e179,
0,publisher: consultant,"Creighton Manning Engineering, LLP",consultant,arcgis org,existing,NFTA Fiber Connections,jwong_cmellp,NFTA_Fiber_Connections_Lines,41,https://services3.arcgis.com/9qXdejD95RJW2c9F/arcgis/rest/services/NFTA_Fiber_Connections/FeatureServer/0,aa03cbb6e8b34e84bc9f98558b680de4,
0,publisher: unknown,nheumannlighthousetg,unknown,owner username,existing,New CDOT R2 Fiber,nheumannlighthousetg,PointMan_Features_line,41,https://services5.arcgis.com/OWzHjHk5M5IBYZ6N/arcgis/rest/services/New_CDOT_R2_Fiber/FeatureServer/3,7e00ee260c2547bb9d7780d871ed2769,
0,publisher: unknown,jwong_CME,unknown,owner username,existing,NFTA Fiber Connections,jwong_CME,NFTA_Fiber_Connections_Lines,41,https://services1.arcgis.com/NbEF7l0gBsrypoec/arcgis/rest/services/NFTA_Fiber_Connections/FeatureServer/0,b2619fffd7d242b594c37502e1ffedee,
0,publisher: unknown,Noc@sfnnv.com,unknown,owner username,existing,FIBER_CABLE_HUM_0752,Noc@sfnnv.com,FIBER_CABLE_HUM_0752,40,https://services7.arcgis.com/YLexQkxGrrnYnXML/arcgis/rest/services/FIBER_CABLE_HUM_0752/FeatureServer/0,fc99c5728dbd4f6f9f683cbe289d1e4c,
0,publisher: unknown,LLBODRMGIS,unknown,owner username,existing,Fiber Optic Network,LLBODRMGIS,Fiber_Optic_Network,38,https://services8.arcgis.com/aQ2zoIihp7BUQndp/arcgis/rest/services/Fiber_Optic_Network/FeatureServer/0,ac820fe52edd49ac9b46d2a0e843f3aa,
0,publisher: unknown,aaron.vaughn_cogf,unknown,owner username,planned,Proposed Fiber Map,aaron.vaughn_cogf,Fiber Lines,38,https://services3.arcgis.com/9RL0UDVaNxg1PvwI/arcgis/rest/services/Proposed_Fiber_Map/FeatureServer/1,c62748c278a14651be954c0f9458a6f0,
0,publisher: consultant,ashley.hunt_emerysapp,consultant,owner username,existing,fiber optic,ashley.hunt_emerysapp,Polylines,37,https://services6.arcgis.com/EHhJx7V4ByXIPvxe/arcgis/rest/services/fiber_optic/FeatureServer/1,c962d2b727194fb981cfdc2c17b29a04,
0,publisher: consultant,Mead & Hunt AGOL,consultant,arcgis org,existing,Clearwater Communications_WFL1,James.Poeschel_MeadHunt,Fiber_Conduit_Current_Network_feautres,36,https://services2.arcgis.com/2gKap7KMz7fy1U4a/arcgis/rest/services/Clearwater_Communications_WFL1/FeatureServer/6,a3eed60bade847a48f3f00579941c0f8,
0,electric,Sullivan_Admin,unknown,owner username,existing,Fiber_Network,Sullivan_Admin,electric.DBO.Fiber,36,https://utility.arcgis.com/usrsvcs/servers/1f0aebcf33ee4edeabaca6cbdb132b85/rest/services/Fiber_Network/MapServer/2,1f0aebcf33ee4edeabaca6cbdb132b85,
0,service drop,cgholladay65,unknown,owner username,existing,Fastwyre_MTC_ COPPER AND FIBER NETWORK 2024_WFL1,cgholladay65,c-drop,35,https://services3.arcgis.com/J01UrYgLSgRvRWvT/arcgis/rest/services/Fastwyre_MTC__COPPER_AND_FIBER_NETWORK_2024_WFL1/FeatureServer/10,6ac37884fe1843489a4d8240db4eacbb,
0,electric,"CrescentLink®, a GeoGraph Technologies (GGT) product.",other,item credits,existing,FiberCableBIR,inance_ctc,FiberCableselection_ExportFeatures,35,https://services6.arcgis.com/bkIb0HpWmXH00alq/arcgis/rest/services/FiberCableBIR/FeatureServer/0,70cd4f32eacf41ae9e964b6a558bff6c,
0,publisher: unknown,cgholladay65,unknown,owner username,existing,Fastwyre_MTC_ COPPER AND FIBER NETWORK 2024_WFL1,cgholladay65,f-backbone,34,https://services3.arcgis.com/J01UrYgLSgRvRWvT/arcgis/rest/services/Fastwyre_MTC__COPPER_AND_FIBER_NETWORK_2024_WFL1/FeatureServer/83,6ac37884fe1843489a4d8240db4eacbb,
0,derived/not a route,Region 4 Planning and Development Council,public,arcgis org,existing,NCC ReConnect Easement Fiber Route Intersections_Line,Region4,OverlayedFeatures,34,https://services8.arcgis.com/aPNo3KjV6fgrbzfN/arcgis/rest/services/NCC ReConnect Easement Fiber Route Intersections_Line/FeatureServer/0,362609a2e4ea41ceb9ef58c8a429e4a0,
0,publisher: unknown,bbergeron_pobtx,unknown,owner username,existing,POB Utilities_v12_WFL1,bbergeron_pobtx,Security_Fiber_Optic,32,https://services6.arcgis.com/wyYd0MFCwlxOmYNq/arcgis/rest/services/POB_Utilities_v12_WFL1/FeatureServer/34,3626ccd315b041838423088683204b13,
0,publisher: unknown,mike_geocam,unknown,owner username,existing,Fiber_Demo_v2,mike_geocam,Driveway,32,https://services3.arcgis.com/hMvhdTQekiLMVZsG/arcgis/rest/services/Fiber_Permitting_Demo_v2/FeatureServer/14,f1c7c3b44ab44fb4b80e087b9359af61,
0,publisher: unknown,Noc@sfnnv.com,unknown,owner username,existing,FIBER_CABLE_WAS_0908,Noc@sfnnv.com,FIBER_CABLE_WAS_0908,31,https://services7.arcgis.com/YLexQkxGrrnYnXML/arcgis/rest/services/FIBER_CABLE_WAS_0908/FeatureServer/0,11e15f9473f54aa4b67e97cca0e29d1f,
0,publisher: unknown,jdhawbaker,unknown,owner username,existing,Headwaters,jdhawbaker,FiberCable,31,https://services9.arcgis.com/PuyhX3gOrg4DYOu9/arcgis/rest/services/Headwaters/FeatureServer/1,2c0651a201074e65ad370fd93362370b,
0,duplicate copy,Nevada Department of Transportation,public,arcgis org,planned,NDOT Statewide ITS ATM Masterplan_WFL1,NDOTgis,Device Fiber,31,https://services1.arcgis.com/9Y4hSlLf13E9S0Eo/arcgis/rest/services/NDOT_Statewide_ITS_ATM_Masterplan_WFL1/FeatureServer/8,184c4402456f4e4fad4b53971211cbf8,
0,duplicate copy,Nevada Department of Transportation,public,arcgis org,existing,ITS_ATM,OpenData_NDOT,Device Fiber,31,https://services1.arcgis.com/9Y4hSlLf13E9S0Eo/arcgis/rest/services/ITS_ATM/FeatureServer/8,f4690e9d04af43c288ac9958e4fc841a,
0,publisher: unknown,PHRusso,unknown,owner username,existing,UDOT Fiber,PHRusso,Fiber Optics (UDOT),30,https://services9.arcgis.com/xdpm0FCzFgMkMhqo/arcgis/rest/services/UDOT_Fiber/FeatureServer/0,30f0accc81ba43e88edbb843bb4cbf77,
0,publisher: consultant,nmelady_Trihydro,consultant,owner username,existing,FiberLineSegments,nmelady_Trihydro,FiberLineSegments,30,https://services3.arcgis.com/OlZcR2a5WgcagJMt/arcgis/rest/services/FiberLineSegments/FeatureServer/31,bbdf961e89c941e091082d3efadef553,
0,publisher: unknown,alvaro.garcia@halff.com,unknown,owner username,existing,Fiber Lines Symbology,alvaro.garcia@halff.com,FiberLineRoutes_12_1_2023,29,https://services.arcgis.com/1oF9XVrVYcFTsAKj/arcgis/rest/services/FiberLinesMap_WFL1/FeatureServer/0,8c09af1d52824823a87b8a708e817113,
0,publisher: unknown,hampshiregis,unknown,owner username,planned,KirbyNorthFiberExpansion_gdb,hampshiregis,PotentialFiberRoutesMerged,29,https://services.arcgis.com/AzdwootxJ6KLl1L4/arcgis/rest/services/KirbyNorthFiberExpansion_gdb/FeatureServer/19,73b55617fa184c9d99084eb2084be501,
0,duplicate copy,Erie County GIS Advisory Board,public,arcgis org,existing,COSFiberopticLines_VIEW,ttaylor_ECGISAB9,Fiber Line,29,https://services3.arcgis.com/r00vmm8eIzAwdHlO/arcgis/rest/services/COSFiberopticLines_VIEW/FeatureServer/0,679b3dffc76945ffb1ebbd1f34925600,
0,derived/not a route,Cloudpoint Geospatial Inc. ,consultant,arcgis org,existing,Indoors Fiber Web Map_WFL1,sbowley_cloudpointgeo,Cable,29,https://services1.arcgis.com/FxX0ybnXnF4EyInS/arcgis/rest/services/Indoors_Fiber_Web_Map_WFL1/FeatureServer/6,e26eaf39477a442da48b2117a3b77598,
0,publisher: unknown,paultierney,unknown,owner username,planned,Proposed Fiber Optic _ 32nd St Joplin,paultierney,Lines,27,https://services6.arcgis.com/EHhJx7V4ByXIPvxe/arcgis/rest/services/Proposed_Fiber_Optic___32nd_St_Joplin/FeatureServer/0,cf5cf387d8ea46efa55618ee6f920fd5,
0,publisher: unknown,paultierney,unknown,owner username,planned,Proposed Fiber Optic _ 32nd St Joplin,paultierney,Proposed_Fiber_Optic_Line,27,https://services6.arcgis.com/EHhJx7V4ByXIPvxe/arcgis/rest/services/Proposed_Fiber_Optic___32nd_St_Joplin/FeatureServer/1,cf5cf387d8ea46efa55618ee6f920fd5,
0,publisher: unknown,amscllc,unknown,owner username,existing,Original Fiber_Routes,amscllc,Original_Fiber_Routes,27,https://services1.arcgis.com/WTXhkvI9mSg0lzhr/arcgis/rest/services/Original_Fiber_Routes/FeatureServer/0,6024f8d36daf472a8a7263d847e2e1df,
0,publisher: consultant,GEI Consultants,consultant,arcgis org,existing,PFN IMPACC Fiber Route,ztyczka_GEI,Fiber Maritime,26,https://services1.arcgis.com/ZXPUOG4dA7682sDQ/arcgis/rest/services/PFN_IMPACC_Fiber_Route/FeatureServer/1,cb9ab89befb14dc9a8f68b5482fd1d79,
0,publisher: unknown,cgholladay65,unknown,owner username,existing,Fastwyre_MTC_ COPPER AND FIBER NETWORK 2024_WFL1,cgholladay65,duct,26,https://services3.arcgis.com/J01UrYgLSgRvRWvT/arcgis/rest/services/Fastwyre_MTC__COPPER_AND_FIBER_NETWORK_2024_WFL1/FeatureServer/43,6ac37884fe1843489a4d8240db4eacbb,
0,publisher: unknown,brady.johnson@RESPEC.com_RESPEC,unknown,owner username,existing,Fiber_Optic,brady.johnson@RESPEC.com_RESPEC,Fiber_OpticPolyline,25,https://services.arcgis.com/9WalTuY1Cd9VF0qZ/arcgis/rest/services/Fiber_Optic/FeatureServer/7,c538c3db80934bc79e756f79e31dcbb3,
0,publisher: unknown,cjbarbie,unknown,owner username,existing,Town Fiber Optic Lines Public,cjbarbie,Fiber Optic Lines,25,https://services5.arcgis.com/w0zAlRd6IJhagQpr/arcgis/rest/services/Town_Fiber_Optic_Lines_Public/FeatureServer/0,3398d03d149649a59a37c0a08cd8aa39,
0,publisher: unknown,mjengineers,unknown,owner username,existing,Fiber Conduit,mjengineers,Fiber Conduit,25,https://services3.arcgis.com/TM75w30oelpLR7lN/arcgis/rest/services/Conduits/FeatureServer/0,a77c1d2ffdcb453185a116ed316dd7d8,
0,publisher: unknown,Noc@sfnnv.com,unknown,owner username,existing,FIBER_CABLE_LYO_1013,Noc@sfnnv.com,FIBER_CABLE_LYO_1013,25,https://services7.arcgis.com/YLexQkxGrrnYnXML/arcgis/rest/services/FIBER_CABLE_LYO_1013/FeatureServer/0,f2b7581d8be5468f8e8859927a495286,
0,publisher: unknown,a.selle,unknown,owner username,existing,Fiber_Optic_Lines (View Only),a.selle,Fiber Optic Lines,23,https://services2.arcgis.com/PTmtRZYLJhcUn6o9/arcgis/rest/services/Fiber_Optic_Lines_(View_Only)/FeatureServer/0,39419cc135714eaf892583c52b8db528,
0,publisher: unknown,piper.livingston,unknown,owner username,existing,PW Fiber Map,piper.livingston,Line Distance,22,https://services3.arcgis.com/pi8Rll0S1Iwgkq8o/arcgis/rest/services/PW_Fiber_Map/FeatureServer/3,f638dd1e09a54b51999679a5a875cf99,
0,publisher: unknown,Thrasher_User01,unknown,owner username,planned,POSSIBLE UPDATED_FIBER ROUTE,Thrasher_User01,2023-5-10_PROPOSED_FIBER_ROUTE_SUMMIT_COUNTY,21,https://services5.arcgis.com/6Ryg1DYnVze4GYYo/arcgis/rest/services/POSSIBLE_UPDATED_FIBER_ROUTE/FeatureServer/165,7a725d20dcdb4f41859e5a0af8954e0c,
0,publisher: unknown,virgilturner,unknown,owner username,existing,REGION10 LOGICAL NETWORK,virgilturner,Region 10 Fiber Network,21,https://services7.arcgis.com/B4FStGaeITqeRGPL/arcgis/rest/services/REGION10_LOGICAL_NETWORK/FeatureServer/2,069ba420ebb84b9697f0a1388043a168,
0,copy of Crown Castle routes,COM_Admin_Broadband,carrier,owner username,planned,Rhode Island Network Overview,COM_Admin_Broadband,Crown Castle Proposed Network,21,https://services6.arcgis.com/70X0jB6UtsfE8L2y/arcgis/rest/services/Rhode_Island_Network_Overview/FeatureServer/6,e37e4510fb354152a970343939f8368d,
0,publisher: other,Maps & Data,other,arcgis org,existing,Communication,AdminLogin1,Overhead Comm,21,https://services1.arcgis.com/WGzzp37bqYMLyzDR/arcgis/rest/services/Communication/FeatureServer/2,429fe738524d4f088305e28b466d8afa,
0,publisher: unknown,dthood5,unknown,owner username,existing,SEBO Fiber,dthood5,SEBO Fiber,20,https://services6.arcgis.com/bkIb0HpWmXH00alq/arcgis/rest/services/Merge_SEBO_Schools/FeatureServer/0,8a0a7ce526c14363bf19a5d4524af486,
0,publisher: demo/sample,ArcGIS Team Local Gov,demo/sample,arcgis org,existing,CommunicationsSystem_viewing,gjoseph_localgov,Access Cable,20,https://services.arcgis.com/b6gLrKHqgkQb393u/arcgis/rest/services/CommunicationsSystem_viewing_2f8dd82b519143a89603aa2b1d669588/FeatureServer/715040,dde86fe1c2e04197958fbe57e6e67bd5,
0,duplicate copy,City of Duncanville,public,arcgis org,existing,ITS Fiber view,GBerryDuncanville,Fiber Route,20,https://services3.arcgis.com/mjqW4t1A3YDrjss0/arcgis/rest/services/ITS_Fiber_view/FeatureServer/1,0339ed569b3941079d81961ef84fa2ac,
0,publisher: demo/sample,ArcGIS Team Local Gov,demo/sample,arcgis org,existing,CommunicationsSystem_field_inventory,gjoseph_localgov,Access Cable,20,https://services.arcgis.com/b6gLrKHqgkQb393u/arcgis/rest/services/CommunicationsSystem_field_inventory_2f8dd82b519143a89603aa2b1d669588/FeatureServer/715040,0eca6d18f2484c6487201018a477f360,
0,publisher: demo/sample,ArcGIS Solutions Demonstration organization,demo/sample,arcgis org,existing,CommunicationsSystem_viewing,LocalGovTryItLive,Access Cable,20,https://services6.arcgis.com/Pu6Fai10JE2L2xUd/arcgis/rest/services/CommunicationsSystem_viewing_cf69db6f4f9341e9afbace32e57ebe89/FeatureServer/715040,e9c0cb03d89842dabebce192c6ffa520,
0,publisher: demo/sample,ArcGIS Team Local Gov,demo/sample,arcgis org,existing,CommunicationsSystem_editing,gjoseph_localgov,Access Cable,20,https://services.arcgis.com/b6gLrKHqgkQb393u/arcgis/rest/services/CommunicationsSystem_editing_2f8dd82b519143a89603aa2b1d669588/FeatureServer/715040,bf198062027f43a4bdfb5649cd4aabce,
0,publisher: demo/sample,ArcGIS Solutions Demonstration organization,demo/sample,arcgis org,existing,CommunicationsSystem_field_inventory,LocalGovTryItLive,Access Cable,20,https://services6.arcgis.com/Pu6Fai10JE2L2xUd/arcgis/rest/services/CommunicationsSystem_field_inventory_cf69db6f4f9341e9afbace32e57ebe89/FeatureServer/715040,9a62b6c32bde4a169435accb3700097c,
0,publisher: demo/sample,ArcGIS Team Local Gov,demo/sample,arcgis org,existing,CommunicationsSystem,gjoseph_localgov,Access Cable,20,https://services.arcgis.com/b6gLrKHqgkQb393u/arcgis/rest/services/CommunicationsSystem_2f8dd82b519143a89603aa2b1d669588/FeatureServer/715040,79d09d731d2f48b39d64f7f4e0789139,
0,publisher: demo/sample,ArcGIS Solutions Demonstration organization,demo/sample,arcgis org,existing,CommunicationsSystem_editing,LocalGovTryItLive,Access Cable,20,https://services6.arcgis.com/Pu6Fai10JE2L2xUd/arcgis/rest/services/CommunicationsSystem_editing_cf69db6f4f9341e9afbace32e57ebe89/FeatureServer/715040,70b2bc7bd0f04364957c53a6de42012a,
0,publisher: demo/sample,ArcGIS Solutions Demonstration organization,demo/sample,arcgis org,existing,CommunicationsSystem,LocalGovTryItLive,Access Cable,20,https://services6.arcgis.com/Pu6Fai10JE2L2xUd/arcgis/rest/services/CommunicationsSystem_cf69db6f4f9341e9afbace32e57ebe89/FeatureServer/715040,106786780f144405a0151cd1d55efebf,
0,publisher: unknown,Noc@sfnnv.com,unknown,owner username,existing,FIBER_CABLE_LYO_1035,Noc@sfnnv.com,FIBER_CABLE_LYO_1035,19,https://services7.arcgis.com/YLexQkxGrrnYnXML/arcgis/rest/services/FIBER_CABLE_LYO_1035/FeatureServer/0,4665878e5c19489fb6cbf7e82b76f130,
0,duplicate copy,City of Centerville,public,arcgis org,existing,Fiber Audit 2026_WFL1,mryan@centervilleohio.gov_centervilleohio,Centerville Owned Fiber,19,https://services.arcgis.com/M5UrDFRz2ZRTplQC/arcgis/rest/services/Fiber_Audit_2026_WFL1/FeatureServer/11,5eb07580b49c4fc7a63915af90c967f5,
0,duplicate copy,Mohawk Council of Kahnawà:ke,public,arcgis org,existing,Fiber_cable_23,BradfordDean,Fiber_cable,19,https://services8.arcgis.com/0EarEyaTySs7q51C/arcgis/rest/services/Fiber_cable_23/FeatureServer/1,39e3a3b718b84bc38b70c4271e7755dc,
0,duplicate copy,Mohawk Council of Kahnawà:ke,public,arcgis org,existing,Fiber_cable_updated2025,BradfordDean,Fiber_cable,19,https://services8.arcgis.com/0EarEyaTySs7q51C/arcgis/rest/services/Fiber_cable_updated2025/FeatureServer/1,ae70611c62f4432191a3c437ab2ca589,
0,duplicate copy,Mohawk Council of Kahnawà:ke,public,arcgis org,existing,Fiber_cable25_June,BradfordDean,Fiber_cable,19,https://services8.arcgis.com/0EarEyaTySs7q51C/arcgis/rest/services/Fiber_cable25_June/FeatureServer/1,d9b29ed73a624ec5b1fcec0bea912069,
0,duplicate copy,Mohawk Council of Kahnawà:ke,public,arcgis org,existing,Fiber_cableJUNE25,BradfordDean,Fiber_cable,19,https://services8.arcgis.com/0EarEyaTySs7q51C/arcgis/rest/services/Fiber_cableJUNE25/FeatureServer/1,52dc707b3c6d4a09ab465cb409691d85,
0,publisher: unknown,jcrolfzen,unknown,owner username,existing,NANA Fiber Line Route,jcrolfzen,NANA_Fiber_Line_Route,18,https://services8.arcgis.com/IDp5lohDMREgQD03/arcgis/rest/services/NANA_Fiber_Line_Route/FeatureServer/0,d087e69eec0b427ca7a20152f08d0c76,
0,duplicate copy,City of Evanston WY,public,arcgis org,existing,Fiber_Network_1,HermanR,Fiber_Network,18,https://services7.arcgis.com/TsVLs9I3Mz0rNgK9/arcgis/rest/services/Fiber_Network_1/FeatureServer/0,77a29415ad354042a3cd404c34039217,
0,duplicate copy,City of Evanston WY,public,arcgis org,existing,Fiber_Network 2 view,HermanR,Fiber_Network,18,https://services7.arcgis.com/TsVLs9I3Mz0rNgK9/arcgis/rest/services/Fiber_Network_2_view/FeatureServer/0,9e1bc59b1f8245f4897bbb2889aed2cc,
0,publisher: consultant,Rummel Klepper & Kahl,consultant,arcgis org,planned,DE ITS Future Fiber,tomearp.rkk,Future Fiber,17,https://services1.arcgis.com/nWsjONL9B4B0DLnV/arcgis/rest/services/DE_ITS_Future_Fiber/FeatureServer/0,f2af2f945d664dc4aff731d0d6ab95a2,
0,publisher: unknown,jskiles269,unknown,owner username,existing,___FIBERNET___,jskiles269,Jumper,16,https://services6.arcgis.com/TrCMRSr9CBKziiBY/arcgis/rest/services/___FIBERNET___/FeatureServer/349,7723b4a0f7e645faaa3d291d2da527e4,
0,publisher: unknown,DaveGibson2019,unknown,owner username,existing,Find_Locations_in_Optical_Fiber_Network,DaveGibson2019,FindExistingLocationsOutput,16,https://services5.arcgis.com/vNcmUmAYt8XVYvgf/arcgis/rest/services/Find_Locations_in_Optical_Fiber_Network/FeatureServer/0,bdfc49a9d2a24afeae4e73bcc868e730,
0,publisher: unknown,jcrolfzen,unknown,owner username,existing,Broadband Fiber Route,jcrolfzen,Broadband_Fiber_Route,16,https://services8.arcgis.com/IDp5lohDMREgQD03/arcgis/rest/services/Broadband_Fiber_Route/FeatureServer/0,8f47fd906b8a419eb4a5547d67a530a7,
0,publisher: unknown,alyssawood,unknown,owner username,existing,Thorndike Presented Map_WFL1,alyssawood,Final Product After New Build,16,https://services7.arcgis.com/NanlOhKb0A7a7kSU/arcgis/rest/services/Thorndike_Presented_Map_WFL1/FeatureServer/1,e5e99175cb94477e9b2cce3b0318fcc2,
0,duplicate copy,"City of Fruita, CO",public,owner username (hand-checked),existing,Fruita Fiber Optic Lines Edits,fruita_GIS,Fruita_Fiber_Optic_Lines,16,https://services8.arcgis.com/EHbirLYcjMmLybPA/arcgis/rest/services/Fruita_Fiber_Optic_Lines_Edits/FeatureServer/0,4da2ab9ebd284b6d867af62e93a2404f,
0,publisher: demo/sample,ArcGIS Solutions Demonstration organization,demo/sample,arcgis org,existing,CommunicationsSystem_viewing,LocalGovTryItLive,Conduit,15,https://services6.arcgis.com/Pu6Fai10JE2L2xUd/arcgis/rest/services/CommunicationsSystem_viewing_878934c1f0b9431aa125bf007ba801dd/FeatureServer/9,6aa20715038b4d8db32e8b0610605282,
0,duplicate copy,City of Jackson GIS,public,arcgis org,existing,Gigabit Bit Fiber Routes_1_WFL1,mmaberry,hood_fiber,15,https://services2.arcgis.com/n0wqzAPJddc1vROD/arcgis/rest/services/Gigabit_Bit_Fiber_Routes_1_WFL1/FeatureServer/11,13ef502cdbf94d72a7e6a4cb5d773abb,
0,publisher: demo/sample,ArcGIS Solutions Demonstration organization,demo/sample,arcgis org,existing,CommunicationsSystem,LocalGovTryItLive,Conduit,15,https://services6.arcgis.com/Pu6Fai10JE2L2xUd/arcgis/rest/services/CommunicationsSystem_878934c1f0b9431aa125bf007ba801dd/FeatureServer/9,e7b9ff0461d6414dbde9b1aebac0ec43,
0,duplicate copy,City of Jackson GIS,public,arcgis org,planned,Propose JPS Fiber Ring 2021_WFL1,mmaberry,Proposed Fiber Paths,15,https://services2.arcgis.com/n0wqzAPJddc1vROD/arcgis/rest/services/Propose_JPS_Fiber_Ring_2021_WFL1/FeatureServer/3,bf795075da034ec2b448f08f35250c11,
0,publisher: unknown,USRCdatastory,unknown,owner username,existing,"Fiber Lines (Kent County, MD)",USRCdatastory,Fiber_Lines,14,https://services6.arcgis.com/RWHujKM5TItecIqp/arcgis/rest/services/Fiber_Network_Lines/FeatureServer/0,9dbf1832a5794685a6655d96b7d6f74f,
0,publisher: unknown,mike_geocam,unknown,owner username,existing,Fiber_Demo_v2,mike_geocam,EdgeOfPavement,14,https://services3.arcgis.com/hMvhdTQekiLMVZsG/arcgis/rest/services/Fiber_Permitting_Demo_v2/FeatureServer/13,f1c7c3b44ab44fb4b80e087b9359af61,
0,publisher: consultant,GEI Consultants,consultant,arcgis org,existing,PFN IMPACC Fiber Route,ztyczka_GEI,Fiber Centerline,14,https://services1.arcgis.com/ZXPUOG4dA7682sDQ/arcgis/rest/services/PFN_IMPACC_Fiber_Route/FeatureServer/3,cb9ab89befb14dc9a8f68b5482fd1d79,
0,duplicate copy,"City of Smyrna, GA",public,owner username (hand-checked),existing,Fiber_Network_view,Smyrna_GA,SIGNAL SYSTEM,14,https://services2.arcgis.com/hE9igMm8RoNeQRbh/arcgis/rest/services/Fiber_Network_view/FeatureServer/5,2a0bbecba5d74a0bae11f6daf9de6b51,
0,derived/not a route,Cloudpoint Geospatial Inc. ,consultant,arcgis org,existing,Indoors Fiber Web Map_WFL1,sbowley_cloudpointgeo,Conduit,14,https://services1.arcgis.com/FxX0ybnXnF4EyInS/arcgis/rest/services/Indoors_Fiber_Web_Map_WFL1/FeatureServer/7,e26eaf39477a442da48b2117a3b77598,
0,publisher: unknown,bbergeron_pobtx,unknown,owner username,existing,POB Utilities_v12_WFL1,bbergeron_pobtx,Spectrum_AT_T_Phone___Cable,13,https://services6.arcgis.com/wyYd0MFCwlxOmYNq/arcgis/rest/services/POB_Utilities_v12_WFL1/FeatureServer/37,3626ccd315b041838423088683204b13,
0,publisher: unknown,cgholladay65,unknown,owner username,existing,Fastwyre_MTC_ COPPER AND FIBER NETWORK 2024_WFL1,cgholladay65,f-backbone,13,https://services3.arcgis.com/J01UrYgLSgRvRWvT/arcgis/rest/services/Fastwyre_MTC__COPPER_AND_FIBER_NETWORK_2024_WFL1/FeatureServer/20,6ac37884fe1843489a4d8240db4eacbb,
0,publisher: unknown,Chandler66,unknown,owner username,existing,BroadbandMapBefore_WFL1,Chandler66,SB_ConceptNetwork_Before,13,https://services6.arcgis.com/aaHc844r9MO5oJql/arcgis/rest/services/BroadbandMapBefore_WFL1/FeatureServer/2,d966322114214a7fb78ec2b3ccdf3a0b,
0,publisher: unknown,Chandler66,unknown,owner username,existing,SB_After_Broadband_WFL1,Chandler66,SB_ConceptNetwork_Before,13,https://services6.arcgis.com/aaHc844r9MO5oJql/arcgis/rest/services/SB_After_Broadband_WFL1/FeatureServer/1,aefc855756ab4d8fb20b7b00a85048d9,
0,publisher: unknown,mike_geocam,unknown,owner username,existing,Fiber_Demo_v2,mike_geocam,Sidewalk,12,https://services3.arcgis.com/hMvhdTQekiLMVZsG/arcgis/rest/services/Fiber_Permitting_Demo_v2/FeatureServer/16,f1c7c3b44ab44fb4b80e087b9359af61,
0,duplicate copy,City of South San Francisco,public,arcgis org,existing,digonceoupdate_service,jhanderson,DigOnceConduit,12,https://services5.arcgis.com/inY93B27l4TSbT7h/arcgis/rest/services/digonceoupdate_service/FeatureServer/3,db65463b73af4f028fb2f7904dd03021,
0,publisher: unknown,giswill,unknown,owner username,existing,City Owned Fiber Cable,giswill,City_Owned_Fiber_Cable,11,https://services2.arcgis.com/cEct75q6PZi92VC0/arcgis/rest/services/City_Owned_Fiber_Cable/FeatureServer/0,79e5d54348d1452e921d27d5c554996e,
0,publisher: unknown,alyssawood,unknown,owner username,existing,Thorndike Presented Map 1_WFL1,alyssawood,"Reach, ME Fiber",11,https://services7.arcgis.com/NanlOhKb0A7a7kSU/arcgis/rest/services/Thorndike_Presented_Map_1_WFL1/FeatureServer/25,a4f1e0f61eea4ea4a0e8ab3bcb105263,
0,publisher: unknown,rbrown_btc,unknown,owner username,existing,CoreFiberRoute,rbrown_btc,Core_Fiber_Cable,11,https://services5.arcgis.com/N97JQKhBchHvF70P/arcgis/rest/services/CoreFiberRoute/FeatureServer/0,fbcee034f42c425db7d6d209003693b1,
0,service drop,"City of Kettering, Ohio",public,arcgis org,existing,All Fiber Data,cgoessl,Drop Cables,11,https://services1.arcgis.com/IDg0PVR55RzXuJ5Y/arcgis/rest/services/FiberNetworkFSAGOL/FeatureServer/0,43d56836cdc44c4aacdccedcc6c74888,
0,publisher: unknown,alyssawood,unknown,owner username,existing,Thorndike Presented Map_WFL1,alyssawood,"Reach, ME Fiber",11,https://services7.arcgis.com/NanlOhKb0A7a7kSU/arcgis/rest/services/Thorndike_Presented_Map_WFL1/FeatureServer/25,e5e99175cb94477e9b2cce3b0318fcc2,
0,publisher: unknown,Beth.Clark_NITTEC,unknown,owner username,existing,FiberOpticLines,Beth.Clark_NITTEC,FiberOpticLines,10,https://services5.arcgis.com/MwmtLsRLaseqMSiI/arcgis/rest/services/FiberOpticLines/FeatureServer/1,d96d7db1350d484b94ec7392943475ed,
0,publisher: unknown,Tangipahoa_Trial,unknown,owner username,existing,Fiber Lines,Tangipahoa_Trial,Fiber_Lines,10,https://services9.arcgis.com/GFjf8leC8Mas9DyE/arcgis/rest/services/Fiber_Lines/FeatureServer/0,bf4ef6bc354d4b3489f3b47859365f1d,
0,publisher: consultant,"GCW, Inc.",consultant,arcgis org,planned,Proposed Fiber,JPaiva@gcwengineering.com_GCW,Proposed Fiber_line,9,https://services8.arcgis.com/Kubeg3Swvo7OaEAx/arcgis/rest/services/Proposed_Fiber/FeatureServer/0,be13890209d247088dab9ccfe1b5ab62,
0,publisher: other,No Credits,other,item credits,planned,Conduit Proposed,CityofAspenGIS,Conduit Proposed,9,https://maps.cityofaspen.com/server/rest/services/Fiber/Proposed_Fiber_Network/FeatureServer/4,77708b1ce8b4436a97dbe8eddaea990c,
0,publisher: unknown,BGE_Rugiel_1,unknown,owner username,existing,BGE Fiber Program_WFL1,BGE_Rugiel_1,BGE Fiber,8,https://services3.arcgis.com/agWTKEK7X5K1Bx7o/arcgis/rest/services/BGE_Fiber_Program_WFL1/FeatureServer/0,07653edebb204643b08e8dd91a1af79e,
0,publisher: unknown,piper.livingston,unknown,owner username,existing,PW Fiber Map,piper.livingston,Another Line Distance,8,https://services3.arcgis.com/pi8Rll0S1Iwgkq8o/arcgis/rest/services/PW_Fiber_Map/FeatureServer/2,f638dd1e09a54b51999679a5a875cf99,
0,publisher: other,Telluride Ski Resort,other,arcgis org (hand-checked),existing,FiberLines_2021,SnowmakingAdmin,FiberLines_2021,8,https://services8.arcgis.com/kiN57DOJrIhpvBby/arcgis/rest/services/FiberLines_2021/FeatureServer/0,aa0406a975904fe9b111d3310a50db7f,
0,publisher: unknown,sroberts226,unknown,owner username,existing,Timnath_pulse_fiber,sroberts226,pulse fiber,8,https://services8.arcgis.com/TrAcCTE1L9gz9iDi/arcgis/rest/services/Timnath_pulse_fiber/FeatureServer/1,98b59fb908a0423d8fee90b83bb57eef,
0,publisher: unknown,cgholladay65,unknown,owner username,existing,Fastwyre_MTC_ COPPER AND FIBER NETWORK 2024_WFL1,cgholladay65,lateral,7,https://services3.arcgis.com/J01UrYgLSgRvRWvT/arcgis/rest/services/Fastwyre_MTC__COPPER_AND_FIBER_NETWORK_2024_WFL1/FeatureServer/28,6ac37884fe1843489a4d8240db4eacbb,
0,publisher: demo/sample,ArcGIS Team Local Gov,demo/sample,arcgis org,existing,CommunicationsSystem_viewing,gjoseph_localgov,Regional Cable,7,https://services.arcgis.com/b6gLrKHqgkQb393u/arcgis/rest/services/CommunicationsSystem_viewing_2f8dd82b519143a89603aa2b1d669588/FeatureServer/715030,dde86fe1c2e04197958fbe57e6e67bd5,
0,publisher: demo/sample,ArcGIS Solutions Demonstration organization,demo/sample,arcgis org,existing,CommunicationsSystem_viewing,LocalGovTryItLive,Distribution Cable,7,https://services6.arcgis.com/Pu6Fai10JE2L2xUd/arcgis/rest/services/CommunicationsSystem_viewing_cf69db6f4f9341e9afbace32e57ebe89/FeatureServer/715035,e9c0cb03d89842dabebce192c6ffa520,
0,publisher: consultant,nmelady_Trihydro,consultant,owner username,existing,FiberLine_Ohio_Details,nmelady_Trihydro,FiberLine_SegmentDetails_old_ExportFeatures,7,https://services3.arcgis.com/OlZcR2a5WgcagJMt/arcgis/rest/services/FiberLine_Ohio_Details/FeatureServer/1,b1f48c11f82d4682837b6c42b86ca5b9,
0,publisher: unknown,paultierney,unknown,owner username,existing,Existing Fiber _ 32nd St Joplin,paultierney,Existing_Fiber_Line,7,https://services6.arcgis.com/EHhJx7V4ByXIPvxe/arcgis/rest/services/Existing_Fiber___32nd_St_Joplin/FeatureServer/0,17a50e80dc4545839f95ae4ca686c373,
0,publisher: unknown,paultierney,unknown,owner username,existing,Existing Fiber _ 32nd St Joplin,paultierney,Lines,7,https://services6.arcgis.com/EHhJx7V4ByXIPvxe/arcgis/rest/services/Existing_Fiber___32nd_St_Joplin/FeatureServer/1,17a50e80dc4545839f95ae4ca686c373,
0,publisher: demo/sample,ArcGIS Team Local Gov,demo/sample,arcgis org,existing,CommunicationsSystem_field_inventory,gjoseph_localgov,Regional Cable,7,https://services.arcgis.com/b6gLrKHqgkQb393u/arcgis/rest/services/CommunicationsSystem_field_inventory_2f8dd82b519143a89603aa2b1d669588/FeatureServer/715030,0eca6d18f2484c6487201018a477f360,
0,publisher: demo/sample,ArcGIS Team Local Gov,demo/sample,arcgis org,existing,CommunicationsSystem_editing,gjoseph_localgov,Regional Cable,7,https://services.arcgis.com/b6gLrKHqgkQb393u/arcgis/rest/services/CommunicationsSystem_editing_2f8dd82b519143a89603aa2b1d669588/FeatureServer/715030,bf198062027f43a4bdfb5649cd4aabce,
0,publisher: demo/sample,ArcGIS Solutions Demonstration organization,demo/sample,arcgis org,existing,CommunicationsSystem_field_inventory,LocalGovTryItLive,Distribution Cable,7,https://services6.arcgis.com/Pu6Fai10JE2L2xUd/arcgis/rest/services/CommunicationsSystem_field_inventory_cf69db6f4f9341e9afbace32e57ebe89/FeatureServer/715035,9a62b6c32bde4a169435accb3700097c,
0,publisher: demo/sample,ArcGIS Team Local Gov,demo/sample,arcgis org,existing,CommunicationsSystem,gjoseph_localgov,Regional Cable,7,https://services.arcgis.com/b6gLrKHqgkQb393u/arcgis/rest/services/CommunicationsSystem_2f8dd82b519143a89603aa2b1d669588/FeatureServer/715030,79d09d731d2f48b39d64f7f4e0789139,
0,publisher: demo/sample,ArcGIS Solutions Demonstration organization,demo/sample,arcgis org,existing,CommunicationsSystem_editing,LocalGovTryItLive,Distribution Cable,7,https://services6.arcgis.com/Pu6Fai10JE2L2xUd/arcgis/rest/services/CommunicationsSystem_editing_cf69db6f4f9341e9afbace32e57ebe89/FeatureServer/715035,70b2bc7bd0f04364957c53a6de42012a,
0,publisher: demo/sample,ArcGIS Solutions Demonstration organization,demo/sample,arcgis org,existing,CommunicationsSystem,LocalGovTryItLive,Distribution Cable,7,https://services6.arcgis.com/Pu6Fai10JE2L2xUd/arcgis/rest/services/CommunicationsSystem_cf69db6f4f9341e9afbace32e57ebe89/FeatureServer/715035,106786780f144405a0151cd1d55efebf,
0,publisher: demo/sample,"Esri,. Inc.",demo/sample,item credits,existing,OptikFiber,esri_id1,COAXCable,6,https://services2.arcgis.com/LvCBNZuwhTWWbvod/arcgis/rest/services/OptikFiber/FeatureServer/8,84b44f074b2c4d1c85eca4fb753754d8,
0,publisher: consultant,Allgeier Martin & Associates,consultant,arcgis org,existing,IP_Fiber,BrianJudd,Fiber Optic Line,6,https://services.arcgis.com/A6RzLRd3KR6Pw1x0/arcgis/rest/services/IP_Fiber/FeatureServer/0,0f0b78d5653b495988bc99769893249a,
0,publisher: demo/sample,ArcGIS Team Local Gov,demo/sample,arcgis org,existing,CommunicationsSystem_viewing,gjoseph_localgov,Distribution Cable,6,https://services.arcgis.com/b6gLrKHqgkQb393u/arcgis/rest/services/CommunicationsSystem_viewing_2f8dd82b519143a89603aa2b1d669588/FeatureServer/715035,dde86fe1c2e04197958fbe57e6e67bd5,
0,publisher: consultant,nmelady_Trihydro,consultant,owner username,existing,CS_FiberLine_Publishing,nmelady_Trihydro,MonGW_NatForest_Lines,6,https://services3.arcgis.com/OlZcR2a5WgcagJMt/arcgis/rest/services/CS_FiberLine_Publishing/FeatureServer/24,4ccbc205b8d24364b8231c24714f6717,
0,publisher: unknown,map.engine,unknown,owner username,existing,20190821_Fiber_Line_PublicView,map.engine,20190821_Fiber_Line,6,https://services8.arcgis.com/GwdHHVRTAetvglZQ/arcgis/rest/services/20190821_Fiber_Line_PublicView/FeatureServer/0,28e97bfb3be44ba5a1d74b364c43815c,
0,publisher: consultant,"SRF Consulting Group, Inc.",consultant,arcgis org,planned,Anoka Future Fiber Base Layers,JMyers@srfconsulting.com_SRFConsulting,ACHD Future Fiber,6,https://services.arcgis.com/sLe4VrKqV1JxToKz/arcgis/rest/services/Anoka_Future_Fiber_Base_Layers/FeatureServer/1,cc00a3c94fed4ed7a67a191be0cdb9c5,
0,publisher: unknown,chadhicks,unknown,owner username,existing,Ritter_ Bentonville_WFL1,chadhicks,Comm_Lin,6,https://services6.arcgis.com/ouTDa8LN3MiPSS8m/arcgis/rest/services/Ritter__Bentonville_WFL1/FeatureServer/17,0815533b44f748f69a0b04928f67a8fd,
0,service drop,Port of Galveston,public,arcgis org,existing,CommunicationsSystem,JwillisPOG,Drop Cable,6,https://services1.arcgis.com/RcfrTSKiiG2fgqIh/arcgis/rest/services/CommunicationsSystem_ade93ccc08074d62a04a4cb228457389/FeatureServer/715045,1c746d5d2dd74985befb4a0709289e00,
0,publisher: demo/sample,ArcGIS Team Local Gov,demo/sample,arcgis org,existing,CommunicationsSystem_field_inventory,gjoseph_localgov,Distribution Cable,6,https://services.arcgis.com/b6gLrKHqgkQb393u/arcgis/rest/services/CommunicationsSystem_field_inventory_2f8dd82b519143a89603aa2b1d669588/FeatureServer/715035,0eca6d18f2484c6487201018a477f360,
0,publisher: demo/sample,ArcGIS Team Local Gov,demo/sample,arcgis org,existing,CommunicationsSystem_editing,gjoseph_localgov,Distribution Cable,6,https://services.arcgis.com/b6gLrKHqgkQb393u/arcgis/rest/services/CommunicationsSystem_editing_2f8dd82b519143a89603aa2b1d669588/FeatureServer/715035,bf198062027f43a4bdfb5649cd4aabce,
0,publisher: demo/sample,ArcGIS Team Local Gov,demo/sample,arcgis org,existing,CommunicationsSystem,gjoseph_localgov,Distribution Cable,6,https://services.arcgis.com/b6gLrKHqgkQb393u/arcgis/rest/services/CommunicationsSystem_2f8dd82b519143a89603aa2b1d669588/FeatureServer/715035,79d09d731d2f48b39d64f7f4e0789139,
0,publisher: unknown,wlarrabure,unknown,owner username,existing,FiberTel_Asbuilt_Data_Deliverables,wlarrabure,conduit,6,https://services8.arcgis.com/cDRfnz9twCZQ7oTm/arcgis/rest/services/FiberTel_Asbuilt_Data_Deliverables/FeatureServer/1,5d133710d00e4fdfaab00247c1f08fc3,
0,publisher: unknown,hampshiregis,unknown,owner username,existing,KirbyNorthFiberExpansion_gdb,hampshiregis,Conduit,6,https://services.arcgis.com/AzdwootxJ6KLl1L4/arcgis/rest/services/KirbyNorthFiberExpansion_gdb/FeatureServer/1,73b55617fa184c9d99084eb2084be501,
0,publisher: demo/sample,ArcGIS Online,demo/sample,arcgis org,existing,Fiber Optic Lines,LaytonCityEditor,Fiber Optic Lines,5,https://services1.arcgis.com/XDo7qgWGk2R5khJB/arcgis/rest/services/Fiber_Optic_Lines/FeatureServer/0,4585001e41504ed6982ff5d629397759,
0,publisher: unknown,mchavezav,unknown,owner username,existing,Telecom,mchavezav,Traffic Cable,5,https://services.arcgis.com/p44fQSGBTnSRR4hh/arcgis/rest/services/Telecom/FeatureServer/5,5989f95add5c4d9f894c1298da47c9ba,
0,publisher: unknown,bcarter_sitetracker,unknown,owner username,existing,Sitetracker Fiber,bcarter_sitetracker,Regional_Cable,5,https://services7.arcgis.com/kz0fowMmnpdEMZXA/arcgis/rest/services/Sitetracker_Fiber/FeatureServer/9,3ece9ab40f214474828f85c21845aed6,
0,publisher: unknown,Ironwood18,unknown,owner username,existing,Fiber Lines 072020206 - View Layer,Ironwood18,Fiber_Opt2,5,https://services8.arcgis.com/oJGovsscFZLP6rOw/arcgis/rest/services/Fiber_Lines_072020206_-_View_Layer/FeatureServer/3,2bb04800d8cd4cb3b1ea4f9fb315d674,
0,publisher: consultant,Jacobs ArcGIS Online,consultant,arcgis org,existing,communications,Michael.Pavey@jacobs.com_Jacobs,communications,5,https://services9.arcgis.com/eNX73FDxjlKFtCtH/arcgis/rest/services/communications/FeatureServer/0,fb5df7add4a8423495b8970a0ce90c59,
0,publisher: demo/sample,ArcGIS Solutions Demonstration organization,demo/sample,arcgis org,existing,CommunicationsSystem_viewing,LocalGovTryItLive,Regional Cable,5,https://services6.arcgis.com/Pu6Fai10JE2L2xUd/arcgis/rest/services/CommunicationsSystem_viewing_cf69db6f4f9341e9afbace32e57ebe89/FeatureServer/715030,e9c0cb03d89842dabebce192c6ffa520,
0,publisher: demo/sample,ArcGIS Solutions Demonstration organization,demo/sample,arcgis org,existing,CommunicationsSystem_field_inventory,LocalGovTryItLive,Regional Cable,5,https://services6.arcgis.com/Pu6Fai10JE2L2xUd/arcgis/rest/services/CommunicationsSystem_field_inventory_cf69db6f4f9341e9afbace32e57ebe89/FeatureServer/715030,9a62b6c32bde4a169435accb3700097c,
0,publisher: demo/sample,ArcGIS Solutions Demonstration organization,demo/sample,arcgis org,existing,CommunicationsSystem_editing,LocalGovTryItLive,Regional Cable,5,https://services6.arcgis.com/Pu6Fai10JE2L2xUd/arcgis/rest/services/CommunicationsSystem_editing_cf69db6f4f9341e9afbace32e57ebe89/FeatureServer/715030,70b2bc7bd0f04364957c53a6de42012a,
0,publisher: demo/sample,ArcGIS Solutions Demonstration organization,demo/sample,arcgis org,existing,CommunicationsSystem,LocalGovTryItLive,Regional Cable,5,https://services6.arcgis.com/Pu6Fai10JE2L2xUd/arcgis/rest/services/CommunicationsSystem_cf69db6f4f9341e9afbace32e57ebe89/FeatureServer/715030,106786780f144405a0151cd1d55efebf,
0,publisher: consultant,"QCGIS Consulting, LLC",consultant,arcgis org,existing,Fiber Lines,QCGIS_LisaM,Fiber Lines,4,https://services6.arcgis.com/iZ6GmQZ9zaRNfvWH/arcgis/rest/services/Fiber_Lines/FeatureServer/7,a6bd6493486c4cc1add15ce27c8330f6,
0,publisher: unknown,kduncanbg,unknown,owner username,existing,EX_FIBER OPTIC BOX,kduncanbg,EX-FIBER OPTIC BOX,4,https://services5.arcgis.com/JWrCRn2sKoxC0XsM/arcgis/rest/services/EX_FIBER_OPTIC_BOX/FeatureServer/1,b76f4987963b43cc9cdf8ba260c5783c,
0,publisher: unknown,bbergeron_pobtx,unknown,owner username,existing,POB Utilities_v12_WFL1,bbergeron_pobtx,AT_T_Fiber,4,https://services6.arcgis.com/wyYd0MFCwlxOmYNq/arcgis/rest/services/POB_Utilities_v12_WFL1/FeatureServer/25,3626ccd315b041838423088683204b13,
0,publisher: demo/sample,"Esri,. Inc.",demo/sample,item credits,existing,OptikFiber,esri_id1,CopperCable,4,https://services2.arcgis.com/LvCBNZuwhTWWbvod/arcgis/rest/services/OptikFiber/FeatureServer/9,84b44f074b2c4d1c85eca4fb753754d8,
0,publisher: unknown,PHRusso,unknown,owner username,existing,Fiber Optics_ATT,PHRusso,Fiber Optics (AT&T),4,https://services9.arcgis.com/xdpm0FCzFgMkMhqo/arcgis/rest/services/Fiber_Optics_ATT/FeatureServer/0,fb43f8c6db444e9eadb6e7f253f2e2be,
0,publisher: unknown,mandrews,unknown,owner username,existing,Fiber_Broadband_clip,mandrews,Fiber_clip,4,https://services2.arcgis.com/IxPw3aIgkKzsK9Lc/arcgis/rest/services/Fiber_Broadband_clip/FeatureServer/0,6211a4d345d34583a6180e43efb11ee3,
0,publisher: unknown,wh_parks,unknown,owner username,existing,Fiber view,wh_parks,Fiber Duct,4,https://services7.arcgis.com/bs18C029OPh8Dj4p/arcgis/rest/services/Fiber_view/FeatureServer/311,0cfc9b1b2b4243b195f1be8f68cbcf1a,
0,publisher: unknown,cgholladay65,unknown,owner username,existing,Fastwyre_MTC_ COPPER AND FIBER NETWORK 2024_WFL1,cgholladay65,lateral,4,https://services3.arcgis.com/J01UrYgLSgRvRWvT/arcgis/rest/services/Fastwyre_MTC__COPPER_AND_FIBER_NETWORK_2024_WFL1/FeatureServer/42,6ac37884fe1843489a4d8240db4eacbb,
0,publisher: consultant,HDR ArcGIS Online,consultant,arcgis org,existing,Existing_Fiber_Unite_Private_Networks_OPW54077_V,Devin.Brewer@hdrinc.com_HDR,Existing_Fiber_Unite_Private_Networks,4,https://services.arcgis.com/04HiymDgLlsbhaV4/arcgis/rest/services/Existing_Fiber_Unite_Private_Networks_OPW54077_V/FeatureServer/0,40f49e5d0aa14553a4435618cf550d52,
0,publisher: consultant,ExultEngineering,consultant,owner username,existing,CDOT ITS Asset ToolPublish_WFL1,ExultEngineering,Copper Cables,4,https://services3.arcgis.com/KeHpkB2z2Rm4PO4O/arcgis/rest/services/CDOT_ITS_Asset_ToolPublish_WFL1/FeatureServer/17,65d71dd5405c4655b814a516b04db2ff,
0,publisher: unknown,Ironwood18,unknown,owner username,existing,Fiber Lines 072020206 - View Layer,Ironwood18,Fiber_Opt3,4,https://services8.arcgis.com/oJGovsscFZLP6rOw/arcgis/rest/services/Fiber_Lines_072020206_-_View_Layer/FeatureServer/4,2bb04800d8cd4cb3b1ea4f9fb315d674,
0,publisher: consultant,Biohabitats,consultant,arcgis org,existing,Zion Fiberoptic Line,hhaper_biohabitats,Zion_AE_FiberOpticLine,4,https://services5.arcgis.com/PADY1WtQSQ4Ijq5k/arcgis/rest/services/Zion_Fiberoptic_Line/FeatureServer/1,846215b406004b128b69c84ab23c5989,
0,publisher: consultant,"QCGIS Consulting, LLC",consultant,arcgis org,existing,Silvis Data Loading_New_20230915,QCGIS_LisaM,Fiber Line,4,https://services6.arcgis.com/iZ6GmQZ9zaRNfvWH/arcgis/rest/services/Silvis_Data_Loading_New_20230915/FeatureServer/31,6052e5d8f54b48808c01008ffa95a9c7,
0,publisher: consultant,"QCGIS Consulting, LLC",consultant,arcgis org,existing,Silvis Data Loading Map_Beta_2023_09_15_WFL1,QCGIS_LisaM,Fiber Line,4,https://services6.arcgis.com/iZ6GmQZ9zaRNfvWH/arcgis/rest/services/Silvis_Data_Loading_Map_Beta_2023_09_15_WFL1/FeatureServer/31,07280fe61e6b4330a57dbab61f6986c0,
0,publisher: unknown,wh_parks,unknown,owner username,existing,Fiber,wh_parks,Fiber Duct,4,https://services7.arcgis.com/bs18C029OPh8Dj4p/arcgis/rest/services/Fiber/FeatureServer/311,5e3365003846484c8d9c03ff482b1392,
0,publisher: unknown,PHRusso,unknown,owner username,existing,Fiber Optics (Sprint Communications),PHRusso,Fiber Optics (Sprint Communications),3,https://services9.arcgis.com/xdpm0FCzFgMkMhqo/arcgis/rest/services/Fiber_Optics_(Sprint_Communications)/FeatureServer/0,ac7a4185224d421fae9e1a2c03a97288,
0,publisher: unknown,Chandler66,unknown,owner username,existing,South Bay Fiber Network_WFL1,Chandler66,OWB Connect,3,https://services6.arcgis.com/aaHc844r9MO5oJql/arcgis/rest/services/South_Bay_Fiber_Network_WFL1/FeatureServer/4,3d38f67c3cc541afa6cff7acebe03d7d,
0,publisher: demo/sample,ArcGIS Solutions Development,demo/sample,arcgis org,existing,CommunicationsSystem,jsong_arcgissolutions,Cable,3,https://services2.arcgis.com/PWJUSsdoJDp7SgLj/arcgis/rest/services/CommunicationsSystem_81d5056577c74775843c91545415b9eb/FeatureServer/8,059afdd110084883b9f669082eb32dd1,
0,publisher: demo/sample,Esri,demo/sample,item credits,existing,CommunicationsSystem_editing,RmontoyaTDI,Regional Cable,3,https://services6.arcgis.com/osfd1ajiPchobHxV/arcgis/rest/services/CommunicationsSystem_editing_c040de9e41de47869e9dfb8ddabd7fb0/FeatureServer/715030,f718733e6e2040a4ace99693307aeb53,
0,publisher: unknown,jcrolfzen,unknown,owner username,planned,Fiber Line Update Proposed Kuna December 2024,jcrolfzen,Fiber_Line_Update_Proposed_Kuna_December_2024,3,https://services8.arcgis.com/IDp5lohDMREgQD03/arcgis/rest/services/Fiber_Line_Update_Proposed_Kuna_December_2024/FeatureServer/0,1f7bea2059f84d19b9563a5b6618c3da,
0,publisher: unknown,Thrasher_User01,unknown,owner username,existing,EXISTING FIBER LINES,Thrasher_User01,EXISTING FIBER LINES,3,https://services5.arcgis.com/6Ryg1DYnVze4GYYo/arcgis/rest/services/EXISTING_FIBER_LINES/FeatureServer/0,4c656d7d9de4473d88fe41f3b8c924c6,
0,publisher: unknown,jcrolfzen,unknown,owner username,planned,Proposed Fiber Line,jcrolfzen,Proposed_Fiber_Line,3,https://services8.arcgis.com/IDp5lohDMREgQD03/arcgis/rest/services/Proposed_Fiber_Line/FeatureServer/0,5ae174efa0eb4c9b8463f4b10d6768c9,
0,publisher: unknown,jcrolfzen,unknown,owner username,existing,Fiber Line Kuna Modifications Jan 2025,jcrolfzen,Fiber_Line_Kuna_Modifications_Jan_2025,3,https://services8.arcgis.com/IDp5lohDMREgQD03/arcgis/rest/services/Fiber_Line_Kuna_Modifications_Jan_2025/FeatureServer/0,153650b956bd4418a86a05cd31de7e94,
0,publisher: unknown,ArcGIS_RTCwashoe,unknown,owner username,existing,Traffic Signal Fiber 2501,ArcGIS_RTCwashoe,Traffic_Signal_Fiber_2501,3,https://services1.arcgis.com/snfDNSrRKzTzlDky/arcgis/rest/services/Traffic_Signal_Fiber_2501/FeatureServer/0,fa67048b9c5a4b17961e5100675be863,
0,duplicate copy,County of Summit GIS,public,arcgis org,existing,Fiber Ring Map _ 8_03_2023_WFL1,Summit_Admin,Fiber Route PSAP,3,https://services3.arcgis.com/3Ukh5HzAdI6WZ3KP/arcgis/rest/services/Fiber_Ring_Map___8_03_2023_WFL1/FeatureServer/68,64f11fe67c014666b764e4dc7ea1479a,
0,duplicate copy,County of Summit GIS,public,arcgis org,existing,FiberRingTest2,Summit_Admin,TWINSBURG_TWP,3,https://services3.arcgis.com/3Ukh5HzAdI6WZ3KP/arcgis/rest/services/FiberRingTest2/FeatureServer/37,c669d1f4fb57491eb4739c44a257f0f6,
0,duplicate copy,County of Summit GIS,public,arcgis org,existing,FiberRingTest2,Summit_Admin,Fiber Route PSAP,3,https://services3.arcgis.com/3Ukh5HzAdI6WZ3KP/arcgis/rest/services/FiberRingTest2/FeatureServer/68,c669d1f4fb57491eb4739c44a257f0f6,
0,duplicate copy,County of Summit GIS,public,arcgis org,existing,FiberRingTest2,Summit_Admin,Fiber Route PSAP,3,https://services3.arcgis.com/3Ukh5HzAdI6WZ3KP/arcgis/rest/services/FiberRingTest2/FeatureServer/5,c669d1f4fb57491eb4739c44a257f0f6,
0,publisher: demo/sample,"Esri,. Inc.",demo/sample,item credits,existing,OptikFiber,esri_id1,FiberCable,2,https://services2.arcgis.com/LvCBNZuwhTWWbvod/arcgis/rest/services/OptikFiber/FeatureServer/4,84b44f074b2c4d1c85eca4fb753754d8,
0,publisher: unknown,cgholladay65,unknown,owner username,existing,Fastwyre_MTC_ COPPER AND FIBER NETWORK 2024_WFL1,cgholladay65,backbone-1,2,https://services3.arcgis.com/J01UrYgLSgRvRWvT/arcgis/rest/services/Fastwyre_MTC__COPPER_AND_FIBER_NETWORK_2024_WFL1/FeatureServer/4,6ac37884fe1843489a4d8240db4eacbb,
0,publisher: demo/sample,AGOL,demo/sample,arcgis org,existing,CommunicationsSystem_viewing,Frank.Boateng_DaytonOhio,Conduit,2,https://services2.arcgis.com/3dDB2Kk6kuA2gIGw/arcgis/rest/services/CommunicationsSystem_viewing_22e67ab37c7d4f85b7248d3bcc7e775e/FeatureServer/9,9e1de277435f4d689297672f424906a2,
0,publisher: unknown,Ironwood18,unknown,owner username,existing,Fiber Lines 072020206 - View Layer,Ironwood18,Fiber_Opt1,2,https://services8.arcgis.com/oJGovsscFZLP6rOw/arcgis/rest/services/Fiber_Lines_072020206_-_View_Layer/FeatureServer/2,2bb04800d8cd4cb3b1ea4f9fb315d674,
0,publisher: unknown,Noc@sfnnv.com,unknown,owner username,existing,FIBER_CABLE_HUM_0495,Noc@sfnnv.com,FIBER_CABLE_HUM_0495,2,https://services7.arcgis.com/YLexQkxGrrnYnXML/arcgis/rest/services/FIBER_CABLE_HUM_045/FeatureServer/0,c1fbe3ba53184905bd0aac6381ba2fe7,
0,copy of Crown Castle routes,COM_Admin_Broadband,carrier,owner username,existing,Rhode Island Network Overview,COM_Admin_Broadband,Crown Castle Fiber Network,2,https://services6.arcgis.com/70X0jB6UtsfE8L2y/arcgis/rest/services/Rhode_Island_Network_Overview/FeatureServer/5,e37e4510fb354152a970343939f8368d,
0,publisher: demo/sample,ArcGIS Team Local Gov,demo/sample,arcgis org,existing,CommunicationsSystem_viewing,gjoseph_localgov,Communications Conduit,2,https://services.arcgis.com/b6gLrKHqgkQb393u/arcgis/rest/services/CommunicationsSystem_viewing_2f8dd82b519143a89603aa2b1d669588/FeatureServer/905109,dde86fe1c2e04197958fbe57e6e67bd5,
0,publisher: consultant,"Integra Design Group, PSC",consultant,arcgis org,existing,Telecom Optic Fiber_LinesNEW,integradesign,Telecom_Optic_Fiber_LinesNEW,2,https://services2.arcgis.com/QwVReOib6QNUWA6n/arcgis/rest/services/Telecom_Optic_Fiber_LinesNEW/FeatureServer/0,c2740bd54cd747f0b69920c779cbb04c,
0,duplicate copy,City of Jackson GIS,public,arcgis org,existing,FIBER MAP UPDATE NEW FIBER ROUTES JULY 2021_WFL1,mmaberry,Fiber Route FS 10 to TL Love Center,2,https://services2.arcgis.com/n0wqzAPJddc1vROD/arcgis/rest/services/FIBER_MAP_UPDATE_NEW_FIBER_ROUTES_JULY_2021_WFL1/FeatureServer/12,05ea5b184b244873ac64bde6e1943d61,
0,duplicate copy,City of Jackson GIS,public,arcgis org,existing,FIBER MAP UPDATE NEW FIBER ROUTES JULY 2021_WFL1,mmaberry,Fiber Route FS 10 to TL Love Center,2,https://services2.arcgis.com/n0wqzAPJddc1vROD/arcgis/rest/services/FIBER_MAP_UPDATE_NEW_FIBER_ROUTES_JULY_2021_WFL1/FeatureServer/19,05ea5b184b244873ac64bde6e1943d61,
0,duplicate copy,City of Jackson GIS,public,arcgis org,existing,FIBER MAP UPDATE NEW FIBER ROUTES JULY 2021_WFL1,mmaberry,FS 20 CONNECTION FIBER RUN,2,https://services2.arcgis.com/n0wqzAPJddc1vROD/arcgis/rest/services/FIBER_MAP_UPDATE_NEW_FIBER_ROUTES_JULY_2021_WFL1/FeatureServer/22,05ea5b184b244873ac64bde6e1943d61,
0,duplicate copy,City of Jackson GIS,public,arcgis org,existing,Gigabit Bit Fiber Routes_1_WFL1,mmaberry,CooperRdTower_2PCT1,2,https://services2.arcgis.com/n0wqzAPJddc1vROD/arcgis/rest/services/Gigabit_Bit_Fiber_Routes_1_WFL1/FeatureServer/2,13ef502cdbf94d72a7e6a4cb5d773abb,
0,publisher: demo/sample,AGOL,demo/sample,arcgis org,existing,CommunicationsSystem,Frank.Boateng_DaytonOhio,Conduit,2,https://services2.arcgis.com/3dDB2Kk6kuA2gIGw/arcgis/rest/services/CommunicationsSystem_22e67ab37c7d4f85b7248d3bcc7e775e/FeatureServer/9,d50f0a83710e420f85940964be9d9179,
0,publisher: demo/sample,ArcGIS Team Local Gov,demo/sample,arcgis org,existing,CommunicationsSystem_field_inventory,gjoseph_localgov,Communications Conduit,2,https://services.arcgis.com/b6gLrKHqgkQb393u/arcgis/rest/services/CommunicationsSystem_field_inventory_2f8dd82b519143a89603aa2b1d669588/FeatureServer/905109,0eca6d18f2484c6487201018a477f360,
0,publisher: demo/sample,ArcGIS Team Local Gov,demo/sample,arcgis org,existing,CommunicationsSystem_editing,gjoseph_localgov,Communications Conduit,2,https://services.arcgis.com/b6gLrKHqgkQb393u/arcgis/rest/services/CommunicationsSystem_editing_2f8dd82b519143a89603aa2b1d669588/FeatureServer/905109,bf198062027f43a4bdfb5649cd4aabce,
0,publisher: demo/sample,ArcGIS Team Local Gov,demo/sample,arcgis org,existing,CommunicationsSystem,gjoseph_localgov,Communications Conduit,2,https://services.arcgis.com/b6gLrKHqgkQb393u/arcgis/rest/services/CommunicationsSystem_2f8dd82b519143a89603aa2b1d669588/FeatureServer/905109,79d09d731d2f48b39d64f7f4e0789139,
0,publisher: unknown,akarpuk_stewartinc,unknown,owner username,existing,ATMC_Copper_Phone_Fiber,akarpuk_stewartinc,Line layer,2,https://services7.arcgis.com/zHNS16tz3znqN3gM/arcgis/rest/services/ATMC_Copper_Phone_Fiber/FeatureServer/0,4ef1f70ff1d04c27b4877d822f18a7e3,
0,publisher: demo/sample,Esri,demo/sample,item credits,existing,SFT Communications Network (View Only),arcgistelecomteam,Conduit,1,https://services.arcgis.com/B7X7NCOKKXditlwZ/arcgis/rest/services/CommunicationsSystem_viewing_0302c3a9e2e14fae9c2ae700a4c9215f/FeatureServer/9,8c45f55293414a27b0a62e3a6bc70adc,
0,publisher: consultant,"Integra Design Group, PSC",consultant,arcgis org,existing,Telecom Optic Fiber - Lines (OLD),integradesign,CommFiber_Merge,1,https://services2.arcgis.com/QwVReOib6QNUWA6n/arcgis/rest/services/CommFiber_Merge/FeatureServer/0,7b788a5c12954cda9b171c2141b8e18b,
0,publisher: unknown,hreed,unknown,owner username,existing,fiber_optics_002_gdb,hreed,FiberLine_240325,1,https://services9.arcgis.com/8wDqTf3aNqvKtSlW/arcgis/rest/services/fiber_optics_002_gdb/FeatureServer/2,b84b1eca444b4cdfb0dbafaf4dee60d2,
0,publisher: unknown,Chandler66,unknown,owner username,existing,South Bay Fiber Network_WFL1,Chandler66,Alhambra Connect,1,https://services6.arcgis.com/aaHc844r9MO5oJql/arcgis/rest/services/South_Bay_Fiber_Network_WFL1/FeatureServer/3,3d38f67c3cc541afa6cff7acebe03d7d,
0,publisher: unknown,cgholladay65,unknown,owner username,existing,Fastwyre_MTC_ COPPER AND FIBER NETWORK 2024_WFL1,cgholladay65,f-backbone,1,https://services3.arcgis.com/J01UrYgLSgRvRWvT/arcgis/rest/services/Fastwyre_MTC__COPPER_AND_FIBER_NETWORK_2024_WFL1/FeatureServer/2,6ac37884fe1843489a4d8240db4eacbb,
0,publisher: unknown,cgholladay65,unknown,owner username,existing,Fastwyre_MTC_ COPPER AND FIBER NETWORK 2024_WFL1,cgholladay65,duct,1,https://services3.arcgis.com/J01UrYgLSgRvRWvT/arcgis/rest/services/Fastwyre_MTC__COPPER_AND_FIBER_NETWORK_2024_WFL1/FeatureServer/3,6ac37884fe1843489a4d8240db4eacbb,
0,publisher: unknown,cgholladay65,unknown,owner username,existing,Fastwyre_MTC_ COPPER AND FIBER NETWORK 2024_WFL1,cgholladay65,backbone-1,1,https://services3.arcgis.com/J01UrYgLSgRvRWvT/arcgis/rest/services/Fastwyre_MTC__COPPER_AND_FIBER_NETWORK_2024_WFL1/FeatureServer/31,6ac37884fe1843489a4d8240db4eacbb,
0,publisher: unknown,cgholladay65,unknown,owner username,existing,Fastwyre_MTC_ COPPER AND FIBER NETWORK 2024_WFL1,cgholladay65,lateral,1,https://services3.arcgis.com/J01UrYgLSgRvRWvT/arcgis/rest/services/Fastwyre_MTC__COPPER_AND_FIBER_NETWORK_2024_WFL1/FeatureServer/73,6ac37884fe1843489a4d8240db4eacbb,
0,publisher: unknown,dthood5,unknown,owner username,existing,UO Fiber,dthood5,UO School Fiber,1,https://services6.arcgis.com/bkIb0HpWmXH00alq/arcgis/rest/services/Merge_UO_Schools/FeatureServer/0,79a87cadc2aa4b379c3e47034f57da99,
0,publisher: demo/sample,AGOL,demo/sample,arcgis org,existing,CommunicationsSystem_viewing,Frank.Boateng_DaytonOhio,Cable,1,https://services2.arcgis.com/3dDB2Kk6kuA2gIGw/arcgis/rest/services/CommunicationsSystem_viewing_22e67ab37c7d4f85b7248d3bcc7e775e/FeatureServer/8,9e1de277435f4d689297672f424906a2,
0,publisher: unknown,kduncanbg,unknown,owner username,existing,Fiber_Phone,kduncanbg,Fiber&Phone,1,https://services5.arcgis.com/JWrCRn2sKoxC0XsM/arcgis/rest/services/Fiber_Phone/FeatureServer/0,2bb8dc62525e4f04abe0dd3e9cf655a2,
0,publisher: unknown,dthood5,unknown,owner username,existing,CTC Fiber Legend,dthood5,Line layer,1,https://services6.arcgis.com/bkIb0HpWmXH00alq/arcgis/rest/services/CTC_Fiber_Legend/FeatureServer/0,281b63f552b74c4fb99217848d329439,
0,publisher: unknown,ArcGIS_RTCwashoe,unknown,owner username,existing,Traffic Signal Fiber 26_01,ArcGIS_RTCwashoe,Traffic_Signal_Fiber_26_01,1,https://services1.arcgis.com/snfDNSrRKzTzlDky/arcgis/rest/services/Traffic_Signal_Fiber_26_01/FeatureServer/0,52ab8e4a79fb42ddbf4e19a6c5f32577,
0,duplicate copy,City of Jackson GIS,public,arcgis org,existing,Gigabit Bit Fiber Routes_1_WFL1,mmaberry,Is_Fiber2CareMaintance,1,https://services2.arcgis.com/n0wqzAPJddc1vROD/arcgis/rest/services/Gigabit_Bit_Fiber_Routes_1_WFL1/FeatureServer/1,13ef502cdbf94d72a7e6a4cb5d773abb,
0,duplicate copy,City of Jackson GIS,public,arcgis org,existing,Gigabit Bit Fiber Routes_1_WFL1,mmaberry,Gym_AnimalControl,1,https://services2.arcgis.com/n0wqzAPJddc1vROD/arcgis/rest/services/Gigabit_Bit_Fiber_Routes_1_WFL1/FeatureServer/3,13ef502cdbf94d72a7e6a4cb5d773abb,
0,duplicate copy,City of Jackson GIS,public,arcgis org,existing,Gigabit Bit Fiber Routes_1_WFL1,mmaberry,Oakmont2HattiesburbTower,1,https://services2.arcgis.com/n0wqzAPJddc1vROD/arcgis/rest/services/Gigabit_Bit_Fiber_Routes_1_WFL1/FeatureServer/4,13ef502cdbf94d72a7e6a4cb5d773abb,
0,duplicate copy,City of Jackson GIS,public,arcgis org,existing,Gigabit Bit Fiber Routes_1_WFL1,mmaberry,FS14_2_HattieTower,1,https://services2.arcgis.com/n0wqzAPJddc1vROD/arcgis/rest/services/Gigabit_Bit_Fiber_Routes_1_WFL1/FeatureServer/5,13ef502cdbf94d72a7e6a4cb5d773abb,
0,duplicate copy,City of Jackson GIS,public,arcgis org,existing,FS 26 _ Vergie P Middleton Community Center  Fiber Route,mmaberry,FS 26 _ Vergie P Middleton Community Center  Fiber Route,1,https://services2.arcgis.com/n0wqzAPJddc1vROD/arcgis/rest/services/FS 26 _ Vergie P Middleton Community Center  Fiber Route/FeatureServer/0,f34c0b6dc48c43bda0bbbe43b47a8893,
0,duplicate copy,City of Jackson GIS,public,arcgis org,existing,Route FS 10 TO 810 Lerida ct,mmaberry,Route FS 10 TO 810 Lerida ct,1,https://services2.arcgis.com/n0wqzAPJddc1vROD/arcgis/rest/services/Route FS 10 TO 810 Lerida ct/FeatureServer/0,3e41778f57b54418959b7121441f6953,
0,duplicate copy,City of Jackson GIS,public,arcgis org,existing,JPS Lit Community COJ Fiber 2021_WFL1,mmaberry,FS14_2_HattieTower,1,https://services2.arcgis.com/n0wqzAPJddc1vROD/arcgis/rest/services/JPS_Lit_Community_COJ_Fiber_2021_WFL1/FeatureServer/3,f722349f8a5d40c9a39a26ae03c75e19,
0,duplicate copy,City of Jackson GIS,public,arcgis org,existing,JPS Lit Community COJ Fiber 2021_WFL1,mmaberry,Oakmont2HattiesburbTower,1,https://services2.arcgis.com/n0wqzAPJddc1vROD/arcgis/rest/services/JPS_Lit_Community_COJ_Fiber_2021_WFL1/FeatureServer/4,f722349f8a5d40c9a39a26ae03c75e19,
0,duplicate copy,City of Jackson GIS,public,arcgis org,existing,JPS Lit Community COJ Fiber 2021_WFL1,mmaberry,Gym_AnimalControl,1,https://services2.arcgis.com/n0wqzAPJddc1vROD/arcgis/rest/services/JPS_Lit_Community_COJ_Fiber_2021_WFL1/FeatureServer/8,f722349f8a5d40c9a39a26ae03c75e19,
0,duplicate copy,City of Jackson GIS,public,arcgis org,existing,JPS Lit Community COJ Fiber 2021_WFL1,mmaberry,Is_Fiber2CareMaintance,1,https://services2.arcgis.com/n0wqzAPJddc1vROD/arcgis/rest/services/JPS_Lit_Community_COJ_Fiber_2021_WFL1/FeatureServer/9,f722349f8a5d40c9a39a26ae03c75e19,
0,duplicate copy,City of Jackson GIS,public,arcgis org,existing,JPS Lit Community COJ Fiber 2021_WFL1,mmaberry,Route10_2SonnyGolf,1,https://services2.arcgis.com/n0wqzAPJddc1vROD/arcgis/rest/services/JPS_Lit_Community_COJ_Fiber_2021_WFL1/FeatureServer/11,f722349f8a5d40c9a39a26ae03c75e19,
0,duplicate copy,County of Summit GIS,public,arcgis org,existing,FiberRingTest2,Summit_Admin,TWINSBURG_CITY,1,https://services3.arcgis.com/3Ukh5HzAdI6WZ3KP/arcgis/rest/services/FiberRingTest2/FeatureServer/38,c669d1f4fb57491eb4739c44a257f0f6,
0,duplicate copy,County of Summit GIS,public,arcgis org,existing,FiberRingTest2,Summit_Admin,TALLMADGE_CITY,1,https://services3.arcgis.com/3Ukh5HzAdI6WZ3KP/arcgis/rest/services/FiberRingTest2/FeatureServer/39,c669d1f4fb57491eb4739c44a257f0f6,
0,duplicate copy,County of Summit GIS,public,arcgis org,existing,FiberRingTest2,Summit_Admin,STOW_CITY,1,https://services3.arcgis.com/3Ukh5HzAdI6WZ3KP/arcgis/rest/services/FiberRingTest2/FeatureServer/40,c669d1f4fb57491eb4739c44a257f0f6,
0,duplicate copy,County of Summit GIS,public,arcgis org,existing,FiberRingTest2,Summit_Admin,SPRINGFIELD_TWP,1,https://services3.arcgis.com/3Ukh5HzAdI6WZ3KP/arcgis/rest/services/FiberRingTest2/FeatureServer/41,c669d1f4fb57491eb4739c44a257f0f6,
0,duplicate copy,County of Summit GIS,public,arcgis org,existing,FiberRingTest2,Summit_Admin,SILVER_LAKE_VILL,1,https://services3.arcgis.com/3Ukh5HzAdI6WZ3KP/arcgis/rest/services/FiberRingTest2/FeatureServer/42,c669d1f4fb57491eb4739c44a257f0f6,
0,duplicate copy,County of Summit GIS,public,arcgis org,existing,FiberRingTest2,Summit_Admin,SAGAMORE_HILLS_TWP,1,https://services3.arcgis.com/3Ukh5HzAdI6WZ3KP/arcgis/rest/services/FiberRingTest2/FeatureServer/43,c669d1f4fb57491eb4739c44a257f0f6,
0,duplicate copy,County of Summit GIS,public,arcgis org,existing,FiberRingTest2,Summit_Admin,RICHFIELD_VILL,1,https://services3.arcgis.com/3Ukh5HzAdI6WZ3KP/arcgis/rest/services/FiberRingTest2/FeatureServer/44,c669d1f4fb57491eb4739c44a257f0f6,
0,duplicate copy,County of Summit GIS,public,arcgis org,existing,FiberRingTest2,Summit_Admin,RICHFIELD_TWP,1,https://services3.arcgis.com/3Ukh5HzAdI6WZ3KP/arcgis/rest/services/FiberRingTest2/FeatureServer/45,c669d1f4fb57491eb4739c44a257f0f6,
0,duplicate copy,County of Summit GIS,public,arcgis org,existing,FiberRingTest2,Summit_Admin,REMINDERVILLE_VILL,1,https://services3.arcgis.com/3Ukh5HzAdI6WZ3KP/arcgis/rest/services/FiberRingTest2/FeatureServer/46,c669d1f4fb57491eb4739c44a257f0f6,
0,duplicate copy,County of Summit GIS,public,arcgis org,existing,FiberRingTest2,Summit_Admin,PENINSULA_VILL,1,https://services3.arcgis.com/3Ukh5HzAdI6WZ3KP/arcgis/rest/services/FiberRingTest2/FeatureServer/47,c669d1f4fb57491eb4739c44a257f0f6,
0,duplicate copy,County of Summit GIS,public,arcgis org,existing,FiberRingTest2,Summit_Admin,NORTON_CITY,1,https://services3.arcgis.com/3Ukh5HzAdI6WZ3KP/arcgis/rest/services/FiberRingTest2/FeatureServer/48,c669d1f4fb57491eb4739c44a257f0f6,
0,duplicate copy,County of Summit GIS,public,arcgis org,existing,FiberRingTest2,Summit_Admin,NORTHFIELD_VILL,1,https://services3.arcgis.com/3Ukh5HzAdI6WZ3KP/arcgis/rest/services/FiberRingTest2/FeatureServer/49,c669d1f4fb57491eb4739c44a257f0f6,
0,duplicate copy,County of Summit GIS,public,arcgis org,existing,FiberRingTest2,Summit_Admin,NORTHFIELD_CENTER_TWP,1,https://services3.arcgis.com/3Ukh5HzAdI6WZ3KP/arcgis/rest/services/FiberRingTest2/FeatureServer/50,c669d1f4fb57491eb4739c44a257f0f6,
0,duplicate copy,County of Summit GIS,public,arcgis org,existing,FiberRingTest2,Summit_Admin,NEW_FRANKLIN_CITY,1,https://services3.arcgis.com/3Ukh5HzAdI6WZ3KP/arcgis/rest/services/FiberRingTest2/FeatureServer/51,c669d1f4fb57491eb4739c44a257f0f6,
0,duplicate copy,County of Summit GIS,public,arcgis org,existing,FiberRingTest2,Summit_Admin,MUNROE_FALLS_CITY,1,https://services3.arcgis.com/3Ukh5HzAdI6WZ3KP/arcgis/rest/services/FiberRingTest2/FeatureServer/52,c669d1f4fb57491eb4739c44a257f0f6,
0,duplicate copy,County of Summit GIS,public,arcgis org,existing,FiberRingTest2,Summit_Admin,MOGADORE_VILL,1,https://services3.arcgis.com/3Ukh5HzAdI6WZ3KP/arcgis/rest/services/FiberRingTest2/FeatureServer/53,c669d1f4fb57491eb4739c44a257f0f6,
0,duplicate copy,County of Summit GIS,public,arcgis org,existing,FiberRingTest2,Summit_Admin,MACEDONIA_CITY,1,https://services3.arcgis.com/3Ukh5HzAdI6WZ3KP/arcgis/rest/services/FiberRingTest2/FeatureServer/54,c669d1f4fb57491eb4739c44a257f0f6,
0,duplicate copy,County of Summit GIS,public,arcgis org,existing,FiberRingTest2,Summit_Admin,LAKEMORE_VILL,1,https://services3.arcgis.com/3Ukh5HzAdI6WZ3KP/arcgis/rest/services/FiberRingTest2/FeatureServer/55,c669d1f4fb57491eb4739c44a257f0f6,
0,duplicate copy,County of Summit GIS,public,arcgis org,existing,FiberRingTest2,Summit_Admin,HUDSON_CITY,1,https://services3.arcgis.com/3Ukh5HzAdI6WZ3KP/arcgis/rest/services/FiberRingTest2/FeatureServer/56,c669d1f4fb57491eb4739c44a257f0f6,
0,duplicate copy,County of Summit GIS,public,arcgis org,existing,FiberRingTest2,Summit_Admin,GREEN_CITY,1,https://services3.arcgis.com/3Ukh5HzAdI6WZ3KP/arcgis/rest/services/FiberRingTest2/FeatureServer/57,c669d1f4fb57491eb4739c44a257f0f6,
0,duplicate copy,County of Summit GIS,public,arcgis org,existing,FiberRingTest2,Summit_Admin,FAIRLAWN_CITY,1,https://services3.arcgis.com/3Ukh5HzAdI6WZ3KP/arcgis/rest/services/FiberRingTest2/FeatureServer/58,c669d1f4fb57491eb4739c44a257f0f6,
0,duplicate copy,County of Summit GIS,public,arcgis org,existing,FiberRingTest2,Summit_Admin,CUYAHOGA_FALLS_CITY,1,https://services3.arcgis.com/3Ukh5HzAdI6WZ3KP/arcgis/rest/services/FiberRingTest2/FeatureServer/59,c669d1f4fb57491eb4739c44a257f0f6,
0,duplicate copy,County of Summit GIS,public,arcgis org,existing,FiberRingTest2,Summit_Admin,COVENTRY_TWP,1,https://services3.arcgis.com/3Ukh5HzAdI6WZ3KP/arcgis/rest/services/FiberRingTest2/FeatureServer/60,c669d1f4fb57491eb4739c44a257f0f6,
0,duplicate copy,County of Summit GIS,public,arcgis org,existing,FiberRingTest2,Summit_Admin,COPLEY_TWP_TWP,1,https://services3.arcgis.com/3Ukh5HzAdI6WZ3KP/arcgis/rest/services/FiberRingTest2/FeatureServer/61,c669d1f4fb57491eb4739c44a257f0f6,
0,duplicate copy,County of Summit GIS,public,arcgis org,existing,FiberRingTest2,Summit_Admin,CLINTON_VILL,1,https://services3.arcgis.com/3Ukh5HzAdI6WZ3KP/arcgis/rest/services/FiberRingTest2/FeatureServer/62,c669d1f4fb57491eb4739c44a257f0f6,
0,duplicate copy,County of Summit GIS,public,arcgis org,existing,FiberRingTest2,Summit_Admin,BOSTON_TWP_TWP,1,https://services3.arcgis.com/3Ukh5HzAdI6WZ3KP/arcgis/rest/services/FiberRingTest2/FeatureServer/63,c669d1f4fb57491eb4739c44a257f0f6,
0,duplicate copy,County of Summit GIS,public,arcgis org,existing,FiberRingTest2,Summit_Admin,BOSTON_HEIGHTS_VILL,1,https://services3.arcgis.com/3Ukh5HzAdI6WZ3KP/arcgis/rest/services/FiberRingTest2/FeatureServer/64,c669d1f4fb57491eb4739c44a257f0f6,
0,duplicate copy,County of Summit GIS,public,arcgis org,existing,FiberRingTest2,Summit_Admin,BATH_TWP,1,https://services3.arcgis.com/3Ukh5HzAdI6WZ3KP/arcgis/rest/services/FiberRingTest2/FeatureServer/65,c669d1f4fb57491eb4739c44a257f0f6,
0,duplicate copy,County of Summit GIS,public,arcgis org,existing,FiberRingTest2,Summit_Admin,BARBERTON_CITY,1,https://services3.arcgis.com/3Ukh5HzAdI6WZ3KP/arcgis/rest/services/FiberRingTest2/FeatureServer/66,c669d1f4fb57491eb4739c44a257f0f6,
0,duplicate copy,County of Summit GIS,public,arcgis org,existing,FiberRingTest2,Summit_Admin,AKRON_CITY,1,https://services3.arcgis.com/3Ukh5HzAdI6WZ3KP/arcgis/rest/services/FiberRingTest2/FeatureServer/67,c669d1f4fb57491eb4739c44a257f0f6,
0,publisher: demo/sample,AGOL,demo/sample,arcgis org,existing,CommunicationsSystem,Frank.Boateng_DaytonOhio,Cable,1,https://services2.arcgis.com/3dDB2Kk6kuA2gIGw/arcgis/rest/services/CommunicationsSystem_22e67ab37c7d4f85b7248d3bcc7e775e/FeatureServer/8,d50f0a83710e420f85940964be9d9179,
0,duplicate copy,Mohawk Council of Kahnawà:ke,public,arcgis org,existing,Fiber_cable_One_MCK_to_TEWA2,BradfordDean,Fiber_cable,1,https://services8.arcgis.com/0EarEyaTySs7q51C/arcgis/rest/services/Fiber_cable_One_MCK_to_TEWA2/FeatureServer/1,aca098ead9f54c62a57ff59f3b4679c7,
0,duplicate copy,"City of Lakewood, Colorado",public,arcgis org,existing,LkwdFiber,Lkwdsoftwareservices,Fiber_Conduit,1,https://services.arcgis.com/PFikmPaTMlt2KX1O/arcgis/rest/services/LkwdFiber/FeatureServer/3,4d45c324ba624f6395540eaa9ee0a652,
0,publisher: unknown,ajordan_Baird,unknown,owner username,existing,Telecommunication_Lines_DWG04,ajordan_Baird,Telecommunication_Lines,1,https://services2.arcgis.com/JlQfDvP4s2tZttI1/arcgis/rest/services/Telecommunication_Lines_DWG04/FeatureServer/0,dbace11d6164401cb097a5162622c4fd,
