{"type": "FeatureCollection", "features": [{"type": "Feature", "properties": {}, "geometry": {"coordinates": [[-72.625382, 42.063605], [-72.626561, 42.064481], [-72.627085, 42.065161], [-72.627347, 42.065939], [-72.627478, 42.067204], [-72.627478, 42.069829]], "type": "LineString"}}, {"type": "Feature", "properties": {}, "geometry": {"coordinates": [[-72.625382, 42.063605], [-72.620668, 42.063605], [-72.618311, 42.0638], [-72.616739, 42.064189], [-72.61543, 42.064772], [-72.614382, 42.06555], [-72.612287, 42.066328], [-72.609144, 42.067106], [-72.604953, 42.067884], [-72.599715, 42.068662], [-72.595524, 42.069343], [-72.592382, 42.069927], [-72.590286, 42.070413], [-72.589239, 42.070802], [-72.588322, 42.071288], [-72.587536, 42.071871], [-72.58675, 42.072746], [-72.585572, 42.074497]], "type": "LineString"}}, {"type": "Feature", "properties": {}, "geometry": {"coordinates": [[-72.514332, 42.062049], [-72.517867, 42.067301], [-72.519701, 42.069829], [-72.52101, 42.071385], [-72.522189, 42.072552], [-72.523237, 42.07333], [-72.523891, 42.074108], [-72.524153, 42.074886], [-72.523891, 42.075858], [-72.522713, 42.077608]], "type": "LineString"}}, {"type": "Feature", "properties": {}, "geometry": {"coordinates": [[-72.512236, 42.062049], [-72.514332, 42.062049]], "type": "LineString"}}, {"type": "Feature", "properties": {}, "geometry": {"coordinates": [[-72.510141, 42.062049], [-72.512236, 42.062049]], "type": "LineString"}}, {"type": "Feature", "properties": {}, "geometry": {"coordinates": [[-72.514332, 42.060493], [-72.514332, 42.062049]], "type": "LineString"}}, {"type": "Feature", "properties": {}, "geometry": {"coordinates": [[-72.570905, 42.052712], [-72.575095, 42.054269]], "type": "LineString"}}, {"type": "Feature", "properties": {}, "geometry": {"coordinates": [[-72.568809, 42.052712], [-72.570905, 42.052712]], "type": "LineString"}}, {"type": "Feature", "properties": {}, "geometry": {"coordinates": [[-72.514332, 42.052712], [-72.514332, 42.060493]], "type": "LineString"}}, {"type": "Feature", "properties": {}, "geometry": {"coordinates": [[-72.568809, 42.051156], [-72.568809, 42.052712]], "type": "LineString"}}, {"type": "Feature", "properties": {}, "geometry": {"coordinates": [[-72.545761, 42.051156], [-72.549297, 42.052907], [-72.551785, 42.053685], [-72.554404, 42.054074], [-72.557547, 42.054269], [-72.561214, 42.054269], [-72.564095, 42.054171], [-72.56619, 42.053977], [-72.567631, 42.053588], [-72.568809, 42.052712]], "type": "LineString"}}, {"type": "Feature", "properties": {}, "geometry": {"coordinates": [[-72.50595, 42.051156], [-72.509486, 42.051156], [-72.511189, 42.051253], [-72.512236, 42.051448], [-72.513153, 42.051837], [-72.514332, 42.052712]], "type": "LineString"}}, {"type": "Feature", "properties": {}, "geometry": {"coordinates": [[-72.543666, 42.046487], [-72.544844, 42.047362], [-72.545368, 42.047946], [-72.54563, 42.04853], [-72.545761, 42.049405], [-72.545761, 42.051156]], "type": "LineString"}}, {"type": "Feature", "properties": {}, "geometry": {"coordinates": [[-72.524808, 42.046487], [-72.529523, 42.049989], [-72.532273, 42.051545], [-72.53463, 42.052323], [-72.537118, 42.052712], [-72.539737, 42.052712], [-72.541832, 42.052615], [-72.543404, 42.052421], [-72.544582, 42.052031], [-72.545761, 42.051156]], "type": "LineString"}}, {"type": "Feature", "properties": {}, "geometry": {"coordinates": [[-72.522713, 42.046487], [-72.524808, 42.046487]], "type": "LineString"}}, {"type": "Feature", "properties": {}, "geometry": {"coordinates": [[-72.522713, 42.046487], [-72.514332, 42.052712]], "type": "LineString"}}, {"type": "Feature", "properties": {}, "geometry": {"coordinates": [[-72.524808, 42.04493], [-72.524808, 42.046487]], "type": "LineString"}}, {"type": "Feature", "properties": {}, "geometry": {"coordinates": [[-72.633764, 42.035591], [-72.632585, 42.046098], [-72.631668, 42.051351], [-72.630621, 42.054852], [-72.628918, 42.058354], [-72.625382, 42.063605]], "type": "LineString"}}, {"type": "Feature", "properties": {}, "geometry": {"coordinates": [[-72.67567, 42.035591], [-72.674491, 42.034715], [-72.673705, 42.034521], [-72.67292, 42.034715], [-72.672003, 42.035202], [-72.670955, 42.03598], [-72.67017, 42.036856], [-72.669646, 42.037829], [-72.669384, 42.038899], [-72.669384, 42.040066], [-72.669515, 42.041039], [-72.669777, 42.041817], [-72.67017, 42.042401], [-72.670693, 42.04279], [-72.671086, 42.043568], [-72.671348, 42.044736], [-72.671479, 42.046292], [-72.671479, 42.048238], [-72.67161, 42.049794], [-72.671872, 42.050962], [-72.672265, 42.05174], [-72.672789, 42.052129], [-72.673182, 42.05281], [-72.673443, 42.053782], [-72.673574, 42.055047], [-72.673574, 42.056603], [-72.673705, 42.057867], [-72.673967, 42.05884], [-72.67436, 42.059521], [-72.674884, 42.05991], [-72.675277, 42.060493], [-72.675539, 42.061271], [-72.67567, 42.062244], [-72.67567, 42.063411], [-72.675801, 42.064383], [-72.676063, 42.065161], [-72.676455, 42.065745], [-72.676979, 42.066134], [-72.677372, 42.066912], [-72.677634, 42.068079], [-72.677765, 42.070121], [-72.677765, 42.074497]], "type": "LineString"}}, {"type": "Feature", "properties": {}, "geometry": {"coordinates": [[-72.564619, 42.034034], [-72.568155, 42.039288], [-72.569726, 42.042012], [-72.570512, 42.043958], [-72.570905, 42.045709], [-72.570905, 42.047265], [-72.570774, 42.04853], [-72.570512, 42.049502], [-72.569988, 42.050281], [-72.568809, 42.051156]], "type": "LineString"}}, {"type": "Feature", "properties": {}, "geometry": {"coordinates": [[-72.564619, 42.032477], [-72.564619, 42.034034]], "type": "LineString"}}, {"type": "Feature", "properties": {}, "geometry": {"coordinates": [[-72.562523, 42.032477], [-72.564619, 42.032477]], "type": "LineString"}}, {"type": "Feature", "properties": {}, "geometry": {"coordinates": [[-72.562523, 42.032477], [-72.561345, 42.033353], [-72.560428, 42.033742], [-72.559381, 42.033937], [-72.558071, 42.034034], [-72.5565, 42.034034], [-72.55519, 42.034131], [-72.554142, 42.034326], [-72.553357, 42.034618], [-72.552833, 42.035007], [-72.55113, 42.035299], [-72.548249, 42.035494], [-72.54419, 42.035591], [-72.538951, 42.035591], [-72.534761, 42.035785], [-72.531618, 42.036175], [-72.529523, 42.036758], [-72.528475, 42.037537], [-72.527558, 42.03851], [-72.526772, 42.039677], [-72.525987, 42.041428], [-72.524808, 42.04493]], "type": "LineString"}}, {"type": "Feature", "properties": {}, "geometry": {"coordinates": [[-72.575095, 42.029364], [-72.577191, 42.032477]], "type": "LineString"}}, {"type": "Feature", "properties": {}, "geometry": {"coordinates": [[-72.575095, 42.029364], [-72.571559, 42.029364], [-72.569726, 42.029558], [-72.568417, 42.029948], [-72.566976, 42.030726], [-72.564619, 42.032477]], "type": "LineString"}}, {"type": "Feature", "properties": {}, "geometry": {"coordinates": [[-72.577191, 42.02625], [-72.575095, 42.029364]], "type": "LineString"}}, {"type": "Feature", "properties": {}, "geometry": {"coordinates": [[-72.617001, 42.024693], [-72.624073, 42.024693], [-72.627478, 42.024888], [-72.629573, 42.025277], [-72.631406, 42.026055], [-72.633764, 42.027807]], "type": "LineString"}}, {"type": "Feature", "properties": {}, "geometry": {"coordinates": [[-72.617001, 42.024693], [-72.614644, 42.026444], [-72.613596, 42.02732], [-72.613073, 42.027904], [-72.612811, 42.028488], [-72.612811, 42.029364]], "type": "LineString"}}, {"type": "Feature", "properties": {}, "geometry": {"coordinates": [[-73.318927, 42.023136], [-73.320105, 42.024012], [-73.320629, 42.024693], [-73.320891, 42.025471], [-73.321022, 42.026444], [-73.321022, 42.027612], [-73.321153, 42.028585], [-73.321415, 42.029364], [-73.321808, 42.029948], [-73.322332, 42.030337], [-73.322725, 42.031018], [-73.322986, 42.031991], [-73.323117, 42.033645], [-73.323117, 42.037148]], "type": "LineString"}}, {"type": "Feature", "properties": {}, "geometry": {"coordinates": [[-73.318927, 42.021579], [-73.318927, 42.023136]], "type": "LineString"}}, {"type": "Feature", "properties": {}, "geometry": {"coordinates": [[-73.316831, 42.021579], [-73.318927, 42.021579]], "type": "LineString"}}, {"type": "Feature", "properties": {}, "geometry": {"coordinates": [[-73.314736, 42.021579], [-73.316831, 42.021579]], "type": "LineString"}}, {"type": "Feature", "properties": {}, "geometry": {"coordinates": [[-71.942315, 42.021579], [-71.942315, 42.023136]], "type": "LineString"}}, {"type": "Feature", "properties": {}, "geometry": {"coordinates": [[-72.497569, 42.020022], [-72.497569, 42.027807]], "type": "LineString"}}, {"type": "Feature", "properties": {}, "geometry": {"coordinates": [[-71.942315, 42.020022], [-71.94441, 42.020022]], "type": "LineString"}}, {"type": "Feature", "properties": {}, "geometry": {"coordinates": [[-71.942315, 42.020022], [-71.942315, 42.021579]], "type": "LineString"}}, {"type": "Feature", "properties": {}, "geometry": {"coordinates": [[-72.497569, 42.018465], [-72.497569, 42.020022]], "type": "LineString"}}, {"type": "Feature", "properties": {}, "geometry": {"coordinates": [[-72.495474, 42.018465], [-72.497569, 42.018465]], "type": "LineString"}}, {"type": "Feature", "properties": {}, "geometry": {"coordinates": [[-72.491283, 42.016908], [-72.495474, 42.018465]], "type": "LineString"}}, {"type": "Feature", "properties": {}, "geometry": {"coordinates": [[-72.583476, 42.01535], [-72.583476, 42.020022]], "type": "LineString"}}, {"type": "Feature", "properties": {}, "geometry": {"coordinates": [[-73.327308, 42.013793], [-73.331499, 42.01535]], "type": "LineString"}}, {"type": "Feature", "properties": {}, "geometry": {"coordinates": [[-73.327308, 42.013793], [-73.318927, 42.021579]], "type": "LineString"}}, {"type": "Feature", "properties": {}, "geometry": {"coordinates": [[-73.287497, 42.013793], [-73.298105, 42.014669], [-73.30295, 42.015156], [-73.305569, 42.015545], [-73.307272, 42.016032], [-73.30845, 42.016908]], "type": "LineString"}}, {"type": "Feature", "properties": {}, "geometry": {"coordinates": [[-72.589762, 42.012236], [-72.591858, 42.012236]], "type": "LineString"}}, {"type": "Feature", "properties": {}, "geometry": {"coordinates": [[-72.589762, 42.012236], [-72.583476, 42.01535]], "type": "LineString"}}, {"type": "Feature", "properties": {}, "geometry": {"coordinates": [[-72.589762, 42.010679], [-72.589762, 42.012236]], "type": "LineString"}}, {"type": "Feature", "properties": {}, "geometry": {"coordinates": [[-72.589762, 42.009121], [-72.589762, 42.010679]], "type": "LineString"}}, {"type": "Feature", "properties": {}, "geometry": {"coordinates": [[-72.723862, 42.007564], [-72.723862, 42.012236]], "type": "LineString"}}, {"type": "Feature", "properties": {}, "geometry": {"coordinates": [[-72.723862, 42.006006], [-72.725957, 42.006006]], "type": "LineString"}}, {"type": "Feature", "properties": {}, "geometry": {"coordinates": [[-72.723862, 42.006006], [-72.723862, 42.007564]], "type": "LineString"}}, {"type": "Feature", "properties": {}, "geometry": {"coordinates": [[-73.245591, 42.004449], [-73.247949, 42.005325], [-73.249389, 42.005714], [-73.250699, 42.005909], [-73.252139, 42.006006], [-73.253711, 42.006006], [-73.255544, 42.006298], [-73.257639, 42.006882], [-73.259996, 42.007759], [-73.262616, 42.008927], [-73.265366, 42.009803], [-73.268247, 42.010387], [-73.271259, 42.010679], [-73.274402, 42.010679], [-73.27689, 42.010776], [-73.278723, 42.010971], [-73.280033, 42.01136], [-73.281211, 42.012236]], "type": "LineString"}}, {"type": "Feature", "properties": {}, "geometry": {"coordinates": [[-72.53738, 42.004449], [-72.538558, 42.005325], [-72.538297, 42.006201], [-72.536987, 42.007369], [-72.534761, 42.008927], [-72.531618, 42.010873], [-72.52913, 42.012236], [-72.527296, 42.013015], [-72.526118, 42.013209], [-72.525594, 42.01282], [-72.524546, 42.012528], [-72.522975, 42.012333], [-72.520879, 42.012236], [-72.51826, 42.012236], [-72.516165, 42.012333], [-72.514594, 42.012528], [-72.513546, 42.01282], [-72.513022, 42.013209], [-72.511974, 42.013598], [-72.510403, 42.013988], [-72.508308, 42.014377], [-72.505688, 42.014766], [-72.503462, 42.015253], [-72.501629, 42.015837], [-72.499926, 42.016713], [-72.497569, 42.018465]], "type": "LineString"}}, {"type": "Feature", "properties": {}, "geometry": {"coordinates": [[-72.562523, 42.001334], [-72.562523, 42.004838], [-72.563047, 42.006785], [-72.564095, 42.008343], [-72.565666, 42.0099], [-72.567762, 42.011457], [-72.569988, 42.012625], [-72.572345, 42.013404], [-72.574833, 42.013793], [-72.577453, 42.013793], [-72.579548, 42.01389], [-72.581119, 42.014085], [-72.582298, 42.014474], [-72.583476, 42.01535]], "type": "LineString"}}, {"type": "Feature", "properties": {}, "geometry": {"coordinates": [[-72.566714, 41.998219], [-72.562523, 42.001334]], "type": "LineString"}}, {"type": "Feature", "properties": {}, "geometry": {"coordinates": [[-73.325213, 41.993546], [-73.325213, 42.001431], [-73.325344, 42.005033], [-73.325606, 42.00698], [-73.325998, 42.008148], [-73.326522, 42.008537], [-73.326915, 42.009121], [-73.327177, 42.0099], [-73.327308, 42.011165], [-73.327308, 42.013793]], "type": "LineString"}}, {"type": "Feature", "properties": {}, "geometry": {"coordinates": [[-72.591858, 41.991988], [-72.591858, 41.995103]], "type": "LineString"}}, {"type": "Feature", "properties": {}, "geometry": {"coordinates": [[-71.992602, 41.991988], [-71.994697, 41.991988]], "type": "LineString"}}, {"type": "Feature", "properties": {}, "geometry": {"coordinates": [[-71.992602, 41.991988], [-71.990245, 41.99374], [-71.988804, 41.994519], [-71.987495, 41.994909], [-71.986054, 41.995103], [-71.984483, 41.995103], [-71.982911, 41.995396], [-71.98134, 41.99598], [-71.979768, 41.996856], [-71.978197, 41.998024], [-71.977018, 41.998998], [-71.976232, 41.999776], [-71.975839, 42.00036], [-71.975839, 42.00075], [-71.975185, 42.001431], [-71.973875, 42.002405], [-71.971911, 42.00367], [-71.969292, 42.005228], [-71.967327, 42.00659], [-71.966018, 42.007759], [-71.965363, 42.008732], [-71.965363, 42.009511], [-71.965101, 42.010192], [-71.964577, 42.010776], [-71.963792, 42.011263], [-71.962744, 42.011652], [-71.961303, 42.012431], [-71.95947, 42.013598], [-71.957244, 42.015156], [-71.954625, 42.017102], [-71.952267, 42.018562], [-71.950172, 42.019535], [-71.947946, 42.020022], [-71.94441, 42.020022]], "type": "LineString"}}, {"type": "Feature", "properties": {}, "geometry": {"coordinates": [[-72.591858, 41.99043], [-72.593953, 41.99043]], "type": "LineString"}}, {"type": "Feature", "properties": {}, "geometry": {"coordinates": [[-72.591858, 41.99043], [-72.591858, 41.991988]], "type": "LineString"}}, {"type": "Feature", "properties": {}, "geometry": {"coordinates": [[-72.589762, 41.99043], [-72.591858, 41.99043]], "type": "LineString"}}, {"type": "Feature", "properties": {}, "geometry": {"coordinates": [[-72.587667, 41.99043], [-72.589762, 41.99043]], "type": "LineString"}}, {"type": "Feature", "properties": {}, "geometry": {"coordinates": [[-73.195304, 41.988872], [-73.197661, 41.991501], [-73.199102, 41.992669], [-73.200411, 41.993254], [-73.201852, 41.993546], [-73.203423, 41.993546], [-73.205126, 41.993935], [-73.206959, 41.994714], [-73.208924, 41.995882], [-73.211019, 41.99744], [-73.212852, 41.998608], [-73.214424, 41.999387], [-73.215733, 41.999776], [-73.216781, 41.999776], [-73.21796, 42.000068], [-73.219269, 42.000653], [-73.22071, 42.001529], [-73.222281, 42.002697], [-73.223722, 42.003573], [-73.225031, 42.004157], [-73.226472, 42.004449], [-73.228829, 42.004449]], "type": "LineString"}}, {"type": "Feature", "properties": {}, "geometry": {"coordinates": [[-72.591858, 41.988872], [-72.591858, 41.99043]], "type": "LineString"}}, {"type": "Feature", "properties": {}, "geometry": {"coordinates": [[-72.549952, 41.988872], [-72.549952, 41.990625], [-72.550737, 41.991988], [-72.552309, 41.993546], [-72.555452, 41.996077], [-72.562523, 42.001334]], "type": "LineString"}}, {"type": "Feature", "properties": {}, "geometry": {"coordinates": [[-72.53738, 41.988872], [-72.53738, 41.991501], [-72.537249, 41.992864], [-72.536987, 41.993838], [-72.536463, 41.994909], [-72.535285, 41.996661]], "type": "LineString"}}, {"type": "Feature", "properties": {}, "geometry": {"coordinates": [[-72.617001, 42.024693], [-72.615823, 42.023817], [-72.615299, 42.022649], [-72.615037, 42.020898], [-72.614906, 42.018465], [-72.614906, 42.01535], [-72.614775, 42.012917], [-72.614513, 42.011165], [-72.61412, 42.010095], [-72.613596, 42.009705], [-72.613204, 42.008732], [-72.612942, 42.007174], [-72.612811, 42.005033], [-72.612811, 42.002307], [-72.61268, 42.000166], [-72.612418, 41.998608], [-72.612025, 41.997635], [-72.611501, 41.997245], [-72.611108, 41.996661], [-72.610846, 41.995882], [-72.610715, 41.994909], [-72.610715, 41.99374], [-72.610323, 41.992572], [-72.609537, 41.991404], [-72.608358, 41.990235], [-72.606787, 41.989067], [-72.605346, 41.988191], [-72.604037, 41.987607], [-72.602858, 41.987314], [-72.60181, 41.987314], [-72.600632, 41.987509], [-72.599322, 41.987899], [-72.597489, 41.988678], [-72.593953, 41.99043]], "type": "LineString"}}, {"type": "Feature", "properties": {}, "geometry": {"coordinates": [[-72.549952, 41.988872], [-72.548773, 41.987996], [-72.547725, 41.987607], [-72.546416, 41.987412], [-72.544713, 41.987314], [-72.542618, 41.987314], [-72.540916, 41.987412], [-72.539606, 41.987607], [-72.538558, 41.987996], [-72.53738, 41.988872]], "type": "LineString"}}, {"type": "Feature", "properties": {}, "geometry": {"coordinates": [[-73.163875, 41.985757], [-73.166232, 41.987509], [-73.167934, 41.988191], [-73.169768, 41.988385], [-73.171994, 41.988288], [-73.174613, 41.987899], [-73.176708, 41.987509], [-73.17828, 41.98712], [-73.179327, 41.98673], [-73.179851, 41.986341], [-73.180375, 41.986146], [-73.180899, 41.986146], [-73.181423, 41.986341], [-73.181947, 41.98673], [-73.182994, 41.987022], [-73.184566, 41.987217], [-73.186661, 41.987314], [-73.18928, 41.987314], [-73.191375, 41.987412], [-73.192947, 41.987607], [-73.194125, 41.987996], [-73.195304, 41.988872]], "type": "LineString"}}, {"type": "Feature", "properties": {}, "geometry": {"coordinates": [[-72.562523, 41.985757], [-72.566059, 41.987509], [-72.568155, 41.988385], [-72.569988, 41.98897], [-72.572476, 41.989554], [-72.577191, 41.99043]], "type": "LineString"}}, {"type": "Feature", "properties": {}, "geometry": {"coordinates": [[-72.562523, 41.985757], [-72.561345, 41.986633], [-72.560297, 41.987022], [-72.558988, 41.987217], [-72.557285, 41.987314], [-72.55519, 41.987314], [-72.553488, 41.987412], [-72.552178, 41.987607], [-72.55113, 41.987996], [-72.549952, 41.988872]], "type": "LineString"}}, {"type": "Feature", "properties": {}, "geometry": {"coordinates": [[-72.512236, 41.982641], [-72.513415, 41.983517], [-72.514332, 41.983906], [-72.515379, 41.984101], [-72.516689, 41.984199], [-72.51826, 41.984199], [-72.51957, 41.984296], [-72.520617, 41.984491], [-72.521403, 41.984783], [-72.521927, 41.985172], [-72.522975, 41.985464], [-72.524546, 41.985659], [-72.526641, 41.985757], [-72.529261, 41.985757], [-72.531487, 41.985951], [-72.53332, 41.986341], [-72.535023, 41.98712], [-72.53738, 41.988872]], "type": "LineString"}}, {"type": "Feature", "properties": {}, "geometry": {"coordinates": [[-71.898313, 41.982641], [-71.903028, 41.982641], [-71.905254, 41.982738], [-71.906564, 41.982933], [-71.907611, 41.983322], [-71.90879, 41.984199]], "type": "LineString"}}, {"type": "Feature", "properties": {}, "geometry": {"coordinates": [[-71.898313, 41.982641], [-71.894778, 41.986146], [-71.893206, 41.987801], [-71.89242, 41.988775], [-71.892027, 41.989457], [-71.892027, 41.989846], [-71.89242, 41.99043], [-71.893206, 41.991209], [-71.894385, 41.992183], [-71.895956, 41.993351], [-71.897135, 41.994325], [-71.897921, 41.995103], [-71.898313, 41.995688], [-71.898313, 41.996077], [-71.898575, 41.996466], [-71.899099, 41.996856], [-71.899885, 41.997245], [-71.900933, 41.997635], [-71.902242, 41.998413], [-71.903814, 41.999582], [-71.905647, 42.001139], [-71.907742, 42.003086], [-71.909445, 42.004546], [-71.910754, 42.00552], [-71.911671, 42.006006], [-71.912195, 42.006006], [-71.91285, 42.006201], [-71.913635, 42.00659], [-71.914552, 42.007174], [-71.9156, 42.007953], [-71.916647, 42.008537], [-71.917695, 42.008927], [-71.918743, 42.009121], [-71.91979, 42.009121], [-71.9211, 42.009316], [-71.922671, 42.009705], [-71.924505, 42.010289], [-71.9266, 42.011068], [-71.928957, 42.012139], [-71.931576, 42.013501], [-71.935243, 42.015642], [-71.942315, 42.020022]], "type": "LineString"}}, {"type": "Feature", "properties": {}, "geometry": {"coordinates": [[-72.461949, 41.981083], [-72.461949, 41.981959], [-72.462211, 41.982543], [-72.462735, 41.983127], [-72.463521, 41.983809], [-72.464568, 41.984588], [-72.466533, 41.985172], [-72.469414, 41.985562], [-72.473211, 41.985757], [-72.477926, 41.985757], [-72.481593, 41.985659], [-72.484212, 41.985464], [-72.485783, 41.985172], [-72.486307, 41.984783], [-72.487747, 41.984491], [-72.490105, 41.984296], [-72.493379, 41.984199], [-72.497569, 41.984199], [-72.500843, 41.984296], [-72.5032, 41.984491], [-72.504641, 41.984783], [-72.505165, 41.985172], [-72.50595, 41.98527], [-72.506998, 41.985075], [-72.5087, 41.984393], [-72.512236, 41.982641]], "type": "LineString"}}, {"type": "Feature", "properties": {}, "geometry": {"coordinates": [[-73.159684, 41.979525], [-73.163875, 41.985757]], "type": "LineString"}}, {"type": "Feature", "properties": {}, "geometry": {"coordinates": [[-72.461949, 41.979525], [-72.461949, 41.981083]], "type": "LineString"}}, {"type": "Feature", "properties": {}, "geometry": {"coordinates": [[-72.459854, 41.979525], [-72.461949, 41.979525]], "type": "LineString"}}, {"type": "Feature", "properties": {}, "geometry": {"coordinates": [[-72.455663, 41.979525], [-72.459854, 41.979525]], "type": "LineString"}}, {"type": "Feature", "properties": {}, "geometry": {"coordinates": [[-73.103111, 41.977966], [-73.110183, 41.982348], [-73.114242, 41.984296], [-73.117647, 41.98527], [-73.121183, 41.985757], [-73.12485, 41.985757], [-73.127731, 41.985854], [-73.129826, 41.986049], [-73.131136, 41.986341], [-73.131659, 41.98673], [-73.132838, 41.987022], [-73.134671, 41.987217], [-73.13716, 41.987314], [-73.140302, 41.987314], [-73.142791, 41.987412], [-73.144624, 41.987607], [-73.145803, 41.987899], [-73.146326, 41.988288], [-73.147505, 41.98858], [-73.149338, 41.988775], [-73.151827, 41.988872], [-73.15497, 41.988872], [-73.157589, 41.988678], [-73.159684, 41.988288], [-73.161517, 41.987509], [-73.163875, 41.985757]], "type": "LineString"}}, {"type": "Feature", "properties": {}, "geometry": {"coordinates": [[-73.103111, 41.977966], [-73.09473, 41.985757]], "type": "LineString"}}, {"type": "Feature", "properties": {}, "geometry": {"coordinates": [[-72.650526, 41.977966], [-72.650526, 41.979719], [-72.650919, 41.980693], [-72.651705, 41.981472], [-72.652883, 41.982251], [-72.654455, 41.98303], [-72.655764, 41.983517], [-72.656812, 41.983712], [-72.657598, 41.983614], [-72.658122, 41.983225], [-72.659693, 41.982933], [-72.662312, 41.982738], [-72.665979, 41.982641], [-72.670693, 41.982641], [-72.674491, 41.982835], [-72.677372, 41.983225], [-72.679336, 41.983809], [-72.680384, 41.984588], [-72.681563, 41.985172], [-72.682872, 41.985562], [-72.684313, 41.985757], [-72.685884, 41.985757], [-72.687587, 41.986049], [-72.68942, 41.986633], [-72.691384, 41.987509], [-72.69348, 41.988678], [-72.695313, 41.989554], [-72.696885, 41.990138], [-72.698194, 41.99043], [-72.699242, 41.99043], [-72.700159, 41.990528], [-72.700944, 41.990722], [-72.701599, 41.991014], [-72.702123, 41.991404], [-72.703563, 41.991696], [-72.705921, 41.991891], [-72.709194, 41.991988], [-72.713385, 41.991988], [-72.716659, 41.992085], [-72.719016, 41.99228], [-72.720457, 41.992572], [-72.720981, 41.992962], [-72.721373, 41.993935], [-72.721635, 41.995493], [-72.721766, 41.997635], [-72.721766, 42.00036], [-72.721897, 42.002502], [-72.722159, 42.00406], [-72.722683, 42.00513], [-72.723862, 42.006006]], "type": "LineString"}}, {"type": "Feature", "properties": {}, "geometry": {"coordinates": [[-72.650526, 41.976408], [-72.650526, 41.977966]], "type": "LineString"}}, {"type": "Feature", "properties": {}, "geometry": {"coordinates": [[-72.648431, 41.976408], [-72.650526, 41.976408]], "type": "LineString"}}, {"type": "Feature", "properties": {}, "geometry": {"coordinates": [[-72.564619, 41.976408], [-72.56344, 41.977285], [-72.562916, 41.978161], [-72.562654, 41.97933], [-72.562523, 41.981375], [-72.562523, 41.985757]], "type": "LineString"}}, {"type": "Feature", "properties": {}, "geometry": {"coordinates": [[-72.179084, 41.976408], [-72.181179, 41.976408]], "type": "LineString"}}, {"type": "Feature", "properties": {}, "geometry": {"coordinates": [[-72.179084, 41.976408], [-72.176726, 41.978161], [-72.175679, 41.979135], [-72.175155, 41.979914], [-72.174893, 41.980693], [-72.174893, 41.981472], [-72.174369, 41.982348], [-72.173322, 41.983322], [-72.17175, 41.984393], [-72.169655, 41.985562], [-72.167821, 41.986438], [-72.16625, 41.987022], [-72.16494, 41.987314], [-72.163893, 41.987314], [-72.162845, 41.987509], [-72.161797, 41.987899], [-72.16075, 41.988483], [-72.159702, 41.989262], [-72.158916, 41.989943], [-72.158393, 41.990528], [-72.158131, 41.991112], [-72.158131, 41.991988]], "type": "LineString"}}, {"type": "Feature", "properties": {}, "geometry": {"coordinates": [[-73.329403, 41.97485], [-73.329403, 41.980109], [-73.329272, 41.982641], [-73.32901, 41.984199], [-73.328487, 41.985562], [-73.327308, 41.987314]], "type": "LineString"}}, {"type": "Feature", "properties": {}, "geometry": {"coordinates": [[-72.589762, 41.97485], [-72.589762, 41.976603], [-72.589893, 41.977479], [-72.590155, 41.978064], [-72.590548, 41.978551], [-72.591072, 41.97894], [-72.591465, 41.979817], [-72.591727, 41.98118], [-72.591858, 41.983614], [-72.591858, 41.988872]], "type": "LineString"}}, {"type": "Feature", "properties": {}, "geometry": {"coordinates": [[-72.179084, 41.97485], [-72.179084, 41.976408]], "type": "LineString"}}, {"type": "Feature", "properties": {}, "geometry": {"coordinates": [[-73.429978, 41.973292], [-73.425263, 41.976798], [-73.423037, 41.978356], [-73.421727, 41.979135], [-73.42068, 41.979525], [-73.419501, 41.979525]], "type": "LineString"}}, {"type": "Feature", "properties": {}, "geometry": {"coordinates": [[-72.579286, 41.973292], [-72.578107, 41.974168], [-72.576929, 41.974558], [-72.575357, 41.974753], [-72.573262, 41.97485], [-72.570643, 41.97485], [-72.568547, 41.974947], [-72.566976, 41.975142], [-72.565797, 41.975532], [-72.564619, 41.976408]], "type": "LineString"}}, {"type": "Feature", "properties": {}, "geometry": {"coordinates": [[-72.311087, 41.973292], [-72.313183, 41.97485]], "type": "LineString"}}, {"type": "Feature", "properties": {}, "geometry": {"coordinates": [[-72.306897, 41.973292], [-72.311087, 41.973292]], "type": "LineString"}}, {"type": "Feature", "properties": {}, "geometry": {"coordinates": [[-71.883646, 41.968617], [-71.886004, 41.97037], [-71.887575, 41.971344], [-71.889146, 41.972123], [-71.89098, 41.972902], [-71.893075, 41.973681], [-71.894647, 41.974655], [-71.895694, 41.975824], [-71.896218, 41.977187], [-71.896218, 41.978745], [-71.896349, 41.980011], [-71.896611, 41.980985], [-71.897135, 41.981764], [-71.898313, 41.982641]], "type": "LineString"}}, {"type": "Feature", "properties": {}, "geometry": {"coordinates": [[-71.881551, 41.968617], [-71.883646, 41.968617]], "type": "LineString"}}, {"type": "Feature", "properties": {}, "geometry": {"coordinates": [[-71.852217, 41.968617], [-71.84986, 41.97037], [-71.848419, 41.971247], [-71.847109, 41.971831], [-71.845669, 41.972318], [-71.844098, 41.972708], [-71.842526, 41.973292], [-71.840955, 41.974071], [-71.839383, 41.975045], [-71.837812, 41.976213], [-71.836109, 41.977285], [-71.834276, 41.978259], [-71.832311, 41.979135], [-71.830216, 41.979914], [-71.828645, 41.980596], [-71.827597, 41.98118], [-71.827073, 41.981667], [-71.827073, 41.982056], [-71.82668, 41.982641], [-71.825895, 41.98342], [-71.824716, 41.984393], [-71.823144, 41.985562], [-71.821704, 41.987022], [-71.820394, 41.988775], [-71.818954, 41.991404], [-71.816597, 41.996661]], "type": "LineString"}}, {"type": "Feature", "properties": {}, "geometry": {"coordinates": [[-71.883646, 41.967059], [-71.883646, 41.968617]], "type": "LineString"}}, {"type": "Feature", "properties": {}, "geometry": {"coordinates": [[-72.315278, 41.963942], [-72.314099, 41.964818], [-72.313576, 41.965598], [-72.313314, 41.966572], [-72.313183, 41.967838], [-72.313183, 41.969396], [-72.313052, 41.970662], [-72.31279, 41.971636], [-72.312266, 41.972415], [-72.311087, 41.973292]], "type": "LineString"}}, {"type": "Feature", "properties": {}, "geometry": {"coordinates": [[-72.216799, 41.962383], [-72.21562, 41.96326], [-72.21418, 41.96365], [-72.212085, 41.963844], [-72.209204, 41.963942], [-72.205537, 41.963942], [-72.202394, 41.964331], [-72.199775, 41.965111], [-72.197287, 41.966669], [-72.193751, 41.970175]], "type": "LineString"}}, {"type": "Feature", "properties": {}, "geometry": {"coordinates": [[-72.216799, 41.960825], [-72.216799, 41.962383]], "type": "LineString"}}, {"type": "Feature", "properties": {}, "geometry": {"coordinates": [[-71.858503, 41.959266], [-71.86086, 41.960143], [-71.862431, 41.96102], [-71.864003, 41.962188], [-71.865836, 41.963747], [-71.867932, 41.965695], [-71.869765, 41.967253], [-71.871336, 41.968422], [-71.872646, 41.969201], [-71.873694, 41.969591], [-71.874741, 41.969883], [-71.875789, 41.970078], [-71.876837, 41.970175], [-71.877884, 41.970175], [-71.878801, 41.970078], [-71.879587, 41.969883], [-71.880372, 41.969494], [-71.881551, 41.968617]], "type": "LineString"}}, {"type": "Feature", "properties": {}, "geometry": {"coordinates": [[-71.858503, 41.959266], [-71.854312, 41.962383]], "type": "LineString"}}, {"type": "Feature", "properties": {}, "geometry": {"coordinates": [[-72.294325, 41.957708], [-72.294325, 41.962091], [-72.293932, 41.964429], [-72.293146, 41.966182], [-72.291968, 41.967838], [-72.290396, 41.969396], [-72.289218, 41.970954], [-72.288432, 41.972513], [-72.288039, 41.974071], [-72.288039, 41.975629], [-72.28817, 41.976895], [-72.288432, 41.977869], [-72.288825, 41.978551], [-72.289349, 41.97894], [-72.28948, 41.979622], [-72.289218, 41.980596], [-72.288563, 41.981862], [-72.287515, 41.98342], [-72.286075, 41.984978], [-72.284241, 41.986535], [-72.282015, 41.988093], [-72.279396, 41.989651], [-72.276515, 41.99082], [-72.273372, 41.991599], [-72.269967, 41.991988], [-72.2663, 41.991988], [-72.263419, 41.992085], [-72.261324, 41.99228], [-72.259884, 41.992669], [-72.258705, 41.993546]], "type": "LineString"}}, {"type": "Feature", "properties": {}, "geometry": {"coordinates": [[-71.858503, 41.957708], [-71.858503, 41.959266]], "type": "LineString"}}, {"type": "Feature", "properties": {}, "geometry": {"coordinates": [[-72.912439, 41.956149], [-72.914534, 41.956149]], "type": "LineString"}}, {"type": "Feature", "properties": {}, "geometry": {"coordinates": [[-72.311087, 41.956149], [-72.311087, 41.957902], [-72.311349, 41.958974], [-72.311873, 41.959948], [-72.312921, 41.961312], [-72.315278, 41.963942]], "type": "LineString"}}, {"type": "Feature", "properties": {}, "geometry": {"coordinates": [[-72.36347, 41.95459], [-72.368184, 41.956344], [-72.371065, 41.957123], [-72.373685, 41.957513], [-72.376566, 41.957708], [-72.379709, 41.957708], [-72.382197, 41.957805], [-72.38403, 41.958], [-72.385209, 41.958292], [-72.385733, 41.958682], [-72.38678, 41.958974], [-72.388352, 41.959169], [-72.390447, 41.959266], [-72.393066, 41.959266], [-72.395161, 41.959169], [-72.396733, 41.958974], [-72.397781, 41.958682], [-72.398304, 41.958292], [-72.398959, 41.958], [-72.399745, 41.957805], [-72.400662, 41.957708], [-72.401709, 41.957708], [-72.402757, 41.957902], [-72.403805, 41.958292], [-72.404852, 41.958877], [-72.4059, 41.959656], [-72.406555, 41.960338], [-72.406817, 41.960922], [-72.406555, 41.961507], [-72.405376, 41.962383]], "type": "LineString"}}, {"type": "Feature", "properties": {}, "geometry": {"coordinates": [[-72.361375, 41.95459], [-72.36347, 41.95459]], "type": "LineString"}}, {"type": "Feature", "properties": {}, "geometry": {"coordinates": [[-72.361375, 41.95459], [-72.359017, 41.958097], [-72.35797, 41.960143], [-72.357446, 41.961896], [-72.357184, 41.963747], [-72.357184, 41.965695], [-72.357053, 41.967253], [-72.356791, 41.968422], [-72.356398, 41.969201], [-72.355875, 41.969591], [-72.355351, 41.969786], [-72.354827, 41.969786], [-72.354303, 41.969591], [-72.353779, 41.969201], [-72.352077, 41.969007], [-72.349196, 41.969007], [-72.345136, 41.969201], [-72.339898, 41.969591], [-72.335576, 41.969591], [-72.332171, 41.969201], [-72.329683, 41.968422], [-72.328112, 41.967253], [-72.326278, 41.966279], [-72.324183, 41.9655], [-72.321171, 41.964818], [-72.315278, 41.963942]], "type": "LineString"}}, {"type": "Feature", "properties": {}, "geometry": {"coordinates": [[-72.311087, 41.95459], [-72.313183, 41.95459]], "type": "LineString"}}, {"type": "Feature", "properties": {}, "geometry": {"coordinates": [[-72.311087, 41.95459], [-72.311087, 41.956149]], "type": "LineString"}}, {"type": "Feature", "properties": {}, "geometry": {"coordinates": [[-72.788816, 41.953032], [-72.795888, 41.958292], [-72.79903, 41.960825], [-72.800602, 41.962383], [-72.801388, 41.963552], [-72.801388, 41.964331], [-72.80165, 41.965111], [-72.802173, 41.96589], [-72.802959, 41.966669], [-72.804007, 41.967448], [-72.804793, 41.968227], [-72.805316, 41.969007], [-72.805578, 41.969786], [-72.805578, 41.970565], [-72.806495, 41.971831], [-72.808328, 41.973584], [-72.811078, 41.975824], [-72.814745, 41.978551], [-72.817757, 41.980985], [-72.820114, 41.983127], [-72.821817, 41.984978], [-72.822865, 41.986535], [-72.82365, 41.987899], [-72.824174, 41.989067], [-72.824436, 41.990041], [-72.824436, 41.99082], [-72.824829, 41.991599], [-72.825615, 41.992377], [-72.826793, 41.993156], [-72.828365, 41.993935], [-72.829674, 41.994422], [-72.830722, 41.994617], [-72.831508, 41.994519], [-72.832031, 41.99413], [-72.833341, 41.993838], [-72.835436, 41.993643], [-72.838317, 41.993546], [-72.841984, 41.993546], [-72.844865, 41.993448], [-72.84696, 41.993254], [-72.84827, 41.992962], [-72.848794, 41.992572], [-72.849842, 41.99228], [-72.851413, 41.992085], [-72.853508, 41.991988], [-72.856127, 41.991988], [-72.858223, 41.992085], [-72.859794, 41.99228], [-72.860842, 41.992572], [-72.861366, 41.992962], [-72.862544, 41.993254], [-72.864378, 41.993448], [-72.866866, 41.993546], [-72.870009, 41.993546], [-72.872497, 41.993643], [-72.87433, 41.993838], [-72.875509, 41.99413], [-72.876033, 41.994519], [-72.876818, 41.994811], [-72.877866, 41.995006], [-72.879176, 41.995103], [-72.880747, 41.995103], [-72.882057, 41.995006], [-72.883104, 41.994811], [-72.88389, 41.994519], [-72.884414, 41.99413], [-72.885462, 41.993838], [-72.887033, 41.993643], [-72.889128, 41.993546], [-72.891748, 41.993546], [-72.893843, 41.993643], [-72.895414, 41.993838], [-72.896462, 41.99413], [-72.896986, 41.994519], [-72.897902, 41.994909], [-72.899212, 41.995298], [-72.900914, 41.995688], [-72.90301, 41.996077], [-72.904843, 41.996174], [-72.906415, 41.99598], [-72.907724, 41.995493], [-72.908772, 41.994714], [-72.909558, 41.993643], [-72.910081, 41.99228], [-72.910343, 41.990625], [-72.910343, 41.988678], [-72.910474, 41.98712], [-72.910736, 41.985951], [-72.911129, 41.985172], [-72.911653, 41.984783], [-72.912046, 41.984199], [-72.912308, 41.98342], [-72.912439, 41.982446], [-72.912439, 41.981277], [-72.912831, 41.979914], [-72.913617, 41.978356], [-72.914796, 41.976603], [-72.916367, 41.974655], [-72.917415, 41.973097], [-72.917939, 41.971928], [-72.917939, 41.971149], [-72.917415, 41.97076], [-72.917022, 41.969981], [-72.91676, 41.968812], [-72.916629, 41.967253], [-72.916629, 41.965305], [-72.91676, 41.963747], [-72.917022, 41.962578], [-72.917415, 41.961799], [-72.917939, 41.961409], [-72.91807, 41.960825], [-72.917808, 41.960045], [-72.916891, 41.958779], [-72.914534, 41.956149]], "type": "LineString"}}, {"type": "Feature", "properties": {}, "geometry": {"coordinates": [[-72.786721, 41.953032], [-72.788816, 41.953032]], "type": "LineString"}}, {"type": "Feature", "properties": {}, "geometry": {"coordinates": [[-72.564619, 41.976408], [-72.56344, 41.975532], [-72.562916, 41.974168], [-72.562654, 41.972026], [-72.562523, 41.969007], [-72.562523, 41.965111], [-72.562393, 41.961994], [-72.562131, 41.959656], [-72.561738, 41.958097], [-72.561214, 41.957318], [-72.560559, 41.956539], [-72.559773, 41.955759], [-72.558857, 41.95498], [-72.557809, 41.954201], [-72.556892, 41.953616], [-72.556107, 41.953226], [-72.555452, 41.953032], [-72.554928, 41.953032], [-72.554273, 41.953324], [-72.553488, 41.953908], [-72.552309, 41.955077], [-72.549952, 41.957708]], "type": "LineString"}}, {"type": "Feature", "properties": {}, "geometry": {"coordinates": [[-72.480807, 41.953032], [-72.479628, 41.953032], [-72.478711, 41.953324], [-72.477664, 41.953908], [-72.476354, 41.954785], [-72.474783, 41.955954], [-72.473604, 41.957415], [-72.472818, 41.959169], [-72.472426, 41.961214], [-72.472426, 41.963552], [-72.471771, 41.966085], [-72.470461, 41.968812], [-72.467842, 41.972513], [-72.461949, 41.979525]], "type": "LineString"}}, {"type": "Feature", "properties": {}, "geometry": {"coordinates": [[-72.36347, 41.953032], [-72.36347, 41.95459]], "type": "LineString"}}, {"type": "Feature", "properties": {}, "geometry": {"coordinates": [[-72.788816, 41.951473], [-72.788816, 41.953032]], "type": "LineString"}}, {"type": "Feature", "properties": {}, "geometry": {"coordinates": [[-72.304802, 41.951473], [-72.311087, 41.95459]], "type": "LineString"}}, {"type": "Feature", "properties": {}, "geometry": {"coordinates": [[-72.304802, 41.951473], [-72.294325, 41.957708]], "type": "LineString"}}, {"type": "Feature", "properties": {}, "geometry": {"coordinates": [[-72.294325, 41.957708], [-72.293146, 41.956831], [-72.292492, 41.956539], [-72.291968, 41.956539], [-72.291444, 41.956733], [-72.29092, 41.957123], [-72.290004, 41.957318], [-72.288694, 41.957318], [-72.286992, 41.957123], [-72.284896, 41.956733], [-72.28267, 41.956149], [-72.280313, 41.95537], [-72.277825, 41.954395], [-72.275205, 41.953226], [-72.272848, 41.95235], [-72.270753, 41.951765], [-72.26892, 41.951473], [-72.267348, 41.951473], [-72.265515, 41.95196], [-72.263419, 41.952934], [-72.261062, 41.954395], [-72.258443, 41.956344], [-72.256086, 41.957902], [-72.253991, 41.959071], [-72.252157, 41.959851], [-72.250586, 41.96024], [-72.249145, 41.960727], [-72.247836, 41.961312], [-72.246657, 41.961994], [-72.245609, 41.962773], [-72.244693, 41.963357], [-72.243907, 41.963747], [-72.243252, 41.963942], [-72.242728, 41.963942], [-72.242074, 41.963747], [-72.241288, 41.963357], [-72.240371, 41.962773], [-72.239323, 41.961994], [-72.237883, 41.961409], [-72.23605, 41.96102], [-72.233823, 41.960825], [-72.231204, 41.960825], [-72.228978, 41.96102], [-72.227145, 41.961409], [-72.225704, 41.961994], [-72.224656, 41.962773], [-72.223609, 41.963357], [-72.222561, 41.963747], [-72.221513, 41.963942], [-72.220466, 41.963942], [-72.219549, 41.963844], [-72.218763, 41.96365], [-72.217978, 41.96326], [-72.216799, 41.962383]], "type": "LineString"}}, {"type": "Feature", "properties": {}, "geometry": {"coordinates": [[-72.738529, 41.949914], [-72.739707, 41.954298], [-72.740362, 41.956344], [-72.740886, 41.957513], [-72.74141, 41.958292], [-72.741934, 41.958682], [-72.742326, 41.959266], [-72.742588, 41.960045], [-72.742719, 41.96102], [-72.742719, 41.962188], [-72.742981, 41.963455], [-72.743505, 41.964818], [-72.744291, 41.966279], [-72.745338, 41.967838], [-72.746124, 41.969299], [-72.746648, 41.970662], [-72.74691, 41.971928], [-72.74691, 41.973097], [-72.746517, 41.974363], [-72.745731, 41.975727], [-72.744553, 41.977187], [-72.742981, 41.978745], [-72.741803, 41.980206], [-72.741017, 41.981569], [-72.740624, 41.982835], [-72.740624, 41.984004], [-72.740493, 41.984978], [-72.740231, 41.985757], [-72.739838, 41.986341], [-72.739314, 41.98673], [-72.738922, 41.987509], [-72.73866, 41.988678], [-72.738529, 41.990235], [-72.738529, 41.992183], [-72.738136, 41.993935], [-72.73735, 41.995493], [-72.736171, 41.996856], [-72.7346, 41.998024], [-72.733421, 41.999095], [-72.732636, 42.000068], [-72.732243, 42.000945], [-72.732243, 42.001723], [-72.73185, 42.002502], [-72.731064, 42.003281], [-72.729493, 42.004254], [-72.725957, 42.006006]], "type": "LineString"}}, {"type": "Feature", "properties": {}, "geometry": {"coordinates": [[-72.667288, 41.949914], [-72.662574, 41.956052], [-72.660479, 41.959266], [-72.659431, 41.961604], [-72.658907, 41.963747], [-72.658907, 41.965695], [-72.658383, 41.967643], [-72.657336, 41.969591], [-72.655241, 41.972026], [-72.650526, 41.976408]], "type": "LineString"}}, {"type": "Feature", "properties": {}, "geometry": {"coordinates": [[-72.522713, 41.949914], [-72.52507, 41.952544], [-72.525201, 41.954688], [-72.523891, 41.957221], [-72.521403, 41.960435], [-72.517736, 41.964331], [-72.514986, 41.968033], [-72.513153, 41.971539], [-72.512236, 41.975629], [-72.512236, 41.982641]], "type": "LineString"}}, {"type": "Feature", "properties": {}, "geometry": {"coordinates": [[-72.740624, 41.948355], [-72.745338, 41.948355], [-72.747696, 41.94855], [-72.749267, 41.94894], [-72.750577, 41.949524], [-72.751624, 41.950304], [-72.753065, 41.950888], [-72.754898, 41.951278], [-72.757124, 41.951473], [-72.759744, 41.951473], [-72.762232, 41.951668], [-72.764589, 41.952057], [-72.766815, 41.952642], [-72.768911, 41.953421], [-72.770744, 41.954006], [-72.772315, 41.954395], [-72.773625, 41.95459], [-72.774673, 41.95459], [-72.775589, 41.954493], [-72.776375, 41.954298], [-72.77703, 41.954006], [-72.777554, 41.953616], [-72.77847, 41.953324], [-72.77978, 41.953129], [-72.782006, 41.953032], [-72.786721, 41.953032]], "type": "LineString"}}, {"type": "Feature", "properties": {}, "geometry": {"coordinates": [[-72.738529, 41.948355], [-72.740624, 41.948355]], "type": "LineString"}}, {"type": "Feature", "properties": {}, "geometry": {"coordinates": [[-72.738529, 41.948355], [-72.738529, 41.949914]], "type": "LineString"}}, {"type": "Feature", "properties": {}, "geometry": {"coordinates": [[-72.627478, 41.948355], [-72.629573, 41.948355]], "type": "LineString"}}, {"type": "Feature", "properties": {}, "geometry": {"coordinates": [[-72.627478, 41.948355], [-72.626299, 41.949232], [-72.625775, 41.949817], [-72.625513, 41.950401], [-72.625382, 41.951278], [-72.625382, 41.953032]], "type": "LineString"}}, {"type": "Feature", "properties": {}, "geometry": {"coordinates": [[-72.522713, 41.948355], [-72.522713, 41.949914]], "type": "LineString"}}, {"type": "Feature", "properties": {}, "geometry": {"coordinates": [[-73.360833, 41.946796], [-73.360833, 41.950304], [-73.360702, 41.95196], [-73.36044, 41.952934], [-73.360047, 41.953616], [-73.359523, 41.954006], [-73.358607, 41.954298], [-73.357297, 41.954493], [-73.355595, 41.95459], [-73.353499, 41.95459], [-73.351535, 41.954785], [-73.349702, 41.955175], [-73.347606, 41.955954], [-73.34407, 41.957708]], "type": "LineString"}}, {"type": "Feature", "properties": {}, "geometry": {"coordinates": [[-72.686146, 41.945237], [-72.684968, 41.944361], [-72.684313, 41.944166], [-72.683789, 41.944361], [-72.683265, 41.944848], [-72.682741, 41.945627], [-72.681825, 41.946504], [-72.680515, 41.947478], [-72.678813, 41.94855], [-72.676717, 41.949719], [-72.674884, 41.950596], [-72.673312, 41.951181], [-72.672003, 41.951473], [-72.670955, 41.951473], [-72.670039, 41.951375], [-72.669253, 41.951181], [-72.668467, 41.950791], [-72.667288, 41.949914]], "type": "LineString"}}, {"type": "Feature", "properties": {}, "geometry": {"coordinates": [[-72.667288, 41.943678], [-72.667288, 41.949914]], "type": "LineString"}}, {"type": "Feature", "properties": {}, "geometry": {"coordinates": [[-72.667288, 41.94212], [-72.669384, 41.94212]], "type": "LineString"}}, {"type": "Feature", "properties": {}, "geometry": {"coordinates": [[-72.667288, 41.94212], [-72.667288, 41.943678]], "type": "LineString"}}, {"type": "Feature", "properties": {}, "geometry": {"coordinates": [[-72.602334, 41.94212], [-72.599977, 41.943873], [-72.598929, 41.945043], [-72.598406, 41.946212], [-72.598144, 41.947965], [-72.598144, 41.951473]], "type": "LineString"}}, {"type": "Feature", "properties": {}, "geometry": {"coordinates": [[-72.725957, 41.94056], [-72.730671, 41.942314], [-72.733029, 41.943386], [-72.7346, 41.944361], [-72.736171, 41.945725], [-72.738529, 41.948355]], "type": "LineString"}}, {"type": "Feature", "properties": {}, "geometry": {"coordinates": [[-72.665193, 41.94056], [-72.667288, 41.94212]], "type": "LineString"}}, {"type": "Feature", "properties": {}, "geometry": {"coordinates": [[-72.663098, 41.94056], [-72.665193, 41.94056]], "type": "LineString"}}, {"type": "Feature", "properties": {}, "geometry": {"coordinates": [[-72.663098, 41.94056], [-72.658907, 41.94212]], "type": "LineString"}}, {"type": "Feature", "properties": {}, "geometry": {"coordinates": [[-71.965363, 41.94056], [-71.968899, 41.945822], [-71.970863, 41.948453], [-71.972435, 41.950206], [-71.974006, 41.951668], [-71.975578, 41.952837], [-71.976887, 41.954103], [-71.977935, 41.955467], [-71.978721, 41.956928], [-71.979244, 41.958487], [-71.979768, 41.959753], [-71.980292, 41.960727], [-71.980816, 41.961409], [-71.98134, 41.961799], [-71.981733, 41.962286], [-71.981994, 41.96287], [-71.982125, 41.963552], [-71.982125, 41.964331], [-71.982518, 41.965208], [-71.983304, 41.966182], [-71.984483, 41.967253], [-71.986054, 41.968422], [-71.987233, 41.969786], [-71.988018, 41.971344], [-71.988411, 41.973097], [-71.988411, 41.975045], [-71.988542, 41.976603], [-71.988804, 41.977772], [-71.989197, 41.978551], [-71.989721, 41.97894], [-71.990114, 41.979914], [-71.990376, 41.981472], [-71.990507, 41.983614], [-71.990507, 41.986341], [-71.990638, 41.988483], [-71.990899, 41.990041], [-71.991423, 41.991112], [-71.992602, 41.991988]], "type": "LineString"}}, {"type": "Feature", "properties": {}, "geometry": {"coordinates": [[-73.436264, 41.939001], [-73.436264, 41.941632], [-73.436133, 41.942899], [-73.435871, 41.943678], [-73.435478, 41.944263], [-73.434954, 41.944653], [-73.434561, 41.945627], [-73.434299, 41.947186], [-73.434168, 41.949329], [-73.434168, 41.952057], [-73.43443, 41.954298], [-73.434954, 41.956052], [-73.43574, 41.957318], [-73.436787, 41.958097], [-73.437573, 41.959169], [-73.438097, 41.960533], [-73.438359, 41.962188], [-73.438359, 41.964137], [-73.438097, 41.965792], [-73.437573, 41.967156], [-73.436787, 41.968227], [-73.43574, 41.969007], [-73.434954, 41.969688], [-73.43443, 41.970273], [-73.434168, 41.970857], [-73.434168, 41.971734]], "type": "LineString"}}, {"type": "Feature", "properties": {}, "geometry": {"coordinates": [[-72.665193, 41.939001], [-72.665193, 41.94056]], "type": "LineString"}}, {"type": "Feature", "properties": {}, "geometry": {"coordinates": [[-72.522713, 41.939001], [-72.522713, 41.948355]], "type": "LineString"}}, {"type": "Feature", "properties": {}, "geometry": {"coordinates": [[-73.394358, 41.937442], [-73.394358, 41.939001]], "type": "LineString"}}, {"type": "Feature", "properties": {}, "geometry": {"coordinates": [[-72.728052, 41.937442], [-72.725957, 41.94056]], "type": "LineString"}}, {"type": "Feature", "properties": {}, "geometry": {"coordinates": [[-72.522713, 41.937442], [-72.522713, 41.939001]], "type": "LineString"}}, {"type": "Feature", "properties": {}, "geometry": {"coordinates": [[-72.520617, 41.937442], [-72.522713, 41.937442]], "type": "LineString"}}, {"type": "Feature", "properties": {}, "geometry": {"coordinates": [[-71.887837, 41.935883], [-71.887837, 41.938514], [-71.887575, 41.939878], [-71.887051, 41.940853], [-71.886265, 41.94173], [-71.885218, 41.942509], [-71.884301, 41.943484], [-71.883515, 41.944653], [-71.882861, 41.946017], [-71.882337, 41.947576], [-71.881682, 41.94894], [-71.880896, 41.950109], [-71.87998, 41.951083], [-71.878932, 41.951863], [-71.878539, 41.952934], [-71.878801, 41.954298], [-71.879718, 41.955954], [-71.881289, 41.957902], [-71.882468, 41.959753], [-71.883253, 41.961507], [-71.883646, 41.963552], [-71.883646, 41.967059]], "type": "LineString"}}, {"type": "Feature", "properties": {}, "geometry": {"coordinates": [[-73.168065, 41.934324], [-73.171601, 41.937832], [-73.173565, 41.940073], [-73.175137, 41.942217], [-73.176708, 41.944653], [-73.17828, 41.947381], [-73.179851, 41.949719], [-73.181423, 41.951668], [-73.182994, 41.953226], [-73.184566, 41.954395], [-73.186137, 41.95537], [-73.187709, 41.956149], [-73.18928, 41.956733], [-73.190852, 41.957123], [-73.192292, 41.95761], [-73.193602, 41.958195], [-73.19478, 41.958877], [-73.195828, 41.959656], [-73.196614, 41.961896], [-73.197137, 41.965598], [-73.197399, 41.97076], [-73.197399, 41.977382], [-73.197268, 41.982446], [-73.197007, 41.985951], [-73.196483, 41.987996], [-73.195304, 41.988872]], "type": "LineString"}}, {"type": "Feature", "properties": {}, "geometry": {"coordinates": [[-73.16597, 41.934324], [-73.168065, 41.934324]], "type": "LineString"}}, {"type": "Feature", "properties": {}, "geometry": {"coordinates": [[-72.709194, 41.934324], [-72.71273, 41.936955], [-72.714695, 41.938124], [-72.716266, 41.938709], [-72.717838, 41.939001], [-72.719409, 41.939001], [-72.72085, 41.939099], [-72.722159, 41.939294], [-72.7236, 41.939684], [-72.725957, 41.94056]], "type": "LineString"}}, {"type": "Feature", "properties": {}, "geometry": {"coordinates": [[-72.707099, 41.934324], [-72.709194, 41.934324]], "type": "LineString"}}, {"type": "Feature", "properties": {}, "geometry": {"coordinates": [[-72.707099, 41.934324], [-72.702909, 41.935883]], "type": "LineString"}}, {"type": "Feature", "properties": {}, "geometry": {"coordinates": [[-72.378137, 41.934324], [-72.378137, 41.936955], [-72.377351, 41.938612], [-72.37578, 41.940171], [-72.373423, 41.941925], [-72.37028, 41.943873], [-72.367792, 41.945725], [-72.365958, 41.947478], [-72.364649, 41.949524], [-72.36347, 41.953032]], "type": "LineString"}}, {"type": "Feature", "properties": {}, "geometry": {"coordinates": [[-71.883646, 41.934324], [-71.887837, 41.935883]], "type": "LineString"}}, {"type": "Feature", "properties": {}, "geometry": {"coordinates": [[-72.709194, 41.932765], [-72.709194, 41.934324]], "type": "LineString"}}, {"type": "Feature", "properties": {}, "geometry": {"coordinates": [[-72.621192, 41.932765], [-72.623549, 41.934519], [-72.624597, 41.935981], [-72.625121, 41.937735], [-72.625382, 41.939976], [-72.625382, 41.942704], [-72.625513, 41.944848], [-72.625775, 41.946407], [-72.626299, 41.947478], [-72.627478, 41.948355]], "type": "LineString"}}, {"type": "Feature", "properties": {}, "geometry": {"coordinates": [[-72.617001, 41.932765], [-72.612287, 41.93715], [-72.609799, 41.939196], [-72.607965, 41.940366], [-72.60587, 41.941243], [-72.602334, 41.94212]], "type": "LineString"}}, {"type": "Feature", "properties": {}, "geometry": {"coordinates": [[-72.600239, 41.932765], [-72.600239, 41.93715], [-72.60037, 41.939196], [-72.600632, 41.940366], [-72.601156, 41.941243], [-72.602334, 41.94212]], "type": "LineString"}}, {"type": "Feature", "properties": {}, "geometry": {"coordinates": [[-72.378137, 41.932765], [-72.380232, 41.932765]], "type": "LineString"}}, {"type": "Feature", "properties": {}, "geometry": {"coordinates": [[-72.378137, 41.932765], [-72.378137, 41.934324]], "type": "LineString"}}, {"type": "Feature", "properties": {}, "geometry": {"coordinates": [[-72.619097, 41.931206], [-72.621192, 41.932765]], "type": "LineString"}}, {"type": "Feature", "properties": {}, "geometry": {"coordinates": [[-72.617001, 41.931206], [-72.619097, 41.931206]], "type": "LineString"}}, {"type": "Feature", "properties": {}, "geometry": {"coordinates": [[-72.617001, 41.931206], [-72.617001, 41.932765]], "type": "LineString"}}, {"type": "Feature", "properties": {}, "geometry": {"coordinates": [[-72.600239, 41.931206], [-72.600239, 41.932765]], "type": "LineString"}}, {"type": "Feature", "properties": {}, "geometry": {"coordinates": [[-72.598144, 41.931206], [-72.600239, 41.931206]], "type": "LineString"}}, {"type": "Feature", "properties": {}, "geometry": {"coordinates": [[-72.378137, 41.932765], [-72.376958, 41.931888], [-72.375256, 41.931498], [-72.372637, 41.931303], [-72.36897, 41.931206], [-72.364256, 41.931206], [-72.360589, 41.931303], [-72.35797, 41.931498], [-72.356398, 41.93179], [-72.355875, 41.93218], [-72.35522, 41.932472], [-72.354434, 41.932667], [-72.353517, 41.932765], [-72.35247, 41.932765], [-72.35116, 41.93296], [-72.349589, 41.93335], [-72.347755, 41.933934], [-72.34566, 41.934714], [-72.342779, 41.93637], [-72.339112, 41.938904], [-72.33466, 41.942314], [-72.329421, 41.946601], [-72.3251, 41.949817], [-72.321695, 41.95196], [-72.319207, 41.953032], [-72.317635, 41.953032], [-72.316326, 41.953129], [-72.315278, 41.953324], [-72.314361, 41.953714], [-72.313183, 41.95459]], "type": "LineString"}}, {"type": "Feature", "properties": {}, "geometry": {"coordinates": [[-71.952791, 41.931206], [-71.955148, 41.93296], [-71.956196, 41.933934], [-71.95672, 41.934714], [-71.956982, 41.935493], [-71.956982, 41.936273], [-71.957113, 41.936955], [-71.957375, 41.93754], [-71.957768, 41.938027], [-71.958291, 41.938417], [-71.958946, 41.938709], [-71.959732, 41.938904], [-71.960649, 41.939001], [-71.961696, 41.939001], [-71.962613, 41.939099], [-71.963399, 41.939294], [-71.964184, 41.939684], [-71.965363, 41.94056]], "type": "LineString"}}, {"type": "Feature", "properties": {}, "geometry": {"coordinates": [[-73.362928, 41.929646], [-73.371178, 41.929646], [-73.374976, 41.929744], [-73.377071, 41.929939], [-73.378381, 41.930231], [-73.378905, 41.930621], [-73.37969, 41.930913], [-73.380738, 41.931108], [-73.382048, 41.931206], [-73.383619, 41.931206], [-73.385322, 41.931595], [-73.387155, 41.932375], [-73.389643, 41.933934], [-73.394358, 41.937442]], "type": "LineString"}}, {"type": "Feature", "properties": {}, "geometry": {"coordinates": [[-73.362928, 41.929646], [-73.361749, 41.930523], [-73.361226, 41.931303], [-73.360964, 41.932278], [-73.360833, 41.933544], [-73.360833, 41.935104], [-73.360571, 41.936468], [-73.360047, 41.937637], [-73.359261, 41.938612], [-73.358214, 41.939391], [-73.357428, 41.940073], [-73.356904, 41.940658], [-73.356642, 41.941243], [-73.356642, 41.94212]], "type": "LineString"}}, {"type": "Feature", "properties": {}, "geometry": {"coordinates": [[-72.916629, 41.929646], [-72.916629, 41.934909], [-72.91676, 41.937345], [-72.917022, 41.938709], [-72.917415, 41.939586], [-72.917939, 41.939976], [-72.918201, 41.940366], [-72.918201, 41.940755], [-72.917939, 41.941145], [-72.917415, 41.941535], [-72.917022, 41.942607], [-72.91676, 41.944361], [-72.916629, 41.946796], [-72.916629, 41.949914], [-72.916498, 41.95235], [-72.916236, 41.954103], [-72.915712, 41.955272], [-72.914534, 41.956149]], "type": "LineString"}}, {"type": "Feature", "properties": {}, "geometry": {"coordinates": [[-72.663098, 41.929646], [-72.664276, 41.930523], [-72.6648, 41.9314], [-72.665062, 41.93257], [-72.665193, 41.934616], [-72.665193, 41.939001]], "type": "LineString"}}, {"type": "Feature", "properties": {}, "geometry": {"coordinates": [[-72.642145, 41.929646], [-72.646859, 41.932278], [-72.64974, 41.933155], [-72.652359, 41.933155], [-72.656026, 41.932278], [-72.663098, 41.929646]], "type": "LineString"}}, {"type": "Feature", "properties": {}, "geometry": {"coordinates": [[-72.64005, 41.929646], [-72.642145, 41.929646]], "type": "LineString"}}, {"type": "Feature", "properties": {}, "geometry": {"coordinates": [[-71.921362, 41.929646], [-71.92254, 41.930523], [-71.923457, 41.930913], [-71.924505, 41.931108], [-71.925814, 41.931206], [-71.927386, 41.931206], [-71.928695, 41.931303], [-71.929743, 41.931498], [-71.930529, 41.93179], [-71.931052, 41.93218], [-71.932624, 41.932472], [-71.935243, 41.932667], [-71.93891, 41.932765], [-71.943624, 41.932765], [-71.947291, 41.932667], [-71.94991, 41.932472], [-71.951613, 41.932083], [-71.952791, 41.931206]], "type": "LineString"}}, {"type": "Feature", "properties": {}, "geometry": {"coordinates": [[-71.921362, 41.929646], [-71.917826, 41.933155], [-71.916254, 41.934909], [-71.915469, 41.936078], [-71.915076, 41.937053], [-71.915076, 41.937832], [-71.914814, 41.938612], [-71.91429, 41.939391], [-71.913504, 41.940171], [-71.912457, 41.94095], [-71.91154, 41.941535], [-71.910754, 41.941925], [-71.909968, 41.94212], [-71.90879, 41.94212]], "type": "LineString"}}, {"type": "Feature", "properties": {}, "geometry": {"coordinates": [[-73.436264, 41.939001], [-73.431549, 41.937247], [-73.428799, 41.935981], [-73.426442, 41.934616], [-73.423954, 41.93296], [-73.421335, 41.931011], [-73.418977, 41.929549], [-73.416882, 41.928574], [-73.415049, 41.928087], [-73.413477, 41.928087], [-73.411644, 41.928574], [-73.409549, 41.929549], [-73.407191, 41.931011], [-73.404572, 41.93296], [-73.402346, 41.934421], [-73.400513, 41.935396], [-73.399072, 41.935883], [-73.398024, 41.935883], [-73.397108, 41.935981], [-73.396322, 41.936176], [-73.395536, 41.936565], [-73.394358, 41.937442]], "type": "LineString"}}, {"type": "Feature", "properties": {}, "geometry": {"coordinates": [[-72.912439, 41.928087], [-72.916629, 41.929646]], "type": "LineString"}}, {"type": "Feature", "properties": {}, "geometry": {"coordinates": [[-72.642145, 41.928087], [-72.642145, 41.929646]], "type": "LineString"}}, {"type": "Feature", "properties": {}, "geometry": {"coordinates": [[-72.627478, 41.928087], [-72.628656, 41.928964], [-72.629835, 41.929354], [-72.631406, 41.929549], [-72.634157, 41.929646], [-72.64005, 41.929646]], "type": "LineString"}}, {"type": "Feature", "properties": {}, "geometry": {"coordinates": [[-72.627478, 41.928087], [-72.621192, 41.932765]], "type": "LineString"}}, {"type": "Feature", "properties": {}, "geometry": {"coordinates": [[-72.606525, 41.928087], [-72.608882, 41.928087], [-72.610323, 41.928282], [-72.611632, 41.928672], [-72.613465, 41.929451], [-72.617001, 41.931206]], "type": "LineString"}}, {"type": "Feature", "properties": {}, "geometry": {"coordinates": [[-72.604429, 41.928087], [-72.606525, 41.928087]], "type": "LineString"}}, {"type": "Feature", "properties": {}, "geometry": {"coordinates": [[-72.604429, 41.928087], [-72.600239, 41.931206]], "type": "LineString"}}, {"type": "Feature", "properties": {}, "geometry": {"coordinates": [[-73.16597, 41.926528], [-73.168327, 41.927405], [-73.169375, 41.928087], [-73.169899, 41.928867], [-73.17016, 41.929841], [-73.17016, 41.931011], [-73.17003, 41.931985], [-73.169768, 41.932765], [-73.169244, 41.933447], [-73.168065, 41.934324]], "type": "LineString"}}, {"type": "Feature", "properties": {}, "geometry": {"coordinates": [[-72.604429, 41.926528], [-72.604429, 41.928087]], "type": "LineString"}}, {"type": "Feature", "properties": {}, "geometry": {"coordinates": [[-71.952791, 41.926528], [-71.952791, 41.931206]], "type": "LineString"}}, {"type": "Feature", "properties": {}, "geometry": {"coordinates": [[-71.892027, 41.926528], [-71.892027, 41.930036], [-71.891766, 41.93179], [-71.891242, 41.93296], [-71.890194, 41.934129], [-71.887837, 41.935883]], "type": "LineString"}}, {"type": "Feature", "properties": {}, "geometry": {"coordinates": [[-72.390709, 41.924968], [-72.38953, 41.924968], [-72.388483, 41.925456], [-72.387173, 41.92643], [-72.384947, 41.928379], [-72.380232, 41.932765]], "type": "LineString"}}, {"type": "Feature", "properties": {}, "geometry": {"coordinates": [[-71.887837, 41.924968], [-71.892027, 41.926528]], "type": "LineString"}}, {"type": "Feature", "properties": {}, "geometry": {"coordinates": [[-73.0633, 41.923409], [-73.066836, 41.923409], [-73.068669, 41.923506], [-73.069979, 41.923701], [-73.071158, 41.923994], [-73.072205, 41.924383], [-73.073646, 41.925261], [-73.075479, 41.926625], [-73.077705, 41.928477], [-73.080325, 41.930816], [-73.08242, 41.932862], [-73.083991, 41.934616], [-73.085039, 41.936078], [-73.085563, 41.937247], [-73.086741, 41.938807], [-73.088575, 41.940755], [-73.091063, 41.943094], [-73.094206, 41.945822], [-73.096694, 41.948258], [-73.098527, 41.950401], [-73.099706, 41.952252], [-73.10023, 41.953811], [-73.100754, 41.955077], [-73.101278, 41.956052], [-73.101801, 41.956733], [-73.102325, 41.957123], [-73.102718, 41.958682], [-73.10298, 41.961409], [-73.103111, 41.966572], [-73.103111, 41.977966]], "type": "LineString"}}, {"type": "Feature", "properties": {}, "geometry": {"coordinates": [[-73.061205, 41.923409], [-73.0633, 41.923409]], "type": "LineString"}}, {"type": "Feature", "properties": {}, "geometry": {"coordinates": [[-73.061205, 41.923409], [-73.060026, 41.924286], [-73.059372, 41.925553], [-73.058848, 41.927502], [-73.058324, 41.930231], [-73.0578, 41.933739], [-73.056752, 41.93676], [-73.055181, 41.939294], [-73.053086, 41.94134], [-73.050466, 41.942899], [-73.048502, 41.944166], [-73.047193, 41.94514], [-73.046538, 41.945822], [-73.046538, 41.946212], [-73.046276, 41.946699], [-73.045752, 41.947283], [-73.044966, 41.947965], [-73.043919, 41.948745], [-73.042609, 41.949427], [-73.041038, 41.950011], [-73.039204, 41.950499], [-73.037109, 41.950888], [-73.034359, 41.95196], [-73.030954, 41.953714], [-73.026894, 41.956149], [-73.02218, 41.959266], [-73.018775, 41.962286], [-73.01668, 41.965208], [-73.015894, 41.968033], [-73.016418, 41.97076], [-73.016156, 41.973194], [-73.015108, 41.975337], [-73.013275, 41.977187], [-73.010656, 41.978745], [-73.008691, 41.980109], [-73.007382, 41.981277], [-73.006727, 41.982251], [-73.006727, 41.98303], [-73.006334, 41.983906], [-73.005548, 41.98488], [-73.00437, 41.985951], [-73.002798, 41.98712], [-73.001227, 41.988093], [-72.999655, 41.988872], [-72.998084, 41.989457], [-72.996513, 41.989846], [-72.994941, 41.99043], [-72.99337, 41.991209], [-72.991798, 41.992183], [-72.990227, 41.993351], [-72.988655, 41.994227], [-72.987084, 41.994811], [-72.985512, 41.995103], [-72.983941, 41.995103], [-72.982369, 41.995396], [-72.980798, 41.99598], [-72.979226, 41.996856], [-72.977655, 41.998024], [-72.976345, 41.999192], [-72.975298, 42.00036], [-72.974381, 42.001821], [-72.973202, 42.004449]], "type": "LineString"}}, {"type": "Feature", "properties": {}, "geometry": {"coordinates": [[-72.667288, 41.923409], [-72.668467, 41.924286], [-72.669253, 41.924578], [-72.670039, 41.924578], [-72.670955, 41.924383], [-72.672003, 41.923994], [-72.673051, 41.923799], [-72.674098, 41.923799], [-72.675408, 41.924091], [-72.677765, 41.924968]], "type": "LineString"}}, {"type": "Feature", "properties": {}, "geometry": {"coordinates": [[-72.667288, 41.923409], [-72.663098, 41.929646]], "type": "LineString"}}, {"type": "Feature", "properties": {}, "geometry": {"coordinates": [[-72.64424, 41.923409], [-72.642145, 41.928087]], "type": "LineString"}}, {"type": "Feature", "properties": {}, "geometry": {"coordinates": [[-73.061205, 41.921849], [-73.061205, 41.923409]], "type": "LineString"}}, {"type": "Feature", "properties": {}, "geometry": {"coordinates": [[-72.629573, 41.921849], [-72.627478, 41.928087]], "type": "LineString"}}, {"type": "Feature", "properties": {}, "geometry": {"coordinates": [[-71.818692, 41.921849], [-71.818692, 41.928867], [-71.818561, 41.932083], [-71.818299, 41.933837], [-71.817906, 41.934909], [-71.817382, 41.935299], [-71.816466, 41.935591], [-71.815156, 41.935786], [-71.813454, 41.935883], [-71.811358, 41.935883], [-71.809525, 41.935688], [-71.807954, 41.935299], [-71.806382, 41.934519], [-71.804025, 41.932765]], "type": "LineString"}}, {"type": "Feature", "properties": {}, "geometry": {"coordinates": [[-72.702909, 41.92029], [-72.702909, 41.922044], [-72.703301, 41.923409], [-72.704087, 41.924968], [-72.705659, 41.927502], [-72.709194, 41.932765]], "type": "LineString"}}, {"type": "Feature", "properties": {}, "geometry": {"coordinates": [[-72.604429, 41.92029], [-72.604429, 41.926528]], "type": "LineString"}}, {"type": "Feature", "properties": {}, "geometry": {"coordinates": [[-71.818692, 41.92029], [-71.820787, 41.92029]], "type": "LineString"}}, {"type": "Feature", "properties": {}, "geometry": {"coordinates": [[-71.818692, 41.92029], [-71.818692, 41.921849]], "type": "LineString"}}, {"type": "Feature", "properties": {}, "geometry": {"coordinates": [[-72.604429, 41.92029], [-72.603251, 41.919413], [-72.601941, 41.91912], [-72.600108, 41.91912], [-72.596834, 41.919413], [-72.589762, 41.92029]], "type": "LineString"}}, {"type": "Feature", "properties": {}, "geometry": {"coordinates": [[-72.545761, 41.91873], [-72.543404, 41.920485], [-72.542356, 41.921362], [-72.541832, 41.921947], [-72.54157, 41.922434], [-72.54157, 41.922824], [-72.541309, 41.923214], [-72.540785, 41.923604], [-72.539999, 41.923994], [-72.538951, 41.924383], [-72.538035, 41.924871], [-72.537249, 41.925456], [-72.536594, 41.926138], [-72.53607, 41.926917], [-72.534892, 41.928087], [-72.533058, 41.929646], [-72.529784, 41.93218], [-72.522713, 41.937442]], "type": "LineString"}}, {"type": "Feature", "properties": {}, "geometry": {"coordinates": [[-71.83755, 41.92029], [-71.836371, 41.919413], [-71.835062, 41.919023], [-71.833228, 41.918828], [-71.83074, 41.91873], [-71.827597, 41.91873], [-71.825109, 41.918828], [-71.823275, 41.919023], [-71.821966, 41.919413], [-71.820787, 41.92029]], "type": "LineString"}}, {"type": "Feature", "properties": {}, "geometry": {"coordinates": [[-71.816597, 41.91873], [-71.818692, 41.92029]], "type": "LineString"}}, {"type": "Feature", "properties": {}, "geometry": {"coordinates": [[-73.115683, 41.917171], [-73.115683, 41.91873]], "type": "LineString"}}, {"type": "Feature", "properties": {}, "geometry": {"coordinates": [[-73.050728, 41.917171], [-73.051907, 41.917171], [-73.052955, 41.917463], [-73.054264, 41.918048], [-73.05649, 41.919218], [-73.061205, 41.921849]], "type": "LineString"}}, {"type": "Feature", "properties": {}, "geometry": {"coordinates": [[-73.048633, 41.917171], [-73.050728, 41.917171]], "type": "LineString"}}, {"type": "Feature", "properties": {}, "geometry": {"coordinates": [[-73.048633, 41.917171], [-73.046538, 41.92029]], "type": "LineString"}}, {"type": "Feature", "properties": {}, "geometry": {"coordinates": [[-71.904599, 41.917171], [-71.908135, 41.919802], [-71.909838, 41.920972], [-71.910885, 41.921557], [-71.911671, 41.921849], [-71.912195, 41.921849], [-71.913111, 41.922337], [-71.914421, 41.923311], [-71.916647, 41.925261], [-71.921362, 41.929646]], "type": "LineString"}}, {"type": "Feature", "properties": {}, "geometry": {"coordinates": [[-71.904599, 41.917171], [-71.892027, 41.926528]], "type": "LineString"}}, {"type": "Feature", "properties": {}, "geometry": {"coordinates": [[-73.115683, 41.917171], [-73.114504, 41.916293], [-73.113587, 41.915903], [-73.11254, 41.915708], [-73.11123, 41.915611], [-73.109659, 41.915611], [-73.107694, 41.915903], [-73.105337, 41.916488], [-73.102587, 41.917366], [-73.099444, 41.918535], [-73.096694, 41.919413], [-73.094337, 41.919997], [-73.09198, 41.92029], [-73.088444, 41.92029]], "type": "LineString"}}, {"type": "Feature", "properties": {}, "geometry": {"coordinates": [[-73.048633, 41.915611], [-73.048633, 41.917171]], "type": "LineString"}}, {"type": "Feature", "properties": {}, "geometry": {"coordinates": [[-72.656812, 41.915611], [-72.657991, 41.917366], [-72.659038, 41.918438], [-72.660348, 41.919413], [-72.662574, 41.920777], [-72.667288, 41.923409]], "type": "LineString"}}, {"type": "Feature", "properties": {}, "geometry": {"coordinates": [[-72.654717, 41.915611], [-72.656812, 41.915611]], "type": "LineString"}}, {"type": "Feature", "properties": {}, "geometry": {"coordinates": [[-73.124064, 41.912492], [-73.122885, 41.914246], [-73.1221, 41.915026], [-73.121314, 41.915416], [-73.120397, 41.915611], [-73.119349, 41.915611], [-73.118433, 41.915708], [-73.117647, 41.915903], [-73.116861, 41.916293], [-73.115683, 41.917171]], "type": "LineString"}}, {"type": "Feature", "properties": {}, "geometry": {"coordinates": [[-72.656812, 41.912492], [-72.657991, 41.913369], [-72.658383, 41.913856], [-72.658383, 41.914246], [-72.657991, 41.914734], [-72.656812, 41.915611]], "type": "LineString"}}, {"type": "Feature", "properties": {}, "geometry": {"coordinates": [[-73.048633, 41.909372], [-73.048633, 41.915611]], "type": "LineString"}}, {"type": "Feature", "properties": {}, "geometry": {"coordinates": [[-72.998346, 41.909372], [-72.999524, 41.910249], [-73.00031, 41.910639], [-73.001096, 41.910834], [-73.002013, 41.910932], [-73.00306, 41.910932], [-73.00437, 41.911127], [-73.005941, 41.911517], [-73.008299, 41.912297], [-73.013013, 41.914051]], "type": "LineString"}}, {"type": "Feature", "properties": {}, "geometry": {"coordinates": [[-72.99206, 41.909372], [-72.994417, 41.910249], [-72.995596, 41.910542], [-72.996382, 41.910542], [-72.997167, 41.910249], [-72.998346, 41.909372]], "type": "LineString"}}, {"type": "Feature", "properties": {}, "geometry": {"coordinates": [[-72.788816, 41.907812], [-72.788816, 41.951473]], "type": "LineString"}}, {"type": "Feature", "properties": {}, "geometry": {"coordinates": [[-72.455663, 41.907812], [-72.454485, 41.90869], [-72.453961, 41.909275], [-72.453699, 41.90986], [-72.453568, 41.910737], [-72.453568, 41.912492]], "type": "LineString"}}, {"type": "Feature", "properties": {}, "geometry": {"coordinates": [[-72.455663, 41.906252], [-72.457758, 41.906252]], "type": "LineString"}}, {"type": "Feature", "properties": {}, "geometry": {"coordinates": [[-72.455663, 41.906252], [-72.455663, 41.907812]], "type": "LineString"}}, {"type": "Feature", "properties": {}, "geometry": {"coordinates": [[-72.453568, 41.906252], [-72.455663, 41.906252]], "type": "LineString"}}, {"type": "Feature", "properties": {}, "geometry": {"coordinates": [[-72.449377, 41.906252], [-72.453568, 41.906252]], "type": "LineString"}}, {"type": "Feature", "properties": {}, "geometry": {"coordinates": [[-72.076414, 41.906252], [-72.077592, 41.92029], [-72.077723, 41.92682], [-72.0772, 41.930523], [-72.076152, 41.93296], [-72.074581, 41.934129], [-72.073402, 41.935104], [-72.072616, 41.935883], [-72.072223, 41.936468], [-72.072223, 41.936858], [-72.071438, 41.937637], [-72.069866, 41.938807], [-72.067509, 41.940366], [-72.064366, 41.942314], [-72.062009, 41.943873], [-72.060437, 41.945043], [-72.059651, 41.945822], [-72.059651, 41.946212], [-72.059259, 41.946796], [-72.058473, 41.947576], [-72.057294, 41.94855], [-72.055723, 41.949719], [-72.054413, 41.950596], [-72.053366, 41.951181], [-72.05258, 41.951473], [-72.052056, 41.951473], [-72.051401, 41.951668], [-72.050616, 41.952057], [-72.049699, 41.952642], [-72.048651, 41.953421], [-72.047604, 41.953908], [-72.046556, 41.954103], [-72.045508, 41.954006], [-72.044461, 41.953616], [-72.042758, 41.953324], [-72.040401, 41.953129], [-72.037389, 41.953032], [-72.033722, 41.953032], [-72.030448, 41.952739], [-72.027567, 41.952155], [-72.025079, 41.951278], [-72.022984, 41.950109], [-72.020627, 41.949232], [-72.018007, 41.948647], [-72.015126, 41.948355], [-72.011983, 41.948355], [-72.009364, 41.947965], [-72.007269, 41.947186], [-72.005698, 41.946017], [-72.00465, 41.944458], [-72.003602, 41.943094], [-72.002555, 41.941925], [-72.001507, 41.94095], [-72.000459, 41.940171], [-71.999412, 41.939586], [-71.998364, 41.939196], [-71.997316, 41.939001], [-71.996269, 41.939001], [-71.995352, 41.938904], [-71.994566, 41.938709], [-71.993911, 41.938417], [-71.993388, 41.938027], [-71.991554, 41.937735], [-71.988411, 41.93754], [-71.983959, 41.937442], [-71.978197, 41.937442], [-71.973613, 41.937637], [-71.970208, 41.938027], [-71.96772, 41.938807], [-71.965363, 41.94056]], "type": "LineString"}}, {"type": "Feature", "properties": {}, "geometry": {"coordinates": [[-72.67567, 41.904693], [-72.67567, 41.912492]], "type": "LineString"}}, {"type": "Feature", "properties": {}, "geometry": {"coordinates": [[-72.606525, 41.904693], [-72.607703, 41.90557], [-72.608227, 41.906545], [-72.608489, 41.90791], [-72.60862, 41.909762], [-72.60862, 41.912102], [-72.608358, 41.914149], [-72.607834, 41.915903], [-72.606787, 41.917658], [-72.604429, 41.92029]], "type": "LineString"}}, {"type": "Feature", "properties": {}, "geometry": {"coordinates": [[-72.520617, 41.937442], [-72.517082, 41.937442], [-72.515248, 41.937247], [-72.513939, 41.936858], [-72.51276, 41.936273], [-72.511712, 41.935493], [-72.510534, 41.934227], [-72.509224, 41.932472], [-72.507784, 41.930231], [-72.506212, 41.927502], [-72.504248, 41.924968], [-72.501891, 41.922629], [-72.499141, 41.920485], [-72.495998, 41.918535], [-72.49351, 41.917073], [-72.491676, 41.916098], [-72.490498, 41.915611], [-72.489974, 41.915611], [-72.488664, 41.914929], [-72.486569, 41.913564], [-72.483688, 41.911517], [-72.480021, 41.908787], [-72.476616, 41.90674], [-72.473473, 41.905375], [-72.470592, 41.904693], [-72.467973, 41.904693], [-72.465878, 41.90479], [-72.464306, 41.904985], [-72.463259, 41.905278], [-72.462735, 41.905667], [-72.46208, 41.90596], [-72.461294, 41.906155], [-72.460116, 41.906252], [-72.457758, 41.906252]], "type": "LineString"}}, {"type": "Feature", "properties": {}, "geometry": {"coordinates": [[-72.455663, 41.904693], [-72.455663, 41.906252]], "type": "LineString"}}, {"type": "Feature", "properties": {}, "geometry": {"coordinates": [[-72.288039, 41.904693], [-72.289218, 41.907325], [-72.290134, 41.908787], [-72.291182, 41.909957], [-72.292492, 41.911127], [-72.294063, 41.912297], [-72.295242, 41.913466], [-72.296028, 41.914636], [-72.29642, 41.915806], [-72.29642, 41.916976], [-72.296944, 41.91834], [-72.297992, 41.9199], [-72.299563, 41.921654], [-72.301659, 41.923604], [-72.303492, 41.925456], [-72.305064, 41.92721], [-72.306373, 41.928867], [-72.307421, 41.930426], [-72.307945, 41.931888], [-72.307945, 41.933252], [-72.307421, 41.934519], [-72.306373, 41.935688], [-72.305587, 41.937442], [-72.305064, 41.939781], [-72.304802, 41.943581], [-72.304802, 41.951473]], "type": "LineString"}}, {"type": "Feature", "properties": {}, "geometry": {"coordinates": [[-73.071681, 41.903133], [-73.070503, 41.90401], [-73.069979, 41.904693], [-73.069717, 41.905472], [-73.069586, 41.906447], [-73.069586, 41.907617], [-73.069324, 41.90869], [-73.0688, 41.909665], [-73.068015, 41.910542], [-73.066967, 41.911322], [-73.066181, 41.912199], [-73.065657, 41.913174], [-73.065395, 41.914246], [-73.065395, 41.915416], [-73.065134, 41.916586], [-73.06461, 41.917755], [-73.063562, 41.919218], [-73.061205, 41.921849]], "type": "LineString"}}, {"type": "Feature", "properties": {}, "geometry": {"coordinates": [[-72.95644, 41.903133], [-72.958535, 41.903133]], "type": "LineString"}}, {"type": "Feature", "properties": {}, "geometry": {"coordinates": [[-72.95644, 41.903133], [-72.949368, 41.909275], [-72.946225, 41.912199], [-72.944654, 41.913954], [-72.943868, 41.915221], [-72.943868, 41.916001], [-72.943737, 41.916683], [-72.943475, 41.917268], [-72.943082, 41.917755], [-72.942559, 41.918145], [-72.941511, 41.918535], [-72.939939, 41.918925], [-72.937844, 41.919315], [-72.935225, 41.919705], [-72.932344, 41.920582], [-72.929201, 41.921947], [-72.924879, 41.924383], [-72.916629, 41.929646]], "type": "LineString"}}, {"type": "Feature", "properties": {}, "geometry": {"coordinates": [[-72.67567, 41.903133], [-72.677765, 41.903133]], "type": "LineString"}}, {"type": "Feature", "properties": {}, "geometry": {"coordinates": [[-72.67567, 41.903133], [-72.67567, 41.904693]], "type": "LineString"}}, {"type": "Feature", "properties": {}, "geometry": {"coordinates": [[-72.95644, 41.901573], [-72.95644, 41.903133]], "type": "LineString"}}, {"type": "Feature", "properties": {}, "geometry": {"coordinates": [[-72.673574, 41.901573], [-72.67567, 41.903133]], "type": "LineString"}}, {"type": "Feature", "properties": {}, "geometry": {"coordinates": [[-72.989965, 41.898453], [-72.991143, 41.898453], [-72.99206, 41.898745], [-72.993108, 41.89933], [-72.994417, 41.900208], [-72.995989, 41.901378], [-72.997167, 41.902645], [-72.997953, 41.90401], [-72.998346, 41.905862], [-72.998346, 41.909372]], "type": "LineString"}}, {"type": "Feature", "properties": {}, "geometry": {"coordinates": [[-71.925552, 41.898453], [-71.922016, 41.901085], [-71.920445, 41.902353], [-71.919659, 41.903133], [-71.919266, 41.903718], [-71.919266, 41.904108], [-71.918743, 41.904693], [-71.917695, 41.905472], [-71.916123, 41.906447], [-71.914028, 41.907617], [-71.912326, 41.908787], [-71.911016, 41.909957], [-71.910099, 41.911127], [-71.909576, 41.912297], [-71.908921, 41.913369], [-71.908135, 41.914344], [-71.906957, 41.915416], [-71.904599, 41.917171]], "type": "LineString"}}, {"type": "Feature", "properties": {}, "geometry": {"coordinates": [[-72.893581, 41.896893], [-72.892402, 41.898648], [-72.892009, 41.899525], [-72.892009, 41.90011], [-72.892271, 41.900598], [-72.892795, 41.900988], [-72.893188, 41.901573], [-72.89345, 41.902353], [-72.893581, 41.903328], [-72.893581, 41.904498], [-72.893974, 41.905667], [-72.894759, 41.906837], [-72.895938, 41.908007], [-72.89751, 41.909177], [-72.898819, 41.910347], [-72.899867, 41.911517], [-72.900653, 41.912687], [-72.901176, 41.913856], [-72.901962, 41.915026], [-72.90301, 41.916196], [-72.904712, 41.917658], [-72.908248, 41.92029]], "type": "LineString"}}, {"type": "Feature", "properties": {}, "geometry": {"coordinates": [[-72.648431, 41.893772], [-72.650788, 41.895527], [-72.652229, 41.896307], [-72.653538, 41.896697], [-72.654979, 41.896893], [-72.65655, 41.896893], [-72.65786, 41.89699], [-72.658907, 41.897185], [-72.659693, 41.897478], [-72.660217, 41.897868], [-72.660872, 41.89816], [-72.661657, 41.898355], [-72.662574, 41.898453], [-72.663622, 41.898453], [-72.664669, 41.898648], [-72.665717, 41.899038], [-72.666765, 41.899623], [-72.667812, 41.900403], [-72.66886, 41.900988], [-72.669908, 41.901378], [-72.671217, 41.901573], [-72.673574, 41.901573]], "type": "LineString"}}, {"type": "Feature", "properties": {}, "geometry": {"coordinates": [[-71.969554, 41.892212], [-71.964839, 41.894845], [-71.96078, 41.896015], [-71.955803, 41.8966], [-71.947422, 41.896893], [-71.929743, 41.896893]], "type": "LineString"}}, {"type": "Feature", "properties": {}, "geometry": {"coordinates": [[-72.074319, 41.890652], [-72.076676, 41.894162], [-72.077723, 41.896015], [-72.078247, 41.89738], [-72.078509, 41.89894], [-72.078509, 41.901573]], "type": "LineString"}}, {"type": "Feature", "properties": {}, "geometry": {"coordinates": [[-72.074319, 41.890652], [-72.069604, 41.891529], [-72.067378, 41.892017], [-72.066068, 41.892407], [-72.065152, 41.892797], [-72.064628, 41.893187], [-72.063842, 41.89348], [-72.062794, 41.893675], [-72.061485, 41.893772], [-72.059913, 41.893772], [-72.058211, 41.893967], [-72.056378, 41.894357], [-72.054413, 41.894942], [-72.052318, 41.895722], [-72.049437, 41.896307], [-72.04577, 41.896697], [-72.041318, 41.896893], [-72.036079, 41.896893], [-72.03202, 41.89699], [-72.029139, 41.897185], [-72.027436, 41.897478], [-72.026912, 41.897868], [-72.024424, 41.89816], [-72.019972, 41.898355], [-72.013555, 41.898453], [-72.005174, 41.898453], [-71.998495, 41.898258], [-71.993519, 41.897868], [-71.990245, 41.897283], [-71.988673, 41.896502], [-71.986971, 41.895917], [-71.985137, 41.895527], [-71.983173, 41.895332], [-71.981078, 41.895332], [-71.978982, 41.895137], [-71.976887, 41.894747], [-71.974268, 41.893967], [-71.969554, 41.892212]], "type": "LineString"}}, {"type": "Feature", "properties": {}, "geometry": {"coordinates": [[-72.602334, 41.885971], [-72.603513, 41.886849], [-72.604037, 41.887824], [-72.604299, 41.889189], [-72.604429, 41.891627], [-72.604429, 41.896893]], "type": "LineString"}}, {"type": "Feature", "properties": {}, "geometry": {"coordinates": [[-72.600239, 41.885971], [-72.602334, 41.885971]], "type": "LineString"}}, {"type": "Feature", "properties": {}, "geometry": {"coordinates": [[-72.294325, 41.88441], [-72.285944, 41.895332]], "type": "LineString"}}, {"type": "Feature", "properties": {}, "geometry": {"coordinates": [[-72.797197, 41.88285], [-72.799292, 41.88285]], "type": "LineString"}}, {"type": "Feature", "properties": {}, "geometry": {"coordinates": [[-72.797197, 41.88285], [-72.79484, 41.883728], [-72.793661, 41.884313], [-72.792876, 41.884898], [-72.79209, 41.885776], [-72.790911, 41.887531]], "type": "LineString"}}, {"type": "Feature", "properties": {}, "geometry": {"coordinates": [[-72.604429, 41.88285], [-72.602334, 41.885971]], "type": "LineString"}}, {"type": "Feature", "properties": {}, "geometry": {"coordinates": [[-73.471884, 41.88129], [-73.47817, 41.88129]], "type": "LineString"}}, {"type": "Feature", "properties": {}, "geometry": {"coordinates": [[-73.471884, 41.88129], [-73.468348, 41.883923], [-73.466384, 41.885191], [-73.464812, 41.885971], [-73.463241, 41.886556], [-73.461669, 41.886946], [-73.46036, 41.887434], [-73.459312, 41.888019], [-73.458526, 41.888701], [-73.458002, 41.889482], [-73.457086, 41.890359], [-73.455776, 41.891334], [-73.454074, 41.892407], [-73.451978, 41.893577], [-73.450276, 41.894942], [-73.448966, 41.896502], [-73.44805, 41.898258], [-73.447526, 41.900208], [-73.447002, 41.901768], [-73.446478, 41.902938], [-73.445954, 41.903718], [-73.445431, 41.904108], [-73.445038, 41.905083], [-73.444776, 41.906642], [-73.444645, 41.908787], [-73.444645, 41.911517], [-73.444776, 41.913661], [-73.445038, 41.915221], [-73.445431, 41.916196], [-73.445954, 41.916586], [-73.446085, 41.917171], [-73.445823, 41.91795], [-73.445169, 41.918925], [-73.444121, 41.920095], [-73.443335, 41.921752], [-73.442811, 41.923896], [-73.442549, 41.926528], [-73.442549, 41.929646], [-73.442157, 41.932278], [-73.441371, 41.934421], [-73.439799, 41.93637], [-73.436264, 41.939001]], "type": "LineString"}}, {"type": "Feature", "properties": {}, "geometry": {"coordinates": [[-72.797197, 41.88129], [-72.797197, 41.88285]], "type": "LineString"}}, {"type": "Feature", "properties": {}, "geometry": {"coordinates": [[-72.300611, 41.88129], [-72.302706, 41.88129]], "type": "LineString"}}, {"type": "Feature", "properties": {}, "geometry": {"coordinates": [[-72.300611, 41.88129], [-72.294325, 41.88441]], "type": "LineString"}}, {"type": "Feature", "properties": {}, "geometry": {"coordinates": [[-72.300611, 41.879729], [-72.300611, 41.88129]], "type": "LineString"}}, {"type": "Feature", "properties": {}, "geometry": {"coordinates": [[-72.969012, 41.878169], [-72.97019, 41.879046], [-72.971107, 41.879436], [-72.972155, 41.879632], [-72.973464, 41.879729], [-72.975036, 41.879729], [-72.976476, 41.879924], [-72.977786, 41.880314], [-72.978964, 41.880899], [-72.980012, 41.88168], [-72.980798, 41.882557], [-72.981322, 41.883533], [-72.981583, 41.884898], [-72.981583, 41.887531]], "type": "LineString"}}, {"type": "Feature", "properties": {}, "geometry": {"coordinates": [[-72.969012, 41.878169], [-72.966654, 41.879924], [-72.965476, 41.880607], [-72.96469, 41.880802], [-72.964035, 41.880704], [-72.963512, 41.880314], [-72.962726, 41.880022], [-72.961678, 41.879827], [-72.960369, 41.879729], [-72.958797, 41.879729], [-72.957357, 41.880022], [-72.956047, 41.880607], [-72.954868, 41.881485], [-72.953821, 41.882655], [-72.953035, 41.884118], [-72.952511, 41.885873], [-72.952249, 41.887921], [-72.952249, 41.890262], [-72.952511, 41.892212], [-72.953035, 41.893772], [-72.953821, 41.894942], [-72.954868, 41.895722], [-72.955654, 41.8966], [-72.956178, 41.897575], [-72.95644, 41.89894], [-72.95644, 41.901573]], "type": "LineString"}}, {"type": "Feature", "properties": {}, "geometry": {"coordinates": [[-72.101557, 41.88129], [-72.098022, 41.88129], [-72.096057, 41.881094], [-72.094486, 41.880704], [-72.092914, 41.880119], [-72.091343, 41.879339], [-72.089902, 41.878754], [-72.088593, 41.878364], [-72.087414, 41.878169], [-72.086367, 41.878169], [-72.085319, 41.878364], [-72.084271, 41.878754], [-72.083224, 41.879339], [-72.082176, 41.880119], [-72.081259, 41.881094], [-72.080474, 41.882265], [-72.079819, 41.88363], [-72.079295, 41.885191], [-72.07864, 41.886556], [-72.077854, 41.887726], [-72.076676, 41.888896], [-72.074319, 41.890652]], "type": "LineString"}}, {"type": "Feature", "properties": {}, "geometry": {"coordinates": [[-72.969012, 41.876608], [-72.969012, 41.878169]], "type": "LineString"}}, {"type": "Feature", "properties": {}, "geometry": {"coordinates": [[-72.728052, 41.876608], [-72.729231, 41.877486], [-72.729755, 41.878071], [-72.730017, 41.878656], [-72.730147, 41.879534], [-72.730147, 41.88129]], "type": "LineString"}}, {"type": "Feature", "properties": {}, "geometry": {"coordinates": [[-72.350898, 41.876608], [-72.352993, 41.876608]], "type": "LineString"}}, {"type": "Feature", "properties": {}, "geometry": {"coordinates": [[-72.350898, 41.876608], [-72.345005, 41.880997], [-72.341862, 41.882948], [-72.339505, 41.883923], [-72.337279, 41.88441], [-72.335183, 41.88441], [-72.333481, 41.884508], [-72.332171, 41.884703], [-72.331255, 41.884996], [-72.330731, 41.885386], [-72.32929, 41.885678], [-72.326933, 41.885873], [-72.323659, 41.885971], [-72.319469, 41.885971], [-72.316195, 41.885873], [-72.313838, 41.885678], [-72.312397, 41.885386], [-72.311873, 41.884996], [-72.311218, 41.884703], [-72.310433, 41.884508], [-72.309516, 41.88441], [-72.308468, 41.88441], [-72.307421, 41.884215], [-72.306373, 41.883825], [-72.305064, 41.883045], [-72.302706, 41.88129]], "type": "LineString"}}, {"type": "Feature", "properties": {}, "geometry": {"coordinates": [[-72.728052, 41.875047], [-72.728052, 41.876608]], "type": "LineString"}}, {"type": "Feature", "properties": {}, "geometry": {"coordinates": [[-72.725957, 41.875047], [-72.728052, 41.875047]], "type": "LineString"}}, {"type": "Feature", "properties": {}, "geometry": {"coordinates": [[-72.677765, 41.875047], [-72.67567, 41.878169]], "type": "LineString"}}, {"type": "Feature", "properties": {}, "geometry": {"coordinates": [[-72.401185, 41.875047], [-72.402364, 41.875925], [-72.402888, 41.87651], [-72.40315, 41.877096], [-72.403281, 41.877778], [-72.403281, 41.878559], [-72.403019, 41.879436], [-72.402495, 41.880412], [-72.401709, 41.881485], [-72.400662, 41.882655], [-72.399745, 41.884118], [-72.398959, 41.885873], [-72.398173, 41.888506], [-72.396995, 41.893772]], "type": "LineString"}}, {"type": "Feature", "properties": {}, "geometry": {"coordinates": [[-72.39909, 41.875047], [-72.401185, 41.875047]], "type": "LineString"}}, {"type": "Feature", "properties": {}, "geometry": {"coordinates": [[-72.350898, 41.875047], [-72.350898, 41.876608]], "type": "LineString"}}, {"type": "Feature", "properties": {}, "geometry": {"coordinates": [[-72.2608, 41.875047], [-72.261979, 41.875047], [-72.262765, 41.875242], [-72.26355, 41.875633], [-72.264467, 41.876218], [-72.265515, 41.876998], [-72.26761, 41.877681], [-72.270753, 41.878266], [-72.274944, 41.878754], [-72.280182, 41.879144], [-72.284503, 41.879729], [-72.287908, 41.880509], [-72.290789, 41.881777], [-72.294325, 41.88441]], "type": "LineString"}}, {"type": "Feature", "properties": {}, "geometry": {"coordinates": [[-71.975839, 41.875047], [-71.973482, 41.875047], [-71.972304, 41.875145], [-71.971518, 41.87534], [-71.970863, 41.875633], [-71.970339, 41.876023], [-71.969946, 41.877291], [-71.969685, 41.879436], [-71.969554, 41.883435], [-71.969554, 41.892212]], "type": "LineString"}}, {"type": "Feature", "properties": {}, "geometry": {"coordinates": [[-72.813959, 41.873487], [-72.813959, 41.875242], [-72.813698, 41.876315], [-72.813174, 41.877291], [-72.812388, 41.878364], [-72.81134, 41.879534], [-72.8099, 41.880509], [-72.808066, 41.88129], [-72.805185, 41.881972], [-72.799292, 41.88285]], "type": "LineString"}}, {"type": "Feature", "properties": {}, "geometry": {"coordinates": [[-72.721766, 41.873487], [-72.725957, 41.875047]], "type": "LineString"}}, {"type": "Feature", "properties": {}, "geometry": {"coordinates": [[-72.721766, 41.873487], [-72.71823, 41.87612], [-72.716135, 41.877291], [-72.714302, 41.877876], [-72.712337, 41.878169], [-72.710242, 41.878169], [-72.70854, 41.878266], [-72.70723, 41.878461], [-72.706313, 41.878754], [-72.70579, 41.879144], [-72.705266, 41.879339], [-72.704742, 41.879339], [-72.704218, 41.879144], [-72.703694, 41.878754], [-72.702909, 41.878461], [-72.701861, 41.878266], [-72.700551, 41.878169], [-72.69898, 41.878169], [-72.69767, 41.878071], [-72.696623, 41.877876], [-72.695837, 41.877583], [-72.695313, 41.877193], [-72.693873, 41.876803], [-72.691515, 41.876413], [-72.687194, 41.875925], [-72.677765, 41.875047]], "type": "LineString"}}, {"type": "Feature", "properties": {}, "geometry": {"coordinates": [[-72.367661, 41.873487], [-72.367661, 41.874365], [-72.368053, 41.875047], [-72.368839, 41.875828], [-72.370018, 41.876803], [-72.371589, 41.877973], [-72.372768, 41.879046], [-72.373554, 41.880022], [-72.373946, 41.881094], [-72.373946, 41.88285]], "type": "LineString"}}, {"type": "Feature", "properties": {}, "geometry": {"coordinates": [[-73.463502, 41.871926], [-73.467038, 41.87456], [-73.46861, 41.875925], [-73.469396, 41.876901], [-73.469788, 41.877778], [-73.469788, 41.878559], [-73.469919, 41.879241], [-73.470181, 41.879827], [-73.470705, 41.880412], [-73.471884, 41.88129]], "type": "LineString"}}, {"type": "Feature", "properties": {}, "geometry": {"coordinates": [[-73.360833, 41.871926], [-73.365547, 41.876315], [-73.367119, 41.878754], [-73.367119, 41.880704], [-73.366071, 41.882655], [-73.363976, 41.884605], [-73.362404, 41.886946], [-73.361357, 41.889677], [-73.360833, 41.892797], [-73.360833, 41.896307], [-73.360964, 41.899038], [-73.361226, 41.900988], [-73.361619, 41.902158], [-73.362142, 41.902548], [-73.362535, 41.903718], [-73.362797, 41.905667], [-73.362928, 41.908397], [-73.362928, 41.911907], [-73.362797, 41.914636], [-73.362535, 41.916586], [-73.362142, 41.917755], [-73.361619, 41.918145], [-73.361226, 41.919023], [-73.360964, 41.920387], [-73.360833, 41.922239], [-73.360833, 41.924578], [-73.360964, 41.92643], [-73.361226, 41.927795], [-73.361749, 41.928769], [-73.362928, 41.929646]], "type": "LineString"}}, {"type": "Feature", "properties": {}, "geometry": {"coordinates": [[-73.360833, 41.871926], [-73.357297, 41.873682], [-73.355202, 41.87456], [-73.353368, 41.875145], [-73.35088, 41.87573], [-73.346166, 41.876608]], "type": "LineString"}}, {"type": "Feature", "properties": {}, "geometry": {"coordinates": [[-72.813959, 41.871926], [-72.813959, 41.873487]], "type": "LineString"}}, {"type": "Feature", "properties": {}, "geometry": {"coordinates": [[-72.811864, 41.871926], [-72.813959, 41.871926]], "type": "LineString"}}, {"type": "Feature", "properties": {}, "geometry": {"coordinates": [[-72.759482, 41.871926], [-72.761839, 41.873682], [-72.762887, 41.874852], [-72.76341, 41.876023], [-72.763672, 41.877388], [-72.763672, 41.878949], [-72.76341, 41.880412], [-72.762887, 41.881777], [-72.762101, 41.883045], [-72.761053, 41.884215], [-72.760267, 41.885288], [-72.759744, 41.886263], [-72.759482, 41.887141], [-72.759482, 41.887921], [-72.75922, 41.888701], [-72.758696, 41.889482], [-72.757648, 41.890457], [-72.755291, 41.892212]], "type": "LineString"}}, {"type": "Feature", "properties": {}, "geometry": {"coordinates": [[-72.757386, 41.871926], [-72.759482, 41.871926]], "type": "LineString"}}, {"type": "Feature", "properties": {}, "geometry": {"coordinates": [[-72.757386, 41.871926], [-72.752672, 41.871926], [-72.750053, 41.872219], [-72.747958, 41.872804], [-72.745862, 41.873682], [-72.743767, 41.874852], [-72.742065, 41.87573], [-72.740755, 41.876315], [-72.739707, 41.876608], [-72.738529, 41.876608]], "type": "LineString"}}, {"type": "Feature", "properties": {}, "geometry": {"coordinates": [[-72.669384, 41.871926], [-72.667027, 41.873682], [-72.665979, 41.87495], [-72.665455, 41.876315], [-72.665193, 41.877973], [-72.665193, 41.879924], [-72.665848, 41.88207], [-72.667158, 41.88441], [-72.669122, 41.886946], [-72.671741, 41.889677], [-72.673705, 41.892115], [-72.675015, 41.89426], [-72.67567, 41.896112], [-72.67567, 41.897673], [-72.675539, 41.89894], [-72.675277, 41.899915], [-72.674753, 41.900695], [-72.673574, 41.901573]], "type": "LineString"}}, {"type": "Feature", "properties": {}, "geometry": {"coordinates": [[-72.367661, 41.871926], [-72.367661, 41.873487]], "type": "LineString"}}, {"type": "Feature", "properties": {}, "geometry": {"coordinates": [[-72.365565, 41.871926], [-72.367661, 41.871926]], "type": "LineString"}}, {"type": "Feature", "properties": {}, "geometry": {"coordinates": [[-72.759482, 41.870365], [-72.759482, 41.871926]], "type": "LineString"}}, {"type": "Feature", "properties": {}, "geometry": {"coordinates": [[-72.732243, 41.870365], [-72.732243, 41.871243], [-72.731981, 41.871828], [-72.731457, 41.872414], [-72.730409, 41.873292], [-72.728052, 41.875047]], "type": "LineString"}}, {"type": "Feature", "properties": {}, "geometry": {"coordinates": [[-72.671479, 41.870365], [-72.677765, 41.875047]], "type": "LineString"}}, {"type": "Feature", "properties": {}, "geometry": {"coordinates": [[-72.671479, 41.870365], [-72.669384, 41.871926]], "type": "LineString"}}, {"type": "Feature", "properties": {}, "geometry": {"coordinates": [[-72.459854, 41.870365], [-72.459854, 41.877388], [-72.459985, 41.880607], [-72.460247, 41.882362], [-72.46064, 41.883435], [-72.461163, 41.883825], [-72.461425, 41.884215], [-72.461425, 41.884605], [-72.461163, 41.884996], [-72.46064, 41.885386], [-72.460247, 41.885971], [-72.459985, 41.886751], [-72.459854, 41.887726], [-72.459854, 41.888896], [-72.459723, 41.889872], [-72.459461, 41.890652], [-72.459068, 41.891237], [-72.458544, 41.891627], [-72.458151, 41.892407], [-72.457889, 41.893577], [-72.457758, 41.895137], [-72.457758, 41.897088], [-72.457628, 41.898648], [-72.457366, 41.899818], [-72.456973, 41.900598], [-72.456449, 41.900988], [-72.456056, 41.901475], [-72.455794, 41.90206], [-72.455663, 41.902938], [-72.455663, 41.904693]], "type": "LineString"}}, {"type": "Feature", "properties": {}, "geometry": {"coordinates": [[-72.36347, 41.870365], [-72.365565, 41.871926]], "type": "LineString"}}, {"type": "Feature", "properties": {}, "geometry": {"coordinates": [[-72.36347, 41.870365], [-72.352993, 41.876608]], "type": "LineString"}}, {"type": "Feature", "properties": {}, "geometry": {"coordinates": [[-72.346708, 41.870365], [-72.350898, 41.875047]], "type": "LineString"}}, {"type": "Feature", "properties": {}, "geometry": {"coordinates": [[-73.362928, 41.868804], [-73.360833, 41.871926]], "type": "LineString"}}, {"type": "Feature", "properties": {}, "geometry": {"coordinates": [[-72.81815, 41.868804], [-72.813959, 41.871926]], "type": "LineString"}}, {"type": "Feature", "properties": {}, "geometry": {"coordinates": [[-72.759482, 41.868804], [-72.759482, 41.870365]], "type": "LineString"}}, {"type": "Feature", "properties": {}, "geometry": {"coordinates": [[-72.459854, 41.868804], [-72.461949, 41.868804]], "type": "LineString"}}, {"type": "Feature", "properties": {}, "geometry": {"coordinates": [[-72.459854, 41.868804], [-72.459854, 41.870365]], "type": "LineString"}}, {"type": "Feature", "properties": {}, "geometry": {"coordinates": [[-73.432073, 41.867244], [-73.436787, 41.868122], [-73.439145, 41.868902], [-73.440716, 41.869877], [-73.442026, 41.871146], [-73.443073, 41.872706], [-73.444121, 41.873877], [-73.445169, 41.874657], [-73.446216, 41.875047], [-73.447264, 41.875047], [-73.448181, 41.87495], [-73.448966, 41.874755], [-73.449621, 41.874462], [-73.450145, 41.874072], [-73.451193, 41.873779], [-73.452764, 41.873584], [-73.454859, 41.873487], [-73.457479, 41.873487], [-73.459574, 41.873389], [-73.461145, 41.873194], [-73.462324, 41.872804], [-73.463502, 41.871926]], "type": "LineString"}}, {"type": "Feature", "properties": {}, "geometry": {"coordinates": [[-72.801388, 41.867244], [-72.803745, 41.869877], [-72.805185, 41.871048], [-72.806495, 41.871633], [-72.808328, 41.871926], [-72.811864, 41.871926]], "type": "LineString"}}, {"type": "Feature", "properties": {}, "geometry": {"coordinates": [[-72.451473, 41.867244], [-72.455008, 41.867244], [-72.456711, 41.867341], [-72.457758, 41.867536], [-72.458675, 41.867926], [-72.459854, 41.868804]], "type": "LineString"}}, {"type": "Feature", "properties": {}, "geometry": {"coordinates": [[-72.36347, 41.867244], [-72.36347, 41.870365]], "type": "LineString"}}, {"type": "Feature", "properties": {}, "geometry": {"coordinates": [[-71.892027, 41.867244], [-71.892027, 41.868122], [-71.892289, 41.868707], [-71.892813, 41.869292], [-71.893599, 41.869975], [-71.894647, 41.870755], [-71.895301, 41.871438], [-71.895563, 41.872023], [-71.895301, 41.872609], [-71.894123, 41.873487]], "type": "LineString"}}, {"type": "Feature", "properties": {}, "geometry": {"coordinates": [[-71.879456, 41.867244], [-71.881551, 41.867244]], "type": "LineString"}}, {"type": "Feature", "properties": {}, "geometry": {"coordinates": [[-71.879456, 41.867244], [-71.874741, 41.871633], [-71.872646, 41.874365], [-71.871598, 41.876901], [-71.871074, 41.879729], [-71.871074, 41.88285], [-71.871205, 41.885288], [-71.871467, 41.887044], [-71.87186, 41.888116], [-71.872384, 41.888506], [-71.872777, 41.888994], [-71.873039, 41.889579], [-71.87317, 41.890262], [-71.87317, 41.891042], [-71.875134, 41.893187], [-71.879063, 41.896697], [-71.88692, 41.903133], [-71.904599, 41.917171]], "type": "LineString"}}, {"type": "Feature", "properties": {}, "geometry": {"coordinates": [[-72.801388, 41.865683], [-72.801388, 41.867244]], "type": "LineString"}}, {"type": "Feature", "properties": {}, "geometry": {"coordinates": [[-72.799292, 41.865683], [-72.801388, 41.865683]], "type": "LineString"}}, {"type": "Feature", "properties": {}, "geometry": {"coordinates": [[-72.799292, 41.865683], [-72.793006, 41.870365]], "type": "LineString"}}, {"type": "Feature", "properties": {}, "geometry": {"coordinates": [[-72.411662, 41.865683], [-72.411662, 41.866561], [-72.4114, 41.867049], [-72.410876, 41.867439], [-72.41009, 41.867829], [-72.409043, 41.868219], [-72.407864, 41.868902], [-72.406555, 41.869877], [-72.404721, 41.871536], [-72.401185, 41.875047]], "type": "LineString"}}, {"type": "Feature", "properties": {}, "geometry": {"coordinates": [[-72.156035, 41.865683], [-72.157214, 41.866561], [-72.157738, 41.867536], [-72.158, 41.868902], [-72.158131, 41.870755], [-72.158131, 41.873096], [-72.158393, 41.875145], [-72.158916, 41.876901], [-72.159702, 41.878364], [-72.16075, 41.879534], [-72.161535, 41.880607], [-72.162059, 41.881582], [-72.162321, 41.88246], [-72.162321, 41.88324], [-72.162583, 41.88402], [-72.163107, 41.884801], [-72.163893, 41.885581], [-72.16494, 41.886361], [-72.165726, 41.887824], [-72.16625, 41.889969], [-72.166512, 41.892797], [-72.166512, 41.896307], [-72.166381, 41.899038], [-72.166119, 41.900988], [-72.165726, 41.902158], [-72.165202, 41.902548], [-72.165202, 41.903133], [-72.165726, 41.903913], [-72.166774, 41.904888], [-72.168345, 41.906057], [-72.169524, 41.90713], [-72.17031, 41.908105], [-72.170702, 41.908982], [-72.170702, 41.909762], [-72.170833, 41.910444], [-72.171095, 41.911029], [-72.171488, 41.911517], [-72.172012, 41.911907], [-72.172405, 41.912589], [-72.172667, 41.913564], [-72.172798, 41.914831], [-72.172798, 41.916391], [-72.17306, 41.917658], [-72.173583, 41.918633], [-72.174369, 41.919315], [-72.175417, 41.919705], [-72.176595, 41.919802], [-72.177905, 41.919607], [-72.179346, 41.91912], [-72.180917, 41.91834], [-72.182357, 41.917755], [-72.183667, 41.917366], [-72.184846, 41.917171], [-72.185893, 41.917171], [-72.186941, 41.917366], [-72.187989, 41.917755], [-72.189036, 41.91834], [-72.190084, 41.91912], [-72.19087, 41.921362], [-72.191393, 41.925066], [-72.191655, 41.930231], [-72.191655, 41.936858], [-72.191524, 41.941925], [-72.191263, 41.945432], [-72.19087, 41.947381], [-72.190346, 41.947771], [-72.189953, 41.948647], [-72.189691, 41.950011], [-72.18956, 41.952447], [-72.18956, 41.957708]], "type": "LineString"}}, {"type": "Feature", "properties": {}, "geometry": {"coordinates": [[-73.400643, 41.864122], [-73.41243, 41.864122], [-73.41793, 41.864219], [-73.421073, 41.864415], [-73.42343, 41.864805], [-73.425787, 41.865683]], "type": "LineString"}}, {"type": "Feature", "properties": {}, "geometry": {"coordinates": [[-72.799292, 41.864122], [-72.799292, 41.865683]], "type": "LineString"}}, {"type": "Feature", "properties": {}, "geometry": {"coordinates": [[-72.474521, 41.864122], [-72.476616, 41.864122]], "type": "LineString"}}, {"type": "Feature", "properties": {}, "geometry": {"coordinates": [[-72.474521, 41.864122], [-72.473342, 41.865], [-72.472426, 41.86539], [-72.471378, 41.865585], [-72.470068, 41.865683], [-72.468497, 41.865683], [-72.467056, 41.865878], [-72.465747, 41.866268], [-72.464306, 41.867049], [-72.461949, 41.868804]], "type": "LineString"}}, {"type": "Feature", "properties": {}, "geometry": {"coordinates": [[-72.411662, 41.864122], [-72.413757, 41.864122]], "type": "LineString"}}, {"type": "Feature", "properties": {}, "geometry": {"coordinates": [[-72.411662, 41.864122], [-72.411662, 41.865683]], "type": "LineString"}}, {"type": "Feature", "properties": {}, "geometry": {"coordinates": [[-72.156035, 41.864122], [-72.156035, 41.865683]], "type": "LineString"}}, {"type": "Feature", "properties": {}, "geometry": {"coordinates": [[-72.15394, 41.864122], [-72.156035, 41.864122]], "type": "LineString"}}, {"type": "Feature", "properties": {}, "geometry": {"coordinates": [[-72.476616, 41.862561], [-72.476616, 41.864122]], "type": "LineString"}}, {"type": "Feature", "properties": {}, "geometry": {"coordinates": [[-72.411662, 41.864122], [-72.410483, 41.863244], [-72.408912, 41.862854], [-72.406555, 41.862659], [-72.403281, 41.862561], [-72.39909, 41.862561], [-72.395423, 41.862756], [-72.39228, 41.863146], [-72.389661, 41.863732], [-72.387566, 41.864512], [-72.385733, 41.865293], [-72.384161, 41.866073], [-72.382852, 41.866853], [-72.381804, 41.867634], [-72.380494, 41.868219], [-72.378923, 41.868609], [-72.377089, 41.868804], [-72.374994, 41.868804], [-72.373161, 41.869], [-72.371589, 41.86939], [-72.370018, 41.87017], [-72.367661, 41.871926]], "type": "LineString"}}, {"type": "Feature", "properties": {}, "geometry": {"coordinates": [[-72.151845, 41.862561], [-72.15394, 41.864122]], "type": "LineString"}}, {"type": "Feature", "properties": {}, "geometry": {"coordinates": [[-72.151845, 41.862561], [-72.148309, 41.865195], [-72.146606, 41.866366], [-72.145559, 41.866951], [-72.144642, 41.867244], [-72.143463, 41.867244]], "type": "LineString"}}, {"type": "Feature", "properties": {}, "geometry": {"coordinates": [[-73.461407, 41.861], [-73.461407, 41.862756], [-73.461538, 41.863634], [-73.4618, 41.864219], [-73.462193, 41.864707], [-73.462717, 41.865097], [-73.46311, 41.86578], [-73.463372, 41.866756], [-73.463502, 41.868414], [-73.463502, 41.871926]], "type": "LineString"}}, {"type": "Feature", "properties": {}, "geometry": {"coordinates": [[-72.432615, 41.861], [-72.443091, 41.868804]], "type": "LineString"}}, {"type": "Feature", "properties": {}, "geometry": {"coordinates": [[-72.432615, 41.861], [-72.4279, 41.861], [-72.425412, 41.861195], [-72.423579, 41.861585], [-72.421876, 41.862171], [-72.420305, 41.862951], [-72.418864, 41.863537], [-72.417555, 41.863927], [-72.416114, 41.864122], [-72.413757, 41.864122]], "type": "LineString"}}, {"type": "Feature", "properties": {}, "geometry": {"coordinates": [[-73.329403, 41.859439], [-73.329403, 41.863829], [-73.329272, 41.865975], [-73.32901, 41.867341], [-73.328618, 41.868414], [-73.328094, 41.869195], [-73.328487, 41.870073], [-73.329796, 41.871048], [-73.332808, 41.872414], [-73.33988, 41.875047]], "type": "LineString"}}, {"type": "Feature", "properties": {}, "geometry": {"coordinates": [[-72.476616, 41.859439], [-72.476616, 41.862561]], "type": "LineString"}}, {"type": "Feature", "properties": {}, "geometry": {"coordinates": [[-72.510141, 41.857878], [-72.500712, 41.862268], [-72.495605, 41.864219], [-72.491676, 41.865195], [-72.487878, 41.865683], [-72.484212, 41.865683], [-72.481331, 41.865585], [-72.479235, 41.86539], [-72.477795, 41.865], [-72.476616, 41.864122]], "type": "LineString"}}, {"type": "Feature", "properties": {}, "geometry": {"coordinates": [[-72.702909, 41.856317], [-72.70998, 41.861585], [-72.713123, 41.864024], [-72.714695, 41.86539], [-72.71548, 41.866268], [-72.71548, 41.866658], [-72.715873, 41.867341], [-72.716659, 41.868317], [-72.71823, 41.869975], [-72.721766, 41.873487]], "type": "LineString"}}, {"type": "Feature", "properties": {}, "geometry": {"coordinates": [[-72.702909, 41.856317], [-72.70173, 41.856317], [-72.700682, 41.85661], [-72.699373, 41.857195], [-72.69767, 41.858073], [-72.695575, 41.859244], [-72.693611, 41.860122], [-72.691777, 41.860707], [-72.690075, 41.861], [-72.688503, 41.861], [-72.687063, 41.861098], [-72.685753, 41.861293], [-72.684575, 41.861585], [-72.683527, 41.861976], [-72.682087, 41.862756], [-72.680253, 41.863927], [-72.677372, 41.865975], [-72.671479, 41.870365]], "type": "LineString"}}, {"type": "Feature", "properties": {}, "geometry": {"coordinates": [[-72.648431, 41.856317], [-72.649609, 41.857195], [-72.650264, 41.857976], [-72.650788, 41.858951], [-72.651312, 41.86022], [-72.651836, 41.861781], [-72.65249, 41.863146], [-72.653276, 41.864317], [-72.654193, 41.865293], [-72.655241, 41.866073], [-72.65655, 41.866756], [-72.658122, 41.867341], [-72.659955, 41.867829], [-72.66205, 41.868219], [-72.663884, 41.868707], [-72.665455, 41.869292], [-72.667027, 41.87017], [-72.669384, 41.871926]], "type": "LineString"}}, {"type": "Feature", "properties": {}, "geometry": {"coordinates": [[-72.646335, 41.856317], [-72.648431, 41.856317]], "type": "LineString"}}, {"type": "Feature", "properties": {}, "geometry": {"coordinates": [[-71.952791, 41.856317], [-71.954886, 41.857878]], "type": "LineString"}}, {"type": "Feature", "properties": {}, "geometry": {"coordinates": [[-72.705004, 41.853195], [-72.702909, 41.856317]], "type": "LineString"}}, {"type": "Feature", "properties": {}, "geometry": {"coordinates": [[-72.948059, 41.851633], [-72.952773, 41.856024], [-72.954737, 41.858073], [-72.955523, 41.859244], [-72.955654, 41.860024], [-72.95513, 41.860415], [-72.954737, 41.860902], [-72.954476, 41.861488], [-72.954345, 41.862171], [-72.954345, 41.862951], [-72.954476, 41.863634], [-72.954737, 41.864219], [-72.955261, 41.864805], [-72.95644, 41.865683]], "type": "LineString"}}, {"type": "Feature", "properties": {}, "geometry": {"coordinates": [[-72.705004, 41.851633], [-72.707099, 41.851633]], "type": "LineString"}}, {"type": "Feature", "properties": {}, "geometry": {"coordinates": [[-72.705004, 41.851633], [-72.705004, 41.853195]], "type": "LineString"}}, {"type": "Feature", "properties": {}, "geometry": {"coordinates": [[-73.327308, 41.850072], [-73.326129, 41.85095], [-73.325606, 41.851536], [-73.325344, 41.852121], [-73.325213, 41.852999], [-73.325213, 41.854756]], "type": "LineString"}}, {"type": "Feature", "properties": {}, "geometry": {"coordinates": [[-73.327308, 41.848511], [-73.329403, 41.848511]], "type": "LineString"}}, {"type": "Feature", "properties": {}, "geometry": {"coordinates": [[-73.327308, 41.848511], [-73.327308, 41.850072]], "type": "LineString"}}, {"type": "Feature", "properties": {}, "geometry": {"coordinates": [[-72.811864, 41.848511], [-72.810686, 41.850267], [-72.810162, 41.851438], [-72.8099, 41.852609], [-72.809769, 41.853975], [-72.809769, 41.855536], [-72.809245, 41.857195], [-72.808197, 41.858951], [-72.806102, 41.861293], [-72.801388, 41.865683]], "type": "LineString"}}, {"type": "Feature", "properties": {}, "geometry": {"coordinates": [[-72.799292, 41.848511], [-72.798114, 41.849389], [-72.79759, 41.850267], [-72.797328, 41.851438], [-72.797197, 41.852999], [-72.797197, 41.854951], [-72.797066, 41.856512], [-72.796804, 41.857683], [-72.796411, 41.858463], [-72.795888, 41.858854], [-72.795495, 41.859244], [-72.795233, 41.859634], [-72.795102, 41.860024], [-72.795102, 41.860415], [-72.795364, 41.860902], [-72.795888, 41.861488], [-72.796935, 41.862366], [-72.799292, 41.864122]], "type": "LineString"}}, {"type": "Feature", "properties": {}, "geometry": {"coordinates": [[-73.310546, 41.84695], [-73.310546, 41.848511]], "type": "LineString"}}, {"type": "Feature", "properties": {}, "geometry": {"coordinates": [[-73.096825, 41.84695], [-73.094468, 41.853975], [-73.093158, 41.857293], [-73.092111, 41.859244], [-73.091063, 41.86061], [-73.090015, 41.86139], [-73.088968, 41.862463], [-73.08792, 41.863829], [-73.086872, 41.865488], [-73.085825, 41.867439], [-73.084777, 41.869097], [-73.083729, 41.870463], [-73.082682, 41.871536], [-73.081634, 41.872316], [-73.080717, 41.873389], [-73.079932, 41.874755], [-73.079277, 41.876413], [-73.078753, 41.878364], [-73.078098, 41.880119], [-73.077313, 41.88168], [-73.076396, 41.883045], [-73.075348, 41.884215], [-73.074562, 41.885971], [-73.074039, 41.888311], [-73.073777, 41.892115], [-73.073777, 41.900013]], "type": "LineString"}}, {"type": "Feature", "properties": {}, "geometry": {"coordinates": [[-72.811864, 41.84695], [-72.811864, 41.848511]], "type": "LineString"}}, {"type": "Feature", "properties": {}, "geometry": {"coordinates": [[-72.809769, 41.84695], [-72.811864, 41.84695]], "type": "LineString"}}, {"type": "Feature", "properties": {}, "geometry": {"coordinates": [[-72.809769, 41.84695], [-72.80859, 41.847828], [-72.807543, 41.848218], [-72.806233, 41.848413], [-72.804007, 41.848511], [-72.799292, 41.848511]], "type": "LineString"}}, {"type": "Feature", "properties": {}, "geometry": {"coordinates": [[-71.820787, 41.84695], [-71.81843, 41.847828], [-71.817251, 41.848413], [-71.816466, 41.848999], [-71.815811, 41.849682], [-71.815287, 41.850463], [-71.814894, 41.851536], [-71.814632, 41.852902], [-71.814501, 41.854561], [-71.814501, 41.856512], [-71.814763, 41.858268], [-71.815287, 41.859829], [-71.816073, 41.861195], [-71.817121, 41.862366], [-71.817775, 41.863341], [-71.818037, 41.864122], [-71.817906, 41.864707], [-71.817382, 41.865097], [-71.81699, 41.865585], [-71.816728, 41.866171], [-71.816597, 41.867049], [-71.816597, 41.868804]], "type": "LineString"}}, {"type": "Feature", "properties": {}, "geometry": {"coordinates": [[-73.327308, 41.848511], [-73.324951, 41.846754], [-73.323248, 41.845974], [-73.321415, 41.845583], [-73.319189, 41.845388], [-73.31657, 41.845388], [-73.314474, 41.845486], [-73.312903, 41.845681], [-73.311724, 41.846071], [-73.310546, 41.84695]], "type": "LineString"}}, {"type": "Feature", "properties": {}, "geometry": {"coordinates": [[-72.650526, 41.845388], [-72.651705, 41.846267], [-72.652229, 41.84695], [-72.65249, 41.84773], [-72.652621, 41.848706], [-72.652621, 41.849877], [-72.652359, 41.851048], [-72.651836, 41.852219], [-72.650788, 41.853683], [-72.648431, 41.856317]], "type": "LineString"}}, {"type": "Feature", "properties": {}, "geometry": {"coordinates": [[-72.424234, 41.851633], [-72.420698, 41.848121], [-72.418734, 41.846559], [-72.417162, 41.845779], [-72.415591, 41.845388], [-72.414019, 41.845388], [-72.41271, 41.845486], [-72.411662, 41.845681], [-72.410876, 41.845974], [-72.410352, 41.846364], [-72.409959, 41.846852], [-72.409698, 41.847438], [-72.409567, 41.848316], [-72.409567, 41.850072]], "type": "LineString"}}, {"type": "Feature", "properties": {}, "geometry": {"coordinates": [[-71.904599, 41.845388], [-71.906957, 41.847145], [-71.908921, 41.847925], [-71.911278, 41.848316], [-71.91429, 41.848511], [-71.917957, 41.848511], [-71.920838, 41.848413], [-71.922933, 41.848218], [-71.924243, 41.847925], [-71.924767, 41.847535], [-71.925552, 41.847242], [-71.9266, 41.847047], [-71.92791, 41.84695], [-71.929481, 41.84695], [-71.931183, 41.847145], [-71.933017, 41.847535], [-71.934981, 41.848121], [-71.937076, 41.848901], [-71.93891, 41.849682], [-71.940481, 41.850463], [-71.941791, 41.851243], [-71.942839, 41.852024], [-71.943886, 41.852609], [-71.944934, 41.852999], [-71.945981, 41.853195], [-71.947029, 41.853195], [-71.948077, 41.85339], [-71.949124, 41.85378], [-71.950434, 41.854561], [-71.952791, 41.856317]], "type": "LineString"}}, {"type": "Feature", "properties": {}, "geometry": {"coordinates": [[-71.889932, 41.845388], [-71.891111, 41.846267], [-71.892289, 41.846657], [-71.893861, 41.846852], [-71.895956, 41.84695], [-71.898575, 41.84695], [-71.900671, 41.846852], [-71.902242, 41.846657], [-71.903421, 41.846267], [-71.904599, 41.845388]], "type": "LineString"}}, {"type": "Feature", "properties": {}, "geometry": {"coordinates": [[-73.436264, 41.843827], [-73.438621, 41.844705], [-73.439668, 41.845388], [-73.440192, 41.846169], [-73.440454, 41.847145], [-73.440454, 41.848316], [-73.440585, 41.849389], [-73.440847, 41.850365], [-73.44124, 41.851243], [-73.441764, 41.852024], [-73.442942, 41.852902], [-73.444776, 41.853878], [-73.44805, 41.855244], [-73.455121, 41.857878]], "type": "LineString"}}, {"type": "Feature", "properties": {}, "geometry": {"coordinates": [[-72.822341, 41.843827], [-72.821162, 41.844705], [-72.820245, 41.845096], [-72.819198, 41.845291], [-72.817888, 41.845388], [-72.816317, 41.845388], [-72.815007, 41.845486], [-72.813959, 41.845681], [-72.813043, 41.846071], [-72.811864, 41.84695]], "type": "LineString"}}, {"type": "Feature", "properties": {}, "geometry": {"coordinates": [[-72.635859, 41.843827], [-72.642931, 41.843827], [-72.646205, 41.843925], [-72.648038, 41.84412], [-72.649347, 41.84451], [-72.650526, 41.845388]], "type": "LineString"}}, {"type": "Feature", "properties": {}, "geometry": {"coordinates": [[-72.549952, 41.843827], [-72.549952, 41.845388]], "type": "LineString"}}, {"type": "Feature", "properties": {}, "geometry": {"coordinates": [[-72.547856, 41.843827], [-72.549952, 41.843827]], "type": "LineString"}}, {"type": "Feature", "properties": {}, "geometry": {"coordinates": [[-72.545761, 41.843827], [-72.547856, 41.843827]], "type": "LineString"}}, {"type": "Feature", "properties": {}, "geometry": {"coordinates": [[-72.457758, 41.843827], [-72.45658, 41.843827], [-72.455663, 41.84412], [-72.454616, 41.844705], [-72.453306, 41.845583], [-72.451735, 41.846754], [-72.450425, 41.847828], [-72.449377, 41.848804], [-72.448592, 41.849682], [-72.448068, 41.850463], [-72.447282, 41.851146], [-72.446234, 41.851731], [-72.444925, 41.852219], [-72.443353, 41.852609], [-72.441651, 41.85339], [-72.439817, 41.854561], [-72.437329, 41.85661], [-72.432615, 41.861]], "type": "LineString"}}, {"type": "Feature", "properties": {}, "geometry": {"coordinates": [[-71.875265, 41.843827], [-71.881158, 41.844705], [-71.883908, 41.845193], [-71.88548, 41.845583], [-71.886527, 41.845974], [-71.887051, 41.846364], [-71.887575, 41.846559], [-71.888099, 41.846559], [-71.888754, 41.846267], [-71.889932, 41.845388]], "type": "LineString"}}, {"type": "Feature", "properties": {}, "geometry": {"coordinates": [[-71.875265, 41.843827], [-71.874086, 41.844705], [-71.873563, 41.845681], [-71.873301, 41.847047], [-71.87317, 41.848901], [-71.87317, 41.851243], [-71.873301, 41.853097], [-71.873563, 41.854463], [-71.873956, 41.855341], [-71.874479, 41.855731], [-71.874872, 41.856317], [-71.875134, 41.857097], [-71.875265, 41.858073], [-71.875265, 41.859244], [-71.875527, 41.860512], [-71.876051, 41.861878], [-71.877098, 41.863732], [-71.879456, 41.867244]], "type": "LineString"}}, {"type": "Feature", "properties": {}, "geometry": {"coordinates": [[-72.552047, 41.842266], [-72.554142, 41.842266]], "type": "LineString"}}, {"type": "Feature", "properties": {}, "geometry": {"coordinates": [[-72.552047, 41.842266], [-72.549952, 41.843827]], "type": "LineString"}}, {"type": "Feature", "properties": {}, "geometry": {"coordinates": [[-72.552047, 41.840704], [-72.552047, 41.842266]], "type": "LineString"}}, {"type": "Feature", "properties": {}, "geometry": {"coordinates": [[-71.902504, 41.840704], [-71.902504, 41.842461], [-71.902635, 41.843339], [-71.902897, 41.843925], [-71.903421, 41.84451], [-71.904599, 41.845388]], "type": "LineString"}}, {"type": "Feature", "properties": {}, "geometry": {"coordinates": [[-71.871074, 41.840704], [-71.875265, 41.843827]], "type": "LineString"}}, {"type": "Feature", "properties": {}, "geometry": {"coordinates": [[-72.654717, 41.839143], [-72.656812, 41.839143]], "type": "LineString"}}, {"type": "Feature", "properties": {}, "geometry": {"coordinates": [[-72.654717, 41.839143], [-72.650526, 41.845388]], "type": "LineString"}}, {"type": "Feature", "properties": {}, "geometry": {"coordinates": [[-71.871074, 41.840704], [-71.869896, 41.839826], [-71.868848, 41.839435], [-71.867539, 41.83924], [-71.865836, 41.839143], [-71.863741, 41.839143], [-71.862039, 41.83924], [-71.860729, 41.839435], [-71.859812, 41.839728], [-71.859288, 41.840118], [-71.857979, 41.840411], [-71.855884, 41.840606], [-71.853003, 41.840704], [-71.849336, 41.840704], [-71.846455, 41.840802], [-71.844359, 41.840997], [-71.84305, 41.84129], [-71.842526, 41.84168], [-71.841871, 41.841973], [-71.841086, 41.842168], [-71.840169, 41.842266], [-71.839121, 41.842266], [-71.837812, 41.842461], [-71.83624, 41.842851], [-71.833883, 41.843632], [-71.829168, 41.845388]], "type": "LineString"}}, {"type": "Feature", "properties": {}, "geometry": {"coordinates": [[-73.27283, 41.837581], [-73.274009, 41.840216], [-73.274795, 41.841582], [-73.27558, 41.842558], [-73.276497, 41.843437], [-73.277545, 41.844217], [-73.278723, 41.844803], [-73.280033, 41.845193], [-73.281473, 41.845388], [-73.283045, 41.845388], [-73.284354, 41.845291], [-73.285402, 41.845096], [-73.286188, 41.844803], [-73.286712, 41.844412], [-73.288152, 41.84412], [-73.290509, 41.843925], [-73.293783, 41.843827], [-73.297974, 41.843827], [-73.30151, 41.844022], [-73.304391, 41.844412], [-73.30701, 41.845193], [-73.310546, 41.84695]], "type": "LineString"}}, {"type": "Feature", "properties": {}, "geometry": {"coordinates": [[-72.654717, 41.837581], [-72.654717, 41.839143]], "type": "LineString"}}, {"type": "Feature", "properties": {}, "geometry": {"coordinates": [[-72.671479, 41.836019], [-72.673574, 41.836019]], "type": "LineString"}}, {"type": "Feature", "properties": {}, "geometry": {"coordinates": [[-72.671479, 41.836019], [-72.6703, 41.836898], [-72.669253, 41.837288], [-72.667943, 41.837483], [-72.666241, 41.837581], [-72.664146, 41.837581], [-72.662312, 41.837679], [-72.660741, 41.837874], [-72.659169, 41.838264], [-72.656812, 41.839143]], "type": "LineString"}}, {"type": "Feature", "properties": {}, "geometry": {"coordinates": [[-73.230924, 41.834458], [-73.230924, 41.83885], [-73.231448, 41.841192], [-73.232496, 41.842949], [-73.234067, 41.844608], [-73.236162, 41.846169], [-73.237734, 41.847535], [-73.238782, 41.848706], [-73.239305, 41.849682], [-73.239305, 41.850463], [-73.239567, 41.851243], [-73.240091, 41.852024], [-73.240877, 41.852804], [-73.241925, 41.853585], [-73.242579, 41.854366], [-73.242841, 41.855146], [-73.242579, 41.856122], [-73.241401, 41.857878]], "type": "LineString"}}, {"type": "Feature", "properties": {}, "geometry": {"coordinates": [[-72.929201, 41.834458], [-72.929201, 41.837093], [-72.929856, 41.838655], [-72.931165, 41.840021], [-72.933784, 41.841875], [-72.939677, 41.845388]], "type": "LineString"}}, {"type": "Feature", "properties": {}, "geometry": {"coordinates": [[-72.742719, 41.834458], [-72.741541, 41.835336], [-72.741148, 41.836215], [-72.741148, 41.837386], [-72.74141, 41.838947], [-72.741934, 41.840899], [-72.74285, 41.842851], [-72.74416, 41.844803], [-72.745862, 41.846754], [-72.747958, 41.848706], [-72.749529, 41.850267], [-72.750577, 41.851438], [-72.7511, 41.852219], [-72.7511, 41.852609], [-72.751624, 41.853292], [-72.752672, 41.854268], [-72.754243, 41.855536], [-72.756339, 41.857097], [-72.75791, 41.858463], [-72.758958, 41.859634], [-72.759482, 41.860805], [-72.759482, 41.862561]], "type": "LineString"}}, {"type": "Feature", "properties": {}, "geometry": {"coordinates": [[-72.694527, 41.834458], [-72.696885, 41.836215], [-72.697932, 41.837191], [-72.698456, 41.837971], [-72.698718, 41.838752], [-72.698718, 41.839533], [-72.698849, 41.840216], [-72.699111, 41.840802], [-72.699504, 41.84129], [-72.700028, 41.84168], [-72.70042, 41.842363], [-72.700682, 41.843339], [-72.700813, 41.844608], [-72.700813, 41.846169], [-72.701075, 41.847535], [-72.701599, 41.848706], [-72.702647, 41.849877], [-72.705004, 41.851633]], "type": "LineString"}}, {"type": "Feature", "properties": {}, "geometry": {"coordinates": [[-72.694527, 41.834458], [-72.69217, 41.835336], [-72.690861, 41.835922], [-72.689813, 41.836507], [-72.688765, 41.837191], [-72.687718, 41.837971], [-72.686932, 41.838655], [-72.686408, 41.83924], [-72.686146, 41.839826], [-72.686146, 41.840704]], "type": "LineString"}}, {"type": "Feature", "properties": {}, "geometry": {"coordinates": [[-72.671479, 41.834458], [-72.671479, 41.836019]], "type": "LineString"}}, {"type": "Feature", "properties": {}, "geometry": {"coordinates": [[-71.87317, 41.834458], [-71.87317, 41.837093], [-71.873039, 41.838362], [-71.872777, 41.839143], [-71.872253, 41.839826], [-71.871074, 41.840704]], "type": "LineString"}}, {"type": "Feature", "properties": {}, "geometry": {"coordinates": [[-73.230924, 41.832896], [-73.230924, 41.834458]], "type": "LineString"}}, {"type": "Feature", "properties": {}, "geometry": {"coordinates": [[-73.228829, 41.832896], [-73.230924, 41.832896]], "type": "LineString"}}, {"type": "Feature", "properties": {}, "geometry": {"coordinates": [[-72.92501, 41.832896], [-72.929201, 41.834458]], "type": "LineString"}}, {"type": "Feature", "properties": {}, "geometry": {"coordinates": [[-72.696623, 41.832896], [-72.694527, 41.834458]], "type": "LineString"}}, {"type": "Feature", "properties": {}, "geometry": {"coordinates": [[-72.937582, 41.831335], [-72.929201, 41.834458]], "type": "LineString"}}, {"type": "Feature", "properties": {}, "geometry": {"coordinates": [[-72.769958, 41.831335], [-72.772315, 41.83397], [-72.773887, 41.835239], [-72.775458, 41.836019], [-72.777292, 41.836605], [-72.779387, 41.836995], [-72.782006, 41.837971], [-72.785149, 41.839533], [-72.789864, 41.842363], [-72.799292, 41.848511]], "type": "LineString"}}, {"type": "Feature", "properties": {}, "geometry": {"coordinates": [[-72.767863, 41.831335], [-72.769958, 41.831335]], "type": "LineString"}}, {"type": "Feature", "properties": {}, "geometry": {"coordinates": [[-72.767863, 41.831335], [-72.766684, 41.832213], [-72.765113, 41.832506], [-72.762756, 41.832506], [-72.759482, 41.832311], [-72.755291, 41.83192], [-72.751886, 41.831823], [-72.749267, 41.832018], [-72.747434, 41.832506], [-72.746386, 41.833287], [-72.745469, 41.833872], [-72.744684, 41.834263], [-72.743898, 41.834458], [-72.742719, 41.834458]], "type": "LineString"}}, {"type": "Feature", "properties": {}, "geometry": {"coordinates": [[-72.767863, 41.829773], [-72.767863, 41.831335]], "type": "LineString"}}, {"type": "Feature", "properties": {}, "geometry": {"coordinates": [[-72.730147, 41.829773], [-72.720719, 41.837679], [-72.716528, 41.841485], [-72.714433, 41.843827], [-72.713385, 41.845583], [-72.713385, 41.846754], [-72.713123, 41.847828], [-72.712599, 41.848804], [-72.711814, 41.849682], [-72.710766, 41.850463], [-72.709849, 41.851048], [-72.709064, 41.851438], [-72.708278, 41.851633], [-72.707099, 41.851633]], "type": "LineString"}}, {"type": "Feature", "properties": {}, "geometry": {"coordinates": [[-72.554142, 41.829773], [-72.554142, 41.833287], [-72.554011, 41.834946], [-72.553749, 41.835922], [-72.553357, 41.836605], [-72.552833, 41.836995], [-72.55244, 41.837483], [-72.552178, 41.838069], [-72.552047, 41.838947], [-72.552047, 41.840704]], "type": "LineString"}}, {"type": "Feature", "properties": {}, "geometry": {"coordinates": [[-72.445187, 41.829773], [-72.448723, 41.832408], [-72.450556, 41.833579], [-72.451865, 41.834165], [-72.453306, 41.834458], [-72.455663, 41.834458]], "type": "LineString"}}, {"type": "Feature", "properties": {}, "geometry": {"coordinates": [[-72.095272, 41.829773], [-72.097629, 41.832408], [-72.098676, 41.833775], [-72.0992, 41.834751], [-72.099462, 41.835629], [-72.099462, 41.83641], [-72.099724, 41.837191], [-72.100248, 41.837971], [-72.101034, 41.838752], [-72.102081, 41.839533], [-72.102867, 41.840314], [-72.103391, 41.841094], [-72.103653, 41.841875], [-72.103653, 41.842656], [-72.103915, 41.843437], [-72.104439, 41.844217], [-72.105224, 41.844998], [-72.106272, 41.845779], [-72.107058, 41.846559], [-72.107581, 41.84734], [-72.107843, 41.848121], [-72.107843, 41.848901], [-72.108105, 41.849877], [-72.108629, 41.851048], [-72.109415, 41.852414], [-72.110463, 41.853975], [-72.112165, 41.855146], [-72.114522, 41.855927], [-72.117534, 41.856317], [-72.121201, 41.856317], [-72.124082, 41.856414], [-72.126177, 41.85661], [-72.127487, 41.856902], [-72.128011, 41.857293], [-72.129058, 41.857585], [-72.13063, 41.85778], [-72.132725, 41.857878], [-72.135344, 41.857878], [-72.13744, 41.85778], [-72.139011, 41.857585], [-72.140059, 41.857293], [-72.140582, 41.856902], [-72.14163, 41.857], [-72.143202, 41.857585], [-72.145952, 41.859049], [-72.151845, 41.862561]], "type": "LineString"}}, {"type": "Feature", "properties": {}, "geometry": {"coordinates": [[-72.093176, 41.829773], [-72.095272, 41.829773]], "type": "LineString"}}, {"type": "Feature", "properties": {}, "geometry": {"coordinates": [[-72.734338, 41.828211], [-72.736695, 41.82909], [-72.738005, 41.829773], [-72.739053, 41.830554], [-72.740362, 41.831823], [-72.742719, 41.834458]], "type": "LineString"}}, {"type": "Feature", "properties": {}, "geometry": {"coordinates": [[-72.732243, 41.828211], [-72.734338, 41.828211]], "type": "LineString"}}, {"type": "Feature", "properties": {}, "geometry": {"coordinates": [[-72.730147, 41.828211], [-72.732243, 41.828211]], "type": "LineString"}}, {"type": "Feature", "properties": {}, "geometry": {"coordinates": [[-72.730147, 41.828211], [-72.730147, 41.829773]], "type": "LineString"}}, {"type": "Feature", "properties": {}, "geometry": {"coordinates": [[-72.445187, 41.828211], [-72.445187, 41.829773]], "type": "LineString"}}, {"type": "Feature", "properties": {}, "geometry": {"coordinates": [[-73.002536, 41.826649], [-73.004894, 41.828406], [-73.006072, 41.829187], [-73.006858, 41.829578], [-73.007644, 41.829773], [-73.008822, 41.829773]], "type": "LineString"}}, {"type": "Feature", "properties": {}, "geometry": {"coordinates": [[-73.002536, 41.826649], [-73.000179, 41.828406], [-72.998608, 41.829187], [-72.997036, 41.829578], [-72.994679, 41.829773], [-72.989965, 41.829773]], "type": "LineString"}}, {"type": "Feature", "properties": {}, "geometry": {"coordinates": [[-72.734338, 41.826649], [-72.734338, 41.828211]], "type": "LineString"}}, {"type": "Feature", "properties": {}, "geometry": {"coordinates": [[-73.295878, 41.825087], [-73.297057, 41.825966], [-73.297581, 41.826552], [-73.297843, 41.827137], [-73.297974, 41.827821], [-73.297974, 41.828601], [-73.297843, 41.829285], [-73.297581, 41.82987], [-73.297188, 41.830358], [-73.296664, 41.830749], [-73.295878, 41.831139], [-73.294831, 41.83153], [-73.293521, 41.83192], [-73.29195, 41.832311], [-73.290509, 41.832799], [-73.2892, 41.833384], [-73.288021, 41.834067], [-73.286973, 41.834848], [-73.285533, 41.835434], [-73.2837, 41.835824], [-73.281473, 41.836019], [-73.278854, 41.836019], [-73.276759, 41.836117], [-73.275187, 41.836312], [-73.274009, 41.836703], [-73.27283, 41.837581]], "type": "LineString"}}, {"type": "Feature", "properties": {}, "geometry": {"coordinates": [[-73.27283, 41.837581], [-73.270473, 41.836703], [-73.26864, 41.835629], [-73.266544, 41.834067], [-73.263925, 41.83192], [-73.260782, 41.829187], [-73.257901, 41.82743], [-73.255282, 41.826649], [-73.252925, 41.826844], [-73.25083, 41.828016], [-73.248996, 41.828894], [-73.247425, 41.82948], [-73.246115, 41.829773], [-73.245067, 41.829773], [-73.244151, 41.82987], [-73.243365, 41.830066], [-73.24271, 41.830358], [-73.242186, 41.830749], [-73.24127, 41.831042], [-73.23996, 41.831237], [-73.238258, 41.831335], [-73.236162, 41.831335], [-73.23446, 41.831432], [-73.23315, 41.831627], [-73.232103, 41.832018], [-73.230924, 41.832896]], "type": "LineString"}}, {"type": "Feature", "properties": {}, "geometry": {"coordinates": [[-73.157589, 41.825087], [-73.157589, 41.826649]], "type": "LineString"}}, {"type": "Feature", "properties": {}, "geometry": {"coordinates": [[-73.077967, 41.825087], [-73.077967, 41.831237], [-73.077836, 41.834067], [-73.077574, 41.835629], [-73.077051, 41.836703], [-73.075872, 41.837581]], "type": "LineString"}}, {"type": "Feature", "properties": {}, "geometry": {"coordinates": [[-72.975298, 41.825087], [-72.975298, 41.826844], [-72.97556, 41.827821], [-72.976083, 41.828601], [-72.976869, 41.829382], [-72.977917, 41.830163], [-72.978833, 41.830749], [-72.979619, 41.831139], [-72.980405, 41.831335], [-72.981583, 41.831335]], "type": "LineString"}}, {"type": "Feature", "properties": {}, "geometry": {"coordinates": [[-72.694527, 41.825087], [-72.694527, 41.828601], [-72.694658, 41.830261], [-72.69492, 41.831237], [-72.695444, 41.832018], [-72.696623, 41.832896]], "type": "LineString"}}, {"type": "Feature", "properties": {}, "geometry": {"coordinates": [[-72.596048, 41.832896], [-72.593691, 41.831139], [-72.591858, 41.830066], [-72.589762, 41.82909], [-72.587143, 41.828016], [-72.584, 41.826844], [-72.581512, 41.826064], [-72.579679, 41.825673], [-72.5785, 41.825673], [-72.577976, 41.826064], [-72.576405, 41.826356], [-72.573786, 41.826552], [-72.570119, 41.826649], [-72.565405, 41.826649], [-72.561607, 41.826844], [-72.558726, 41.827235], [-72.5565, 41.828016], [-72.554142, 41.829773]], "type": "LineString"}}, {"type": "Feature", "properties": {}, "geometry": {"coordinates": [[-73.419501, 41.823526], [-73.423037, 41.826161], [-73.424739, 41.827528], [-73.425787, 41.828504], [-73.426573, 41.829382], [-73.427097, 41.830163], [-73.42749, 41.831042], [-73.427751, 41.832018], [-73.427882, 41.833091], [-73.427882, 41.834263], [-73.428275, 41.835434], [-73.429061, 41.836605], [-73.430632, 41.838069], [-73.434168, 41.840704]], "type": "LineString"}}, {"type": "Feature", "properties": {}, "geometry": {"coordinates": [[-73.419501, 41.823526], [-73.418323, 41.824404], [-73.417144, 41.824795], [-73.415573, 41.82499], [-73.412822, 41.825087], [-73.406929, 41.825087]], "type": "LineString"}}, {"type": "Feature", "properties": {}, "geometry": {"coordinates": [[-73.163875, 41.823526], [-73.161517, 41.823526], [-73.160339, 41.823623], [-73.159553, 41.823818], [-73.158767, 41.824209], [-73.157589, 41.825087]], "type": "LineString"}}, {"type": "Feature", "properties": {}, "geometry": {"coordinates": [[-73.147112, 41.823526], [-73.147112, 41.825283], [-73.147243, 41.826161], [-73.147505, 41.826747], [-73.147898, 41.827235], [-73.148422, 41.827625], [-73.148815, 41.828797], [-73.149077, 41.830749], [-73.149207, 41.833482], [-73.149207, 41.836995], [-73.1496, 41.840021], [-73.150386, 41.842558], [-73.151565, 41.844608], [-73.153136, 41.846169], [-73.154315, 41.847438], [-73.155101, 41.848413], [-73.155493, 41.849194], [-73.155493, 41.850072]], "type": "LineString"}}, {"type": "Feature", "properties": {}, "geometry": {"coordinates": [[-73.077967, 41.823526], [-73.080063, 41.823526]], "type": "LineString"}}, {"type": "Feature", "properties": {}, "geometry": {"coordinates": [[-73.077967, 41.823526], [-73.077967, 41.825087]], "type": "LineString"}}, {"type": "Feature", "properties": {}, "geometry": {"coordinates": [[-72.975298, 41.823526], [-72.975298, 41.825087]], "type": "LineString"}}, {"type": "Feature", "properties": {}, "geometry": {"coordinates": [[-72.973202, 41.823526], [-72.975298, 41.823526]], "type": "LineString"}}, {"type": "Feature", "properties": {}, "geometry": {"coordinates": [[-72.71548, 41.823526], [-72.716659, 41.824404], [-72.717838, 41.824892], [-72.719409, 41.825283], [-72.721504, 41.825673], [-72.724124, 41.826064], [-72.726219, 41.826454], [-72.72779, 41.826844], [-72.728969, 41.827333], [-72.730147, 41.828211]], "type": "LineString"}}, {"type": "Feature", "properties": {}, "geometry": {"coordinates": [[-72.713385, 41.823526], [-72.71548, 41.823526]], "type": "LineString"}}, {"type": "Feature", "properties": {}, "geometry": {"coordinates": [[-72.713385, 41.823526], [-72.709849, 41.824404], [-72.708147, 41.824892], [-72.707099, 41.825283], [-72.706313, 41.825673], [-72.70579, 41.826064], [-72.705397, 41.826552], [-72.705135, 41.827137], [-72.705004, 41.827821], [-72.705004, 41.828601], [-72.70448, 41.829382], [-72.703432, 41.830163], [-72.701337, 41.831139], [-72.696623, 41.832896]], "type": "LineString"}}, {"type": "Feature", "properties": {}, "geometry": {"coordinates": [[-72.652621, 41.823526], [-72.6538, 41.824404], [-72.654193, 41.824892], [-72.654193, 41.825283], [-72.653931, 41.825673], [-72.653407, 41.826064], [-72.653014, 41.826942], [-72.652752, 41.828309], [-72.652621, 41.830163], [-72.652621, 41.832506], [-72.652752, 41.83436], [-72.653014, 41.835727], [-72.653538, 41.836703], [-72.654717, 41.837581]], "type": "LineString"}}, {"type": "Feature", "properties": {}, "geometry": {"coordinates": [[-73.157589, 41.825087], [-73.152874, 41.82333], [-73.150648, 41.822647], [-73.149338, 41.822452], [-73.148291, 41.822647], [-73.147112, 41.823526]], "type": "LineString"}}, {"type": "Feature", "properties": {}, "geometry": {"coordinates": [[-73.052824, 41.821964], [-73.065788, 41.821964], [-73.071681, 41.822061], [-73.074824, 41.822256], [-73.076789, 41.822647], [-73.077967, 41.823526]], "type": "LineString"}}, {"type": "Feature", "properties": {}, "geometry": {"coordinates": [[-72.977393, 41.821964], [-72.979488, 41.821964]], "type": "LineString"}}, {"type": "Feature", "properties": {}, "geometry": {"coordinates": [[-72.977393, 41.821964], [-72.975298, 41.823526]], "type": "LineString"}}, {"type": "Feature", "properties": {}, "geometry": {"coordinates": [[-72.71548, 41.821964], [-72.71548, 41.823526]], "type": "LineString"}}, {"type": "Feature", "properties": {}, "geometry": {"coordinates": [[-73.371309, 41.820402], [-73.372488, 41.82128], [-73.373928, 41.821671], [-73.376024, 41.821866], [-73.378905, 41.821964], [-73.382572, 41.821964], [-73.385453, 41.822061], [-73.387548, 41.822256], [-73.388857, 41.822549], [-73.389381, 41.82294], [-73.390429, 41.823233], [-73.392, 41.823428], [-73.39475, 41.823526], [-73.400643, 41.823526]], "type": "LineString"}}, {"type": "Feature", "properties": {}, "geometry": {"coordinates": [[-72.977393, 41.820402], [-72.977393, 41.821964]], "type": "LineString"}}, {"type": "Feature", "properties": {}, "geometry": {"coordinates": [[-72.973202, 41.823526], [-72.968488, 41.821768], [-72.965869, 41.820987], [-72.963773, 41.820597], [-72.961678, 41.820402], [-72.959583, 41.820402], [-72.95788, 41.820499], [-72.956571, 41.820695], [-72.955654, 41.820987], [-72.95513, 41.821378], [-72.954476, 41.821671], [-72.95369, 41.821866], [-72.952773, 41.821964], [-72.951725, 41.821964], [-72.950416, 41.822354], [-72.948844, 41.823135], [-72.947011, 41.824306], [-72.944916, 41.825868], [-72.943344, 41.827137], [-72.942297, 41.828113], [-72.941773, 41.828894], [-72.941773, 41.829773]], "type": "LineString"}}, {"type": "Feature", "properties": {}, "geometry": {"coordinates": [[-72.765768, 41.820402], [-72.767863, 41.829773]], "type": "LineString"}}, {"type": "Feature", "properties": {}, "geometry": {"coordinates": [[-72.665193, 41.820402], [-72.66755, 41.82128], [-72.668729, 41.822452], [-72.669515, 41.824209], [-72.6703, 41.82743], [-72.671479, 41.834458]], "type": "LineString"}}, {"type": "Feature", "properties": {}, "geometry": {"coordinates": [[-73.371309, 41.81884], [-73.371309, 41.820402]], "type": "LineString"}}, {"type": "Feature", "properties": {}, "geometry": {"coordinates": [[-73.369214, 41.81884], [-73.371309, 41.81884]], "type": "LineString"}}, {"type": "Feature", "properties": {}, "geometry": {"coordinates": [[-73.369214, 41.81884], [-73.3645, 41.819718], [-73.361619, 41.820792], [-73.358999, 41.822354], [-73.356118, 41.824502], [-73.352975, 41.827235], [-73.350487, 41.829773], [-73.348654, 41.832115], [-73.347475, 41.834263], [-73.346951, 41.836215], [-73.346035, 41.838069], [-73.344725, 41.839826], [-73.343023, 41.841485], [-73.340927, 41.843046], [-73.339094, 41.844217], [-73.337523, 41.844998], [-73.336213, 41.845388], [-73.335165, 41.845388], [-73.334118, 41.845583], [-73.33307, 41.845974], [-73.331761, 41.846754], [-73.329403, 41.848511]], "type": "LineString"}}, {"type": "Feature", "properties": {}, "geometry": {"coordinates": [[-72.732243, 41.817278], [-72.733421, 41.818156], [-72.733945, 41.819035], [-72.734207, 41.820206], [-72.734338, 41.822256], [-72.734338, 41.826649]], "type": "LineString"}}, {"type": "Feature", "properties": {}, "geometry": {"coordinates": [[-72.730147, 41.817278], [-72.732243, 41.817278]], "type": "LineString"}}, {"type": "Feature", "properties": {}, "geometry": {"coordinates": [[-72.730147, 41.817278], [-72.723076, 41.817278], [-72.719802, 41.817375], [-72.717969, 41.81757], [-72.71679, 41.817863], [-72.716266, 41.818254], [-72.715873, 41.818742], [-72.715611, 41.819328], [-72.71548, 41.820206], [-72.71548, 41.821964]], "type": "LineString"}}, {"type": "Feature", "properties": {}, "geometry": {"coordinates": [[-71.875265, 41.817278], [-71.876444, 41.818156], [-71.87736, 41.818547], [-71.878408, 41.818742], [-71.879718, 41.81884], [-71.881289, 41.81884], [-71.882861, 41.819035], [-71.884432, 41.819425], [-71.886004, 41.820011], [-71.887575, 41.820792], [-71.888754, 41.822842], [-71.889539, 41.826161], [-71.889932, 41.832213], [-71.889932, 41.845388]], "type": "LineString"}}, {"type": "Feature", "properties": {}, "geometry": {"coordinates": [[-71.875265, 41.817278], [-71.874086, 41.818156], [-71.873563, 41.819035], [-71.873301, 41.820206], [-71.87317, 41.822256], [-71.87317, 41.826649]], "type": "LineString"}}, {"type": "Feature", "properties": {}, "geometry": {"coordinates": [[-73.417406, 41.815716], [-73.418584, 41.816594], [-73.419108, 41.817375], [-73.41937, 41.818352], [-73.419501, 41.820011], [-73.419501, 41.823526]], "type": "LineString"}}, {"type": "Feature", "properties": {}, "geometry": {"coordinates": [[-73.415311, 41.815716], [-73.417406, 41.815716]], "type": "LineString"}}, {"type": "Feature", "properties": {}, "geometry": {"coordinates": [[-73.092634, 41.815716], [-73.091456, 41.817473], [-73.090801, 41.818254], [-73.090277, 41.818644], [-73.089753, 41.81884], [-73.08923, 41.81884], [-73.088313, 41.819133], [-73.087003, 41.819718], [-73.084777, 41.82089], [-73.080063, 41.823526]], "type": "LineString"}}, {"type": "Feature", "properties": {}, "geometry": {"coordinates": [[-72.732243, 41.815716], [-72.732243, 41.817278]], "type": "LineString"}}, {"type": "Feature", "properties": {}, "geometry": {"coordinates": [[-72.279658, 41.815716], [-72.279658, 41.817278]], "type": "LineString"}}, {"type": "Feature", "properties": {}, "geometry": {"coordinates": [[-72.227275, 41.815716], [-72.227275, 41.817278]], "type": "LineString"}}, {"type": "Feature", "properties": {}, "geometry": {"coordinates": [[-73.373405, 41.814153], [-73.373405, 41.815911], [-73.373274, 41.816789], [-73.373012, 41.817375], [-73.372488, 41.817961], [-73.371309, 41.81884]], "type": "LineString"}}, {"type": "Feature", "properties": {}, "geometry": {"coordinates": [[-73.132445, 41.814153], [-73.134802, 41.814153], [-73.136505, 41.814739], [-73.138338, 41.815911], [-73.141219, 41.818254], [-73.147112, 41.823526]], "type": "LineString"}}, {"type": "Feature", "properties": {}, "geometry": {"coordinates": [[-72.254514, 41.814153], [-72.254514, 41.817668], [-72.255431, 41.819816], [-72.257264, 41.821768], [-72.260015, 41.823916], [-72.263681, 41.826259], [-72.26761, 41.828016], [-72.271801, 41.829187], [-72.276253, 41.829773], [-72.280968, 41.829773], [-72.284634, 41.82987], [-72.287253, 41.830066], [-72.288825, 41.830358], [-72.289349, 41.830749], [-72.290396, 41.831042], [-72.291968, 41.831237], [-72.294063, 41.831335], [-72.296682, 41.831335], [-72.298909, 41.83153], [-72.300742, 41.83192], [-72.302182, 41.832506], [-72.30323, 41.833287], [-72.304016, 41.834458], [-72.30454, 41.836019], [-72.304802, 41.837971], [-72.304802, 41.840314], [-72.30454, 41.842363], [-72.304016, 41.84412], [-72.30323, 41.845583], [-72.302182, 41.846754], [-72.301397, 41.848121], [-72.300873, 41.849682], [-72.300611, 41.851438], [-72.300611, 41.85339], [-72.30048, 41.854951], [-72.300218, 41.856122], [-72.299825, 41.856902], [-72.299301, 41.857293], [-72.29917, 41.857976], [-72.299432, 41.858951], [-72.300087, 41.86022], [-72.301135, 41.861781], [-72.30179, 41.863927], [-72.302052, 41.866658], [-72.30179, 41.87095], [-72.300611, 41.879729]], "type": "LineString"}}, {"type": "Feature", "properties": {}, "geometry": {"coordinates": [[-72.227275, 41.815716], [-72.226097, 41.814837], [-72.22518, 41.814446], [-72.224133, 41.814251], [-72.222823, 41.814153], [-72.221252, 41.814153], [-72.219156, 41.814642], [-72.216537, 41.815618], [-72.213394, 41.817082], [-72.209727, 41.819035], [-72.206061, 41.820499], [-72.202394, 41.821475], [-72.198727, 41.821964], [-72.19506, 41.821964], [-72.191917, 41.822159], [-72.189298, 41.822549], [-72.187203, 41.823135], [-72.185631, 41.823916], [-72.183667, 41.824502], [-72.18131, 41.824892], [-72.17856, 41.825087], [-72.175417, 41.825087], [-72.172798, 41.825283], [-72.170702, 41.825673], [-72.169131, 41.826259], [-72.168083, 41.82704], [-72.167298, 41.828406], [-72.166774, 41.830358], [-72.166512, 41.832896], [-72.166512, 41.836019], [-72.16625, 41.838655], [-72.165726, 41.840802], [-72.16494, 41.842461], [-72.163893, 41.843632], [-72.163107, 41.845193], [-72.162583, 41.847145], [-72.162321, 41.849487], [-72.162321, 41.852219], [-72.16219, 41.854366], [-72.161928, 41.855927], [-72.161535, 41.856902], [-72.161012, 41.857293], [-72.160619, 41.85778], [-72.160357, 41.858366], [-72.160226, 41.859049], [-72.160226, 41.859829], [-72.159964, 41.86061], [-72.15944, 41.86139], [-72.158393, 41.862366], [-72.156035, 41.864122]], "type": "LineString"}}, {"type": "Feature", "properties": {}, "geometry": {"coordinates": [[-73.124064, 41.812591], [-73.126159, 41.812591]], "type": "LineString"}}, {"type": "Feature", "properties": {}, "geometry": {"coordinates": [[-73.124064, 41.812591], [-73.122885, 41.81347], [-73.122361, 41.814251], [-73.1221, 41.815227], [-73.121969, 41.816497], [-73.121969, 41.818059], [-73.121838, 41.819425], [-73.121576, 41.820597], [-73.121052, 41.821768], [-73.119873, 41.823526]], "type": "LineString"}}, {"type": "Feature", "properties": {}, "geometry": {"coordinates": [[-72.862151, 41.812591], [-72.865687, 41.815227], [-72.867259, 41.816594], [-72.868044, 41.81757], [-72.868437, 41.818449], [-72.868437, 41.81923], [-72.868961, 41.820109], [-72.870009, 41.821085], [-72.87158, 41.822159], [-72.873676, 41.82333], [-72.875902, 41.824209], [-72.878259, 41.824795], [-72.880747, 41.825087], [-72.883366, 41.825087], [-72.885462, 41.82499], [-72.887033, 41.824795], [-72.888081, 41.824502], [-72.888605, 41.824111], [-72.889521, 41.824014], [-72.890831, 41.824209], [-72.892533, 41.824697], [-72.894629, 41.825478], [-72.896462, 41.826259], [-72.898033, 41.82704], [-72.899343, 41.827821], [-72.900391, 41.828601], [-72.901438, 41.829187], [-72.902486, 41.829578], [-72.903534, 41.829773], [-72.904581, 41.829773], [-72.905498, 41.82987], [-72.906284, 41.830066], [-72.906938, 41.830358], [-72.907462, 41.830749], [-72.908379, 41.830554], [-72.909689, 41.829773], [-72.911391, 41.828406], [-72.913486, 41.826454], [-72.915189, 41.824599], [-72.916498, 41.822842], [-72.917546, 41.820792], [-72.918724, 41.817278]], "type": "LineString"}}, {"type": "Feature", "properties": {}, "geometry": {"coordinates": [[-72.288039, 41.812591], [-72.279658, 41.815716]], "type": "LineString"}}, {"type": "Feature", "properties": {}, "geometry": {"coordinates": [[-73.103111, 41.811029], [-73.103111, 41.816301], [-73.10298, 41.818742], [-73.102718, 41.820109], [-73.102325, 41.820987], [-73.101801, 41.821378], [-73.101408, 41.822061], [-73.101147, 41.823037], [-73.101016, 41.824697], [-73.101016, 41.828211]], "type": "LineString"}}, {"type": "Feature", "properties": {}, "geometry": {"coordinates": [[-72.828627, 41.811029], [-72.827448, 41.812787], [-72.826924, 41.814153], [-72.826662, 41.815716], [-72.826531, 41.817668], [-72.826531, 41.820011], [-72.826007, 41.822256], [-72.82496, 41.824404], [-72.823388, 41.826454], [-72.821293, 41.828406], [-72.819722, 41.829968], [-72.818674, 41.831139], [-72.81815, 41.832018], [-72.81815, 41.832896]], "type": "LineString"}}, {"type": "Feature", "properties": {}, "geometry": {"coordinates": [[-72.531094, 41.811029], [-72.531094, 41.814544], [-72.532011, 41.816692], [-72.533844, 41.818644], [-72.536594, 41.820792], [-72.540261, 41.823135], [-72.543273, 41.824892], [-72.54563, 41.826064], [-72.547333, 41.826649], [-72.54838, 41.826649], [-72.549428, 41.826844], [-72.550476, 41.827235], [-72.551785, 41.828016], [-72.554142, 41.829773]], "type": "LineString"}}, {"type": "Feature", "properties": {}, "geometry": {"coordinates": [[-72.279658, 41.815716], [-72.278479, 41.814837], [-72.277694, 41.814446], [-72.276908, 41.814251], [-72.275991, 41.814153], [-72.274944, 41.814153], [-72.273896, 41.813958], [-72.272848, 41.813568], [-72.271801, 41.812982], [-72.270753, 41.812201], [-72.269312, 41.811615], [-72.267479, 41.811224], [-72.265253, 41.811029], [-72.262634, 41.811029], [-72.260407, 41.811224], [-72.258574, 41.811615], [-72.256872, 41.812396], [-72.254514, 41.814153]], "type": "LineString"}}, {"type": "Feature", "properties": {}, "geometry": {"coordinates": [[-73.103111, 41.809467], [-73.105206, 41.809467]], "type": "LineString"}}, {"type": "Feature", "properties": {}, "geometry": {"coordinates": [[-73.103111, 41.809467], [-73.103111, 41.811029]], "type": "LineString"}}, {"type": "Feature", "properties": {}, "geometry": {"coordinates": [[-72.528999, 41.809467], [-72.531094, 41.811029]], "type": "LineString"}}, {"type": "Feature", "properties": {}, "geometry": {"coordinates": [[-72.512236, 41.809467], [-72.513415, 41.810346], [-72.514724, 41.810736], [-72.516558, 41.810931], [-72.519046, 41.811029], [-72.522189, 41.811029], [-72.524677, 41.810931], [-72.526511, 41.810736], [-72.52782, 41.810346], [-72.528999, 41.809467]], "type": "LineString"}}, {"type": "Feature", "properties": {}, "geometry": {"coordinates": [[-72.510141, 41.809467], [-72.512236, 41.809467]], "type": "LineString"}}, {"type": "Feature", "properties": {}, "geometry": {"coordinates": [[-72.510141, 41.809467], [-72.505427, 41.812982], [-72.5032, 41.814739], [-72.501891, 41.815911], [-72.500974, 41.816887], [-72.50045, 41.817668], [-72.500188, 41.818449], [-72.500188, 41.81923], [-72.500581, 41.820206], [-72.50176, 41.821964]], "type": "LineString"}}, {"type": "Feature", "properties": {}, "geometry": {"coordinates": [[-72.862151, 41.812591], [-72.860973, 41.81347], [-72.859532, 41.813763], [-72.857437, 41.813763], [-72.854556, 41.813568], [-72.850889, 41.813177], [-72.847746, 41.812591], [-72.845127, 41.81181], [-72.843032, 41.810834], [-72.84146, 41.809662], [-72.839758, 41.808881], [-72.837924, 41.80849], [-72.83596, 41.80849], [-72.833865, 41.808881], [-72.832162, 41.809272], [-72.830853, 41.809662], [-72.829805, 41.81015], [-72.828627, 41.811029]], "type": "LineString"}}, {"type": "Feature", "properties": {}, "geometry": {"coordinates": [[-72.512236, 41.807905], [-72.512236, 41.809467]], "type": "LineString"}}, {"type": "Feature", "properties": {}, "geometry": {"coordinates": [[-72.510141, 41.807905], [-72.512236, 41.807905]], "type": "LineString"}}, {"type": "Feature", "properties": {}, "geometry": {"coordinates": [[-72.510141, 41.807905], [-72.510141, 41.809467]], "type": "LineString"}}, {"type": "Feature", "properties": {}, "geometry": {"coordinates": [[-72.241943, 41.807905], [-72.246657, 41.809662], [-72.249014, 41.810639], [-72.250586, 41.81142], [-72.252157, 41.812396], [-72.254514, 41.814153]], "type": "LineString"}}, {"type": "Feature", "properties": {}, "geometry": {"coordinates": [[-72.241943, 41.807905], [-72.227275, 41.815716]], "type": "LineString"}}, {"type": "Feature", "properties": {}, "geometry": {"coordinates": [[-71.875265, 41.807905], [-71.875265, 41.817278]], "type": "LineString"}}, {"type": "Feature", "properties": {}, "geometry": {"coordinates": [[-72.539475, 41.806342], [-72.531094, 41.811029]], "type": "LineString"}}, {"type": "Feature", "properties": {}, "geometry": {"coordinates": [[-72.528999, 41.806342], [-72.528999, 41.809467]], "type": "LineString"}}, {"type": "Feature", "properties": {}, "geometry": {"coordinates": [[-71.875265, 41.806342], [-71.875265, 41.807905]], "type": "LineString"}}, {"type": "Feature", "properties": {}, "geometry": {"coordinates": [[-71.87317, 41.806342], [-71.875265, 41.806342]], "type": "LineString"}}, {"type": "Feature", "properties": {}, "geometry": {"coordinates": [[-73.214162, 41.80478], [-73.21534, 41.810931], [-73.216126, 41.813958], [-73.216912, 41.815911], [-73.217829, 41.817473], [-73.218876, 41.818644], [-73.219793, 41.820109], [-73.220579, 41.821866], [-73.221233, 41.823916], [-73.221757, 41.826259], [-73.222412, 41.828211], [-73.223198, 41.829773], [-73.224114, 41.830944], [-73.225162, 41.831725], [-73.226079, 41.832311], [-73.226865, 41.832701], [-73.22765, 41.832896], [-73.228829, 41.832896]], "type": "LineString"}}, {"type": "Feature", "properties": {}, "geometry": {"coordinates": [[-73.090539, 41.80478], [-73.094075, 41.80478], [-73.096039, 41.805073], [-73.097611, 41.805659], [-73.099575, 41.806831], [-73.103111, 41.809467]], "type": "LineString"}}, {"type": "Feature", "properties": {}, "geometry": {"coordinates": [[-73.090539, 41.80478], [-73.088444, 41.807905]], "type": "LineString"}}, {"type": "Feature", "properties": {}, "geometry": {"coordinates": [[-72.801388, 41.80478], [-72.799292, 41.806342]], "type": "LineString"}}, {"type": "Feature", "properties": {}, "geometry": {"coordinates": [[-73.214162, 41.803218], [-73.216257, 41.803218]], "type": "LineString"}}, {"type": "Feature", "properties": {}, "geometry": {"coordinates": [[-73.214162, 41.803218], [-73.214162, 41.80478]], "type": "LineString"}}, {"type": "Feature", "properties": {}, "geometry": {"coordinates": [[-73.121969, 41.803218], [-73.121969, 41.807612], [-73.1221, 41.809662], [-73.122361, 41.810834], [-73.122885, 41.811713], [-73.124064, 41.812591]], "type": "LineString"}}, {"type": "Feature", "properties": {}, "geometry": {"coordinates": [[-72.81815, 41.803218], [-72.828627, 41.811029]], "type": "LineString"}}, {"type": "Feature", "properties": {}, "geometry": {"coordinates": [[-72.81815, 41.803218], [-72.816971, 41.804096], [-72.815531, 41.804487], [-72.813436, 41.804682], [-72.809638, 41.80478], [-72.801388, 41.80478]], "type": "LineString"}}, {"type": "Feature", "properties": {}, "geometry": {"coordinates": [[-72.124606, 41.803218], [-72.123427, 41.803218], [-72.122118, 41.803706], [-72.120284, 41.804682], [-72.117796, 41.806147], [-72.114653, 41.8081], [-72.112165, 41.809955], [-72.110332, 41.811713], [-72.109153, 41.813372], [-72.108629, 41.814934], [-72.107451, 41.816887], [-72.105617, 41.81923], [-72.102343, 41.822745], [-72.095272, 41.829773]], "type": "LineString"}}, {"type": "Feature", "properties": {}, "geometry": {"coordinates": [[-73.220448, 41.801655], [-73.216257, 41.803218]], "type": "LineString"}}, {"type": "Feature", "properties": {}, "geometry": {"coordinates": [[-73.124064, 41.801655], [-73.128254, 41.801655]], "type": "LineString"}}, {"type": "Feature", "properties": {}, "geometry": {"coordinates": [[-73.121969, 41.801655], [-73.124064, 41.801655]], "type": "LineString"}}, {"type": "Feature", "properties": {}, "geometry": {"coordinates": [[-73.121969, 41.801655], [-73.121969, 41.803218]], "type": "LineString"}}, {"type": "Feature", "properties": {}, "geometry": {"coordinates": [[-73.119873, 41.801655], [-73.121969, 41.801655]], "type": "LineString"}}, {"type": "Feature", "properties": {}, "geometry": {"coordinates": [[-73.119873, 41.801655], [-73.116337, 41.802534], [-73.114242, 41.803315], [-73.112409, 41.804292], [-73.109921, 41.805952], [-73.105206, 41.809467]], "type": "LineString"}}, {"type": "Feature", "properties": {}, "geometry": {"coordinates": [[-72.725957, 41.801655], [-72.725957, 41.803413], [-72.726219, 41.804487], [-72.726743, 41.805464], [-72.727528, 41.806538], [-72.728576, 41.807709], [-72.729493, 41.808979], [-72.730278, 41.810346], [-72.731064, 41.812201], [-72.732243, 41.815716]], "type": "LineString"}}, {"type": "Feature", "properties": {}, "geometry": {"coordinates": [[-72.239847, 41.801655], [-72.239847, 41.804292], [-72.239978, 41.805561], [-72.24024, 41.806342], [-72.240764, 41.807026], [-72.241943, 41.807905]], "type": "LineString"}}, {"type": "Feature", "properties": {}, "geometry": {"coordinates": [[-73.121969, 41.800093], [-73.121969, 41.801655]], "type": "LineString"}}, {"type": "Feature", "properties": {}, "geometry": {"coordinates": [[-72.696623, 41.800093], [-72.696623, 41.800972], [-72.696361, 41.801558], [-72.695837, 41.802143], [-72.695051, 41.802827], [-72.694004, 41.803608], [-72.693218, 41.804389], [-72.692694, 41.805171], [-72.692432, 41.806147], [-72.692432, 41.807905]], "type": "LineString"}}, {"type": "Feature", "properties": {}, "geometry": {"coordinates": [[-72.239847, 41.800093], [-72.241943, 41.800093]], "type": "LineString"}}, {"type": "Feature", "properties": {}, "geometry": {"coordinates": [[-72.239847, 41.800093], [-72.239847, 41.801655]], "type": "LineString"}}, {"type": "Feature", "properties": {}, "geometry": {"coordinates": [[-72.661003, 41.79853], [-72.663098, 41.79853]], "type": "LineString"}}, {"type": "Feature", "properties": {}, "geometry": {"coordinates": [[-72.661003, 41.79853], [-72.661003, 41.800093]], "type": "LineString"}}, {"type": "Feature", "properties": {}, "geometry": {"coordinates": [[-72.50176, 41.79853], [-72.502938, 41.799409], [-72.503462, 41.799995], [-72.503724, 41.800581], [-72.503855, 41.801265], [-72.503855, 41.802046], [-72.504248, 41.802925], [-72.505034, 41.803901], [-72.506605, 41.805268], [-72.510141, 41.807905]], "type": "LineString"}}, {"type": "Feature", "properties": {}, "geometry": {"coordinates": [[-72.499664, 41.79853], [-72.50176, 41.79853]], "type": "LineString"}}, {"type": "Feature", "properties": {}, "geometry": {"coordinates": [[-71.87736, 41.79853], [-71.87736, 41.802046], [-71.877229, 41.803706], [-71.876968, 41.804682], [-71.876444, 41.805464], [-71.875265, 41.806342]], "type": "LineString"}}, {"type": "Feature", "properties": {}, "geometry": {"coordinates": [[-73.427882, 41.796968], [-73.429061, 41.797847], [-73.429585, 41.798433], [-73.429847, 41.799019], [-73.429978, 41.799702], [-73.429978, 41.800483], [-73.429585, 41.801362], [-73.428799, 41.802339], [-73.42762, 41.803413], [-73.426049, 41.804585], [-73.424739, 41.805854], [-73.423692, 41.807221], [-73.422906, 41.808686], [-73.422382, 41.810248], [-73.421727, 41.811615], [-73.420942, 41.812787], [-73.419763, 41.813958], [-73.417406, 41.815716]], "type": "LineString"}}, {"type": "Feature", "properties": {}, "geometry": {"coordinates": [[-72.797197, 41.796968], [-72.798376, 41.800483], [-72.79903, 41.802143], [-72.799554, 41.80312], [-72.800209, 41.803901], [-72.801388, 41.80478]], "type": "LineString"}}, {"type": "Feature", "properties": {}, "geometry": {"coordinates": [[-72.736433, 41.796968], [-72.738529, 41.796968]], "type": "LineString"}}, {"type": "Feature", "properties": {}, "geometry": {"coordinates": [[-72.736433, 41.796968], [-72.734076, 41.798726], [-72.732767, 41.799507], [-72.731719, 41.799897], [-72.730671, 41.800093], [-72.729624, 41.800093], [-72.728707, 41.80019], [-72.727921, 41.800386], [-72.727135, 41.800776], [-72.725957, 41.801655]], "type": "LineString"}}, {"type": "Feature", "properties": {}, "geometry": {"coordinates": [[-72.658907, 41.796968], [-72.661003, 41.79853]], "type": "LineString"}}, {"type": "Feature", "properties": {}, "geometry": {"coordinates": [[-72.43471, 41.796968], [-72.43471, 41.801655]], "type": "LineString"}}, {"type": "Feature", "properties": {}, "geometry": {"coordinates": [[-73.207876, 41.795405], [-73.209054, 41.796284], [-73.209578, 41.79687], [-73.20984, 41.797456], [-73.209971, 41.79814], [-73.209971, 41.798921], [-73.210233, 41.799702], [-73.210757, 41.800483], [-73.211805, 41.80146], [-73.214162, 41.803218]], "type": "LineString"}}, {"type": "Feature", "properties": {}, "geometry": {"coordinates": [[-72.797197, 41.795405], [-72.797197, 41.796968]], "type": "LineString"}}, {"type": "Feature", "properties": {}, "geometry": {"coordinates": [[-72.795102, 41.795405], [-72.797197, 41.795405]], "type": "LineString"}}, {"type": "Feature", "properties": {}, "geometry": {"coordinates": [[-72.761577, 41.795405], [-72.762756, 41.796284], [-72.763279, 41.797065], [-72.763541, 41.798042], [-72.763672, 41.799312], [-72.763672, 41.800874], [-72.764065, 41.802241], [-72.764851, 41.803413], [-72.76603, 41.804389], [-72.767601, 41.805171], [-72.769172, 41.805756], [-72.770744, 41.806147], [-72.772315, 41.806342], [-72.773887, 41.806342], [-72.775196, 41.80644], [-72.776244, 41.806635], [-72.777161, 41.807026], [-72.778339, 41.807905]], "type": "LineString"}}, {"type": "Feature", "properties": {}, "geometry": {"coordinates": [[-72.759482, 41.795405], [-72.761577, 41.795405]], "type": "LineString"}}, {"type": "Feature", "properties": {}, "geometry": {"coordinates": [[-72.759482, 41.795405], [-72.738529, 41.796968]], "type": "LineString"}}, {"type": "Feature", "properties": {}, "geometry": {"coordinates": [[-72.736433, 41.795405], [-72.736433, 41.796968]], "type": "LineString"}}, {"type": "Feature", "properties": {}, "geometry": {"coordinates": [[-72.705004, 41.795405], [-72.709718, 41.796284], [-72.711945, 41.796772], [-72.713254, 41.797163], [-72.714171, 41.797554], [-72.714695, 41.797944], [-72.715349, 41.798237], [-72.716135, 41.798433], [-72.717052, 41.79853], [-72.7181, 41.79853], [-72.719278, 41.798726], [-72.720588, 41.799116], [-72.722421, 41.799897], [-72.725957, 41.801655]], "type": "LineString"}}, {"type": "Feature", "properties": {}, "geometry": {"coordinates": [[-72.702909, 41.795405], [-72.705004, 41.795405]], "type": "LineString"}}, {"type": "Feature", "properties": {}, "geometry": {"coordinates": [[-72.702909, 41.795405], [-72.696623, 41.800093]], "type": "LineString"}}, {"type": "Feature", "properties": {}, "geometry": {"coordinates": [[-72.67986, 41.795405], [-72.681039, 41.796284], [-72.682087, 41.796675], [-72.683396, 41.79687], [-72.685099, 41.796968], [-72.687194, 41.796968], [-72.689158, 41.797163], [-72.690992, 41.797554], [-72.693087, 41.798335], [-72.696623, 41.800093]], "type": "LineString"}}, {"type": "Feature", "properties": {}, "geometry": {"coordinates": [[-72.67986, 41.795405], [-72.675146, 41.797163], [-72.672527, 41.797944], [-72.670431, 41.798335], [-72.667812, 41.79853], [-72.663098, 41.79853]], "type": "LineString"}}, {"type": "Feature", "properties": {}, "geometry": {"coordinates": [[-72.658907, 41.795405], [-72.658907, 41.796968]], "type": "LineString"}}, {"type": "Feature", "properties": {}, "geometry": {"coordinates": [[-72.656812, 41.795405], [-72.658907, 41.795405]], "type": "LineString"}}, {"type": "Feature", "properties": {}, "geometry": {"coordinates": [[-72.654717, 41.795405], [-72.656812, 41.795405]], "type": "LineString"}}, {"type": "Feature", "properties": {}, "geometry": {"coordinates": [[-72.516427, 41.795405], [-72.516427, 41.800679], [-72.516165, 41.803218], [-72.515641, 41.80478], [-72.514594, 41.806147], [-72.512236, 41.807905]], "type": "LineString"}}, {"type": "Feature", "properties": {}, "geometry": {"coordinates": [[-72.43471, 41.795405], [-72.43471, 41.796968]], "type": "LineString"}}, {"type": "Feature", "properties": {}, "geometry": {"coordinates": [[-72.432615, 41.795405], [-72.43471, 41.795405]], "type": "LineString"}}, {"type": "Feature", "properties": {}, "geometry": {"coordinates": [[-72.761577, 41.793843], [-72.761577, 41.795405]], "type": "LineString"}}, {"type": "Feature", "properties": {}, "geometry": {"coordinates": [[-72.702909, 41.793843], [-72.702909, 41.795405]], "type": "LineString"}}, {"type": "Feature", "properties": {}, "geometry": {"coordinates": [[-72.617001, 41.793843], [-72.615823, 41.797358], [-72.615168, 41.799019], [-72.614644, 41.799995], [-72.61412, 41.800679], [-72.613596, 41.801069], [-72.613204, 41.801558], [-72.612942, 41.802143], [-72.612811, 41.803022], [-72.612811, 41.80478]], "type": "LineString"}}, {"type": "Feature", "properties": {}, "geometry": {"coordinates": [[-72.516427, 41.795405], [-72.515248, 41.794526], [-72.514332, 41.794136], [-72.513284, 41.79394], [-72.511974, 41.793843], [-72.510403, 41.793843], [-72.508831, 41.794136], [-72.50726, 41.794722], [-72.505296, 41.795894], [-72.50176, 41.79853]], "type": "LineString"}}, {"type": "Feature", "properties": {}, "geometry": {"coordinates": [[-72.130892, 41.793843], [-72.130892, 41.795601], [-72.13063, 41.796479], [-72.130106, 41.797065], [-72.129058, 41.797651], [-72.126701, 41.79853]], "type": "LineString"}}, {"type": "Feature", "properties": {}, "geometry": {"coordinates": [[-71.91298, 41.793843], [-71.910623, 41.795601], [-71.909052, 41.796479], [-71.90748, 41.797065], [-71.905123, 41.797651], [-71.900409, 41.79853]], "type": "LineString"}}, {"type": "Feature", "properties": {}, "geometry": {"coordinates": [[-71.866884, 41.793843], [-71.87042, 41.794722], [-71.872253, 41.795308], [-71.873563, 41.795894], [-71.875003, 41.796772], [-71.87736, 41.79853]], "type": "LineString"}}, {"type": "Feature", "properties": {}, "geometry": {"coordinates": [[-72.784625, 41.79228], [-72.786983, 41.79228], [-72.788423, 41.792475], [-72.789733, 41.792866], [-72.791566, 41.793647], [-72.795102, 41.795405]], "type": "LineString"}}, {"type": "Feature", "properties": {}, "geometry": {"coordinates": [[-72.424234, 41.79228], [-72.425412, 41.794038], [-72.426329, 41.794819], [-72.427377, 41.79521], [-72.429079, 41.795405], [-72.432615, 41.795405]], "type": "LineString"}}, {"type": "Feature", "properties": {}, "geometry": {"coordinates": [[-72.130892, 41.79228], [-72.132987, 41.79228]], "type": "LineString"}}, {"type": "Feature", "properties": {}, "geometry": {"coordinates": [[-72.130892, 41.79228], [-72.130892, 41.793843]], "type": "LineString"}}, {"type": "Feature", "properties": {}, "geometry": {"coordinates": [[-71.835454, 41.79228], [-71.837812, 41.79228], [-71.839907, 41.793159], [-71.842526, 41.794917], [-71.845931, 41.797554], [-71.850121, 41.801069], [-71.853526, 41.803804], [-71.856145, 41.805756], [-71.857979, 41.806928], [-71.859027, 41.807319], [-71.860598, 41.807514], [-71.862693, 41.807514], [-71.866098, 41.807221], [-71.87317, 41.806342]], "type": "LineString"}}, {"type": "Feature", "properties": {}, "geometry": {"coordinates": [[-72.761577, 41.790717], [-72.761577, 41.793843]], "type": "LineString"}}, {"type": "Feature", "properties": {}, "geometry": {"coordinates": [[-72.308992, 41.790717], [-72.313183, 41.795405]], "type": "LineString"}}, {"type": "Feature", "properties": {}, "geometry": {"coordinates": [[-72.137178, 41.790717], [-72.132987, 41.79228]], "type": "LineString"}}, {"type": "Feature", "properties": {}, "geometry": {"coordinates": [[-71.950696, 41.790717], [-71.956589, 41.791596], [-71.959601, 41.792182], [-71.961696, 41.792768], [-71.96353, 41.793452], [-71.965101, 41.794233], [-71.966673, 41.795405], [-71.968244, 41.796968], [-71.969816, 41.798921], [-71.971387, 41.801265], [-71.972304, 41.803706], [-71.972566, 41.806245], [-71.971911, 41.809565], [-71.969554, 41.815716]], "type": "LineString"}}, {"type": "Feature", "properties": {}, "geometry": {"coordinates": [[-71.948601, 41.790717], [-71.950696, 41.790717]], "type": "LineString"}}, {"type": "Feature", "properties": {}, "geometry": {"coordinates": [[-71.948601, 41.790717], [-71.947422, 41.791596], [-71.946898, 41.792475], [-71.946636, 41.793647], [-71.946505, 41.79521], [-71.946505, 41.797163], [-71.946636, 41.798726], [-71.946898, 41.799897], [-71.947291, 41.800679], [-71.947815, 41.801069], [-71.948208, 41.801655], [-71.94847, 41.802436], [-71.948601, 41.803413], [-71.948601, 41.804585], [-71.948732, 41.805561], [-71.948993, 41.806342], [-71.949386, 41.806928], [-71.94991, 41.807319], [-71.950303, 41.807807], [-71.950565, 41.808393], [-71.950696, 41.809076], [-71.950696, 41.809857], [-71.951089, 41.810736], [-71.951874, 41.811713], [-71.953053, 41.812787], [-71.954625, 41.813958], [-71.955803, 41.81718], [-71.956589, 41.822452], [-71.956982, 41.829773], [-71.956982, 41.839143], [-71.95672, 41.846364], [-71.956196, 41.851438], [-71.955148, 41.854561], [-71.952791, 41.856317]], "type": "LineString"}}, {"type": "Feature", "properties": {}, "geometry": {"coordinates": [[-72.763672, 41.789155], [-72.769565, 41.789155], [-72.772446, 41.789252], [-72.77428, 41.789448], [-72.775982, 41.789838], [-72.778339, 41.790717]], "type": "LineString"}}, {"type": "Feature", "properties": {}, "geometry": {"coordinates": [[-72.761577, 41.789155], [-72.763672, 41.789155]], "type": "LineString"}}, {"type": "Feature", "properties": {}, "geometry": {"coordinates": [[-72.761577, 41.789155], [-72.761577, 41.790717]], "type": "LineString"}}, {"type": "Feature", "properties": {}, "geometry": {"coordinates": [[-72.308992, 41.789155], [-72.308992, 41.790717]], "type": "LineString"}}, {"type": "Feature", "properties": {}, "geometry": {"coordinates": [[-72.306897, 41.789155], [-72.308992, 41.789155]], "type": "LineString"}}, {"type": "Feature", "properties": {}, "geometry": {"coordinates": [[-72.302706, 41.789155], [-72.306897, 41.789155]], "type": "LineString"}}, {"type": "Feature", "properties": {}, "geometry": {"coordinates": [[-71.948601, 41.789155], [-71.948601, 41.790717]], "type": "LineString"}}, {"type": "Feature", "properties": {}, "geometry": {"coordinates": [[-72.864247, 41.787592], [-72.868437, 41.789155]], "type": "LineString"}}, {"type": "Feature", "properties": {}, "geometry": {"coordinates": [[-72.864247, 41.787592], [-72.861889, 41.790229], [-72.860842, 41.792378], [-72.860318, 41.794917], [-72.860056, 41.79814], [-72.860056, 41.802046], [-72.860187, 41.805073], [-72.860449, 41.807221], [-72.860842, 41.80849], [-72.861366, 41.808881], [-72.861759, 41.809369], [-72.86202, 41.809955], [-72.862151, 41.810834], [-72.862151, 41.812591]], "type": "LineString"}}, {"type": "Feature", "properties": {}, "geometry": {"coordinates": [[-72.524808, 41.787592], [-72.516427, 41.795405]], "type": "LineString"}}, {"type": "Feature", "properties": {}, "geometry": {"coordinates": [[-72.443091, 41.787592], [-72.445187, 41.787592]], "type": "LineString"}}, {"type": "Feature", "properties": {}, "geometry": {"coordinates": [[-72.443091, 41.787592], [-72.43471, 41.795405]], "type": "LineString"}}, {"type": "Feature", "properties": {}, "geometry": {"coordinates": [[-71.931838, 41.787592], [-71.929481, 41.791108], [-71.928171, 41.792671], [-71.927124, 41.793452], [-71.926076, 41.793843], [-71.925028, 41.793843], [-71.924112, 41.79394], [-71.923326, 41.794136], [-71.922671, 41.794429], [-71.922147, 41.794819], [-71.921362, 41.795112], [-71.920314, 41.795308], [-71.919004, 41.795405], [-71.917433, 41.795405], [-71.916123, 41.795308], [-71.915076, 41.795112], [-71.914159, 41.794722], [-71.91298, 41.793843]], "type": "LineString"}}, {"type": "Feature", "properties": {}, "geometry": {"coordinates": [[-73.138731, 41.786029], [-73.145017, 41.786029]], "type": "LineString"}}, {"type": "Feature", "properties": {}, "geometry": {"coordinates": [[-73.136636, 41.786029], [-73.138731, 41.786029]], "type": "LineString"}}, {"type": "Feature", "properties": {}, "geometry": {"coordinates": [[-73.136636, 41.786029], [-73.129564, 41.791303], [-73.12629, 41.79394], [-73.124457, 41.795698], [-73.123147, 41.797456], [-73.121969, 41.800093]], "type": "LineString"}}, {"type": "Feature", "properties": {}, "geometry": {"coordinates": [[-72.656812, 41.786029], [-72.659169, 41.786908], [-72.660217, 41.78769], [-72.660741, 41.788666], [-72.661003, 41.789936], [-72.661003, 41.791499], [-72.660872, 41.792768], [-72.66061, 41.793745], [-72.660086, 41.794526], [-72.658907, 41.795405]], "type": "LineString"}}, {"type": "Feature", "properties": {}, "geometry": {"coordinates": [[-72.596048, 41.786029], [-72.598406, 41.788666], [-72.599846, 41.789838], [-72.601156, 41.790424], [-72.602596, 41.790717], [-72.604168, 41.790717], [-72.605477, 41.790815], [-72.606525, 41.79101], [-72.607311, 41.791303], [-72.607834, 41.791694], [-72.60862, 41.791987], [-72.609668, 41.792182], [-72.610977, 41.79228], [-72.612549, 41.79228], [-72.613858, 41.792378], [-72.614906, 41.792573], [-72.615823, 41.792964], [-72.617001, 41.793843]], "type": "LineString"}}, {"type": "Feature", "properties": {}, "geometry": {"coordinates": [[-72.443091, 41.786029], [-72.443091, 41.787592]], "type": "LineString"}}, {"type": "Feature", "properties": {}, "geometry": {"coordinates": [[-73.136636, 41.784466], [-73.136636, 41.786029]], "type": "LineString"}}, {"type": "Feature", "properties": {}, "geometry": {"coordinates": [[-72.728052, 41.784466], [-72.731588, 41.787983], [-72.733159, 41.789741], [-72.733945, 41.790913], [-72.734338, 41.791889], [-72.734338, 41.792671], [-72.734469, 41.793354], [-72.734731, 41.79394], [-72.735255, 41.794526], [-72.736433, 41.795405]], "type": "LineString"}}, {"type": "Feature", "properties": {}, "geometry": {"coordinates": [[-72.596048, 41.784466], [-72.596048, 41.786029]], "type": "LineString"}}, {"type": "Feature", "properties": {}, "geometry": {"coordinates": [[-72.593953, 41.784466], [-72.596048, 41.784466]], "type": "LineString"}}, {"type": "Feature", "properties": {}, "geometry": {"coordinates": [[-72.593953, 41.784466], [-72.591596, 41.785345], [-72.590155, 41.785736], [-72.588846, 41.785931], [-72.587405, 41.786029], [-72.585834, 41.786029], [-72.584262, 41.786322], [-72.582691, 41.786908], [-72.581119, 41.787787], [-72.579548, 41.788959], [-72.578369, 41.789936], [-72.577583, 41.790717], [-72.577191, 41.791401], [-72.577191, 41.79228]], "type": "LineString"}}, {"type": "Feature", "properties": {}, "geometry": {"coordinates": [[-72.53738, 41.784466], [-72.536201, 41.785345], [-72.535285, 41.785736], [-72.534237, 41.785931], [-72.532927, 41.786029], [-72.531356, 41.786029], [-72.529915, 41.786127], [-72.528606, 41.786322], [-72.527165, 41.786713], [-72.524808, 41.787592]], "type": "LineString"}}, {"type": "Feature", "properties": {}, "geometry": {"coordinates": [[-72.461949, 41.784466], [-72.465485, 41.784466], [-72.46758, 41.784662], [-72.469414, 41.785052], [-72.471378, 41.785638], [-72.473473, 41.78642], [-72.475569, 41.786908], [-72.477664, 41.787103], [-72.480283, 41.786908], [-72.484997, 41.786029]], "type": "LineString"}}, {"type": "Feature", "properties": {}, "geometry": {"coordinates": [[-72.728052, 41.782903], [-72.728052, 41.784466]], "type": "LineString"}}, {"type": "Feature", "properties": {}, "geometry": {"coordinates": [[-72.725957, 41.782903], [-72.728052, 41.782903]], "type": "LineString"}}, {"type": "Feature", "properties": {}, "geometry": {"coordinates": [[-72.516427, 41.782903], [-72.524808, 41.787592]], "type": "LineString"}}, {"type": "Feature", "properties": {}, "geometry": {"coordinates": [[-72.516427, 41.782903], [-72.515248, 41.783782], [-72.514463, 41.784173], [-72.513677, 41.784369], [-72.512498, 41.784466], [-72.510141, 41.784466]], "type": "LineString"}}, {"type": "Feature", "properties": {}, "geometry": {"coordinates": [[-71.852217, 41.782903], [-71.856931, 41.787299], [-71.859157, 41.789252], [-71.860467, 41.790229], [-71.861515, 41.790717], [-71.862693, 41.790717]], "type": "LineString"}}, {"type": "Feature", "properties": {}, "geometry": {"coordinates": [[-71.850121, 41.782903], [-71.852217, 41.782903]], "type": "LineString"}}, {"type": "Feature", "properties": {}, "geometry": {"coordinates": [[-73.136636, 41.779777], [-73.136636, 41.784466]], "type": "LineString"}}, {"type": "Feature", "properties": {}, "geometry": {"coordinates": [[-73.013013, 41.779777], [-73.014192, 41.780657], [-73.014715, 41.782513], [-73.014977, 41.785638], [-73.015108, 41.790131], [-73.015108, 41.795991], [-73.014584, 41.800874], [-73.013537, 41.80478], [-73.011965, 41.807709], [-73.00987, 41.809662], [-73.008299, 41.811615], [-73.007251, 41.813568], [-73.006727, 41.81552], [-73.006727, 41.817473], [-73.006465, 41.819328], [-73.005941, 41.821085], [-73.004894, 41.823135], [-73.002536, 41.826649]], "type": "LineString"}}, {"type": "Feature", "properties": {}, "geometry": {"coordinates": [[-72.989965, 41.779777], [-72.99206, 41.779777]], "type": "LineString"}}, {"type": "Feature", "properties": {}, "geometry": {"coordinates": [[-72.989965, 41.779777], [-72.989965, 41.78134]], "type": "LineString"}}, {"type": "Feature", "properties": {}, "geometry": {"coordinates": [[-72.744815, 41.779777], [-72.74835, 41.783294], [-72.750446, 41.784955], [-72.752279, 41.785931], [-72.754243, 41.786615], [-72.756339, 41.787006], [-72.758041, 41.787396], [-72.759351, 41.787787], [-72.760398, 41.788276], [-72.761577, 41.789155]], "type": "LineString"}}, {"type": "Feature", "properties": {}, "geometry": {"coordinates": [[-72.742719, 41.779777], [-72.744815, 41.779777]], "type": "LineString"}}, {"type": "Feature", "properties": {}, "geometry": {"coordinates": [[-72.742719, 41.779777], [-72.741541, 41.780657], [-72.740362, 41.781047], [-72.738791, 41.781243], [-72.736695, 41.78134], [-72.734076, 41.78134], [-72.731981, 41.781438], [-72.730409, 41.781633], [-72.729231, 41.782024], [-72.728052, 41.782903]], "type": "LineString"}}, {"type": "Feature", "properties": {}, "geometry": {"coordinates": [[-72.67986, 41.779777], [-72.67986, 41.781536], [-72.679991, 41.782415], [-72.680253, 41.783001], [-72.680646, 41.783489], [-72.68117, 41.78388], [-72.681432, 41.784857], [-72.681432, 41.78642], [-72.681039, 41.789252], [-72.67986, 41.795405]], "type": "LineString"}}, {"type": "Feature", "properties": {}, "geometry": {"coordinates": [[-72.552047, 41.779777], [-72.553226, 41.780657], [-72.554273, 41.78095], [-72.555583, 41.78095], [-72.557809, 41.780657], [-72.562523, 41.779777]], "type": "LineString"}}, {"type": "Feature", "properties": {}, "geometry": {"coordinates": [[-72.549952, 41.779777], [-72.552047, 41.779777]], "type": "LineString"}}, {"type": "Feature", "properties": {}, "geometry": {"coordinates": [[-72.549952, 41.779777], [-72.544059, 41.783294], [-72.541309, 41.784759], [-72.539737, 41.785345], [-72.538558, 41.785345], [-72.53738, 41.784466]], "type": "LineString"}}, {"type": "Feature", "properties": {}, "geometry": {"coordinates": [[-72.53738, 41.779777], [-72.53738, 41.784466]], "type": "LineString"}}, {"type": "Feature", "properties": {}, "geometry": {"coordinates": [[-72.306897, 41.779777], [-72.308075, 41.779777], [-72.308861, 41.780071], [-72.309647, 41.780657], [-72.310564, 41.781536], [-72.311611, 41.782708], [-72.312135, 41.78388], [-72.312135, 41.785052], [-72.311349, 41.786517], [-72.308992, 41.789155]], "type": "LineString"}}, {"type": "Feature", "properties": {}, "geometry": {"coordinates": [[-73.013013, 41.779777], [-73.010656, 41.778898], [-73.008953, 41.778508], [-73.00712, 41.778312], [-73.004894, 41.778215], [-73.002275, 41.778215], [-73.000179, 41.778312], [-72.998608, 41.778508], [-72.99756, 41.778801], [-72.997036, 41.779191], [-72.996382, 41.779484], [-72.995596, 41.77968], [-72.994417, 41.779777], [-72.99206, 41.779777]], "type": "LineString"}}, {"type": "Feature", "properties": {}, "geometry": {"coordinates": [[-72.799292, 41.778215], [-72.799292, 41.787006], [-72.799161, 41.79101], [-72.7989, 41.793159], [-72.798376, 41.794526], [-72.797197, 41.795405]], "type": "LineString"}}, {"type": "Feature", "properties": {}, "geometry": {"coordinates": [[-72.742719, 41.778215], [-72.742719, 41.779777]], "type": "LineString"}}, {"type": "Feature", "properties": {}, "geometry": {"coordinates": [[-72.552047, 41.778215], [-72.552047, 41.779777]], "type": "LineString"}}, {"type": "Feature", "properties": {}, "geometry": {"coordinates": [[-72.549952, 41.778215], [-72.552047, 41.778215]], "type": "LineString"}}, {"type": "Feature", "properties": {}, "geometry": {"coordinates": [[-72.549952, 41.778215], [-72.549952, 41.779777]], "type": "LineString"}}, {"type": "Feature", "properties": {}, "geometry": {"coordinates": [[-72.631668, 41.776651], [-72.631668, 41.781047], [-72.630752, 41.783587], [-72.628918, 41.785736], [-72.625252, 41.788569], [-72.617001, 41.793843]], "type": "LineString"}}, {"type": "Feature", "properties": {}, "geometry": {"coordinates": [[-72.614906, 41.776651], [-72.617001, 41.776651]], "type": "LineString"}}, {"type": "Feature", "properties": {}, "geometry": {"coordinates": [[-72.614906, 41.776651], [-72.61137, 41.779289], [-72.609275, 41.780461], [-72.607441, 41.781047], [-72.605477, 41.78134], [-72.603382, 41.78134], [-72.601548, 41.781536], [-72.599977, 41.781927], [-72.598406, 41.782708], [-72.596048, 41.784466]], "type": "LineString"}}, {"type": "Feature", "properties": {}, "geometry": {"coordinates": [[-72.223085, 41.776651], [-72.225442, 41.777531], [-72.22649, 41.778312], [-72.227014, 41.779289], [-72.227275, 41.780559], [-72.227275, 41.782122], [-72.227145, 41.783392], [-72.226883, 41.784369], [-72.22649, 41.785052], [-72.225966, 41.785443], [-72.225573, 41.785931], [-72.225311, 41.786517], [-72.22518, 41.787201], [-72.22518, 41.787983], [-72.226097, 41.789252], [-72.22793, 41.79101], [-72.231597, 41.79394], [-72.239847, 41.800093]], "type": "LineString"}}, {"type": "Feature", "properties": {}, "geometry": {"coordinates": [[-72.631668, 41.775088], [-72.631668, 41.776651]], "type": "LineString"}}, {"type": "Feature", "properties": {}, "geometry": {"coordinates": [[-72.629573, 41.775088], [-72.631668, 41.775088]], "type": "LineString"}}, {"type": "Feature", "properties": {}, "geometry": {"coordinates": [[-72.629573, 41.775088], [-72.627216, 41.775968], [-72.625644, 41.776358], [-72.624073, 41.776554], [-72.621716, 41.776651], [-72.617001, 41.776651]], "type": "LineString"}}, {"type": "Feature", "properties": {}, "geometry": {"coordinates": [[-72.614906, 41.775088], [-72.614906, 41.776651]], "type": "LineString"}}, {"type": "Feature", "properties": {}, "geometry": {"coordinates": [[-72.128796, 41.775088], [-72.128796, 41.777726], [-72.128665, 41.778996], [-72.128404, 41.779777], [-72.128011, 41.780364], [-72.127487, 41.780754], [-72.127094, 41.781536], [-72.126832, 41.782708], [-72.126701, 41.784271], [-72.126701, 41.786224], [-72.126963, 41.787885], [-72.127487, 41.789252], [-72.128534, 41.790522], [-72.130892, 41.79228]], "type": "LineString"}}, {"type": "Feature", "properties": {}, "geometry": {"coordinates": [[-73.069586, 41.773525], [-73.069586, 41.777042], [-73.069455, 41.778703], [-73.069193, 41.77968], [-73.0688, 41.780364], [-73.068277, 41.780754], [-73.069324, 41.782513], [-73.071943, 41.785638], [-73.077574, 41.791596], [-73.090539, 41.80478]], "type": "LineString"}}, {"type": "Feature", "properties": {}, "geometry": {"coordinates": [[-72.543666, 41.773525], [-72.549952, 41.778215]], "type": "LineString"}}, {"type": "Feature", "properties": {}, "geometry": {"coordinates": [[-72.130892, 41.773525], [-72.132987, 41.773525]], "type": "LineString"}}, {"type": "Feature", "properties": {}, "geometry": {"coordinates": [[-72.128796, 41.773525], [-72.130892, 41.773525]], "type": "LineString"}}, {"type": "Feature", "properties": {}, "geometry": {"coordinates": [[-72.128796, 41.773525], [-72.128796, 41.775088]], "type": "LineString"}}, {"type": "Feature", "properties": {}, "geometry": {"coordinates": [[-71.931838, 41.773525], [-71.931838, 41.774405], [-71.9321, 41.774991], [-71.932624, 41.775577], [-71.93341, 41.776261], [-71.934457, 41.777042], [-71.935636, 41.777726], [-71.936945, 41.778312], [-71.938386, 41.778801], [-71.939957, 41.779191], [-71.941398, 41.77968], [-71.942708, 41.780266], [-71.943886, 41.78095], [-71.944934, 41.781731], [-71.94572, 41.78261], [-71.946243, 41.783587], [-71.946505, 41.784662], [-71.946505, 41.785834], [-71.946636, 41.78681], [-71.946898, 41.787592], [-71.947422, 41.788276], [-71.948601, 41.789155]], "type": "LineString"}}, {"type": "Feature", "properties": {}, "geometry": {"coordinates": [[-73.069586, 41.771962], [-73.069586, 41.773525]], "type": "LineString"}}, {"type": "Feature", "properties": {}, "geometry": {"coordinates": [[-73.067491, 41.771962], [-73.069586, 41.771962]], "type": "LineString"}}, {"type": "Feature", "properties": {}, "geometry": {"coordinates": [[-73.067491, 41.771962], [-73.060419, 41.771962], [-73.057145, 41.77206], [-73.055312, 41.772255], [-73.054133, 41.772548], [-73.053609, 41.772939], [-73.051383, 41.77333], [-73.047454, 41.773721], [-73.041823, 41.774112], [-73.03449, 41.774502], [-73.028859, 41.774893], [-73.02493, 41.775284], [-73.022704, 41.775675], [-73.02218, 41.776065], [-73.021525, 41.776358], [-73.020739, 41.776554], [-73.019823, 41.776651], [-73.018775, 41.776651], [-73.017727, 41.776847], [-73.01668, 41.777238], [-73.01537, 41.778019], [-73.013013, 41.779777]], "type": "LineString"}}, {"type": "Feature", "properties": {}, "geometry": {"coordinates": [[-72.438901, 41.771962], [-72.440079, 41.772841], [-72.440603, 41.773818], [-72.440865, 41.775186], [-72.440996, 41.777042], [-72.440996, 41.779387], [-72.441127, 41.78134], [-72.441389, 41.782903], [-72.441913, 41.784271], [-72.443091, 41.786029]], "type": "LineString"}}, {"type": "Feature", "properties": {}, "geometry": {"coordinates": [[-72.436805, 41.771962], [-72.438901, 41.771962]], "type": "LineString"}}, {"type": "Feature", "properties": {}, "geometry": {"coordinates": [[-71.854312, 41.771962], [-71.854312, 41.777238], [-71.854181, 41.77968], [-71.853919, 41.781047], [-71.853395, 41.782024], [-71.852217, 41.782903]], "type": "LineString"}}, {"type": "Feature", "properties": {}, "geometry": {"coordinates": [[-72.989965, 41.779777], [-72.987607, 41.778019], [-72.985512, 41.776847], [-72.982893, 41.775675], [-72.979488, 41.774307], [-72.975298, 41.772744], [-72.971369, 41.771571], [-72.967702, 41.77079], [-72.964297, 41.770399], [-72.961154, 41.770399], [-72.958666, 41.770594], [-72.956833, 41.770985], [-72.955523, 41.771767], [-72.954345, 41.773525]], "type": "LineString"}}, {"type": "Feature", "properties": {}, "geometry": {"coordinates": [[-72.742719, 41.770399], [-72.742719, 41.778215]], "type": "LineString"}}, {"type": "Feature", "properties": {}, "geometry": {"coordinates": [[-72.694527, 41.770399], [-72.696885, 41.773916], [-72.697932, 41.776163], [-72.698456, 41.778312], [-72.698718, 41.780754], [-72.698718, 41.783489], [-72.69898, 41.785931], [-72.699504, 41.78808], [-72.700551, 41.790327], [-72.702909, 41.793843]], "type": "LineString"}}, {"type": "Feature", "properties": {}, "geometry": {"coordinates": [[-72.667288, 41.770399], [-72.667288, 41.775088]], "type": "LineString"}}, {"type": "Feature", "properties": {}, "geometry": {"coordinates": [[-72.64424, 41.770399], [-72.646335, 41.770399]], "type": "LineString"}}, {"type": "Feature", "properties": {}, "geometry": {"coordinates": [[-72.64424, 41.770399], [-72.643062, 41.771278], [-72.642145, 41.771669], [-72.641097, 41.771865], [-72.639788, 41.771962], [-72.638216, 41.771962], [-72.636776, 41.772158], [-72.635466, 41.772548], [-72.634026, 41.77333], [-72.631668, 41.775088]], "type": "LineString"}}, {"type": "Feature", "properties": {}, "geometry": {"coordinates": [[-72.558333, 41.770399], [-72.557154, 41.771278], [-72.55663, 41.771865], [-72.556369, 41.772451], [-72.556238, 41.773135], [-72.556238, 41.773916], [-72.555976, 41.774698], [-72.555452, 41.775479], [-72.554404, 41.776456], [-72.552047, 41.778215]], "type": "LineString"}}, {"type": "Feature", "properties": {}, "geometry": {"coordinates": [[-72.438901, 41.770399], [-72.438901, 41.771962]], "type": "LineString"}}, {"type": "Feature", "properties": {}, "geometry": {"coordinates": [[-72.120415, 41.770399], [-72.122772, 41.770399], [-72.124082, 41.770594], [-72.12513, 41.770985], [-72.126439, 41.771767], [-72.128796, 41.773525]], "type": "LineString"}}, {"type": "Feature", "properties": {}, "geometry": {"coordinates": [[-72.057556, 41.770399], [-72.063842, 41.773525]], "type": "LineString"}}, {"type": "Feature", "properties": {}, "geometry": {"coordinates": [[-72.055461, 41.770399], [-72.057556, 41.770399]], "type": "LineString"}}, {"type": "Feature", "properties": {}, "geometry": {"coordinates": [[-72.055461, 41.770399], [-72.054282, 41.771278], [-72.053758, 41.772939], [-72.053497, 41.775675], [-72.053366, 41.780852], [-72.053366, 41.79228]], "type": "LineString"}}, {"type": "Feature", "properties": {}, "geometry": {"coordinates": [[-73.09892, 41.768836], [-73.101278, 41.771474], [-73.102194, 41.772841], [-73.102456, 41.773818], [-73.102194, 41.774893], [-73.101016, 41.776651]], "type": "LineString"}}, {"type": "Feature", "properties": {}, "geometry": {"coordinates": [[-72.64424, 41.768836], [-72.64424, 41.770399]], "type": "LineString"}}, {"type": "Feature", "properties": {}, "geometry": {"coordinates": [[-72.589762, 41.768836], [-72.589762, 41.770399]], "type": "LineString"}}, {"type": "Feature", "properties": {}, "geometry": {"coordinates": [[-72.518522, 41.768836], [-72.519701, 41.770594], [-72.520094, 41.771474], [-72.520094, 41.77206], [-72.519832, 41.772548], [-72.519308, 41.772939], [-72.518915, 41.773623], [-72.518653, 41.7746], [-72.518522, 41.77587], [-72.518522, 41.777433], [-72.518391, 41.778801], [-72.518129, 41.779973], [-72.517605, 41.781145], [-72.516427, 41.782903]], "type": "LineString"}}, {"type": "Feature", "properties": {}, "geometry": {"coordinates": [[-72.055461, 41.768836], [-72.055461, 41.770399]], "type": "LineString"}}, {"type": "Feature", "properties": {}, "geometry": {"coordinates": [[-73.09892, 41.768836], [-73.097742, 41.767957], [-73.096825, 41.767566], [-73.095777, 41.76737], [-73.094468, 41.767273], [-73.092896, 41.767273], [-73.091587, 41.76737], [-73.090539, 41.767566], [-73.089753, 41.767859], [-73.08923, 41.76825], [-73.088051, 41.768543], [-73.086218, 41.768738], [-73.083729, 41.768836], [-73.080586, 41.768836], [-73.077836, 41.769031], [-73.075479, 41.769422], [-73.073122, 41.770204], [-73.069586, 41.771962]], "type": "LineString"}}, {"type": "Feature", "properties": {}, "geometry": {"coordinates": [[-72.757386, 41.767273], [-72.755029, 41.768152], [-72.753458, 41.768543], [-72.751886, 41.768738], [-72.750053, 41.768836], [-72.747958, 41.768836], [-72.746255, 41.768934], [-72.744946, 41.769129], [-72.743898, 41.76952], [-72.742719, 41.770399]], "type": "LineString"}}, {"type": "Feature", "properties": {}, "geometry": {"coordinates": [[-72.738529, 41.767273], [-72.742719, 41.770399]], "type": "LineString"}}, {"type": "Feature", "properties": {}, "geometry": {"coordinates": [[-72.738529, 41.767273], [-72.734338, 41.768836]], "type": "LineString"}}, {"type": "Feature", "properties": {}, "geometry": {"coordinates": [[-72.658907, 41.767273], [-72.667288, 41.770399]], "type": "LineString"}}, {"type": "Feature", "properties": {}, "geometry": {"coordinates": [[-72.656812, 41.767273], [-72.658907, 41.767273]], "type": "LineString"}}, {"type": "Feature", "properties": {}, "geometry": {"coordinates": [[-72.656812, 41.767273], [-72.654455, 41.769031], [-72.653014, 41.769813], [-72.651705, 41.770204], [-72.649871, 41.770399], [-72.646335, 41.770399]], "type": "LineString"}}, {"type": "Feature", "properties": {}, "geometry": {"coordinates": [[-72.518522, 41.767273], [-72.518522, 41.768836]], "type": "LineString"}}, {"type": "Feature", "properties": {}, "geometry": {"coordinates": [[-72.516427, 41.767273], [-72.518522, 41.767273]], "type": "LineString"}}, {"type": "Feature", "properties": {}, "geometry": {"coordinates": [[-72.422138, 41.767273], [-72.424496, 41.769031], [-72.426067, 41.769813], [-72.427639, 41.770204], [-72.429472, 41.770399], [-72.431567, 41.770399], [-72.43327, 41.770497], [-72.434579, 41.770692], [-72.435627, 41.771083], [-72.436805, 41.771962]], "type": "LineString"}}, {"type": "Feature", "properties": {}, "geometry": {"coordinates": [[-73.352452, 41.765709], [-73.352452, 41.774502], [-73.352975, 41.778801], [-73.354023, 41.781536], [-73.355595, 41.783685], [-73.35769, 41.785248], [-73.359261, 41.786615], [-73.360309, 41.787787], [-73.360833, 41.788764], [-73.360833, 41.789545], [-73.361226, 41.790424], [-73.362011, 41.791401], [-73.36319, 41.792475], [-73.364761, 41.793647], [-73.36594, 41.794624], [-73.366726, 41.795405], [-73.367119, 41.795991], [-73.367119, 41.796382], [-73.367643, 41.79687], [-73.36869, 41.797456], [-73.370262, 41.79814], [-73.372357, 41.798921], [-73.37419, 41.799702], [-73.375762, 41.800483], [-73.377071, 41.801265], [-73.378119, 41.802046], [-73.378643, 41.803022], [-73.378643, 41.804194], [-73.377857, 41.805952], [-73.3755, 41.809467]], "type": "LineString"}}, {"type": "Feature", "properties": {}, "geometry": {"coordinates": [[-73.107301, 41.765709], [-73.104944, 41.765709], [-73.103635, 41.765905], [-73.102587, 41.766296], [-73.101278, 41.767077], [-73.09892, 41.768836]], "type": "LineString"}}, {"type": "Feature", "properties": {}, "geometry": {"coordinates": [[-72.71129, 41.765709], [-72.712468, 41.767468], [-72.713516, 41.768543], [-72.714826, 41.76952], [-72.716528, 41.770594], [-72.718623, 41.771767], [-72.720195, 41.772939], [-72.721242, 41.774112], [-72.721766, 41.775284], [-72.721766, 41.776456], [-72.722028, 41.777628], [-72.722552, 41.778801], [-72.7236, 41.780266], [-72.725957, 41.782903]], "type": "LineString"}}, {"type": "Feature", "properties": {}, "geometry": {"coordinates": [[-72.677765, 41.765709], [-72.682479, 41.767468], [-72.684968, 41.76825], [-72.686801, 41.76864], [-72.688503, 41.768836], [-72.690075, 41.768836], [-72.691384, 41.768934], [-72.692432, 41.769129], [-72.693349, 41.76952], [-72.694527, 41.770399]], "type": "LineString"}}, {"type": "Feature", "properties": {}, "geometry": {"coordinates": [[-72.677765, 41.765709], [-72.675408, 41.767468], [-72.674098, 41.76825], [-72.673051, 41.76864], [-72.672003, 41.768836], [-72.670955, 41.768836], [-72.670039, 41.768934], [-72.669253, 41.769129], [-72.668467, 41.76952], [-72.667288, 41.770399]], "type": "LineString"}}, {"type": "Feature", "properties": {}, "geometry": {"coordinates": [[-72.656812, 41.765709], [-72.656812, 41.767273]], "type": "LineString"}}, {"type": "Feature", "properties": {}, "geometry": {"coordinates": [[-72.617001, 41.765709], [-72.617001, 41.769227], [-72.61687, 41.770985], [-72.616608, 41.772158], [-72.616085, 41.77333], [-72.614906, 41.775088]], "type": "LineString"}}, {"type": "Feature", "properties": {}, "geometry": {"coordinates": [[-72.709194, 41.764146], [-72.71129, 41.765709]], "type": "LineString"}}, {"type": "Feature", "properties": {}, "geometry": {"coordinates": [[-72.707099, 41.764146], [-72.709194, 41.764146]], "type": "LineString"}}, {"type": "Feature", "properties": {}, "geometry": {"coordinates": [[-72.707099, 41.764146], [-72.702385, 41.765905], [-72.700028, 41.766882], [-72.698456, 41.767663], [-72.696885, 41.76864], [-72.694527, 41.770399]], "type": "LineString"}}, {"type": "Feature", "properties": {}, "geometry": {"coordinates": [[-72.522713, 41.764146], [-72.524808, 41.764146]], "type": "LineString"}}, {"type": "Feature", "properties": {}, "geometry": {"coordinates": [[-72.522713, 41.764146], [-72.518522, 41.767273]], "type": "LineString"}}, {"type": "Feature", "properties": {}, "geometry": {"coordinates": [[-72.503855, 41.764146], [-72.509748, 41.765025], [-72.512498, 41.765514], [-72.51407, 41.765905], [-72.515248, 41.766393], [-72.516427, 41.767273]], "type": "LineString"}}, {"type": "Feature", "properties": {}, "geometry": {"coordinates": [[-72.707099, 41.762583], [-72.707099, 41.764146]], "type": "LineString"}}, {"type": "Feature", "properties": {}, "geometry": {"coordinates": [[-72.598144, 41.762583], [-72.600501, 41.764341], [-72.60181, 41.765123], [-72.602858, 41.765514], [-72.603906, 41.765709], [-72.604953, 41.765709], [-72.60587, 41.765612], [-72.606656, 41.765416], [-72.607311, 41.765123], [-72.607834, 41.764732], [-72.60862, 41.764439], [-72.609668, 41.764244], [-72.610977, 41.764146], [-72.612549, 41.764146], [-72.613858, 41.764244], [-72.614906, 41.764439], [-72.615823, 41.76483], [-72.617001, 41.765709]], "type": "LineString"}}, {"type": "Feature", "properties": {}, "geometry": {"coordinates": [[-72.598144, 41.762583], [-72.595786, 41.765221], [-72.594477, 41.766491], [-72.593429, 41.767273], [-72.59212, 41.767957], [-72.589762, 41.768836]], "type": "LineString"}}, {"type": "Feature", "properties": {}, "geometry": {"coordinates": [[-72.560428, 41.761019], [-72.560428, 41.762583]], "type": "LineString"}}, {"type": "Feature", "properties": {}, "geometry": {"coordinates": [[-71.921362, 41.761019], [-71.923457, 41.761019]], "type": "LineString"}}, {"type": "Feature", "properties": {}, "geometry": {"coordinates": [[-71.921362, 41.761019], [-71.919004, 41.764537], [-71.917957, 41.766589], [-71.917433, 41.768347], [-71.917171, 41.770204], [-71.917171, 41.772158], [-71.917302, 41.773721], [-71.917564, 41.774893], [-71.917957, 41.775675], [-71.918481, 41.776065], [-71.918743, 41.776456], [-71.918743, 41.776847], [-71.918481, 41.777238], [-71.917957, 41.777628], [-71.917564, 41.778312], [-71.917302, 41.779289], [-71.917171, 41.780559], [-71.917171, 41.782122], [-71.91704, 41.783392], [-71.916778, 41.784369], [-71.916385, 41.785052], [-71.915862, 41.785443], [-71.915469, 41.786029], [-71.915207, 41.78681], [-71.915076, 41.787787], [-71.915076, 41.788959], [-71.914945, 41.790034], [-71.914683, 41.79101], [-71.914159, 41.792085], [-71.91298, 41.793843]], "type": "LineString"}}, {"type": "Feature", "properties": {}, "geometry": {"coordinates": [[-73.191113, 41.759456], [-73.192292, 41.759456], [-73.193078, 41.759651], [-73.193864, 41.760042], [-73.19478, 41.760628], [-73.195828, 41.76141], [-73.196614, 41.76268], [-73.197137, 41.764439], [-73.197399, 41.766686], [-73.197399, 41.769422], [-73.197923, 41.771962], [-73.198971, 41.774307], [-73.200542, 41.776456], [-73.202638, 41.77841], [-73.204209, 41.780266], [-73.205257, 41.782024], [-73.205781, 41.784075], [-73.205781, 41.787592]], "type": "LineString"}}, {"type": "Feature", "properties": {}, "geometry": {"coordinates": [[-72.648431, 41.759456], [-72.646074, 41.761215], [-72.645026, 41.762387], [-72.644502, 41.76356], [-72.64424, 41.765318], [-72.64424, 41.768836]], "type": "LineString"}}, {"type": "Feature", "properties": {}, "geometry": {"coordinates": [[-72.558333, 41.759456], [-72.560428, 41.761019]], "type": "LineString"}}, {"type": "Feature", "properties": {}, "geometry": {"coordinates": [[-72.522713, 41.759456], [-72.521534, 41.761215], [-72.521141, 41.762094], [-72.521141, 41.76268], [-72.521534, 41.763267], [-72.522713, 41.764146]], "type": "LineString"}}, {"type": "Feature", "properties": {}, "geometry": {"coordinates": [[-72.878914, 41.757892], [-72.877735, 41.760531], [-72.876818, 41.761996], [-72.875771, 41.763169], [-72.874461, 41.764341], [-72.87289, 41.765514], [-72.871449, 41.766393], [-72.87014, 41.766979], [-72.868961, 41.767273], [-72.867913, 41.767273], [-72.866735, 41.767566], [-72.865425, 41.768152], [-72.863985, 41.769031], [-72.862413, 41.770204], [-72.861235, 41.771376], [-72.860449, 41.772548], [-72.860056, 41.773721], [-72.860056, 41.774893], [-72.860187, 41.77587], [-72.860449, 41.776651], [-72.860842, 41.777238], [-72.861366, 41.777628], [-72.861759, 41.77841], [-72.86202, 41.779582], [-72.862151, 41.781145], [-72.862151, 41.783099], [-72.862282, 41.784662], [-72.862544, 41.785834], [-72.863068, 41.786713], [-72.864247, 41.787592]], "type": "LineString"}}, {"type": "Feature", "properties": {}, "geometry": {"coordinates": [[-72.738529, 41.757892], [-72.738529, 41.767273]], "type": "LineString"}}, {"type": "Feature", "properties": {}, "geometry": {"coordinates": [[-72.705004, 41.757892], [-72.705004, 41.759651], [-72.705135, 41.760531], [-72.705397, 41.761117], [-72.705921, 41.761703], [-72.707099, 41.762583]], "type": "LineString"}}, {"type": "Feature", "properties": {}, "geometry": {"coordinates": [[-72.652621, 41.757892], [-72.654979, 41.759651], [-72.656026, 41.760726], [-72.65655, 41.761703], [-72.656812, 41.763071], [-72.656812, 41.765709]], "type": "LineString"}}, {"type": "Feature", "properties": {}, "geometry": {"coordinates": [[-72.652621, 41.757892], [-72.648431, 41.759456]], "type": "LineString"}}, {"type": "Feature", "properties": {}, "geometry": {"coordinates": [[-72.589762, 41.768836], [-72.587405, 41.767077], [-72.586096, 41.766296], [-72.585048, 41.765905], [-72.584, 41.765709], [-72.582953, 41.765709], [-72.581905, 41.765514], [-72.580857, 41.765123], [-72.57981, 41.764537], [-72.578762, 41.763755], [-72.577976, 41.762973], [-72.577453, 41.762192], [-72.577191, 41.76141], [-72.577191, 41.760628], [-72.57706, 41.759944], [-72.576798, 41.759358], [-72.576405, 41.758869], [-72.575881, 41.758479], [-72.574833, 41.758185], [-72.573262, 41.75799], [-72.571167, 41.757892], [-72.568547, 41.757892], [-72.566321, 41.758088], [-72.564488, 41.758479], [-72.562785, 41.75926], [-72.560428, 41.761019]], "type": "LineString"}}, {"type": "Feature", "properties": {}, "geometry": {"coordinates": [[-72.881009, 41.756329], [-72.882188, 41.757208], [-72.882973, 41.757599], [-72.883759, 41.757795], [-72.884938, 41.757892], [-72.887295, 41.757892]], "type": "LineString"}}, {"type": "Feature", "properties": {}, "geometry": {"coordinates": [[-72.878914, 41.756329], [-72.881009, 41.756329]], "type": "LineString"}}, {"type": "Feature", "properties": {}, "geometry": {"coordinates": [[-72.878914, 41.756329], [-72.878914, 41.757892]], "type": "LineString"}}, {"type": "Feature", "properties": {}, "geometry": {"coordinates": [[-72.738529, 41.757892], [-72.73735, 41.757013], [-72.736695, 41.75672], [-72.736171, 41.75672], [-72.735648, 41.756915], [-72.735124, 41.757306], [-72.734338, 41.757599], [-72.73329, 41.757795], [-72.731981, 41.757892], [-72.730409, 41.757892], [-72.728838, 41.758088], [-72.727266, 41.758479], [-72.725695, 41.759065], [-72.724124, 41.759847], [-72.722683, 41.760433], [-72.721373, 41.760824], [-72.720195, 41.761019], [-72.719147, 41.761019], [-72.717969, 41.761312], [-72.716659, 41.761899], [-72.714826, 41.763071], [-72.71129, 41.765709]], "type": "LineString"}}, {"type": "Feature", "properties": {}, "geometry": {"coordinates": [[-72.637954, 41.756329], [-72.639133, 41.757208], [-72.64005, 41.757599], [-72.641097, 41.757795], [-72.642407, 41.757892], [-72.643978, 41.757892], [-72.645288, 41.75799], [-72.646335, 41.758185], [-72.647252, 41.758576], [-72.648431, 41.759456]], "type": "LineString"}}, {"type": "Feature", "properties": {}, "geometry": {"coordinates": [[-72.637954, 41.756329], [-72.630883, 41.760726], [-72.627347, 41.76268], [-72.62499, 41.763657], [-72.623025, 41.764146], [-72.621454, 41.764146], [-72.620144, 41.764244], [-72.619097, 41.764439], [-72.61818, 41.76483], [-72.617001, 41.765709]], "type": "LineString"}}, {"type": "Feature", "properties": {}, "geometry": {"coordinates": [[-72.591858, 41.756329], [-72.593036, 41.756329], [-72.593822, 41.756524], [-72.594608, 41.756915], [-72.595524, 41.757501], [-72.596572, 41.758283], [-72.597358, 41.759065], [-72.597882, 41.759847], [-72.598144, 41.760824], [-72.598144, 41.762583]], "type": "LineString"}}, {"type": "Feature", "properties": {}, "geometry": {"coordinates": [[-72.816055, 41.754765], [-72.817233, 41.755645], [-72.817757, 41.757501], [-72.818019, 41.760628], [-72.81815, 41.765123], [-72.81815, 41.770985], [-72.818019, 41.775479], [-72.817757, 41.778605], [-72.817364, 41.780364], [-72.816841, 41.780754], [-72.816448, 41.78134], [-72.816186, 41.782122], [-72.816055, 41.783099], [-72.816055, 41.784271], [-72.815924, 41.785248], [-72.815662, 41.786029], [-72.815269, 41.786615], [-72.814745, 41.787006], [-72.814352, 41.78769], [-72.81409, 41.788666], [-72.813959, 41.789936], [-72.813959, 41.791499], [-72.814221, 41.792866], [-72.814745, 41.794038], [-72.815531, 41.795015], [-72.816579, 41.795796], [-72.817364, 41.796772], [-72.817888, 41.797944], [-72.81815, 41.799702], [-72.81815, 41.803218]], "type": "LineString"}}, {"type": "Feature", "properties": {}, "geometry": {"coordinates": [[-72.813959, 41.754765], [-72.816055, 41.754765]], "type": "LineString"}}, {"type": "Feature", "properties": {}, "geometry": {"coordinates": [[-73.186923, 41.753202], [-73.189018, 41.756329]], "type": "LineString"}}, {"type": "Feature", "properties": {}, "geometry": {"coordinates": [[-73.186923, 41.751638], [-73.186923, 41.753202]], "type": "LineString"}}, {"type": "Feature", "properties": {}, "geometry": {"coordinates": [[-73.184828, 41.751638], [-73.186923, 41.751638]], "type": "LineString"}}, {"type": "Feature", "properties": {}, "geometry": {"coordinates": [[-73.184828, 41.751638], [-73.18247, 41.753397], [-73.181423, 41.754374], [-73.180899, 41.755156], [-73.180637, 41.755938], [-73.180637, 41.75672], [-73.180375, 41.757501], [-73.179851, 41.758283], [-73.179066, 41.759065], [-73.178018, 41.759847], [-73.177232, 41.760824], [-73.176708, 41.761996], [-73.176446, 41.763364], [-73.176446, 41.764928], [-73.175792, 41.766686], [-73.174482, 41.76864], [-73.171863, 41.771376], [-73.16597, 41.776651]], "type": "LineString"}}, {"type": "Feature", "properties": {}, "geometry": {"coordinates": [[-72.681956, 41.751638], [-72.681956, 41.755156], [-72.681694, 41.757013], [-72.68117, 41.758381], [-72.680384, 41.759651], [-72.679336, 41.760824], [-72.678551, 41.761899], [-72.678027, 41.762876], [-72.677765, 41.763951], [-72.677765, 41.765709]], "type": "LineString"}}, {"type": "Feature", "properties": {}, "geometry": {"coordinates": [[-72.656812, 41.751638], [-72.652621, 41.757892]], "type": "LineString"}}, {"type": "Feature", "properties": {}, "geometry": {"coordinates": [[-72.74691, 41.750074], [-72.74691, 41.751833], [-72.746386, 41.752908], [-72.745338, 41.753886], [-72.743243, 41.755254], [-72.738529, 41.757892]], "type": "LineString"}}, {"type": "Feature", "properties": {}, "geometry": {"coordinates": [[-72.681956, 41.750074], [-72.681956, 41.751638]], "type": "LineString"}}, {"type": "Feature", "properties": {}, "geometry": {"coordinates": [[-72.67986, 41.750074], [-72.681956, 41.750074]], "type": "LineString"}}, {"type": "Feature", "properties": {}, "geometry": {"coordinates": [[-72.824436, 41.748511], [-72.825615, 41.74939], [-72.826138, 41.750074], [-72.8264, 41.750856], [-72.826531, 41.752127], [-72.826531, 41.754765]], "type": "LineString"}}, {"type": "Feature", "properties": {}, "geometry": {"coordinates": [[-72.820245, 41.748511], [-72.824436, 41.748511]], "type": "LineString"}}, {"type": "Feature", "properties": {}, "geometry": {"coordinates": [[-72.820245, 41.748511], [-72.816055, 41.754765]], "type": "LineString"}}, {"type": "Feature", "properties": {}, "geometry": {"coordinates": [[-72.749005, 41.748511], [-72.7511, 41.748511]], "type": "LineString"}}, {"type": "Feature", "properties": {}, "geometry": {"coordinates": [[-72.74691, 41.748511], [-72.749005, 41.748511]], "type": "LineString"}}, {"type": "Feature", "properties": {}, "geometry": {"coordinates": [[-72.74691, 41.748511], [-72.74691, 41.750074]], "type": "LineString"}}, {"type": "Feature", "properties": {}, "geometry": {"coordinates": [[-72.684051, 41.748511], [-72.681956, 41.750074]], "type": "LineString"}}, {"type": "Feature", "properties": {}, "geometry": {"coordinates": [[-73.350356, 41.746947], [-73.352452, 41.756329]], "type": "LineString"}}, {"type": "Feature", "properties": {}, "geometry": {"coordinates": [[-73.199495, 41.746947], [-73.19478, 41.747827], [-73.192423, 41.748413], [-73.190852, 41.748999], [-73.18928, 41.749879], [-73.186923, 41.751638]], "type": "LineString"}}, {"type": "Feature", "properties": {}, "geometry": {"coordinates": [[-72.665193, 41.746947], [-72.666372, 41.747827], [-72.66755, 41.748217], [-72.669122, 41.748413], [-72.671217, 41.748511], [-72.673836, 41.748511], [-72.675932, 41.748608], [-72.677503, 41.748804], [-72.678682, 41.749195], [-72.67986, 41.750074]], "type": "LineString"}}, {"type": "Feature", "properties": {}, "geometry": {"coordinates": [[-72.665193, 41.746947], [-72.661657, 41.749586], [-72.659955, 41.750758], [-72.658907, 41.751345], [-72.657991, 41.751638], [-72.656812, 41.751638]], "type": "LineString"}}, {"type": "Feature", "properties": {}, "geometry": {"coordinates": [[-72.650526, 41.746947], [-72.656812, 41.751638]], "type": "LineString"}}, {"type": "Feature", "properties": {}, "geometry": {"coordinates": [[-72.648431, 41.746947], [-72.650526, 41.746947]], "type": "LineString"}}, {"type": "Feature", "properties": {}, "geometry": {"coordinates": [[-72.646335, 41.746947], [-72.648431, 41.746947]], "type": "LineString"}}, {"type": "Feature", "properties": {}, "geometry": {"coordinates": [[-71.904599, 41.746947], [-71.905778, 41.747827], [-71.906564, 41.748217], [-71.907349, 41.748413], [-71.908266, 41.748511], [-71.909314, 41.748511], [-71.910623, 41.748902], [-71.912195, 41.749683], [-71.914028, 41.750856], [-71.916123, 41.75242], [-71.917695, 41.753886], [-71.918743, 41.755254], [-71.919266, 41.756524], [-71.919266, 41.757697], [-71.919397, 41.758674], [-71.919659, 41.759456], [-71.920183, 41.76014], [-71.921362, 41.761019]], "type": "LineString"}}, {"type": "Feature", "properties": {}, "geometry": {"coordinates": [[-71.904599, 41.746947], [-71.899885, 41.753104], [-71.89779, 41.756329], [-71.896742, 41.758674], [-71.896218, 41.760824], [-71.896218, 41.762778], [-71.896087, 41.764341], [-71.895825, 41.765514], [-71.895432, 41.766296], [-71.894909, 41.766686], [-71.894516, 41.767273], [-71.894254, 41.768054], [-71.894123, 41.769031], [-71.894123, 41.770204], [-71.893992, 41.771181], [-71.89373, 41.771962], [-71.893337, 41.772548], [-71.892813, 41.772939], [-71.892289, 41.773721], [-71.891766, 41.774893], [-71.891242, 41.776456], [-71.890718, 41.77841], [-71.889801, 41.780266], [-71.888492, 41.782024], [-71.886789, 41.783685], [-71.884694, 41.785248], [-71.883122, 41.786908], [-71.882075, 41.788666], [-71.881551, 41.790522], [-71.881551, 41.792475], [-71.881289, 41.794136], [-71.880765, 41.795503], [-71.879718, 41.796772], [-71.87736, 41.79853]], "type": "LineString"}}, {"type": "Feature", "properties": {}, "geometry": {"coordinates": [[-72.650526, 41.745383], [-72.650526, 41.746947]], "type": "LineString"}}, {"type": "Feature", "properties": {}, "geometry": {"coordinates": [[-72.629573, 41.743819], [-72.633109, 41.746458], [-72.63468, 41.748022], [-72.635466, 41.74939], [-72.635859, 41.750856], [-72.635859, 41.75242], [-72.63599, 41.75369], [-72.636252, 41.754668], [-72.636776, 41.755449], [-72.637954, 41.756329]], "type": "LineString"}}, {"type": "Feature", "properties": {}, "geometry": {"coordinates": [[-72.629573, 41.743819], [-72.628394, 41.744699], [-72.627609, 41.74509], [-72.626823, 41.745285], [-72.625644, 41.745383], [-72.623287, 41.745383]], "type": "LineString"}}, {"type": "Feature", "properties": {}, "geometry": {"coordinates": [[-72.348803, 41.742255], [-72.348803, 41.743819]], "type": "LineString"}}, {"type": "Feature", "properties": {}, "geometry": {"coordinates": [[-72.713385, 41.740692], [-72.715742, 41.743331], [-72.71679, 41.744797], [-72.717314, 41.74597], [-72.717576, 41.747436], [-72.717576, 41.750074]], "type": "LineString"}}, {"type": "Feature", "properties": {}, "geometry": {"coordinates": [[-72.700813, 41.740692], [-72.697277, 41.74421], [-72.695313, 41.745774], [-72.693742, 41.746556], [-72.69217, 41.746947], [-72.690599, 41.746947], [-72.689158, 41.747045], [-72.687849, 41.74724], [-72.686408, 41.747631], [-72.684051, 41.748511]], "type": "LineString"}}, {"type": "Feature", "properties": {}, "geometry": {"coordinates": [[-72.348803, 41.740692], [-72.348803, 41.742255]], "type": "LineString"}}, {"type": "Feature", "properties": {}, "geometry": {"coordinates": [[-72.346708, 41.740692], [-72.348803, 41.740692]], "type": "LineString"}}, {"type": "Feature", "properties": {}, "geometry": {"coordinates": [[-72.705004, 41.739128], [-72.706182, 41.740007], [-72.707099, 41.740398], [-72.708147, 41.740594], [-72.709849, 41.740692], [-72.713385, 41.740692]], "type": "LineString"}}, {"type": "Feature", "properties": {}, "geometry": {"coordinates": [[-72.705004, 41.739128], [-72.700813, 41.740692]], "type": "LineString"}}, {"type": "Feature", "properties": {}, "geometry": {"coordinates": [[-72.681956, 41.737564], [-72.681956, 41.742842], [-72.682087, 41.745285], [-72.682348, 41.746654], [-72.682872, 41.747631], [-72.684051, 41.748511]], "type": "LineString"}}, {"type": "Feature", "properties": {}, "geometry": {"coordinates": [[-73.33988, 41.736], [-73.342237, 41.739519], [-73.343678, 41.741376], [-73.344987, 41.742744], [-73.34682, 41.744308], [-73.350356, 41.746947]], "type": "LineString"}}, {"type": "Feature", "properties": {}, "geometry": {"coordinates": [[-73.33988, 41.736], [-73.333594, 41.737564]], "type": "LineString"}}, {"type": "Feature", "properties": {}, "geometry": {"coordinates": [[-72.828627, 41.736], [-72.828627, 41.737759], [-72.828496, 41.738639], [-72.828234, 41.739225], [-72.827841, 41.739714], [-72.827317, 41.740105], [-72.826924, 41.740789], [-72.826662, 41.741767], [-72.826531, 41.743037], [-72.826531, 41.744601], [-72.8264, 41.745872], [-72.826138, 41.746849], [-72.825615, 41.747631], [-72.824436, 41.748511]], "type": "LineString"}}, {"type": "Feature", "properties": {}, "geometry": {"coordinates": [[-72.742719, 41.736], [-72.742719, 41.741278], [-72.742981, 41.743819], [-72.743505, 41.745383], [-72.744553, 41.746751], [-72.74691, 41.748511]], "type": "LineString"}}, {"type": "Feature", "properties": {}, "geometry": {"coordinates": [[-72.692432, 41.736], [-72.700813, 41.740692]], "type": "LineString"}}, {"type": "Feature", "properties": {}, "geometry": {"coordinates": [[-72.690337, 41.736], [-72.692432, 41.736]], "type": "LineString"}}, {"type": "Feature", "properties": {}, "geometry": {"coordinates": [[-72.690337, 41.736], [-72.686801, 41.736], [-72.685099, 41.736097], [-72.684051, 41.736293], [-72.683134, 41.736684], [-72.681956, 41.737564]], "type": "LineString"}}, {"type": "Feature", "properties": {}, "geometry": {"coordinates": [[-72.654717, 41.736], [-72.652359, 41.737759], [-72.651312, 41.738932], [-72.650788, 41.740105], [-72.650526, 41.741864], [-72.650526, 41.745383]], "type": "LineString"}}, {"type": "Feature", "properties": {}, "geometry": {"coordinates": [[-72.357184, 41.736], [-72.359279, 41.736]], "type": "LineString"}}, {"type": "Feature", "properties": {}, "geometry": {"coordinates": [[-72.357184, 41.736], [-72.348803, 41.740692]], "type": "LineString"}}, {"type": "Feature", "properties": {}, "geometry": {"coordinates": [[-72.878914, 41.756329], [-72.865949, 41.748413], [-72.859663, 41.744894], [-72.855735, 41.743135], [-72.852723, 41.742255], [-72.850627, 41.742255], [-72.848532, 41.741864], [-72.846437, 41.741083], [-72.844341, 41.73991], [-72.842246, 41.738346], [-72.840413, 41.737173], [-72.838841, 41.736391], [-72.837532, 41.736], [-72.836484, 41.736], [-72.835567, 41.735902], [-72.834782, 41.735706], [-72.834127, 41.735413], [-72.833603, 41.735022], [-72.832948, 41.734827], [-72.832162, 41.734827], [-72.830984, 41.73512], [-72.828627, 41.736]], "type": "LineString"}}, {"type": "Feature", "properties": {}, "geometry": {"coordinates": [[-72.742719, 41.734436], [-72.742719, 41.736]], "type": "LineString"}}, {"type": "Feature", "properties": {}, "geometry": {"coordinates": [[-72.740624, 41.734436], [-72.742719, 41.734436]], "type": "LineString"}}, {"type": "Feature", "properties": {}, "geometry": {"coordinates": [[-72.692432, 41.734436], [-72.692432, 41.736]], "type": "LineString"}}, {"type": "Feature", "properties": {}, "geometry": {"coordinates": [[-72.67567, 41.734436], [-72.681956, 41.737564]], "type": "LineString"}}, {"type": "Feature", "properties": {}, "geometry": {"coordinates": [[-72.67567, 41.734436], [-72.670955, 41.737075], [-72.66886, 41.738639], [-72.667812, 41.740007], [-72.667288, 41.741473], [-72.667288, 41.743037], [-72.667158, 41.744308], [-72.666896, 41.745285], [-72.666372, 41.746067], [-72.665193, 41.746947]], "type": "LineString"}}, {"type": "Feature", "properties": {}, "geometry": {"coordinates": [[-72.602334, 41.734436], [-72.604429, 41.734436]], "type": "LineString"}}, {"type": "Feature", "properties": {}, "geometry": {"coordinates": [[-72.602334, 41.734436], [-72.601156, 41.735315], [-72.600632, 41.736], [-72.60037, 41.736782], [-72.600239, 41.737759], [-72.600239, 41.738932], [-72.600108, 41.73991], [-72.599846, 41.740692], [-72.599453, 41.741278], [-72.598929, 41.741669], [-72.598144, 41.741962], [-72.597096, 41.742158], [-72.595394, 41.742255], [-72.591858, 41.742255]], "type": "LineString"}}, {"type": "Feature", "properties": {}, "geometry": {"coordinates": [[-72.357184, 41.734436], [-72.357184, 41.736]], "type": "LineString"}}, {"type": "Feature", "properties": {}, "geometry": {"coordinates": [[-71.900409, 41.734436], [-71.900409, 41.736195], [-71.90054, 41.737075], [-71.900802, 41.737661], [-71.901194, 41.73815], [-71.901718, 41.738541], [-71.902111, 41.739225], [-71.902373, 41.740203], [-71.902504, 41.741473], [-71.902504, 41.743037], [-71.902635, 41.744308], [-71.902897, 41.745285], [-71.903421, 41.746067], [-71.904599, 41.746947]], "type": "LineString"}}, {"type": "Feature", "properties": {}, "geometry": {"coordinates": [[-72.824436, 41.732871], [-72.828627, 41.736]], "type": "LineString"}}, {"type": "Feature", "properties": {}, "geometry": {"coordinates": [[-72.824436, 41.732871], [-72.8209, 41.735511], [-72.819329, 41.73727], [-72.818543, 41.73903], [-72.81815, 41.741083], [-72.81815, 41.743428], [-72.818281, 41.745285], [-72.818543, 41.746654], [-72.819067, 41.747631], [-72.820245, 41.748511]], "type": "LineString"}}, {"type": "Feature", "properties": {}, "geometry": {"coordinates": [[-72.692432, 41.732871], [-72.692432, 41.734436]], "type": "LineString"}}, {"type": "Feature", "properties": {}, "geometry": {"coordinates": [[-72.367661, 41.732871], [-72.365303, 41.734631], [-72.363994, 41.735413], [-72.362946, 41.735804], [-72.361637, 41.736], [-72.359279, 41.736]], "type": "LineString"}}, {"type": "Feature", "properties": {}, "geometry": {"coordinates": [[-71.900409, 41.732871], [-71.900409, 41.734436]], "type": "LineString"}}, {"type": "Feature", "properties": {}, "geometry": {"coordinates": [[-71.898313, 41.732871], [-71.900409, 41.732871]], "type": "LineString"}}, {"type": "Feature", "properties": {}, "geometry": {"coordinates": [[-71.896218, 41.732871], [-71.898313, 41.732871]], "type": "LineString"}}, {"type": "Feature", "properties": {}, "geometry": {"coordinates": [[-72.790911, 41.731307], [-72.79209, 41.732187], [-72.792614, 41.732871], [-72.792876, 41.733654], [-72.793006, 41.734924], [-72.793006, 41.737564]], "type": "LineString"}}, {"type": "Feature", "properties": {}, "geometry": {"coordinates": [[-72.786721, 41.731307], [-72.790911, 41.731307]], "type": "LineString"}}, {"type": "Feature", "properties": {}, "geometry": {"coordinates": [[-72.730147, 41.731307], [-72.731326, 41.732187], [-72.732243, 41.732578], [-72.73329, 41.732774], [-72.7346, 41.732871], [-72.736171, 41.732871], [-72.737481, 41.732969], [-72.738529, 41.733165], [-72.739445, 41.733556], [-72.740624, 41.734436]], "type": "LineString"}}, {"type": "Feature", "properties": {}, "geometry": {"coordinates": [[-72.730147, 41.731307], [-72.728969, 41.732187], [-72.727921, 41.732676], [-72.726612, 41.733067], [-72.724909, 41.733458], [-72.722814, 41.733849], [-72.72085, 41.734533], [-72.719016, 41.735511], [-72.716921, 41.737173], [-72.713385, 41.740692]], "type": "LineString"}}, {"type": "Feature", "properties": {}, "geometry": {"coordinates": [[-72.705004, 41.731307], [-72.705004, 41.739128]], "type": "LineString"}}, {"type": "Feature", "properties": {}, "geometry": {"coordinates": [[-72.625382, 41.731307], [-72.625382, 41.732187], [-72.625644, 41.732774], [-72.626168, 41.73336], [-72.626954, 41.734045], [-72.628002, 41.734827], [-72.628787, 41.735902], [-72.629311, 41.73727], [-72.629573, 41.739421], [-72.629573, 41.743819]], "type": "LineString"}}, {"type": "Feature", "properties": {}, "geometry": {"coordinates": [[-72.531094, 41.731307], [-72.532273, 41.732187], [-72.532796, 41.732871], [-72.533058, 41.733654], [-72.533189, 41.734631], [-72.533189, 41.735804], [-72.53332, 41.736782], [-72.533582, 41.737564], [-72.533975, 41.73815], [-72.534499, 41.738541], [-72.534892, 41.739128], [-72.535154, 41.73991], [-72.535285, 41.740887], [-72.535285, 41.74206], [-72.535416, 41.743037], [-72.535677, 41.743819], [-72.53607, 41.744406], [-72.536594, 41.744797], [-72.536987, 41.745872], [-72.537249, 41.747631], [-72.53738, 41.750074], [-72.53738, 41.753202], [-72.537249, 41.755742], [-72.536987, 41.757697], [-72.536463, 41.75926], [-72.535285, 41.761019]], "type": "LineString"}}, {"type": "Feature", "properties": {}, "geometry": {"coordinates": [[-72.528999, 41.731307], [-72.531094, 41.731307]], "type": "LineString"}}, {"type": "Feature", "properties": {}, "geometry": {"coordinates": [[-72.367661, 41.731307], [-72.367661, 41.732871]], "type": "LineString"}}, {"type": "Feature", "properties": {}, "geometry": {"coordinates": [[-72.25661, 41.731307], [-72.258967, 41.733067], [-72.260015, 41.734142], [-72.260538, 41.73512], [-72.2608, 41.736195], [-72.2608, 41.737368], [-72.260669, 41.738346], [-72.260407, 41.739128], [-72.260015, 41.739714], [-72.259491, 41.740105], [-72.259098, 41.74118], [-72.258836, 41.74294], [-72.258705, 41.745383], [-72.258705, 41.748511], [-72.258967, 41.751149], [-72.259491, 41.753299], [-72.260276, 41.754961], [-72.261324, 41.756133], [-72.262241, 41.757501], [-72.263027, 41.759065], [-72.263681, 41.760824], [-72.264205, 41.762778], [-72.264991, 41.76483], [-72.266039, 41.766979], [-72.267348, 41.769227], [-72.26892, 41.771571], [-72.270098, 41.773623], [-72.270884, 41.775382], [-72.271277, 41.776847], [-72.271277, 41.778019], [-72.271539, 41.779191], [-72.272063, 41.780364], [-72.272848, 41.781536], [-72.273896, 41.782708], [-72.273896, 41.784075], [-72.272848, 41.785638], [-72.270753, 41.787396], [-72.26761, 41.78935], [-72.264991, 41.790815], [-72.262896, 41.791792], [-72.261324, 41.79228], [-72.260276, 41.79228], [-72.259229, 41.792475], [-72.258181, 41.792866], [-72.257134, 41.793452], [-72.256086, 41.794233], [-72.254907, 41.794819], [-72.253598, 41.79521], [-72.252157, 41.795405], [-72.250586, 41.795405], [-72.249014, 41.795698], [-72.247443, 41.796284], [-72.245478, 41.797456], [-72.241943, 41.800093]], "type": "LineString"}}, {"type": "Feature", "properties": {}, "geometry": {"coordinates": [[-72.116225, 41.731307], [-72.115046, 41.732187], [-72.114522, 41.732774], [-72.11426, 41.73336], [-72.114129, 41.734045], [-72.114129, 41.734827], [-72.113605, 41.735902], [-72.112558, 41.73727], [-72.110986, 41.738932], [-72.108891, 41.740887], [-72.10732, 41.742549], [-72.106272, 41.743917], [-72.105748, 41.744992], [-72.105748, 41.745774], [-72.105486, 41.746751], [-72.104962, 41.747924], [-72.103915, 41.749683], [-72.101557, 41.753202]], "type": "LineString"}}, {"type": "Feature", "properties": {}, "geometry": {"coordinates": [[-72.67567, 41.729743], [-72.67567, 41.734436]], "type": "LineString"}}, {"type": "Feature", "properties": {}, "geometry": {"coordinates": [[-71.904599, 41.72505], [-71.903421, 41.72857], [-71.902766, 41.730232], [-71.902242, 41.73121], [-71.901587, 41.731992], [-71.900409, 41.732871]], "type": "LineString"}}, {"type": "Feature", "properties": {}, "geometry": {"coordinates": [[-73.333594, 41.723486], [-73.334772, 41.723486], [-73.335558, 41.723682], [-73.336344, 41.724073], [-73.337261, 41.724659], [-73.338308, 41.725442], [-73.339094, 41.726321], [-73.339618, 41.727299], [-73.33988, 41.728375], [-73.33988, 41.729548], [-73.340011, 41.730525], [-73.340273, 41.731307], [-73.340666, 41.731894], [-73.341189, 41.732285], [-73.341451, 41.732774], [-73.341451, 41.73336], [-73.341058, 41.73424], [-73.33988, 41.736]], "type": "LineString"}}, {"type": "Feature", "properties": {}, "geometry": {"coordinates": [[-73.233019, 41.723486], [-73.230662, 41.725246], [-73.229091, 41.726028], [-73.227519, 41.726419], [-73.225686, 41.726615], [-73.223591, 41.726615], [-73.221626, 41.726908], [-73.219793, 41.727495], [-73.21809, 41.728375], [-73.216519, 41.729548], [-73.21534, 41.730525], [-73.214555, 41.731307], [-73.214162, 41.731992], [-73.214162, 41.732871]], "type": "LineString"}}, {"type": "Feature", "properties": {}, "geometry": {"coordinates": [[-72.438901, 41.770399], [-72.438901, 41.766882], [-72.43877, 41.765221], [-72.438508, 41.764244], [-72.438115, 41.76356], [-72.437591, 41.763169], [-72.437198, 41.762192], [-72.436936, 41.760628], [-72.436805, 41.758479], [-72.436805, 41.755742], [-72.436675, 41.753593], [-72.436413, 41.752029], [-72.43602, 41.751052], [-72.435496, 41.750661], [-72.435103, 41.750074], [-72.434841, 41.749292], [-72.43471, 41.748315], [-72.43471, 41.747142], [-72.434579, 41.746165], [-72.434317, 41.745383], [-72.433924, 41.744797], [-72.433401, 41.744406], [-72.433008, 41.743135], [-72.432746, 41.740985], [-72.432615, 41.737955], [-72.432615, 41.734045], [-72.432484, 41.731014], [-72.432222, 41.728863], [-72.431829, 41.727592], [-72.431305, 41.727201], [-72.43052, 41.726908], [-72.429472, 41.726713], [-72.428162, 41.726615], [-72.426591, 41.726615], [-72.42515, 41.726419], [-72.423841, 41.726028], [-72.422662, 41.725442], [-72.421615, 41.724659], [-72.419912, 41.724073], [-72.417555, 41.723682], [-72.414543, 41.723486], [-72.410876, 41.723486], [-72.407602, 41.723682], [-72.404721, 41.724073], [-72.402233, 41.724659], [-72.400138, 41.725442], [-72.398173, 41.726028], [-72.39634, 41.726419], [-72.394638, 41.726615], [-72.393066, 41.726615], [-72.391495, 41.726908], [-72.389923, 41.727495], [-72.388352, 41.728375], [-72.38678, 41.729548], [-72.385209, 41.730428], [-72.383637, 41.731014], [-72.382066, 41.731307], [-72.380494, 41.731307], [-72.378923, 41.731503], [-72.377351, 41.731894], [-72.37578, 41.73248], [-72.374208, 41.733263], [-72.372768, 41.733751], [-72.371458, 41.733947], [-72.370018, 41.733751], [-72.367661, 41.732871]], "type": "LineString"}}, {"type": "Feature", "properties": {}, "geometry": {"coordinates": [[-72.088986, 41.723486], [-72.092522, 41.726126], [-72.094879, 41.727299], [-72.097236, 41.727886], [-72.099986, 41.728179], [-72.103129, 41.728179], [-72.10601, 41.728375], [-72.108629, 41.728766], [-72.11151, 41.729548], [-72.116225, 41.731307]], "type": "LineString"}}, {"type": "Feature", "properties": {}, "geometry": {"coordinates": [[-72.08689, 41.723486], [-72.088986, 41.723486]], "type": "LineString"}}, {"type": "Feature", "properties": {}, "geometry": {"coordinates": [[-72.08689, 41.723486], [-72.084533, 41.723486], [-72.082438, 41.724073], [-72.079819, 41.725246], [-72.076414, 41.727006], [-72.072223, 41.729352], [-72.068949, 41.731307], [-72.066592, 41.732871], [-72.065152, 41.734045], [-72.064628, 41.734827], [-72.064235, 41.735804], [-72.063973, 41.736977], [-72.063842, 41.738346], [-72.063842, 41.73991], [-72.063711, 41.74118], [-72.063449, 41.742158], [-72.063056, 41.742842], [-72.062533, 41.743233], [-72.06214, 41.744015], [-72.061878, 41.745188], [-72.061747, 41.746751], [-72.061747, 41.748706], [-72.061354, 41.750661], [-72.060568, 41.752615], [-72.05939, 41.75457], [-72.057818, 41.756524], [-72.056639, 41.758576], [-72.055854, 41.760726], [-72.055461, 41.76356], [-72.055461, 41.768836]], "type": "LineString"}}, {"type": "Feature", "properties": {}, "geometry": {"coordinates": [[-72.763672, 41.721922], [-72.763672, 41.722802], [-72.76341, 41.723388], [-72.762887, 41.723975], [-72.762101, 41.724659], [-72.761053, 41.725442], [-72.760006, 41.726028], [-72.758958, 41.726419], [-72.75791, 41.726615], [-72.756863, 41.726615], [-72.755291, 41.727104], [-72.753196, 41.728081], [-72.749791, 41.730036], [-72.742719, 41.734436]], "type": "LineString"}}, {"type": "Feature", "properties": {}, "geometry": {"coordinates": [[-72.688241, 41.721922], [-72.687063, 41.721922], [-72.685884, 41.722411], [-72.684313, 41.723388], [-72.681563, 41.725344], [-72.67567, 41.729743]], "type": "LineString"}}, {"type": "Feature", "properties": {}, "geometry": {"coordinates": [[-72.124606, 41.721922], [-72.123427, 41.725442], [-72.12251, 41.727201], [-72.121463, 41.728375], [-72.11976, 41.729548], [-72.116225, 41.731307]], "type": "LineString"}}, {"type": "Feature", "properties": {}, "geometry": {"coordinates": [[-72.088986, 41.721922], [-72.088986, 41.723486]], "type": "LineString"}}, {"type": "Feature", "properties": {}, "geometry": {"coordinates": [[-72.577191, 41.720357], [-72.578369, 41.721237], [-72.578893, 41.721824], [-72.579155, 41.722411], [-72.579286, 41.723095], [-72.579286, 41.723877], [-72.579548, 41.724659], [-72.580072, 41.725442], [-72.580857, 41.726224], [-72.581905, 41.727006], [-72.582953, 41.727592], [-72.584, 41.727983], [-72.585048, 41.728179], [-72.586096, 41.728179], [-72.587143, 41.728375], [-72.588191, 41.728766], [-72.589239, 41.729352], [-72.590286, 41.730134], [-72.591203, 41.730623], [-72.591989, 41.730819], [-72.592643, 41.730721], [-72.593167, 41.73033], [-72.594084, 41.73033], [-72.595394, 41.730721], [-72.59762, 41.731796], [-72.602334, 41.734436]], "type": "LineString"}}, {"type": "Feature", "properties": {}, "geometry": {"coordinates": [[-72.223085, 41.718793], [-72.22518, 41.720357]], "type": "LineString"}}, {"type": "Feature", "properties": {}, "geometry": {"coordinates": [[-72.214704, 41.718793], [-72.214704, 41.720357]], "type": "LineString"}}, {"type": "Feature", "properties": {}, "geometry": {"coordinates": [[-72.738529, 41.717229], [-72.742719, 41.717229]], "type": "LineString"}}, {"type": "Feature", "properties": {}, "geometry": {"coordinates": [[-72.738529, 41.717229], [-72.730147, 41.731307]], "type": "LineString"}}, {"type": "Feature", "properties": {}, "geometry": {"coordinates": [[-72.577191, 41.720357], [-72.576012, 41.719477], [-72.573262, 41.718989], [-72.568547, 41.718597], [-72.561738, 41.718206], [-72.552833, 41.717815], [-72.545892, 41.717717], [-72.540916, 41.717913], [-72.537904, 41.718402], [-72.536856, 41.719184], [-72.53607, 41.720162], [-72.535547, 41.721335], [-72.535285, 41.722704], [-72.535285, 41.724268], [-72.535023, 41.725735], [-72.534499, 41.727104], [-72.533451, 41.728668], [-72.531094, 41.731307]], "type": "LineString"}}, {"type": "Feature", "properties": {}, "geometry": {"coordinates": [[-72.216799, 41.717229], [-72.219156, 41.717229], [-72.220335, 41.717326], [-72.221121, 41.717522], [-72.221906, 41.717913], [-72.223085, 41.718793]], "type": "LineString"}}, {"type": "Feature", "properties": {}, "geometry": {"coordinates": [[-72.214704, 41.717229], [-72.216799, 41.717229]], "type": "LineString"}}, {"type": "Feature", "properties": {}, "geometry": {"coordinates": [[-72.214704, 41.717229], [-72.214704, 41.718793]], "type": "LineString"}}, {"type": "Feature", "properties": {}, "geometry": {"coordinates": [[-73.480265, 41.728179], [-73.476729, 41.725539], [-73.475158, 41.724171], [-73.474372, 41.723193], [-73.473979, 41.722313], [-73.473979, 41.721531], [-73.473717, 41.720651], [-73.473193, 41.719673], [-73.472408, 41.718597], [-73.47136, 41.717424], [-73.47005, 41.716544], [-73.468479, 41.715957], [-73.466645, 41.715664], [-73.46455, 41.715664], [-73.462455, 41.715957], [-73.46036, 41.716544], [-73.458264, 41.717424], [-73.456169, 41.718597], [-73.454467, 41.719477], [-73.453157, 41.720064], [-73.45224, 41.720357], [-73.451716, 41.720357], [-73.451062, 41.720162], [-73.450276, 41.719771], [-73.449359, 41.719184], [-73.448312, 41.718402], [-73.44674, 41.717717], [-73.444645, 41.717131], [-73.442026, 41.716642], [-73.438883, 41.716251], [-73.436395, 41.716055], [-73.434561, 41.716055], [-73.433383, 41.716251], [-73.432859, 41.716642], [-73.432204, 41.716935], [-73.431418, 41.717131], [-73.430502, 41.717229], [-73.429454, 41.717229], [-73.428013, 41.717815], [-73.42618, 41.718989], [-73.423954, 41.720749], [-73.421335, 41.723095], [-73.419239, 41.724855], [-73.417668, 41.726028], [-73.41662, 41.726615], [-73.416096, 41.726615], [-73.41518, 41.727006], [-73.41387, 41.727788], [-73.412168, 41.728961], [-73.410072, 41.730525], [-73.40837, 41.731698], [-73.40706, 41.73248], [-73.406144, 41.732871], [-73.40562, 41.732871], [-73.404441, 41.733458], [-73.402608, 41.734631], [-73.40012, 41.736391], [-73.396977, 41.738737], [-73.394227, 41.740496], [-73.391869, 41.741669], [-73.389905, 41.742255], [-73.388334, 41.742255], [-73.387024, 41.742353], [-73.385976, 41.742549], [-73.385191, 41.742842], [-73.384667, 41.743233], [-73.383357, 41.743526], [-73.381262, 41.743722], [-73.378381, 41.743819], [-73.374714, 41.743819], [-73.371833, 41.743917], [-73.369738, 41.744113], [-73.368428, 41.744406], [-73.367904, 41.744797], [-73.366726, 41.744992], [-73.364892, 41.744992], [-73.362404, 41.744797], [-73.359261, 41.744406], [-73.356642, 41.744308], [-73.354547, 41.744503], [-73.352714, 41.745188], [-73.350356, 41.746947]], "type": "LineString"}}, {"type": "Feature", "properties": {}, "geometry": {"coordinates": [[-72.658907, 41.715664], [-72.67567, 41.729743]], "type": "LineString"}}, {"type": "Feature", "properties": {}, "geometry": {"coordinates": [[-72.585572, 41.715664], [-72.577191, 41.720357]], "type": "LineString"}}, {"type": "Feature", "properties": {}, "geometry": {"coordinates": [[-72.809769, 41.714099], [-72.813305, 41.71674], [-72.815269, 41.717913], [-72.816841, 41.7185], [-72.818412, 41.718793], [-72.819983, 41.718793], [-72.821293, 41.718891], [-72.822341, 41.719086], [-72.823126, 41.71938], [-72.82365, 41.719771], [-72.824043, 41.720846], [-72.824305, 41.722606], [-72.824436, 41.725833], [-72.824436, 41.732871]], "type": "LineString"}}, {"type": "Feature", "properties": {}, "geometry": {"coordinates": [[-72.809769, 41.714099], [-72.807412, 41.71586], [-72.806364, 41.717033], [-72.80584, 41.718206], [-72.805578, 41.719575], [-72.805578, 41.72114], [-72.805185, 41.722606], [-72.8044, 41.723975], [-72.803221, 41.725246], [-72.80165, 41.726419], [-72.800209, 41.727299], [-72.7989, 41.727886], [-72.797721, 41.728179], [-72.796673, 41.728179], [-72.795626, 41.728375], [-72.794578, 41.728766], [-72.793268, 41.729548], [-72.790911, 41.731307]], "type": "LineString"}}, {"type": "Feature", "properties": {}, "geometry": {"coordinates": [[-72.658907, 41.714099], [-72.658907, 41.715664]], "type": "LineString"}}, {"type": "Feature", "properties": {}, "geometry": {"coordinates": [[-72.656812, 41.714099], [-72.658907, 41.714099]], "type": "LineString"}}, {"type": "Feature", "properties": {}, "geometry": {"coordinates": [[-72.206322, 41.714099], [-72.20868, 41.714099], [-72.209989, 41.714295], [-72.211037, 41.714686], [-72.212346, 41.715468], [-72.214704, 41.717229]], "type": "LineString"}}, {"type": "Feature", "properties": {}, "geometry": {"coordinates": [[-72.204227, 41.714099], [-72.206322, 41.714099]], "type": "LineString"}}, {"type": "Feature", "properties": {}, "geometry": {"coordinates": [[-72.721766, 41.712535], [-72.721766, 41.714099]], "type": "LineString"}}, {"type": "Feature", "properties": {}, "geometry": {"coordinates": [[-72.719671, 41.712535], [-72.721766, 41.712535]], "type": "LineString"}}, {"type": "Feature", "properties": {}, "geometry": {"coordinates": [[-72.646335, 41.712535], [-72.648693, 41.713415], [-72.650133, 41.713806], [-72.651443, 41.714002], [-72.653276, 41.714099], [-72.656812, 41.714099]], "type": "LineString"}}, {"type": "Feature", "properties": {}, "geometry": {"coordinates": [[-72.604429, 41.712535], [-72.610323, 41.716935], [-72.613335, 41.718891], [-72.61543, 41.719869], [-72.617656, 41.720357], [-72.621192, 41.720357]], "type": "LineString"}}, {"type": "Feature", "properties": {}, "geometry": {"coordinates": [[-72.204227, 41.712535], [-72.204227, 41.714099]], "type": "LineString"}}, {"type": "Feature", "properties": {}, "geometry": {"coordinates": [[-72.166512, 41.712535], [-72.16769, 41.713415], [-72.168607, 41.713806], [-72.169655, 41.714002], [-72.170964, 41.714099], [-72.172536, 41.714099], [-72.173845, 41.714197], [-72.174893, 41.714393], [-72.175679, 41.714686], [-72.176203, 41.715077], [-72.177381, 41.715371], [-72.179215, 41.715566], [-72.181703, 41.715664], [-72.184846, 41.715664], [-72.187334, 41.715762], [-72.189167, 41.715957], [-72.190346, 41.716251], [-72.19087, 41.716642], [-72.191786, 41.716935], [-72.193096, 41.717131], [-72.194798, 41.717229], [-72.196894, 41.717229], [-72.198727, 41.717033], [-72.200299, 41.716642], [-72.20187, 41.71586], [-72.204227, 41.714099]], "type": "LineString"}}, {"type": "Feature", "properties": {}, "geometry": {"coordinates": [[-72.166512, 41.712535], [-72.165333, 41.713415], [-72.164809, 41.714882], [-72.164547, 41.717229], [-72.164416, 41.720553], [-72.164416, 41.724855], [-72.163893, 41.72857], [-72.162845, 41.731698], [-72.161274, 41.73424], [-72.159178, 41.736195], [-72.157607, 41.737955], [-72.156559, 41.739519], [-72.156035, 41.740887], [-72.156035, 41.74206], [-72.155904, 41.743135], [-72.155642, 41.744113], [-72.155119, 41.745188], [-72.15394, 41.746947]], "type": "LineString"}}, {"type": "Feature", "properties": {}, "geometry": {"coordinates": [[-71.827073, 41.712535], [-71.829168, 41.715664]], "type": "LineString"}}, {"type": "Feature", "properties": {}, "geometry": {"coordinates": [[-72.975298, 41.71097], [-72.979488, 41.714099]], "type": "LineString"}}, {"type": "Feature", "properties": {}, "geometry": {"coordinates": [[-72.975298, 41.71097], [-72.971107, 41.714099]], "type": "LineString"}}, {"type": "Feature", "properties": {}, "geometry": {"coordinates": [[-72.732243, 41.71097], [-72.738529, 41.717229]], "type": "LineString"}}, {"type": "Feature", "properties": {}, "geometry": {"coordinates": [[-72.730147, 41.71097], [-72.732243, 41.71097]], "type": "LineString"}}, {"type": "Feature", "properties": {}, "geometry": {"coordinates": [[-72.730147, 41.71097], [-72.726612, 41.71097], [-72.724909, 41.711068], [-72.723862, 41.711264], [-72.722945, 41.711655], [-72.721766, 41.712535]], "type": "LineString"}}, {"type": "Feature", "properties": {}, "geometry": {"coordinates": [[-72.604429, 41.71097], [-72.604429, 41.712535]], "type": "LineString"}}, {"type": "Feature", "properties": {}, "geometry": {"coordinates": [[-72.602334, 41.71097], [-72.604429, 41.71097]], "type": "LineString"}}, {"type": "Feature", "properties": {}, "geometry": {"coordinates": [[-71.904599, 41.72505], [-71.901063, 41.722411], [-71.899361, 41.721335], [-71.898313, 41.720944], [-71.897528, 41.720944], [-71.897004, 41.721335], [-71.896349, 41.721629], [-71.895563, 41.721824], [-71.894647, 41.721922], [-71.893599, 41.721922], [-71.892158, 41.721335], [-71.890325, 41.720162], [-71.888099, 41.718402], [-71.88548, 41.716055], [-71.882861, 41.714686], [-71.880241, 41.714295], [-71.877622, 41.714882], [-71.875003, 41.716446], [-71.872122, 41.71762], [-71.868979, 41.718402], [-71.865574, 41.718793], [-71.861908, 41.718793], [-71.859027, 41.718891], [-71.856931, 41.719086], [-71.855622, 41.71938], [-71.855098, 41.719771], [-71.854181, 41.719966], [-71.852872, 41.719966], [-71.851169, 41.719771], [-71.849074, 41.71938], [-71.846979, 41.718597], [-71.844883, 41.717424], [-71.842788, 41.71586], [-71.840693, 41.713904], [-71.838597, 41.712437], [-71.836502, 41.711459], [-71.834407, 41.71097], [-71.832311, 41.71097], [-71.830609, 41.711068], [-71.829299, 41.711264], [-71.828252, 41.711655], [-71.827073, 41.712535]], "type": "LineString"}}, {"type": "Feature", "properties": {}, "geometry": {"coordinates": [[-72.732243, 41.709406], [-72.732243, 41.71097]], "type": "LineString"}}, {"type": "Feature", "properties": {}, "geometry": {"coordinates": [[-72.204227, 41.709406], [-72.204227, 41.712535]], "type": "LineString"}}, {"type": "Feature", "properties": {}, "geometry": {"coordinates": [[-72.663098, 41.707841], [-72.658907, 41.714099]], "type": "LineString"}}, {"type": "Feature", "properties": {}, "geometry": {"coordinates": [[-73.295878, 41.706276], [-73.304129, 41.711557], [-73.30845, 41.713904], [-73.311593, 41.715077], [-73.314474, 41.715664], [-73.317093, 41.715664], [-73.319189, 41.715762], [-73.32076, 41.715957], [-73.321808, 41.716251], [-73.322332, 41.716642], [-73.322986, 41.716935], [-73.323772, 41.717131], [-73.324951, 41.717229], [-73.327308, 41.717229]], "type": "LineString"}}, {"type": "Feature", "properties": {}, "geometry": {"coordinates": [[-72.663098, 41.706276], [-72.665193, 41.706276]], "type": "LineString"}}, {"type": "Feature", "properties": {}, "geometry": {"coordinates": [[-72.663098, 41.706276], [-72.663098, 41.707841]], "type": "LineString"}}, {"type": "Feature", "properties": {}, "geometry": {"coordinates": [[-72.860056, 41.704711], [-72.860056, 41.712535]], "type": "LineString"}}, {"type": "Feature", "properties": {}, "geometry": {"coordinates": [[-72.862151, 41.703147], [-72.864509, 41.704907], [-72.86608, 41.705885], [-72.867652, 41.706667], [-72.869485, 41.70745], [-72.87158, 41.708232], [-72.873283, 41.708721], [-72.874592, 41.708917], [-72.87564, 41.708721], [-72.876818, 41.707841]], "type": "LineString"}}, {"type": "Feature", "properties": {}, "geometry": {"coordinates": [[-72.862151, 41.703147], [-72.860056, 41.704711]], "type": "LineString"}}, {"type": "Feature", "properties": {}, "geometry": {"coordinates": [[-72.845389, 41.703147], [-72.852461, 41.703147], [-72.855735, 41.703244], [-72.857568, 41.70344], [-72.858877, 41.703831], [-72.860056, 41.704711]], "type": "LineString"}}, {"type": "Feature", "properties": {}, "geometry": {"coordinates": [[-72.845389, 41.703147], [-72.841853, 41.706667], [-72.84002, 41.708232], [-72.83871, 41.709014], [-72.837532, 41.709406], [-72.836484, 41.709406], [-72.835567, 41.709503], [-72.834782, 41.709699], [-72.834127, 41.709992], [-72.833603, 41.710384], [-72.832948, 41.710481], [-72.832162, 41.710286], [-72.831246, 41.709797], [-72.830198, 41.709014], [-72.828889, 41.70833], [-72.827317, 41.707743], [-72.825484, 41.707254], [-72.823388, 41.706863], [-72.821686, 41.706472], [-72.820376, 41.706081], [-72.81946, 41.705689], [-72.818936, 41.705298], [-72.81815, 41.705298], [-72.817102, 41.705689], [-72.815793, 41.706472], [-72.814221, 41.707645], [-72.812912, 41.708819], [-72.811864, 41.709992], [-72.810947, 41.711459], [-72.809769, 41.714099]], "type": "LineString"}}, {"type": "Feature", "properties": {}, "geometry": {"coordinates": [[-72.795102, 41.703147], [-72.795102, 41.705787], [-72.79484, 41.707352], [-72.794316, 41.708721], [-72.793268, 41.710579], [-72.790911, 41.714099]], "type": "LineString"}}, {"type": "Feature", "properties": {}, "geometry": {"coordinates": [[-72.302706, 41.703147], [-72.303885, 41.704907], [-72.305325, 41.706374], [-72.307421, 41.708134], [-72.310302, 41.710384], [-72.313969, 41.713122], [-72.316981, 41.715175], [-72.319338, 41.716544], [-72.32104, 41.717229], [-72.322088, 41.717229], [-72.323266, 41.717424], [-72.324576, 41.717815], [-72.326017, 41.718402], [-72.327588, 41.719184], [-72.32929, 41.719771], [-72.331124, 41.720162], [-72.333088, 41.720357], [-72.335183, 41.720357], [-72.336886, 41.720553], [-72.338195, 41.720944], [-72.339112, 41.721531], [-72.339636, 41.722313], [-72.340684, 41.723388], [-72.342255, 41.724757], [-72.34435, 41.726419], [-72.34697, 41.728375], [-72.349065, 41.729841], [-72.350636, 41.730819], [-72.351684, 41.731307], [-72.352208, 41.731307], [-72.352863, 41.731503], [-72.353648, 41.731894], [-72.354827, 41.732676], [-72.357184, 41.734436]], "type": "LineString"}}, {"type": "Feature", "properties": {}, "geometry": {"coordinates": [[-72.302706, 41.703147], [-72.297992, 41.703147], [-72.295504, 41.703636], [-72.29367, 41.704614], [-72.291968, 41.706081], [-72.290396, 41.708037], [-72.289218, 41.709699], [-72.288432, 41.711068], [-72.288039, 41.712144], [-72.288039, 41.712926], [-72.287777, 41.713708], [-72.287253, 41.714491], [-72.286468, 41.715273], [-72.28542, 41.716055], [-72.284241, 41.716642], [-72.282932, 41.717033], [-72.281491, 41.717229], [-72.27992, 41.717229], [-72.27861, 41.717326], [-72.277563, 41.717522], [-72.276777, 41.717815], [-72.276253, 41.718206], [-72.274813, 41.7185], [-72.272455, 41.718695], [-72.269181, 41.718793], [-72.264991, 41.718793], [-72.261717, 41.718891], [-72.25936, 41.719086], [-72.257919, 41.71938], [-72.257395, 41.719771], [-72.25661, 41.720064], [-72.255562, 41.72026], [-72.254252, 41.720357], [-72.252681, 41.720357], [-72.25111, 41.720162], [-72.249538, 41.719771], [-72.247967, 41.719184], [-72.246395, 41.718402], [-72.244038, 41.717815], [-72.240895, 41.717424], [-72.236966, 41.717229], [-72.232252, 41.717229], [-72.228585, 41.717326], [-72.225966, 41.717522], [-72.224263, 41.717913], [-72.223085, 41.718793]], "type": "LineString"}}, {"type": "Feature", "properties": {}, "geometry": {"coordinates": [[-72.795102, 41.701582], [-72.795102, 41.703147]], "type": "LineString"}}, {"type": "Feature", "properties": {}, "geometry": {"coordinates": [[-72.793006, 41.701582], [-72.795102, 41.701582]], "type": "LineString"}}, {"type": "Feature", "properties": {}, "geometry": {"coordinates": [[-72.160226, 41.701582], [-72.160226, 41.705103], [-72.160619, 41.706961], [-72.161404, 41.70833], [-72.162976, 41.709895], [-72.166512, 41.712535]], "type": "LineString"}}, {"type": "Feature", "properties": {}, "geometry": {"coordinates": [[-72.084795, 41.701582], [-72.085974, 41.702462], [-72.086498, 41.703342], [-72.086759, 41.704516], [-72.08689, 41.706081], [-72.08689, 41.708037], [-72.087021, 41.709601], [-72.087283, 41.710775], [-72.087676, 41.711557], [-72.0882, 41.711948], [-72.088593, 41.712828], [-72.088855, 41.714197], [-72.088986, 41.716642], [-72.088986, 41.721922]], "type": "LineString"}}, {"type": "Feature", "properties": {}, "geometry": {"coordinates": [[-73.295878, 41.706276], [-73.293521, 41.706276], [-73.291819, 41.705885], [-73.289985, 41.705103], [-73.287759, 41.703929], [-73.28514, 41.702364], [-73.28239, 41.70168], [-73.279509, 41.701875], [-73.276497, 41.702951], [-73.273354, 41.704907], [-73.270997, 41.706472], [-73.269425, 41.707645], [-73.26864, 41.708428], [-73.26864, 41.708819], [-73.268247, 41.709406], [-73.267461, 41.710188], [-73.266282, 41.711166], [-73.264711, 41.712339], [-73.263532, 41.713317], [-73.262747, 41.714099], [-73.262354, 41.714686], [-73.262354, 41.715077], [-73.261961, 41.715664], [-73.261175, 41.716446], [-73.259996, 41.717424], [-73.258425, 41.718597], [-73.256723, 41.719575], [-73.254889, 41.720357], [-73.252925, 41.720944], [-73.25083, 41.721335], [-73.249127, 41.721726], [-73.247818, 41.722117], [-73.246901, 41.722508], [-73.246377, 41.7229], [-73.245591, 41.723193], [-73.244544, 41.723388], [-73.243234, 41.723486], [-73.241663, 41.723486], [-73.240353, 41.723584], [-73.239305, 41.723779], [-73.23852, 41.724073], [-73.237996, 41.724464], [-73.237341, 41.724659], [-73.236555, 41.724659], [-73.235377, 41.724366], [-73.233019, 41.723486]], "type": "LineString"}}, {"type": "Feature", "properties": {}, "geometry": {"coordinates": [[-72.732243, 41.700017], [-72.732243, 41.709406]], "type": "LineString"}}, {"type": "Feature", "properties": {}, "geometry": {"coordinates": [[-71.959077, 41.700017], [-71.950827, 41.705298], [-71.946767, 41.707645], [-71.944148, 41.708819], [-71.942053, 41.709406], [-71.940481, 41.709406], [-71.93891, 41.709601], [-71.937338, 41.709992], [-71.935767, 41.710579], [-71.934195, 41.711361], [-71.932755, 41.711948], [-71.931445, 41.712339], [-71.930267, 41.712535], [-71.929219, 41.712535], [-71.927386, 41.713219], [-71.924767, 41.714588], [-71.921362, 41.716642], [-71.917171, 41.71938], [-71.913766, 41.721433], [-71.911147, 41.722802], [-71.909314, 41.723486], [-71.908266, 41.723486], [-71.907349, 41.723584], [-71.906564, 41.723779], [-71.905778, 41.724171], [-71.904599, 41.72505]], "type": "LineString"}}, {"type": "Feature", "properties": {}, "geometry": {"coordinates": [[-73.30845, 41.698452], [-73.307272, 41.698452], [-73.306093, 41.698941], [-73.304522, 41.699919], [-73.301772, 41.701875], [-73.295878, 41.706276]], "type": "LineString"}}, {"type": "Feature", "properties": {}, "geometry": {"coordinates": [[-72.732243, 41.698452], [-72.732243, 41.700017]], "type": "LineString"}}, {"type": "Feature", "properties": {}, "geometry": {"coordinates": [[-72.730147, 41.698452], [-72.732243, 41.698452]], "type": "LineString"}}, {"type": "Feature", "properties": {}, "geometry": {"coordinates": [[-72.717576, 41.698452], [-72.717576, 41.700017]], "type": "LineString"}}, {"type": "Feature", "properties": {}, "geometry": {"coordinates": [[-72.71548, 41.698452], [-72.717576, 41.698452]], "type": "LineString"}}, {"type": "Feature", "properties": {}, "geometry": {"coordinates": [[-72.713385, 41.698452], [-72.71548, 41.698452]], "type": "LineString"}}, {"type": "Feature", "properties": {}, "geometry": {"coordinates": [[-72.566714, 41.698452], [-72.572607, 41.698452], [-72.576012, 41.698941], [-72.578893, 41.699919], [-72.581905, 41.701386], [-72.585048, 41.703342], [-72.588191, 41.705103], [-72.591334, 41.706667], [-72.595263, 41.70833], [-72.602334, 41.71097]], "type": "LineString"}}, {"type": "Feature", "properties": {}, "geometry": {"coordinates": [[-72.15394, 41.698452], [-72.160226, 41.701582]], "type": "LineString"}}, {"type": "Feature", "properties": {}, "geometry": {"coordinates": [[-72.15394, 41.698452], [-72.152761, 41.699332], [-72.151321, 41.699723], [-72.149226, 41.699919], [-72.146345, 41.700017], [-72.142678, 41.700017], [-72.139797, 41.699919], [-72.137701, 41.699723], [-72.136392, 41.69943], [-72.135868, 41.699039], [-72.132594, 41.698745], [-72.12657, 41.69855], [-72.117796, 41.698452], [-72.106272, 41.698452], [-72.097367, 41.698648], [-72.091081, 41.699039], [-72.087152, 41.699821], [-72.084795, 41.701582]], "type": "LineString"}}, {"type": "Feature", "properties": {}, "geometry": {"coordinates": [[-72.719671, 41.696887], [-72.72085, 41.697767], [-72.721897, 41.698159], [-72.723207, 41.698354], [-72.725433, 41.698452], [-72.730147, 41.698452]], "type": "LineString"}}, {"type": "Feature", "properties": {}, "geometry": {"coordinates": [[-72.719671, 41.696887], [-72.717576, 41.698452]], "type": "LineString"}}, {"type": "Feature", "properties": {}, "geometry": {"coordinates": [[-72.176988, 41.696887], [-72.179346, 41.698648], [-72.181048, 41.699626], [-72.182881, 41.700408], [-72.185108, 41.701191], [-72.187727, 41.701973], [-72.189953, 41.702853], [-72.191786, 41.703831], [-72.193227, 41.704907], [-72.194275, 41.706081], [-72.195453, 41.706961], [-72.196763, 41.707548], [-72.198203, 41.707841], [-72.199775, 41.707841], [-72.201084, 41.707939], [-72.202132, 41.708134], [-72.203049, 41.708525], [-72.204227, 41.709406]], "type": "LineString"}}, {"type": "Feature", "properties": {}, "geometry": {"coordinates": [[-72.174893, 41.696887], [-72.176988, 41.696887]], "type": "LineString"}}, {"type": "Feature", "properties": {}, "geometry": {"coordinates": [[-72.174893, 41.696887], [-72.173714, 41.697767], [-72.172798, 41.698159], [-72.17175, 41.698354], [-72.17044, 41.698452], [-72.168869, 41.698452], [-72.167298, 41.698648], [-72.165726, 41.699039], [-72.163762, 41.699821], [-72.160226, 41.701582]], "type": "LineString"}}, {"type": "Feature", "properties": {}, "geometry": {"coordinates": [[-72.084795, 41.701582], [-72.080081, 41.699821], [-72.077331, 41.699039], [-72.074973, 41.698648], [-72.072485, 41.698452], [-72.069866, 41.698452], [-72.067771, 41.69855], [-72.066199, 41.698745], [-72.065152, 41.699039], [-72.064628, 41.69943], [-72.063711, 41.699723], [-72.062402, 41.699919], [-72.060699, 41.700017], [-72.058604, 41.700017], [-72.056509, 41.700506], [-72.054413, 41.701484], [-72.052318, 41.702951], [-72.050223, 41.704907], [-72.048389, 41.706472], [-72.046818, 41.707645], [-72.045508, 41.708428], [-72.044461, 41.708819], [-72.043282, 41.709112], [-72.041972, 41.709308], [-72.040532, 41.709406], [-72.03896, 41.709406], [-72.037651, 41.709503], [-72.036603, 41.709699], [-72.035817, 41.709992], [-72.035294, 41.710384], [-72.033853, 41.710677], [-72.031496, 41.710872], [-72.028222, 41.71097], [-72.024031, 41.71097], [-72.020496, 41.710677], [-72.017615, 41.71009], [-72.015388, 41.70921], [-72.013817, 41.708037], [-72.012376, 41.707156], [-72.011067, 41.70657], [-72.009888, 41.706276], [-72.00884, 41.706276], [-72.007662, 41.705885], [-72.006352, 41.705103], [-72.004912, 41.703929], [-72.00334, 41.702364], [-72.0019, 41.701093], [-72.00059, 41.700115], [-71.999412, 41.69943], [-71.998364, 41.699039], [-71.996792, 41.698745], [-71.994697, 41.69855], [-71.992078, 41.698452], [-71.988935, 41.698452], [-71.986316, 41.698354], [-71.984221, 41.698159], [-71.982649, 41.697865], [-71.981602, 41.697474], [-71.980685, 41.697278], [-71.979899, 41.697278], [-71.979244, 41.697474], [-71.978721, 41.697865], [-71.977673, 41.698159], [-71.976101, 41.698354], [-71.974006, 41.698452], [-71.971387, 41.698452], [-71.969292, 41.69855], [-71.96772, 41.698745], [-71.966673, 41.699039], [-71.966149, 41.69943], [-71.965363, 41.699723], [-71.964315, 41.699919], [-71.962613, 41.700017], [-71.959077, 41.700017]], "type": "LineString"}}, {"type": "Feature", "properties": {}, "geometry": {"coordinates": [[-73.109397, 41.695322], [-73.111492, 41.695322]], "type": "LineString"}}, {"type": "Feature", "properties": {}, "geometry": {"coordinates": [[-73.107301, 41.695322], [-73.109397, 41.695322]], "type": "LineString"}}, {"type": "Feature", "properties": {}, "geometry": {"coordinates": [[-73.107301, 41.695322], [-73.103111, 41.698452]], "type": "LineString"}}, {"type": "Feature", "properties": {}, "geometry": {"coordinates": [[-72.174893, 41.695322], [-72.174893, 41.696887]], "type": "LineString"}}, {"type": "Feature", "properties": {}, "geometry": {"coordinates": [[-73.107301, 41.693757], [-73.107301, 41.695322]], "type": "LineString"}}, {"type": "Feature", "properties": {}, "geometry": {"coordinates": [[-72.845389, 41.693757], [-72.84958, 41.693757]], "type": "LineString"}}, {"type": "Feature", "properties": {}, "geometry": {"coordinates": [[-72.845389, 41.693757], [-72.84421, 41.694637], [-72.843687, 41.69542], [-72.843425, 41.696398], [-72.843294, 41.697669], [-72.843294, 41.699234], [-72.843425, 41.700506], [-72.843687, 41.701484], [-72.84421, 41.702266], [-72.845389, 41.703147]], "type": "LineString"}}, {"type": "Feature", "properties": {}, "geometry": {"coordinates": [[-72.686146, 41.693757], [-72.686146, 41.696398], [-72.685884, 41.697767], [-72.68536, 41.698745], [-72.684575, 41.699626], [-72.683527, 41.700408], [-72.682348, 41.700995], [-72.681039, 41.701386], [-72.679598, 41.701582], [-72.678027, 41.701582], [-72.676194, 41.701875], [-72.674098, 41.702462], [-72.671086, 41.703636], [-72.665193, 41.706276]], "type": "LineString"}}, {"type": "Feature", "properties": {}, "geometry": {"coordinates": [[-72.757386, 41.692192], [-72.759482, 41.692192]], "type": "LineString"}}, {"type": "Feature", "properties": {}, "geometry": {"coordinates": [[-72.757386, 41.692192], [-72.755029, 41.693953], [-72.753589, 41.694735], [-72.752279, 41.695126], [-72.750839, 41.695322], [-72.749267, 41.695322], [-72.747958, 41.69542], [-72.74691, 41.695615], [-72.746124, 41.695909], [-72.7456, 41.6963], [-72.744553, 41.696594], [-72.742981, 41.696789], [-72.740886, 41.696887], [-72.738267, 41.696887], [-72.736171, 41.696985], [-72.7346, 41.69718], [-72.733421, 41.697572], [-72.732243, 41.698452]], "type": "LineString"}}, {"type": "Feature", "properties": {}, "geometry": {"coordinates": [[-72.686146, 41.692192], [-72.688241, 41.692192]], "type": "LineString"}}, {"type": "Feature", "properties": {}, "geometry": {"coordinates": [[-72.686146, 41.692192], [-72.686146, 41.693757]], "type": "LineString"}}, {"type": "Feature", "properties": {}, "geometry": {"coordinates": [[-72.784625, 41.690627], [-72.786983, 41.692388], [-72.78803, 41.693561], [-72.788554, 41.694735], [-72.788816, 41.696105], [-72.788816, 41.697669], [-72.789078, 41.698941], [-72.789602, 41.699919], [-72.790649, 41.700702], [-72.793006, 41.701582]], "type": "LineString"}}, {"type": "Feature", "properties": {}, "geometry": {"coordinates": [[-72.78253, 41.690627], [-72.784625, 41.690627]], "type": "LineString"}}, {"type": "Feature", "properties": {}, "geometry": {"coordinates": [[-72.78253, 41.690627], [-72.780173, 41.691507], [-72.777947, 41.691898], [-72.775065, 41.692094], [-72.770089, 41.692192], [-72.759482, 41.692192]], "type": "LineString"}}, {"type": "Feature", "properties": {}, "geometry": {"coordinates": [[-72.757386, 41.690627], [-72.757386, 41.692192]], "type": "LineString"}}, {"type": "Feature", "properties": {}, "geometry": {"coordinates": [[-72.15394, 41.690627], [-72.15394, 41.698452]], "type": "LineString"}}, {"type": "Feature", "properties": {}, "geometry": {"coordinates": [[-72.784625, 41.689062], [-72.784625, 41.690627]], "type": "LineString"}}, {"type": "Feature", "properties": {}, "geometry": {"coordinates": [[-72.717576, 41.689062], [-72.718754, 41.689942], [-72.719278, 41.690725], [-72.71954, 41.691703], [-72.719671, 41.693366], [-72.719671, 41.696887]], "type": "LineString"}}, {"type": "Feature", "properties": {}, "geometry": {"coordinates": [[-72.71548, 41.689062], [-72.717576, 41.689062]], "type": "LineString"}}, {"type": "Feature", "properties": {}, "geometry": {"coordinates": [[-72.692432, 41.689062], [-72.693611, 41.689942], [-72.694658, 41.690333], [-72.695968, 41.690529], [-72.69767, 41.690627], [-72.699766, 41.690627], [-72.701468, 41.690725], [-72.702778, 41.69092], [-72.703694, 41.691214], [-72.704218, 41.691605], [-72.704873, 41.691703], [-72.705659, 41.691507], [-72.706575, 41.691018], [-72.707623, 41.690235], [-72.708802, 41.689649], [-72.710111, 41.689257], [-72.711945, 41.689062], [-72.71548, 41.689062]], "type": "LineString"}}, {"type": "Feature", "properties": {}, "geometry": {"coordinates": [[-72.692432, 41.689062], [-72.688241, 41.692192]], "type": "LineString"}}, {"type": "Feature", "properties": {}, "geometry": {"coordinates": [[-71.91298, 41.689062], [-71.910623, 41.690822], [-71.909576, 41.691703], [-71.909052, 41.69229], [-71.90879, 41.692877], [-71.90879, 41.693757]], "type": "LineString"}}, {"type": "Feature", "properties": {}, "geometry": {"coordinates": [[-72.717576, 41.687496], [-72.717576, 41.689062]], "type": "LineString"}}, {"type": "Feature", "properties": {}, "geometry": {"coordinates": [[-72.692432, 41.687496], [-72.692432, 41.689062]], "type": "LineString"}}, {"type": "Feature", "properties": {}, "geometry": {"coordinates": [[-71.959077, 41.700017], [-71.952005, 41.694735], [-71.948339, 41.692192], [-71.94572, 41.690627], [-71.943362, 41.689453], [-71.941267, 41.68867], [-71.939303, 41.688083], [-71.937469, 41.687692], [-71.935767, 41.687496], [-71.934195, 41.687496], [-71.932886, 41.687594], [-71.931838, 41.68779], [-71.931052, 41.688083], [-71.930529, 41.688475], [-71.929088, 41.688768], [-71.926731, 41.688964], [-71.922409, 41.689062], [-71.91298, 41.689062]], "type": "LineString"}}, {"type": "Feature", "properties": {}, "geometry": {"coordinates": [[-71.910885, 41.687496], [-71.91298, 41.689062]], "type": "LineString"}}, {"type": "Feature", "properties": {}, "geometry": {"coordinates": [[-71.90879, 41.687496], [-71.910885, 41.687496]], "type": "LineString"}}, {"type": "Feature", "properties": {}, "geometry": {"coordinates": [[-71.848026, 41.687496], [-71.84449, 41.690138], [-71.841086, 41.691312], [-71.836633, 41.691898], [-71.83074, 41.692192], [-71.823406, 41.692192], [-71.817775, 41.69229], [-71.813847, 41.692485], [-71.81162, 41.692779], [-71.811097, 41.69317], [-71.810049, 41.693561], [-71.808477, 41.693953], [-71.806382, 41.694344], [-71.803763, 41.694735], [-71.801537, 41.695224], [-71.799703, 41.695811], [-71.798263, 41.696496], [-71.797215, 41.697278], [-71.796691, 41.698061], [-71.796691, 41.698843], [-71.797215, 41.699626], [-71.798263, 41.700408], [-71.79931, 41.700995], [-71.800358, 41.701386], [-71.801406, 41.701582], [-71.802453, 41.701582], [-71.80337, 41.70168], [-71.804156, 41.701875], [-71.804811, 41.702169], [-71.805334, 41.70256], [-71.806382, 41.702853], [-71.807954, 41.703049], [-71.810049, 41.703147], [-71.812668, 41.703147], [-71.814894, 41.703538], [-71.816728, 41.70432], [-71.818168, 41.705494], [-71.819216, 41.707059], [-71.820394, 41.708428], [-71.821704, 41.709601], [-71.823537, 41.710775], [-71.827073, 41.712535]], "type": "LineString"}}, {"type": "Feature", "properties": {}, "geometry": {"coordinates": [[-73.228829, 41.685931], [-73.228829, 41.695615], [-73.22896, 41.700017], [-73.229222, 41.702364], [-73.229615, 41.703733], [-73.230138, 41.704125], [-73.230531, 41.704711], [-73.230793, 41.705494], [-73.230924, 41.706472], [-73.230924, 41.707645], [-73.231055, 41.708623], [-73.231317, 41.709406], [-73.23171, 41.709992], [-73.232234, 41.710384], [-73.232627, 41.711459], [-73.232889, 41.713219], [-73.233019, 41.716446], [-73.233019, 41.723486]], "type": "LineString"}}, {"type": "Feature", "properties": {}, "geometry": {"coordinates": [[-72.212608, 41.685931], [-72.21143, 41.687692], [-72.210906, 41.689062], [-72.210644, 41.690627], [-72.210513, 41.692583], [-72.210513, 41.694931], [-72.210382, 41.696789], [-72.21012, 41.698159], [-72.209727, 41.699039], [-72.209204, 41.69943], [-72.208811, 41.700115], [-72.208549, 41.701093], [-72.208418, 41.702364], [-72.208418, 41.703929], [-72.208156, 41.705298], [-72.207632, 41.706472], [-72.206584, 41.707645], [-72.204227, 41.709406]], "type": "LineString"}}, {"type": "Feature", "properties": {}, "geometry": {"coordinates": [[-71.910885, 41.685931], [-71.910885, 41.687496]], "type": "LineString"}}, {"type": "Feature", "properties": {}, "geometry": {"coordinates": [[-72.973202, 41.684366], [-72.973202, 41.69405], [-72.973333, 41.698452], [-72.973595, 41.700799], [-72.973988, 41.702169], [-72.974512, 41.70256], [-72.974905, 41.703342], [-72.975167, 41.704516], [-72.975298, 41.70657], [-72.975298, 41.71097]], "type": "LineString"}}, {"type": "Feature", "properties": {}, "geometry": {"coordinates": [[-72.67986, 41.684366], [-72.681039, 41.685246], [-72.681563, 41.685833], [-72.681825, 41.68642], [-72.681956, 41.687105], [-72.681956, 41.687888], [-72.682218, 41.68867], [-72.682741, 41.689453], [-72.683789, 41.690431], [-72.686146, 41.692192]], "type": "LineString"}}, {"type": "Feature", "properties": {}, "geometry": {"coordinates": [[-72.677765, 41.684366], [-72.67986, 41.684366]], "type": "LineString"}}, {"type": "Feature", "properties": {}, "geometry": {"coordinates": [[-71.910885, 41.684366], [-71.910885, 41.685931]], "type": "LineString"}}, {"type": "Feature", "properties": {}, "geometry": {"coordinates": [[-71.843836, 41.684366], [-71.848026, 41.687496]], "type": "LineString"}}, {"type": "Feature", "properties": {}, "geometry": {"coordinates": [[-71.84174, 41.684366], [-71.843836, 41.684366]], "type": "LineString"}}, {"type": "Feature", "properties": {}, "geometry": {"coordinates": [[-73.197399, 41.682801], [-73.222543, 41.682801]], "type": "LineString"}}, {"type": "Feature", "properties": {}, "geometry": {"coordinates": [[-73.195304, 41.682801], [-73.197399, 41.682801]], "type": "LineString"}}, {"type": "Feature", "properties": {}, "geometry": {"coordinates": [[-72.801388, 41.682801], [-72.802566, 41.683681], [-72.80309, 41.684366], [-72.803352, 41.685149], [-72.803483, 41.686127], [-72.803483, 41.687301], [-72.803352, 41.688279], [-72.80309, 41.689062], [-72.802697, 41.689649], [-72.802173, 41.69004], [-72.801781, 41.690627], [-72.801519, 41.691409], [-72.801388, 41.692388], [-72.801388, 41.693561], [-72.800995, 41.694833], [-72.800209, 41.696202], [-72.798638, 41.698061], [-72.795102, 41.701582]], "type": "LineString"}}, {"type": "Feature", "properties": {}, "geometry": {"coordinates": [[-72.788816, 41.682801], [-72.801388, 41.682801]], "type": "LineString"}}, {"type": "Feature", "properties": {}, "geometry": {"coordinates": [[-72.788816, 41.682801], [-72.784625, 41.689062]], "type": "LineString"}}, {"type": "Feature", "properties": {}, "geometry": {"coordinates": [[-72.67986, 41.682801], [-72.67986, 41.684366]], "type": "LineString"}}, {"type": "Feature", "properties": {}, "geometry": {"coordinates": [[-72.652621, 41.682801], [-72.651443, 41.684562], [-72.650919, 41.685833], [-72.650657, 41.687203], [-72.650526, 41.688866], [-72.650526, 41.690822], [-72.650919, 41.692583], [-72.651705, 41.694148], [-72.652883, 41.695518], [-72.654455, 41.696691], [-72.655764, 41.697865], [-72.656812, 41.699039], [-72.657598, 41.700213], [-72.658122, 41.701386], [-72.658776, 41.702462], [-72.659562, 41.70344], [-72.660741, 41.704516], [-72.663098, 41.706276]], "type": "LineString"}}, {"type": "Feature", "properties": {}, "geometry": {"coordinates": [[-73.327308, 41.681235], [-73.329403, 41.681235]], "type": "LineString"}}, {"type": "Feature", "properties": {}, "geometry": {"coordinates": [[-73.327308, 41.681235], [-73.321415, 41.686518], [-73.318796, 41.688964], [-73.317486, 41.690333], [-73.316831, 41.691214], [-73.316831, 41.691605], [-73.31657, 41.692094], [-73.316046, 41.692681], [-73.31526, 41.693366], [-73.314212, 41.694148], [-73.313296, 41.694735], [-73.31251, 41.695126], [-73.311724, 41.695322], [-73.310546, 41.695322]], "type": "LineString"}}, {"type": "Feature", "properties": {}, "geometry": {"coordinates": [[-73.195304, 41.681235], [-73.195304, 41.682801]], "type": "LineString"}}, {"type": "Feature", "properties": {}, "geometry": {"coordinates": [[-73.025585, 41.681235], [-73.025585, 41.682116], [-73.025847, 41.682703], [-73.026371, 41.68329], [-73.027418, 41.68417], [-73.029775, 41.685931]], "type": "LineString"}}, {"type": "Feature", "properties": {}, "geometry": {"coordinates": [[-72.8852, 41.681235], [-72.88939, 41.684366]], "type": "LineString"}}, {"type": "Feature", "properties": {}, "geometry": {"coordinates": [[-72.881009, 41.681235], [-72.8852, 41.681235]], "type": "LineString"}}, {"type": "Feature", "properties": {}, "geometry": {"coordinates": [[-72.878914, 41.681235], [-72.881009, 41.681235]], "type": "LineString"}}, {"type": "Feature", "properties": {}, "geometry": {"coordinates": [[-72.878914, 41.681235], [-72.876557, 41.683877], [-72.875509, 41.685442], [-72.874985, 41.686812], [-72.874723, 41.688279], [-72.874723, 41.689844], [-72.874068, 41.691507], [-72.872759, 41.693268], [-72.870795, 41.695126], [-72.868175, 41.697083], [-72.86608, 41.698745], [-72.864509, 41.700115], [-72.86333, 41.701386], [-72.862151, 41.703147]], "type": "LineString"}}, {"type": "Feature", "properties": {}, "geometry": {"coordinates": [[-72.843294, 41.681235], [-72.843294, 41.687399], [-72.843425, 41.690235], [-72.843687, 41.691801], [-72.84421, 41.692877], [-72.845389, 41.693757]], "type": "LineString"}}, {"type": "Feature", "properties": {}, "geometry": {"coordinates": [[-72.805578, 41.681235], [-72.809769, 41.681235]], "type": "LineString"}}, {"type": "Feature", "properties": {}, "geometry": {"coordinates": [[-72.803483, 41.681235], [-72.805578, 41.681235]], "type": "LineString"}}, {"type": "Feature", "properties": {}, "geometry": {"coordinates": [[-72.803483, 41.681235], [-72.801388, 41.682801]], "type": "LineString"}}, {"type": "Feature", "properties": {}, "geometry": {"coordinates": [[-72.168607, 41.681235], [-72.168607, 41.682996], [-72.169, 41.68417], [-72.169786, 41.685344], [-72.170964, 41.686714], [-72.172536, 41.688279], [-72.173714, 41.689746], [-72.1745, 41.691116], [-72.174893, 41.692681], [-72.174893, 41.695322]], "type": "LineString"}}, {"type": "Feature", "properties": {}, "geometry": {"coordinates": [[-73.327308, 41.67967], [-73.327308, 41.681235]], "type": "LineString"}}, {"type": "Feature", "properties": {}, "geometry": {"coordinates": [[-73.174351, 41.67967], [-73.17553, 41.68055], [-73.176054, 41.681137], [-73.176315, 41.681724], [-73.176446, 41.682409], [-73.176446, 41.683192], [-73.176839, 41.684072], [-73.177625, 41.685051], [-73.178804, 41.686127], [-73.180375, 41.687301], [-73.181947, 41.688181], [-73.183518, 41.688768], [-73.18509, 41.689062], [-73.186661, 41.689062], [-73.188232, 41.68867], [-73.189804, 41.687888], [-73.191768, 41.686323], [-73.195304, 41.682801]], "type": "LineString"}}, {"type": "Feature", "properties": {}, "geometry": {"coordinates": [[-72.878914, 41.67967], [-72.878914, 41.681235]], "type": "LineString"}}, {"type": "Feature", "properties": {}, "geometry": {"coordinates": [[-72.843294, 41.67967], [-72.845389, 41.67967]], "type": "LineString"}}, {"type": "Feature", "properties": {}, "geometry": {"coordinates": [[-72.843294, 41.67967], [-72.843294, 41.681235]], "type": "LineString"}}, {"type": "Feature", "properties": {}, "geometry": {"coordinates": [[-72.803483, 41.67967], [-72.803483, 41.681235]], "type": "LineString"}}, {"type": "Feature", "properties": {}, "geometry": {"coordinates": [[-72.681956, 41.67967], [-72.67986, 41.682801]], "type": "LineString"}}, {"type": "Feature", "properties": {}, "geometry": {"coordinates": [[-72.663098, 41.67967], [-72.667812, 41.682311], [-72.6703, 41.683485], [-72.672134, 41.684072], [-72.674229, 41.684366], [-72.677765, 41.684366]], "type": "LineString"}}, {"type": "Feature", "properties": {}, "geometry": {"coordinates": [[-72.656812, 41.67967], [-72.663098, 41.67967]], "type": "LineString"}}, {"type": "Feature", "properties": {}, "geometry": {"coordinates": [[-72.170702, 41.67967], [-72.168607, 41.681235]], "type": "LineString"}}, {"type": "Feature", "properties": {}, "geometry": {"coordinates": [[-73.017204, 41.678104], [-73.025585, 41.681235]], "type": "LineString"}}, {"type": "Feature", "properties": {}, "geometry": {"coordinates": [[-73.015108, 41.678104], [-73.017204, 41.678104]], "type": "LineString"}}, {"type": "Feature", "properties": {}, "geometry": {"coordinates": [[-73.015108, 41.678104], [-73.011572, 41.679866], [-73.009477, 41.680648], [-73.007644, 41.68104], [-73.005679, 41.681235], [-73.003584, 41.681235], [-73.001882, 41.681333], [-73.000572, 41.681529], [-72.999655, 41.681822], [-72.999132, 41.682214], [-72.998739, 41.682801], [-72.998477, 41.683583], [-72.998346, 41.684562], [-72.998346, 41.685736], [-72.998084, 41.686812], [-72.99756, 41.68779], [-72.996513, 41.688866], [-72.994155, 41.690627]], "type": "LineString"}}, {"type": "Feature", "properties": {}, "geometry": {"coordinates": [[-72.99206, 41.678104], [-72.989703, 41.679866], [-72.988, 41.680648], [-72.986167, 41.68104], [-72.983941, 41.681235], [-72.981322, 41.681235], [-72.979095, 41.681431], [-72.977262, 41.681822], [-72.97556, 41.682605], [-72.973202, 41.684366]], "type": "LineString"}}, {"type": "Feature", "properties": {}, "geometry": {"coordinates": [[-72.948059, 41.678104], [-72.950416, 41.679866], [-72.952511, 41.680648], [-72.95513, 41.68104], [-72.958535, 41.681235], [-72.962726, 41.681235], [-72.966131, 41.681431], [-72.96875, 41.681822], [-72.970845, 41.682605], [-72.973202, 41.684366]], "type": "LineString"}}, {"type": "Feature", "properties": {}, "geometry": {"coordinates": [[-72.948059, 41.678104], [-72.94688, 41.678985], [-72.946356, 41.67967], [-72.946094, 41.680453], [-72.945963, 41.681724], [-72.945963, 41.684366]], "type": "LineString"}}, {"type": "Feature", "properties": {}, "geometry": {"coordinates": [[-72.887295, 41.678104], [-72.8852, 41.681235]], "type": "LineString"}}, {"type": "Feature", "properties": {}, "geometry": {"coordinates": [[-71.90879, 41.687496], [-71.907611, 41.686616], [-71.906826, 41.686225], [-71.90604, 41.686029], [-71.905123, 41.685931], [-71.904075, 41.685931], [-71.903028, 41.685736], [-71.90198, 41.685344], [-71.900933, 41.684757], [-71.899885, 41.683975], [-71.898182, 41.68329], [-71.895825, 41.682703], [-71.892813, 41.682214], [-71.889146, 41.681822], [-71.886004, 41.681333], [-71.883384, 41.680746], [-71.881289, 41.680061], [-71.879718, 41.679279], [-71.878408, 41.678789], [-71.87736, 41.678594], [-71.876575, 41.678692], [-71.876051, 41.679083], [-71.874872, 41.679474], [-71.873039, 41.679866], [-71.870551, 41.680257], [-71.867408, 41.680648], [-71.864396, 41.681333], [-71.861515, 41.682311], [-71.858765, 41.683583], [-71.856145, 41.685149], [-71.853919, 41.686323], [-71.852086, 41.687105], [-71.850383, 41.687496], [-71.848026, 41.687496]], "type": "LineString"}}, {"type": "Feature", "properties": {}, "geometry": {"coordinates": [[-73.017204, 41.676539], [-73.017204, 41.678104]], "type": "LineString"}}, {"type": "Feature", "properties": {}, "geometry": {"coordinates": [[-72.834912, 41.676539], [-72.843294, 41.67967]], "type": "LineString"}}, {"type": "Feature", "properties": {}, "geometry": {"coordinates": [[-72.646335, 41.676539], [-72.648431, 41.678104]], "type": "LineString"}}, {"type": "Feature", "properties": {}, "geometry": {"coordinates": [[-73.077967, 41.674974], [-73.079146, 41.675854], [-73.079932, 41.676148], [-73.080717, 41.676148], [-73.081634, 41.675952], [-73.082682, 41.675561], [-73.083991, 41.675365], [-73.085563, 41.675365], [-73.087396, 41.675561], [-73.089491, 41.675952], [-73.091325, 41.676441], [-73.092896, 41.677028], [-73.094206, 41.677713], [-73.095254, 41.678496], [-73.096039, 41.679279], [-73.096563, 41.680061], [-73.096825, 41.680844], [-73.096825, 41.681627], [-73.09748, 41.682801], [-73.098789, 41.684366], [-73.100754, 41.686323], [-73.103373, 41.68867], [-73.105337, 41.690529], [-73.106647, 41.691898], [-73.107301, 41.692877], [-73.107301, 41.693757]], "type": "LineString"}}, {"type": "Feature", "properties": {}, "geometry": {"coordinates": [[-72.933392, 41.674974], [-72.929856, 41.678496], [-72.928022, 41.680453], [-72.926713, 41.682018], [-72.925534, 41.683583], [-72.924487, 41.685149], [-72.923701, 41.686518], [-72.923177, 41.687692], [-72.922915, 41.68867], [-72.922915, 41.689453], [-72.922391, 41.690333], [-72.921344, 41.691312], [-72.919772, 41.692388], [-72.917677, 41.693561], [-72.915974, 41.694442], [-72.914665, 41.695029], [-72.913617, 41.695322], [-72.912439, 41.695322]], "type": "LineString"}}, {"type": "Feature", "properties": {}, "geometry": {"coordinates": [[-72.728052, 41.674974], [-72.742719, 41.674974]], "type": "LineString"}}, {"type": "Feature", "properties": {}, "geometry": {"coordinates": [[-72.728052, 41.674974], [-72.722159, 41.680257], [-72.71954, 41.682801], [-72.71823, 41.684366], [-72.717576, 41.685736], [-72.717576, 41.687496]], "type": "LineString"}}, {"type": "Feature", "properties": {}, "geometry": {"coordinates": [[-73.077967, 41.673408], [-73.077967, 41.674974]], "type": "LineString"}}, {"type": "Feature", "properties": {}, "geometry": {"coordinates": [[-73.075872, 41.673408], [-73.077967, 41.673408]], "type": "LineString"}}, {"type": "Feature", "properties": {}, "geometry": {"coordinates": [[-73.052824, 41.673408], [-73.052824, 41.690627]], "type": "LineString"}}, {"type": "Feature", "properties": {}, "geometry": {"coordinates": [[-73.017204, 41.673408], [-73.017204, 41.676539]], "type": "LineString"}}, {"type": "Feature", "properties": {}, "geometry": {"coordinates": [[-72.654717, 41.673408], [-72.652359, 41.673408], [-72.65105, 41.673604], [-72.650002, 41.673995], [-72.648693, 41.674778], [-72.646335, 41.676539]], "type": "LineString"}}, {"type": "Feature", "properties": {}, "geometry": {"coordinates": [[-73.052824, 41.671842], [-73.052824, 41.673408]], "type": "LineString"}}, {"type": "Feature", "properties": {}, "geometry": {"coordinates": [[-73.050728, 41.671842], [-73.052824, 41.671842]], "type": "LineString"}}, {"type": "Feature", "properties": {}, "geometry": {"coordinates": [[-73.050728, 41.671842], [-73.043657, 41.674484], [-73.040121, 41.675658], [-73.037764, 41.676246], [-73.035799, 41.676539], [-73.034228, 41.676539], [-73.032656, 41.676833], [-73.031085, 41.67742], [-73.029121, 41.678594], [-73.025585, 41.681235]], "type": "LineString"}}, {"type": "Feature", "properties": {}, "geometry": {"coordinates": [[-72.941773, 41.671842], [-72.948059, 41.678104]], "type": "LineString"}}, {"type": "Feature", "properties": {}, "geometry": {"coordinates": [[-72.941773, 41.671842], [-72.939416, 41.673604], [-72.938106, 41.674386], [-72.937058, 41.674778], [-72.935749, 41.674974], [-72.933392, 41.674974]], "type": "LineString"}}, {"type": "Feature", "properties": {}, "geometry": {"coordinates": [[-72.874723, 41.671842], [-72.875902, 41.672723], [-72.876426, 41.673408], [-72.876688, 41.674191], [-72.876818, 41.675169], [-72.876818, 41.676343], [-72.876949, 41.677322], [-72.877211, 41.678104], [-72.877735, 41.678789], [-72.878914, 41.67967]], "type": "LineString"}}, {"type": "Feature", "properties": {}, "geometry": {"coordinates": [[-73.054919, 41.670277], [-73.052824, 41.671842]], "type": "LineString"}}, {"type": "Feature", "properties": {}, "geometry": {"coordinates": [[-72.943868, 41.670277], [-72.941773, 41.671842]], "type": "LineString"}}, {"type": "Feature", "properties": {}, "geometry": {"coordinates": [[-72.874723, 41.670277], [-72.876818, 41.670277]], "type": "LineString"}}, {"type": "Feature", "properties": {}, "geometry": {"coordinates": [[-72.874723, 41.670277], [-72.874723, 41.671842]], "type": "LineString"}}, {"type": "Feature", "properties": {}, "geometry": {"coordinates": [[-72.872628, 41.670277], [-72.874723, 41.670277]], "type": "LineString"}}, {"type": "Feature", "properties": {}, "geometry": {"coordinates": [[-72.862151, 41.670277], [-72.872628, 41.670277]], "type": "LineString"}}, {"type": "Feature", "properties": {}, "geometry": {"coordinates": [[-72.860056, 41.670277], [-72.862151, 41.670277]], "type": "LineString"}}, {"type": "Feature", "properties": {}, "geometry": {"coordinates": [[-72.860056, 41.670277], [-72.854163, 41.675561], [-72.851282, 41.677909], [-72.849449, 41.679083], [-72.847746, 41.67967], [-72.845389, 41.67967]], "type": "LineString"}}, {"type": "Feature", "properties": {}, "geometry": {"coordinates": [[-72.918724, 41.668711], [-72.92226, 41.670473], [-72.924094, 41.671255], [-72.925403, 41.671647], [-72.926582, 41.671842], [-72.92763, 41.671842], [-72.928677, 41.672038], [-72.929725, 41.67243], [-72.931034, 41.673212], [-72.933392, 41.674974]], "type": "LineString"}}, {"type": "Feature", "properties": {}, "geometry": {"coordinates": [[-72.901962, 41.668711], [-72.903141, 41.669592], [-72.904057, 41.669983], [-72.905105, 41.670179], [-72.906415, 41.670277], [-72.907986, 41.670277], [-72.909296, 41.670375], [-72.910343, 41.67057], [-72.911129, 41.670864], [-72.911653, 41.671255], [-72.912439, 41.671353], [-72.913486, 41.671157], [-72.915189, 41.670473], [-72.918724, 41.668711]], "type": "LineString"}}, {"type": "Feature", "properties": {}, "geometry": {"coordinates": [[-72.899867, 41.668711], [-72.901962, 41.668711]], "type": "LineString"}}, {"type": "Feature", "properties": {}, "geometry": {"coordinates": [[-72.899867, 41.668711], [-72.895152, 41.670473], [-72.892926, 41.671157], [-72.891617, 41.671353], [-72.8907, 41.671255], [-72.890176, 41.670864], [-72.888997, 41.67057], [-72.887164, 41.670375], [-72.88389, 41.670277], [-72.876818, 41.670277]], "type": "LineString"}}, {"type": "Feature", "properties": {}, "geometry": {"coordinates": [[-72.874723, 41.668711], [-72.874723, 41.670277]], "type": "LineString"}}, {"type": "Feature", "properties": {}, "geometry": {"coordinates": [[-72.860056, 41.668711], [-72.860056, 41.670277]], "type": "LineString"}}, {"type": "Feature", "properties": {}, "geometry": {"coordinates": [[-72.81815, 41.668711], [-72.820245, 41.668711]], "type": "LineString"}}, {"type": "Feature", "properties": {}, "geometry": {"coordinates": [[-72.81815, 41.668711], [-72.816055, 41.671842]], "type": "LineString"}}, {"type": "Feature", "properties": {}, "geometry": {"coordinates": [[-72.790911, 41.668711], [-72.797983, 41.673114], [-72.801126, 41.675267], [-72.802697, 41.676637], [-72.803483, 41.677909], [-72.803483, 41.67967]], "type": "LineString"}}, {"type": "Feature", "properties": {}, "geometry": {"coordinates": [[-72.784625, 41.668711], [-72.790911, 41.668711]], "type": "LineString"}}, {"type": "Feature", "properties": {}, "geometry": {"coordinates": [[-72.784625, 41.668711], [-72.783447, 41.669592], [-72.782923, 41.670179], [-72.782661, 41.670766], [-72.78253, 41.671451], [-72.78253, 41.672234], [-72.782661, 41.672919], [-72.782923, 41.673506], [-72.783316, 41.673995], [-72.78384, 41.674386], [-72.784232, 41.674974], [-72.784494, 41.675756], [-72.784625, 41.676735], [-72.784625, 41.677909], [-72.784887, 41.678985], [-72.785411, 41.679963], [-72.786459, 41.68104], [-72.788816, 41.682801]], "type": "LineString"}}, {"type": "Feature", "properties": {}, "geometry": {"coordinates": [[-72.759482, 41.668711], [-72.761839, 41.670473], [-72.763018, 41.671255], [-72.763803, 41.671647], [-72.764589, 41.671842], [-72.765768, 41.671842]], "type": "LineString"}}, {"type": "Feature", "properties": {}, "geometry": {"coordinates": [[-72.757386, 41.668711], [-72.759482, 41.668711]], "type": "LineString"}}, {"type": "Feature", "properties": {}, "geometry": {"coordinates": [[-72.757386, 41.668711], [-72.753851, 41.671353], [-72.752148, 41.672527], [-72.7511, 41.673114], [-72.750184, 41.673408], [-72.749005, 41.673408]], "type": "LineString"}}, {"type": "Feature", "properties": {}, "geometry": {"coordinates": [[-71.843836, 41.668711], [-71.843836, 41.670473], [-71.844228, 41.671549], [-71.845014, 41.672527], [-71.846193, 41.673604], [-71.847764, 41.674778], [-71.848681, 41.675854], [-71.848943, 41.676833], [-71.84855, 41.677713], [-71.847502, 41.678496], [-71.846717, 41.679279], [-71.846193, 41.680061], [-71.845931, 41.680844], [-71.845931, 41.681627], [-71.8458, 41.682311], [-71.845538, 41.682898], [-71.845014, 41.683485], [-71.843836, 41.684366]], "type": "LineString"}}, {"type": "Feature", "properties": {}, "geometry": {"coordinates": [[-73.077967, 41.667145], [-73.079146, 41.668026], [-73.07967, 41.668613], [-73.079932, 41.6692], [-73.080063, 41.669885], [-73.080063, 41.670668], [-73.079932, 41.671353], [-73.07967, 41.67194], [-73.079146, 41.672527], [-73.077967, 41.673408]], "type": "LineString"}}, {"type": "Feature", "properties": {}, "geometry": {"coordinates": [[-73.0633, 41.667145], [-73.064479, 41.668026], [-73.065265, 41.668418], [-73.06605, 41.668613], [-73.067229, 41.668711], [-73.069586, 41.668711]], "type": "LineString"}}, {"type": "Feature", "properties": {}, "geometry": {"coordinates": [[-73.0633, 41.667145], [-73.054919, 41.670277]], "type": "LineString"}}, {"type": "Feature", "properties": {}, "geometry": {"coordinates": [[-72.901962, 41.667145], [-72.901962, 41.668711]], "type": "LineString"}}, {"type": "Feature", "properties": {}, "geometry": {"coordinates": [[-72.860056, 41.667145], [-72.860056, 41.668711]], "type": "LineString"}}, {"type": "Feature", "properties": {}, "geometry": {"coordinates": [[-72.759482, 41.667145], [-72.759482, 41.668711]], "type": "LineString"}}, {"type": "Feature", "properties": {}, "geometry": {"coordinates": [[-72.757386, 41.667145], [-72.759482, 41.667145]], "type": "LineString"}}, {"type": "Feature", "properties": {}, "geometry": {"coordinates": [[-72.757386, 41.667145], [-72.757386, 41.668711]], "type": "LineString"}}, {"type": "Feature", "properties": {}, "geometry": {"coordinates": [[-72.635859, 41.667145], [-72.637038, 41.668026], [-72.637561, 41.668613], [-72.637823, 41.6692], [-72.637954, 41.669885], [-72.637954, 41.670668], [-72.638478, 41.671549], [-72.639526, 41.672527], [-72.641621, 41.673897], [-72.646335, 41.676539]], "type": "LineString"}}, {"type": "Feature", "properties": {}, "geometry": {"coordinates": [[-72.631668, 41.667145], [-72.635859, 41.667145]], "type": "LineString"}}, {"type": "Feature", "properties": {}, "geometry": {"coordinates": [[-73.048633, 41.66558], [-73.054919, 41.670277]], "type": "LineString"}}, {"type": "Feature", "properties": {}, "geometry": {"coordinates": [[-73.046538, 41.66558], [-73.048633, 41.66558]], "type": "LineString"}}, {"type": "Feature", "properties": {}, "geometry": {"coordinates": [[-72.797197, 41.664014], [-72.790911, 41.668711]], "type": "LineString"}}, {"type": "Feature", "properties": {}, "geometry": {"coordinates": [[-72.721766, 41.664014], [-72.724124, 41.665775], [-72.725171, 41.66695], [-72.725695, 41.668124], [-72.725957, 41.669494], [-72.725957, 41.67106], [-72.726088, 41.672332], [-72.72635, 41.67331], [-72.726874, 41.674093], [-72.728052, 41.674974]], "type": "LineString"}}, {"type": "Feature", "properties": {}, "geometry": {"coordinates": [[-72.721766, 41.664014], [-72.717052, 41.666656], [-72.714957, 41.668026], [-72.713909, 41.669005], [-72.713385, 41.670081], [-72.713385, 41.671842]], "type": "LineString"}}, {"type": "Feature", "properties": {}, "geometry": {"coordinates": [[-72.64005, 41.664014], [-72.646335, 41.664014]], "type": "LineString"}}, {"type": "Feature", "properties": {}, "geometry": {"coordinates": [[-72.64005, 41.664014], [-72.635859, 41.667145]], "type": "LineString"}}, {"type": "Feature", "properties": {}, "geometry": {"coordinates": [[-72.811864, 41.662448], [-72.81815, 41.668711]], "type": "LineString"}}, {"type": "Feature", "properties": {}, "geometry": {"coordinates": [[-72.809769, 41.662448], [-72.811864, 41.662448]], "type": "LineString"}}, {"type": "Feature", "properties": {}, "geometry": {"coordinates": [[-72.801388, 41.662448], [-72.809769, 41.662448]], "type": "LineString"}}, {"type": "Feature", "properties": {}, "geometry": {"coordinates": [[-72.753196, 41.662448], [-72.753196, 41.663329], [-72.753458, 41.663916], [-72.753982, 41.664503], [-72.755029, 41.665384], [-72.757386, 41.667145]], "type": "LineString"}}, {"type": "Feature", "properties": {}, "geometry": {"coordinates": [[-72.677765, 41.662448], [-72.67986, 41.662448]], "type": "LineString"}}, {"type": "Feature", "properties": {}, "geometry": {"coordinates": [[-72.677765, 41.662448], [-72.670693, 41.669494], [-72.66755, 41.672821], [-72.665979, 41.674778], [-72.665193, 41.676148], [-72.665193, 41.67693], [-72.665062, 41.677615], [-72.6648, 41.678202], [-72.664276, 41.678789], [-72.663098, 41.67967]], "type": "LineString"}}, {"type": "Feature", "properties": {}, "geometry": {"coordinates": [[-72.811864, 41.660882], [-72.811864, 41.662448]], "type": "LineString"}}, {"type": "Feature", "properties": {}, "geometry": {"coordinates": [[-72.78253, 41.660882], [-72.78253, 41.664405], [-72.782661, 41.666069], [-72.782923, 41.667048], [-72.783447, 41.66783], [-72.784625, 41.668711]], "type": "LineString"}}, {"type": "Feature", "properties": {}, "geometry": {"coordinates": [[-72.677765, 41.660882], [-72.677765, 41.662448]], "type": "LineString"}}, {"type": "Feature", "properties": {}, "geometry": {"coordinates": [[-72.811864, 41.659316], [-72.811864, 41.660882]], "type": "LineString"}}, {"type": "Feature", "properties": {}, "geometry": {"coordinates": [[-72.78253, 41.659316], [-72.784625, 41.659316]], "type": "LineString"}}, {"type": "Feature", "properties": {}, "geometry": {"coordinates": [[-72.78253, 41.659316], [-72.78253, 41.660882]], "type": "LineString"}}, {"type": "Feature", "properties": {}, "geometry": {"coordinates": [[-72.906153, 41.657751], [-72.910867, 41.658631], [-72.913093, 41.659121], [-72.914403, 41.659512], [-72.91532, 41.659904], [-72.915843, 41.660295], [-72.916367, 41.660785], [-72.916891, 41.661372], [-72.917415, 41.662057], [-72.917939, 41.66284], [-72.918332, 41.66372], [-72.918594, 41.664699], [-72.918724, 41.666069], [-72.918724, 41.668711]], "type": "LineString"}}, {"type": "Feature", "properties": {}, "geometry": {"coordinates": [[-72.904057, 41.657751], [-72.906153, 41.657751]], "type": "LineString"}}, {"type": "Feature", "properties": {}, "geometry": {"coordinates": [[-72.904057, 41.657751], [-72.902879, 41.658631], [-72.902355, 41.659512], [-72.902093, 41.660687], [-72.901962, 41.662742], [-72.901962, 41.667145]], "type": "LineString"}}, {"type": "Feature", "properties": {}, "geometry": {"coordinates": [[-72.788816, 41.657751], [-72.784625, 41.659316]], "type": "LineString"}}, {"type": "Feature", "properties": {}, "geometry": {"coordinates": [[-72.725957, 41.657751], [-72.728052, 41.657751]], "type": "LineString"}}, {"type": "Feature", "properties": {}, "geometry": {"coordinates": [[-72.725957, 41.657751], [-72.721766, 41.664014]], "type": "LineString"}}, {"type": "Feature", "properties": {}, "geometry": {"coordinates": [[-72.156035, 41.657751], [-72.157214, 41.658631], [-72.157738, 41.659414], [-72.158, 41.660393], [-72.158131, 41.661665], [-72.158131, 41.663231], [-72.158262, 41.664503], [-72.158523, 41.665482], [-72.158916, 41.666167], [-72.15944, 41.666558], [-72.159833, 41.667048], [-72.160095, 41.667635], [-72.160226, 41.66832], [-72.160226, 41.669103], [-72.160488, 41.669885], [-72.161012, 41.670668], [-72.161797, 41.671451], [-72.162845, 41.672234], [-72.163631, 41.673017], [-72.164155, 41.673799], [-72.164416, 41.674582], [-72.164416, 41.675365], [-72.164678, 41.676246], [-72.165202, 41.677224], [-72.16625, 41.678594], [-72.168607, 41.681235]], "type": "LineString"}}, {"type": "Feature", "properties": {}, "geometry": {"coordinates": [[-72.15394, 41.657751], [-72.156035, 41.657751]], "type": "LineString"}}, {"type": "Feature", "properties": {}, "geometry": {"coordinates": [[-72.904057, 41.656185], [-72.904057, 41.657751]], "type": "LineString"}}, {"type": "Feature", "properties": {}, "geometry": {"coordinates": [[-73.090539, 41.654619], [-73.088182, 41.65638], [-73.087003, 41.657163], [-73.086218, 41.657555], [-73.085432, 41.657751], [-73.084253, 41.657751]], "type": "LineString"}}, {"type": "Feature", "properties": {}, "geometry": {"coordinates": [[-72.772053, 41.654619], [-72.773232, 41.6555], [-72.774018, 41.655891], [-72.774804, 41.656087], [-72.77572, 41.656185], [-72.776768, 41.656185], [-72.777816, 41.65638], [-72.778863, 41.656772], [-72.780173, 41.657555], [-72.78253, 41.659316]], "type": "LineString"}}, {"type": "Feature", "properties": {}, "geometry": {"coordinates": [[-72.772053, 41.654619], [-72.767339, 41.657261], [-72.765244, 41.658729], [-72.764196, 41.659904], [-72.763672, 41.661078], [-72.763672, 41.662252], [-72.76341, 41.663329], [-72.762887, 41.664308], [-72.761839, 41.665384], [-72.759482, 41.667145]], "type": "LineString"}}, {"type": "Feature", "properties": {}, "geometry": {"coordinates": [[-72.64005, 41.654619], [-72.638871, 41.6555], [-72.638347, 41.656283], [-72.638085, 41.657261], [-72.637954, 41.658534], [-72.637954, 41.660099], [-72.638085, 41.661372], [-72.638347, 41.66235], [-72.638871, 41.663133], [-72.64005, 41.664014]], "type": "LineString"}}, {"type": "Feature", "properties": {}, "geometry": {"coordinates": [[-72.642145, 41.653053], [-72.64005, 41.654619]], "type": "LineString"}}, {"type": "Feature", "properties": {}, "geometry": {"coordinates": [[-72.633764, 41.653053], [-72.636121, 41.653053], [-72.6373, 41.65315], [-72.638085, 41.653346], [-72.638871, 41.653738], [-72.64005, 41.654619]], "type": "LineString"}}, {"type": "Feature", "properties": {}, "geometry": {"coordinates": [[-72.945963, 41.651487], [-72.941249, 41.655891], [-72.939154, 41.65824], [-72.938106, 41.660002], [-72.937582, 41.661665], [-72.937582, 41.663231], [-72.937975, 41.664699], [-72.938761, 41.666069], [-72.940332, 41.667635], [-72.943868, 41.670277]], "type": "LineString"}}, {"type": "Feature", "properties": {}, "geometry": {"coordinates": [[-72.897771, 41.651487], [-72.89895, 41.651487], [-72.899736, 41.65178], [-72.900522, 41.652367], [-72.9017, 41.653542], [-72.904057, 41.656185]], "type": "LineString"}}, {"type": "Feature", "properties": {}, "geometry": {"coordinates": [[-72.721766, 41.64992], [-72.722945, 41.650801], [-72.723469, 41.651487], [-72.723731, 41.65227], [-72.723862, 41.653248], [-72.723862, 41.654423], [-72.723993, 41.655402], [-72.724254, 41.656185], [-72.724778, 41.65687], [-72.725957, 41.657751]], "type": "LineString"}}, {"type": "Feature", "properties": {}, "geometry": {"coordinates": [[-72.719671, 41.64992], [-72.721766, 41.64992]], "type": "LineString"}}, {"type": "Feature", "properties": {}, "geometry": {"coordinates": [[-72.719671, 41.64992], [-72.718492, 41.650801], [-72.717445, 41.651193], [-72.716135, 41.651389], [-72.714433, 41.651487], [-72.712337, 41.651487], [-72.710373, 41.651682], [-72.70854, 41.652074], [-72.706837, 41.652661], [-72.705266, 41.653444], [-72.703825, 41.654031], [-72.702516, 41.654423], [-72.701337, 41.654619], [-72.700289, 41.654619], [-72.698325, 41.655108], [-72.695444, 41.656087], [-72.690468, 41.658044], [-72.67986, 41.662448]], "type": "LineString"}}, {"type": "Feature", "properties": {}, "geometry": {"coordinates": [[-72.665193, 41.64992], [-72.66755, 41.651682], [-72.668991, 41.652465], [-72.6703, 41.652857], [-72.671741, 41.653053], [-72.673312, 41.653053], [-72.674622, 41.65315], [-72.67567, 41.653346], [-72.676455, 41.65364], [-72.676979, 41.654031], [-72.677372, 41.654717], [-72.677634, 41.655695], [-72.677765, 41.657359], [-72.677765, 41.660882]], "type": "LineString"}}, {"type": "Feature", "properties": {}, "geometry": {"coordinates": [[-72.663098, 41.64992], [-72.665193, 41.64992]], "type": "LineString"}}, {"type": "Feature", "properties": {}, "geometry": {"coordinates": [[-72.663098, 41.64992], [-72.659562, 41.652563], [-72.657205, 41.653738], [-72.654848, 41.654325], [-72.652098, 41.654619], [-72.648955, 41.654619], [-72.646466, 41.654521], [-72.644633, 41.654325], [-72.643323, 41.653934], [-72.642145, 41.653053]], "type": "LineString"}}, {"type": "Feature", "properties": {}, "geometry": {"coordinates": [[-72.411662, 41.64992], [-72.410483, 41.650801], [-72.409959, 41.651584], [-72.409698, 41.652563], [-72.409567, 41.653836], [-72.409567, 41.655402], [-72.409436, 41.656674], [-72.409174, 41.657653], [-72.408781, 41.658338], [-72.408257, 41.658729], [-72.407733, 41.659414], [-72.407209, 41.660393], [-72.406686, 41.661665], [-72.406162, 41.663231], [-72.4059, 41.664503], [-72.4059, 41.665482], [-72.406162, 41.666167], [-72.406686, 41.666558], [-72.407078, 41.667145], [-72.40734, 41.667928], [-72.407471, 41.668907], [-72.407471, 41.670081], [-72.407602, 41.67106], [-72.407864, 41.671842], [-72.408257, 41.67243], [-72.408781, 41.672821], [-72.409174, 41.673506], [-72.409436, 41.674484], [-72.409567, 41.675756], [-72.409567, 41.677322], [-72.41009, 41.678887], [-72.411138, 41.680453], [-72.41271, 41.682018], [-72.414805, 41.683583], [-72.416245, 41.684953], [-72.417031, 41.686127], [-72.417031, 41.687301], [-72.415852, 41.689062]], "type": "LineString"}}, {"type": "Feature", "properties": {}, "geometry": {"coordinates": [[-72.130892, 41.64992], [-72.130892, 41.651487]], "type": "LineString"}}, {"type": "Feature", "properties": {}, "geometry": {"coordinates": [[-72.128796, 41.64992], [-72.130892, 41.64992]], "type": "LineString"}}, {"type": "Feature", "properties": {}, "geometry": {"coordinates": [[-73.075872, 41.648354], [-73.077967, 41.64992]], "type": "LineString"}}, {"type": "Feature", "properties": {}, "geometry": {"coordinates": [[-73.075872, 41.648354], [-73.072336, 41.650997], [-73.070765, 41.652465], [-73.069979, 41.65364], [-73.069586, 41.654814], [-73.069586, 41.655989], [-73.069193, 41.657163], [-73.068407, 41.658338], [-73.067229, 41.659512], [-73.065657, 41.660687], [-73.064479, 41.661861], [-73.063693, 41.663035], [-73.0633, 41.664503], [-73.0633, 41.667145]], "type": "LineString"}}, {"type": "Feature", "properties": {}, "geometry": {"coordinates": [[-72.721766, 41.648354], [-72.721766, 41.64992]], "type": "LineString"}}, {"type": "Feature", "properties": {}, "geometry": {"coordinates": [[-72.663098, 41.648354], [-72.663098, 41.64992]], "type": "LineString"}}, {"type": "Feature", "properties": {}, "geometry": {"coordinates": [[-72.457758, 41.648354], [-72.457758, 41.651878], [-72.457889, 41.653542], [-72.458151, 41.654521], [-72.458544, 41.655206], [-72.459068, 41.655597], [-72.459461, 41.656283], [-72.459723, 41.657261], [-72.459854, 41.658534], [-72.459854, 41.660099], [-72.459985, 41.661372], [-72.460247, 41.66235], [-72.46064, 41.663035], [-72.461163, 41.663427], [-72.461556, 41.66421], [-72.461818, 41.665384], [-72.461949, 41.66695], [-72.461949, 41.668907], [-72.46208, 41.670473], [-72.462342, 41.671647], [-72.462735, 41.67243], [-72.463259, 41.672821], [-72.463652, 41.673604], [-72.463913, 41.674778], [-72.464044, 41.676343], [-72.464044, 41.6783], [-72.464175, 41.679866], [-72.464437, 41.68104], [-72.46483, 41.681822], [-72.465354, 41.682214], [-72.465747, 41.682898], [-72.466009, 41.683877], [-72.46614, 41.685149], [-72.46614, 41.686714], [-72.466271, 41.687986], [-72.466533, 41.688964], [-72.466925, 41.689649], [-72.467449, 41.69004], [-72.467842, 41.691507], [-72.468104, 41.69405], [-72.468235, 41.697669], [-72.468235, 41.702364], [-72.468366, 41.705983], [-72.468628, 41.708525], [-72.469021, 41.709992], [-72.469545, 41.710384], [-72.469545, 41.71097], [-72.469021, 41.711753], [-72.46758, 41.713024], [-72.464044, 41.715664]], "type": "LineString"}}, {"type": "Feature", "properties": {}, "geometry": {"coordinates": [[-72.411662, 41.64992], [-72.410483, 41.649039], [-72.409567, 41.648648], [-72.408519, 41.648452], [-72.407209, 41.648354], [-72.405638, 41.648354], [-72.404066, 41.64855], [-72.402495, 41.648942], [-72.400923, 41.649529], [-72.399352, 41.650312], [-72.39765, 41.650997], [-72.395816, 41.651584], [-72.393852, 41.652074], [-72.391757, 41.652465], [-72.389923, 41.652955], [-72.388352, 41.653542], [-72.387042, 41.654227], [-72.385994, 41.65501], [-72.384685, 41.655793], [-72.383113, 41.656576], [-72.38128, 41.657359], [-72.379185, 41.658142], [-72.376828, 41.658729], [-72.374208, 41.659121], [-72.371327, 41.659316], [-72.368184, 41.659316], [-72.365434, 41.659512], [-72.363077, 41.659904], [-72.361113, 41.660491], [-72.359541, 41.661274], [-72.35797, 41.661861], [-72.356398, 41.662252], [-72.354827, 41.662448], [-72.353255, 41.662448], [-72.351815, 41.662546], [-72.350505, 41.662742], [-72.349327, 41.663035], [-72.348279, 41.663427], [-72.346839, 41.664699], [-72.345005, 41.666852], [-72.342779, 41.669885], [-72.34016, 41.673799], [-72.337672, 41.677028], [-72.335314, 41.679572], [-72.333088, 41.681431], [-72.330993, 41.682605], [-72.32929, 41.683485], [-72.327981, 41.684072], [-72.327064, 41.684366], [-72.32654, 41.684366], [-72.325755, 41.684757], [-72.324707, 41.68554], [-72.323397, 41.686714], [-72.321826, 41.688279], [-72.320385, 41.689453], [-72.319076, 41.690235], [-72.317897, 41.690627], [-72.31685, 41.690627], [-72.31554, 41.691018], [-72.313969, 41.691801], [-72.312135, 41.692974], [-72.31004, 41.694539], [-72.308206, 41.696105], [-72.306635, 41.697669], [-72.305064, 41.699626], [-72.302706, 41.703147]], "type": "LineString"}}, {"type": "Feature", "properties": {}, "geometry": {"coordinates": [[-73.075872, 41.646788], [-73.075872, 41.648354]], "type": "LineString"}}, {"type": "Feature", "properties": {}, "geometry": {"coordinates": [[-72.872628, 41.646788], [-72.874985, 41.650312], [-72.875902, 41.651976], [-72.876164, 41.652955], [-72.876033, 41.65364], [-72.875509, 41.654031], [-72.875116, 41.655206], [-72.874854, 41.657163], [-72.874723, 41.660785], [-72.874723, 41.668711]], "type": "LineString"}}, {"type": "Feature", "properties": {}, "geometry": {"coordinates": [[-72.870533, 41.646788], [-72.872628, 41.646788]], "type": "LineString"}}, {"type": "Feature", "properties": {}, "geometry": {"coordinates": [[-72.868437, 41.646788], [-72.870533, 41.646788]], "type": "LineString"}}, {"type": "Feature", "properties": {}, "geometry": {"coordinates": [[-72.723862, 41.646788], [-72.721766, 41.648354]], "type": "LineString"}}, {"type": "Feature", "properties": {}, "geometry": {"coordinates": [[-72.872628, 41.645222], [-72.872628, 41.646788]], "type": "LineString"}}, {"type": "Feature", "properties": {}, "geometry": {"coordinates": [[-72.646335, 41.643656], [-72.647514, 41.644537], [-72.648693, 41.644928], [-72.650264, 41.645124], [-72.652359, 41.645222], [-72.654979, 41.645222], [-72.657205, 41.645418], [-72.659038, 41.645809], [-72.660741, 41.646592], [-72.663098, 41.648354]], "type": "LineString"}}, {"type": "Feature", "properties": {}, "geometry": {"coordinates": [[-72.646335, 41.643656], [-72.643978, 41.646299], [-72.642931, 41.647767], [-72.642407, 41.648942], [-72.642145, 41.65041], [-72.642145, 41.653053]], "type": "LineString"}}, {"type": "Feature", "properties": {}, "geometry": {"coordinates": [[-72.876818, 41.642089], [-72.887295, 41.642089]], "type": "LineString"}}, {"type": "Feature", "properties": {}, "geometry": {"coordinates": [[-72.874723, 41.642089], [-72.876818, 41.642089]], "type": "LineString"}}, {"type": "Feature", "properties": {}, "geometry": {"coordinates": [[-72.874723, 41.642089], [-72.872628, 41.645222]], "type": "LineString"}}, {"type": "Feature", "properties": {}, "geometry": {"coordinates": [[-73.205781, 41.640523], [-73.205781, 41.643166], [-73.205519, 41.644537], [-73.204995, 41.645516], [-73.204209, 41.646397], [-73.203161, 41.64718], [-73.202245, 41.648159], [-73.201459, 41.649333], [-73.200804, 41.650704], [-73.20028, 41.65227], [-73.199757, 41.653542], [-73.199233, 41.654521], [-73.198709, 41.655206], [-73.198185, 41.655597], [-73.197792, 41.65687], [-73.19753, 41.659023], [-73.197399, 41.662057], [-73.197399, 41.665971], [-73.197268, 41.669005], [-73.197007, 41.671157], [-73.196614, 41.67243], [-73.19609, 41.672821], [-73.195697, 41.673604], [-73.195435, 41.674778], [-73.195304, 41.676833], [-73.195304, 41.681235]], "type": "LineString"}}, {"type": "Feature", "properties": {}, "geometry": {"coordinates": [[-72.874723, 41.640523], [-72.874723, 41.642089]], "type": "LineString"}}, {"type": "Feature", "properties": {}, "geometry": {"coordinates": [[-72.449377, 41.640523], [-72.443484, 41.640523], [-72.440603, 41.640719], [-72.43877, 41.64111], [-72.437329, 41.641698], [-72.436282, 41.642481], [-72.434841, 41.643264], [-72.433008, 41.644047], [-72.430782, 41.64483], [-72.428162, 41.645613], [-72.425936, 41.646397], [-72.424103, 41.64718], [-72.422662, 41.647963], [-72.421615, 41.648746], [-72.420305, 41.649333], [-72.418734, 41.649725], [-72.416376, 41.64992], [-72.411662, 41.64992]], "type": "LineString"}}, {"type": "Feature", "properties": {}, "geometry": {"coordinates": [[-73.050728, 41.638957], [-73.050728, 41.646886], [-73.050859, 41.650508], [-73.051121, 41.652465], [-73.051514, 41.65364], [-73.052038, 41.654031], [-73.0523, 41.654423], [-73.0523, 41.654814], [-73.052038, 41.655206], [-73.051514, 41.655597], [-73.051121, 41.65638], [-73.050859, 41.657555], [-73.050728, 41.659121], [-73.050728, 41.661078], [-73.050597, 41.662644], [-73.050336, 41.663818], [-73.049812, 41.664699], [-73.048633, 41.66558]], "type": "LineString"}}, {"type": "Feature", "properties": {}, "geometry": {"coordinates": [[-72.872628, 41.638957], [-72.874723, 41.640523]], "type": "LineString"}}, {"type": "Feature", "properties": {}, "geometry": {"coordinates": [[-72.74691, 41.640523], [-72.745731, 41.639642], [-72.744815, 41.639446], [-72.743767, 41.639642], [-72.742457, 41.640131], [-72.740886, 41.640915], [-72.739314, 41.641502], [-72.737743, 41.641894], [-72.736171, 41.642089], [-72.7346, 41.642089], [-72.732898, 41.642383], [-72.731064, 41.64297], [-72.728576, 41.644145], [-72.723862, 41.646788]], "type": "LineString"}}, {"type": "Feature", "properties": {}, "geometry": {"coordinates": [[-72.160226, 41.63739], [-72.161404, 41.638271], [-72.162583, 41.638663], [-72.164155, 41.638859], [-72.16625, 41.638957], [-72.168869, 41.638957], [-72.170964, 41.639055], [-72.172536, 41.63925], [-72.173583, 41.639544], [-72.174107, 41.639936], [-72.174762, 41.640229], [-72.175548, 41.640425], [-72.176464, 41.640523], [-72.177512, 41.640523], [-72.178822, 41.640817], [-72.180393, 41.641404], [-72.182227, 41.642285], [-72.184322, 41.64346], [-72.186286, 41.644341], [-72.18812, 41.644928], [-72.189822, 41.645222], [-72.191393, 41.645222], [-72.192703, 41.64532], [-72.193751, 41.645516], [-72.194536, 41.645809], [-72.19506, 41.646201], [-72.195584, 41.646494], [-72.196108, 41.64669], [-72.196632, 41.646788], [-72.197156, 41.646788], [-72.198203, 41.646299], [-72.199775, 41.64532], [-72.20187, 41.643851], [-72.204489, 41.641894], [-72.206453, 41.640327], [-72.207763, 41.639152], [-72.208418, 41.638271], [-72.208418, 41.63739]], "type": "LineString"}}, {"type": "Feature", "properties": {}, "geometry": {"coordinates": [[-72.160226, 41.63739], [-72.159047, 41.638271], [-72.158523, 41.639446], [-72.158262, 41.641208], [-72.158131, 41.643656], [-72.158131, 41.646788], [-72.158262, 41.649235], [-72.158523, 41.650997], [-72.158916, 41.652074], [-72.15944, 41.652465], [-72.159571, 41.653053], [-72.159309, 41.653836], [-72.158393, 41.655108], [-72.156035, 41.657751]], "type": "LineString"}}, {"type": "Feature", "properties": {}, "geometry": {"coordinates": [[-72.141368, 41.63739], [-72.141368, 41.640915], [-72.140713, 41.642873], [-72.139404, 41.644439], [-72.136785, 41.646397], [-72.130892, 41.64992]], "type": "LineString"}}, {"type": "Feature", "properties": {}, "geometry": {"coordinates": [[-72.765768, 41.635824], [-72.766946, 41.636705], [-72.76747, 41.637488], [-72.767732, 41.638467], [-72.767863, 41.63974], [-72.767863, 41.641306], [-72.767994, 41.642579], [-72.768256, 41.643558], [-72.768649, 41.644243], [-72.769172, 41.644635], [-72.769565, 41.645124], [-72.769827, 41.645711], [-72.769958, 41.646397], [-72.769958, 41.64718], [-72.770089, 41.647865], [-72.770351, 41.648452], [-72.770744, 41.648942], [-72.771268, 41.649333], [-72.771661, 41.64992], [-72.771923, 41.650704], [-72.772053, 41.651976], [-72.772053, 41.654619]], "type": "LineString"}}, {"type": "Feature", "properties": {}, "geometry": {"coordinates": [[-72.723862, 41.635824], [-72.722683, 41.637586], [-72.722159, 41.638761], [-72.721897, 41.639936], [-72.721766, 41.641306], [-72.721766, 41.642873], [-72.721897, 41.644145], [-72.722159, 41.645124], [-72.722683, 41.645907], [-72.723862, 41.646788]], "type": "LineString"}}, {"type": "Feature", "properties": {}, "geometry": {"coordinates": [[-72.208418, 41.635824], [-72.210513, 41.635824]], "type": "LineString"}}, {"type": "Feature", "properties": {}, "geometry": {"coordinates": [[-72.208418, 41.635824], [-72.208418, 41.63739]], "type": "LineString"}}, {"type": "Feature", "properties": {}, "geometry": {"coordinates": [[-72.755291, 41.634257], [-72.758827, 41.634257], [-72.76066, 41.634355], [-72.76197, 41.634551], [-72.76341, 41.634943], [-72.765768, 41.635824]], "type": "LineString"}}, {"type": "Feature", "properties": {}, "geometry": {"coordinates": [[-72.204227, 41.634257], [-72.208418, 41.635824]], "type": "LineString"}}, {"type": "Feature", "properties": {}, "geometry": {"coordinates": [[-72.778339, 41.632691], [-72.780435, 41.635824]], "type": "LineString"}}, {"type": "Feature", "properties": {}, "geometry": {"coordinates": [[-72.156035, 41.632691], [-72.160226, 41.63739]], "type": "LineString"}}, {"type": "Feature", "properties": {}, "geometry": {"coordinates": [[-72.15394, 41.632691], [-72.156035, 41.632691]], "type": "LineString"}}, {"type": "Feature", "properties": {}, "geometry": {"coordinates": [[-72.15394, 41.632691], [-72.151583, 41.632691], [-72.150011, 41.632985], [-72.14844, 41.633572], [-72.146083, 41.634747], [-72.141368, 41.63739]], "type": "LineString"}}, {"type": "Feature", "properties": {}, "geometry": {"coordinates": [[-72.778339, 41.631124], [-72.778339, 41.632691]], "type": "LineString"}}, {"type": "Feature", "properties": {}, "geometry": {"coordinates": [[-72.776244, 41.631124], [-72.778339, 41.631124]], "type": "LineString"}}, {"type": "Feature", "properties": {}, "geometry": {"coordinates": [[-72.772053, 41.631124], [-72.776244, 41.631124]], "type": "LineString"}}, {"type": "Feature", "properties": {}, "geometry": {"coordinates": [[-72.769958, 41.631124], [-72.772053, 41.631124]], "type": "LineString"}}, {"type": "Feature", "properties": {}, "geometry": {"coordinates": [[-72.769958, 41.631124], [-72.765768, 41.635824]], "type": "LineString"}}, {"type": "Feature", "properties": {}, "geometry": {"coordinates": [[-72.457758, 41.631124], [-72.458937, 41.632887], [-72.459723, 41.63367], [-72.460509, 41.634061], [-72.461425, 41.634257], [-72.462473, 41.634257], [-72.463652, 41.634551], [-72.464961, 41.635138], [-72.466402, 41.63602], [-72.467973, 41.637194], [-72.469283, 41.638369], [-72.47033, 41.639544], [-72.471247, 41.641013], [-72.472426, 41.643656]], "type": "LineString"}}, {"type": "Feature", "properties": {}, "geometry": {"coordinates": [[-72.156035, 41.631124], [-72.156035, 41.632691]], "type": "LineString"}}, {"type": "Feature", "properties": {}, "geometry": {"coordinates": [[-72.769958, 41.629558], [-72.769958, 41.631124]], "type": "LineString"}}, {"type": "Feature", "properties": {}, "geometry": {"coordinates": [[-72.457758, 41.629558], [-72.457758, 41.631124]], "type": "LineString"}}, {"type": "Feature", "properties": {}, "geometry": {"coordinates": [[-72.455663, 41.629558], [-72.457758, 41.629558]], "type": "LineString"}}, {"type": "Feature", "properties": {}, "geometry": {"coordinates": [[-72.231466, 41.627991], [-72.210513, 41.635824]], "type": "LineString"}}, {"type": "Feature", "properties": {}, "geometry": {"coordinates": [[-73.105206, 41.624858], [-73.102849, 41.62662], [-73.101801, 41.627697], [-73.101278, 41.628676], [-73.101016, 41.629753], [-73.101016, 41.630928], [-73.100492, 41.632299], [-73.099444, 41.633866], [-73.097873, 41.635628], [-73.095777, 41.637586], [-73.094206, 41.639152], [-73.093158, 41.640327], [-73.092634, 41.641208], [-73.092634, 41.642089]], "type": "LineString"}}, {"type": "Feature", "properties": {}, "geometry": {"coordinates": [[-72.749005, 41.621724], [-72.7511, 41.629558]], "type": "LineString"}}, {"type": "Feature", "properties": {}, "geometry": {"coordinates": [[-72.440996, 41.621724], [-72.442175, 41.621724], [-72.443484, 41.622214], [-72.445318, 41.623193], [-72.448592, 41.625151], [-72.455663, 41.629558]], "type": "LineString"}}, {"type": "Feature", "properties": {}, "geometry": {"coordinates": [[-73.457217, 41.620157], [-73.461931, 41.623683], [-73.464157, 41.625641], [-73.465467, 41.627208], [-73.466384, 41.628774], [-73.466907, 41.630341], [-73.467562, 41.631614], [-73.468348, 41.632593], [-73.469265, 41.633278], [-73.470312, 41.63367], [-73.471884, 41.634551], [-73.473979, 41.635922], [-73.476598, 41.637782], [-73.479741, 41.640131], [-73.481967, 41.641991], [-73.483277, 41.643362], [-73.483539, 41.644341], [-73.48236, 41.645222]], "type": "LineString"}}, {"type": "Feature", "properties": {}, "geometry": {"coordinates": [[-72.652621, 41.620157], [-72.657336, 41.62192], [-72.659824, 41.622703], [-72.661657, 41.623095], [-72.66336, 41.623291], [-72.664931, 41.623291], [-72.666372, 41.623389], [-72.667681, 41.623585], [-72.66886, 41.623878], [-72.669908, 41.62427], [-72.670955, 41.62476], [-72.672003, 41.625347], [-72.673051, 41.626033], [-72.674098, 41.626816], [-72.674753, 41.627501], [-72.675015, 41.628089], [-72.674884, 41.628578], [-72.67436, 41.62897], [-72.673967, 41.62946], [-72.673705, 41.630047], [-72.673574, 41.630928], [-72.673574, 41.632691]], "type": "LineString"}}, {"type": "Feature", "properties": {}, "geometry": {"coordinates": [[-72.652621, 41.620157], [-72.651443, 41.621039], [-72.650919, 41.622018], [-72.650657, 41.623389], [-72.650526, 41.625249], [-72.650526, 41.627599], [-72.650264, 41.629753], [-72.64974, 41.631712], [-72.648955, 41.633474], [-72.647907, 41.635041], [-72.647121, 41.636607], [-72.646597, 41.638173], [-72.646335, 41.640131], [-72.646335, 41.643656]], "type": "LineString"}}, {"type": "Feature", "properties": {}, "geometry": {"coordinates": [[-72.078509, 41.620157], [-72.080604, 41.620157]], "type": "LineString"}}, {"type": "Feature", "properties": {}, "geometry": {"coordinates": [[-72.078509, 41.620157], [-72.078509, 41.621724]], "type": "LineString"}}, {"type": "Feature", "properties": {}, "geometry": {"coordinates": [[-72.876818, 41.61859], [-72.880354, 41.61859], [-72.882057, 41.618688], [-72.883104, 41.618884], [-72.884021, 41.619276], [-72.8852, 41.620157]], "type": "LineString"}}, {"type": "Feature", "properties": {}, "geometry": {"coordinates": [[-72.874723, 41.61859], [-72.876818, 41.61859]], "type": "LineString"}}, {"type": "Feature", "properties": {}, "geometry": {"coordinates": [[-72.874723, 41.61859], [-72.873545, 41.619472], [-72.873021, 41.620157], [-72.872759, 41.620941], [-72.872628, 41.62192], [-72.872628, 41.623095], [-72.872497, 41.624074], [-72.872235, 41.624858], [-72.871842, 41.625445], [-72.871318, 41.625837], [-72.870925, 41.626522], [-72.870664, 41.627501], [-72.870533, 41.629166], [-72.870533, 41.632691]], "type": "LineString"}}, {"type": "Feature", "properties": {}, "geometry": {"coordinates": [[-72.874723, 41.617023], [-72.874723, 41.61859]], "type": "LineString"}}, {"type": "Feature", "properties": {}, "geometry": {"coordinates": [[-72.742719, 41.617023], [-72.749005, 41.621724]], "type": "LineString"}}, {"type": "Feature", "properties": {}, "geometry": {"coordinates": [[-72.740624, 41.617023], [-72.742719, 41.617023]], "type": "LineString"}}, {"type": "Feature", "properties": {}, "geometry": {"coordinates": [[-72.093176, 41.617023], [-72.094355, 41.617905], [-72.095926, 41.618297], [-72.098284, 41.618492], [-72.101557, 41.61859], [-72.105748, 41.61859], [-72.109284, 41.618884], [-72.112165, 41.619472], [-72.114391, 41.620353], [-72.115963, 41.621528], [-72.117141, 41.622703], [-72.117927, 41.623878], [-72.11832, 41.625053], [-72.11832, 41.626228], [-72.118844, 41.627501], [-72.119891, 41.628872], [-72.121463, 41.630341], [-72.123558, 41.631908], [-72.125392, 41.63318], [-72.126963, 41.634159], [-72.128273, 41.634845], [-72.12932, 41.635236], [-72.13063, 41.63553], [-72.132201, 41.635726], [-72.134035, 41.635824], [-72.13613, 41.635824], [-72.137832, 41.635922], [-72.139142, 41.636118], [-72.14019, 41.636509], [-72.141368, 41.63739]], "type": "LineString"}}, {"type": "Feature", "properties": {}, "geometry": {"coordinates": [[-72.093176, 41.617023], [-72.091998, 41.617905], [-72.09095, 41.618297], [-72.08964, 41.618492], [-72.087938, 41.61859], [-72.085843, 41.61859], [-72.08414, 41.618688], [-72.082831, 41.618884], [-72.081783, 41.619276], [-72.080604, 41.620157]], "type": "LineString"}}, {"type": "Feature", "properties": {}, "geometry": {"coordinates": [[-73.398548, 41.615457], [-73.398548, 41.616338], [-73.398286, 41.616926], [-73.397762, 41.617513], [-73.396977, 41.618199], [-73.395929, 41.618982], [-73.395143, 41.619863], [-73.39462, 41.620843], [-73.394358, 41.62192], [-73.394358, 41.623095], [-73.394227, 41.624074], [-73.393965, 41.624858], [-73.393572, 41.625445], [-73.393048, 41.625837], [-73.392655, 41.626718], [-73.392393, 41.628089], [-73.392262, 41.629949], [-73.392262, 41.632299], [-73.392131, 41.634257], [-73.391869, 41.635824], [-73.391346, 41.637194], [-73.390167, 41.638957]], "type": "LineString"}}, {"type": "Feature", "properties": {}, "geometry": {"coordinates": [[-72.769958, 41.629558], [-72.769958, 41.625151], [-72.769565, 41.622801], [-72.76878, 41.621039], [-72.767601, 41.619374], [-72.76603, 41.617807], [-72.76472, 41.61673], [-72.763672, 41.616142], [-72.762887, 41.616044], [-72.762363, 41.616436], [-72.761708, 41.61673], [-72.760922, 41.616926], [-72.760006, 41.617023], [-72.758958, 41.617023], [-72.757648, 41.617317], [-72.756077, 41.617905], [-72.75372, 41.61908], [-72.749005, 41.621724]], "type": "LineString"}}, {"type": "Feature", "properties": {}, "geometry": {"coordinates": [[-72.742719, 41.615457], [-72.742719, 41.617023]], "type": "LineString"}}, {"type": "Feature", "properties": {}, "geometry": {"coordinates": [[-72.652621, 41.615457], [-72.652621, 41.620157]], "type": "LineString"}}, {"type": "Feature", "properties": {}, "geometry": {"coordinates": [[-72.596048, 41.615457], [-72.597227, 41.616338], [-72.597751, 41.617023], [-72.598013, 41.617807], [-72.598144, 41.618786], [-72.598144, 41.619961], [-72.598275, 41.620941], [-72.598536, 41.621724], [-72.598929, 41.622312], [-72.599453, 41.622703], [-72.599846, 41.62378], [-72.600108, 41.625543], [-72.600239, 41.627991], [-72.600239, 41.631124], [-72.600501, 41.633768], [-72.601025, 41.635922], [-72.60181, 41.637586], [-72.602858, 41.638761], [-72.603644, 41.639936], [-72.604168, 41.64111], [-72.604429, 41.642285], [-72.604429, 41.64346], [-72.604168, 41.644732], [-72.603644, 41.646103], [-72.602858, 41.647571], [-72.60181, 41.649137], [-72.601025, 41.651487], [-72.600501, 41.654619], [-72.600239, 41.658534], [-72.600239, 41.663231], [-72.599977, 41.667048], [-72.599453, 41.669983], [-72.598667, 41.672038], [-72.59762, 41.673212], [-72.596834, 41.674386], [-72.59631, 41.675561], [-72.596048, 41.676735], [-72.596048, 41.677909], [-72.596179, 41.678887], [-72.596441, 41.67967], [-72.596834, 41.680257], [-72.597358, 41.680648], [-72.597882, 41.681431], [-72.598406, 41.682605], [-72.598929, 41.68417], [-72.599453, 41.686127], [-72.600239, 41.688083], [-72.601287, 41.69004], [-72.602596, 41.691996], [-72.604168, 41.693953], [-72.605346, 41.696202], [-72.606132, 41.698745], [-72.606525, 41.701582], [-72.606525, 41.704711], [-72.606394, 41.707156], [-72.606132, 41.708917], [-72.605608, 41.71009], [-72.604429, 41.71097]], "type": "LineString"}}, {"type": "Feature", "properties": {}, "geometry": {"coordinates": [[-72.593953, 41.615457], [-72.596048, 41.615457]], "type": "LineString"}}, {"type": "Feature", "properties": {}, "geometry": {"coordinates": [[-72.652621, 41.61389], [-72.654717, 41.61389]], "type": "LineString"}}, {"type": "Feature", "properties": {}, "geometry": {"coordinates": [[-72.652621, 41.61389], [-72.652621, 41.615457]], "type": "LineString"}}, {"type": "Feature", "properties": {}, "geometry": {"coordinates": [[-73.448835, 41.612323], [-73.450014, 41.613204], [-73.450538, 41.613792], [-73.4508, 41.614379], [-73.450931, 41.615261], [-73.450931, 41.617023]], "type": "LineString"}}, {"type": "Feature", "properties": {}, "geometry": {"coordinates": [[-73.44674, 41.612323], [-73.448835, 41.612323]], "type": "LineString"}}, {"type": "Feature", "properties": {}, "geometry": {"coordinates": [[-72.717576, 41.612323], [-72.721112, 41.614967], [-72.723731, 41.616142], [-72.726612, 41.61673], [-72.731195, 41.617023], [-72.740624, 41.617023]], "type": "LineString"}}, {"type": "Feature", "properties": {}, "geometry": {"coordinates": [[-72.744815, 41.610755], [-72.743636, 41.611637], [-72.743112, 41.612225], [-72.74285, 41.612812], [-72.742719, 41.613694], [-72.742719, 41.615457]], "type": "LineString"}}, {"type": "Feature", "properties": {}, "geometry": {"coordinates": [[-72.717576, 41.610755], [-72.717576, 41.612323]], "type": "LineString"}}, {"type": "Feature", "properties": {}, "geometry": {"coordinates": [[-71.975839, 41.610755], [-71.975839, 41.6134], [-71.975447, 41.615163], [-71.974661, 41.616926], [-71.973482, 41.618982], [-71.971911, 41.621332], [-71.970339, 41.623389], [-71.968768, 41.625151], [-71.967196, 41.62662], [-71.965625, 41.627795], [-71.964446, 41.628774], [-71.963661, 41.629558], [-71.963268, 41.630145], [-71.963268, 41.630537], [-71.962875, 41.631124], [-71.962089, 41.631908], [-71.96091, 41.632887], [-71.959339, 41.634061], [-71.957768, 41.635041], [-71.956196, 41.635824], [-71.954625, 41.636411], [-71.953053, 41.636803], [-71.951482, 41.63739], [-71.94991, 41.638173], [-71.948339, 41.639152], [-71.946767, 41.640327], [-71.945458, 41.641208], [-71.94441, 41.641796], [-71.943624, 41.642089], [-71.9431, 41.642089], [-71.942315, 41.642383], [-71.941267, 41.64297], [-71.939957, 41.643851], [-71.938386, 41.645026], [-71.937207, 41.646005], [-71.936422, 41.646788], [-71.936029, 41.647473], [-71.936029, 41.648354]], "type": "LineString"}}, {"type": "Feature", "properties": {}, "geometry": {"coordinates": [[-72.874723, 41.609188], [-72.874723, 41.617023]], "type": "LineString"}}, {"type": "Feature", "properties": {}, "geometry": {"coordinates": [[-72.857961, 41.609188], [-72.860056, 41.609188]], "type": "LineString"}}, {"type": "Feature", "properties": {}, "geometry": {"coordinates": [[-72.857961, 41.609188], [-72.855604, 41.610951], [-72.854687, 41.611833], [-72.854425, 41.61242], [-72.854556, 41.61291], [-72.85508, 41.613302], [-72.855473, 41.613792], [-72.855735, 41.614379], [-72.855865, 41.615261], [-72.855865, 41.617023]], "type": "LineString"}}, {"type": "Feature", "properties": {}, "geometry": {"coordinates": [[-71.975839, 41.609188], [-71.975839, 41.610755]], "type": "LineString"}}, {"type": "Feature", "properties": {}, "geometry": {"coordinates": [[-71.973744, 41.609188], [-71.975839, 41.609188]], "type": "LineString"}}, {"type": "Feature", "properties": {}, "geometry": {"coordinates": [[-71.971649, 41.609188], [-71.973744, 41.609188]], "type": "LineString"}}, {"type": "Feature", "properties": {}, "geometry": {"coordinates": [[-72.981583, 41.607621], [-72.981583, 41.610266], [-72.98106, 41.611833], [-72.980012, 41.613204], [-72.978441, 41.614673], [-72.976345, 41.61624], [-72.974774, 41.617513], [-72.973726, 41.618492], [-72.973202, 41.619178], [-72.973202, 41.61957], [-72.972417, 41.620353], [-72.970845, 41.621528], [-72.968488, 41.623095], [-72.965345, 41.625053], [-72.962988, 41.626718], [-72.961416, 41.628089], [-72.96063, 41.629166], [-72.96063, 41.629949], [-72.960761, 41.630635], [-72.961023, 41.631222], [-72.961416, 41.631712], [-72.96194, 41.632103], [-72.962333, 41.633572], [-72.962595, 41.636118], [-72.962726, 41.63974], [-72.962726, 41.644439], [-72.962857, 41.648061], [-72.963119, 41.650606], [-72.963512, 41.652074], [-72.964035, 41.652465], [-72.964428, 41.653053], [-72.96469, 41.653836], [-72.964821, 41.654814], [-72.964821, 41.655989], [-72.964428, 41.657065], [-72.963642, 41.658044], [-72.962464, 41.658925], [-72.960892, 41.659708], [-72.959321, 41.660295], [-72.957749, 41.660687], [-72.956178, 41.660882], [-72.954607, 41.660882], [-72.953297, 41.66098], [-72.952249, 41.661176], [-72.951464, 41.66147], [-72.95094, 41.661861], [-72.950547, 41.66235], [-72.950285, 41.662938], [-72.950154, 41.663623], [-72.950154, 41.664405], [-72.949761, 41.665286], [-72.948975, 41.666265], [-72.947404, 41.667635], [-72.943868, 41.670277]], "type": "LineString"}}, {"type": "Feature", "properties": {}, "geometry": {"coordinates": [[-72.874723, 41.607621], [-72.874723, 41.609188]], "type": "LineString"}}, {"type": "Feature", "properties": {}, "geometry": {"coordinates": [[-72.872628, 41.607621], [-72.874723, 41.607621]], "type": "LineString"}}, {"type": "Feature", "properties": {}, "geometry": {"coordinates": [[-72.872628, 41.607621], [-72.860056, 41.609188]], "type": "LineString"}}, {"type": "Feature", "properties": {}, "geometry": {"coordinates": [[-72.857961, 41.607621], [-72.857961, 41.609188]], "type": "LineString"}}, {"type": "Feature", "properties": {}, "geometry": {"coordinates": [[-72.665193, 41.607621], [-72.661657, 41.611147], [-72.659824, 41.612714], [-72.658514, 41.613498], [-72.657074, 41.61389], [-72.654717, 41.61389]], "type": "LineString"}}, {"type": "Feature", "properties": {}, "geometry": {"coordinates": [[-72.598144, 41.607621], [-72.598144, 41.611147], [-72.598013, 41.612812], [-72.597751, 41.613792], [-72.597227, 41.614575], [-72.596048, 41.615457]], "type": "LineString"}}, {"type": "Feature", "properties": {}, "geometry": {"coordinates": [[-72.985774, 41.606054], [-72.986953, 41.606936], [-72.987869, 41.607327], [-72.988917, 41.607523], [-72.990227, 41.607621], [-72.991798, 41.607621], [-72.993501, 41.608013], [-72.995334, 41.608797], [-72.997298, 41.609972], [-72.999394, 41.611539], [-73.001096, 41.612714], [-73.002406, 41.613498], [-73.003322, 41.61389], [-73.003846, 41.61389], [-73.00437, 41.613987], [-73.004894, 41.614183], [-73.005418, 41.614477], [-73.005941, 41.614869], [-73.006203, 41.615359], [-73.006203, 41.615946], [-73.00581, 41.616828], [-73.004632, 41.61859]], "type": "LineString"}}, {"type": "Feature", "properties": {}, "geometry": {"coordinates": [[-72.983679, 41.606054], [-72.985774, 41.606054]], "type": "LineString"}}, {"type": "Feature", "properties": {}, "geometry": {"coordinates": [[-72.983679, 41.606054], [-72.981583, 41.607621]], "type": "LineString"}}, {"type": "Feature", "properties": {}, "geometry": {"coordinates": [[-72.598144, 41.606054], [-72.598144, 41.607621]], "type": "LineString"}}, {"type": "Feature", "properties": {}, "geometry": {"coordinates": [[-72.596048, 41.606054], [-72.598144, 41.606054]], "type": "LineString"}}, {"type": "Feature", "properties": {}, "geometry": {"coordinates": [[-72.593953, 41.606054], [-72.596048, 41.606054]], "type": "LineString"}}, {"type": "Feature", "properties": {}, "geometry": {"coordinates": [[-72.013555, 41.606054], [-72.020627, 41.612225], [-72.024686, 41.614967], [-72.028091, 41.616338], [-72.031627, 41.617023], [-72.035294, 41.617023], [-72.038175, 41.616926], [-72.04027, 41.61673], [-72.04158, 41.616436], [-72.042103, 41.616044], [-72.043937, 41.61575], [-72.04708, 41.615554], [-72.051532, 41.615457], [-72.057294, 41.615457], [-72.061747, 41.615554], [-72.06489, 41.61575], [-72.066723, 41.616044], [-72.067247, 41.616436], [-72.068033, 41.61673], [-72.06908, 41.616926], [-72.07039, 41.617023], [-72.071961, 41.617023], [-72.073402, 41.617219], [-72.074711, 41.617611], [-72.076152, 41.618395], [-72.078509, 41.620157]], "type": "LineString"}}, {"type": "Feature", "properties": {}, "geometry": {"coordinates": [[-73.113587, 41.604487], [-73.113587, 41.607132], [-73.113325, 41.608699], [-73.112802, 41.61007], [-73.112016, 41.611539], [-73.110968, 41.613106], [-73.110183, 41.614673], [-73.109659, 41.61624], [-73.109397, 41.618199], [-73.109397, 41.621724]], "type": "LineString"}}, {"type": "Feature", "properties": {}, "geometry": {"coordinates": [[-72.983679, 41.604487], [-72.983679, 41.606054]], "type": "LineString"}}, {"type": "Feature", "properties": {}, "geometry": {"coordinates": [[-72.857961, 41.604487], [-72.857961, 41.607621]], "type": "LineString"}}, {"type": "Feature", "properties": {}, "geometry": {"coordinates": [[-71.98003, 41.604487], [-71.989459, 41.604487], [-71.994042, 41.604683], [-71.996923, 41.605075], [-71.99915, 41.605662], [-72.000721, 41.606446], [-72.002424, 41.607034], [-72.004257, 41.607425], [-72.006221, 41.607621], [-72.008317, 41.607621], [-72.010019, 41.607523], [-72.011329, 41.607327], [-72.012376, 41.606936], [-72.013555, 41.606054]], "type": "LineString"}}, {"type": "Feature", "properties": {}, "geometry": {"coordinates": [[-71.98003, 41.604487], [-71.975839, 41.609188]], "type": "LineString"}}, {"type": "Feature", "properties": {}, "geometry": {"coordinates": [[-73.111492, 41.60292], [-73.113587, 41.604487]], "type": "LineString"}}, {"type": "Feature", "properties": {}, "geometry": {"coordinates": [[-73.111492, 41.60292], [-73.109135, 41.604683], [-73.107432, 41.605466], [-73.105599, 41.605858], [-73.103373, 41.606054], [-73.100754, 41.606054], [-73.098527, 41.60625], [-73.096694, 41.606642], [-73.095254, 41.607229], [-73.094206, 41.608013], [-73.09342, 41.608895], [-73.092896, 41.609874], [-73.092634, 41.611245], [-73.092634, 41.61389]], "type": "LineString"}}, {"type": "Feature", "properties": {}, "geometry": {"coordinates": [[-72.973202, 41.60292], [-72.974381, 41.604683], [-72.975167, 41.605466], [-72.975952, 41.605858], [-72.976869, 41.606054], [-72.977917, 41.606054], [-72.978833, 41.606152], [-72.979619, 41.606348], [-72.980405, 41.60674], [-72.981583, 41.607621]], "type": "LineString"}}, {"type": "Feature", "properties": {}, "geometry": {"coordinates": [[-72.881009, 41.60292], [-72.883104, 41.60292]], "type": "LineString"}}, {"type": "Feature", "properties": {}, "geometry": {"coordinates": [[-72.881009, 41.60292], [-72.874723, 41.607621]], "type": "LineString"}}, {"type": "Feature", "properties": {}, "geometry": {"coordinates": [[-73.124064, 41.601352], [-73.122885, 41.602234], [-73.121969, 41.602626], [-73.120921, 41.602822], [-73.119611, 41.60292], [-73.11804, 41.60292], [-73.11673, 41.603018], [-73.115683, 41.603213], [-73.114766, 41.603605], [-73.113587, 41.604487]], "type": "LineString"}}, {"type": "Feature", "properties": {}, "geometry": {"coordinates": [[-72.891486, 41.601352], [-72.889128, 41.603116], [-72.887819, 41.603801], [-72.886771, 41.603997], [-72.885462, 41.603801], [-72.883104, 41.60292]], "type": "LineString"}}, {"type": "Feature", "properties": {}, "geometry": {"coordinates": [[-72.881009, 41.601352], [-72.881009, 41.60292]], "type": "LineString"}}, {"type": "Feature", "properties": {}, "geometry": {"coordinates": [[-72.642145, 41.601352], [-72.652621, 41.61389]], "type": "LineString"}}, {"type": "Feature", "properties": {}, "geometry": {"coordinates": [[-72.642145, 41.599785], [-72.642145, 41.601352]], "type": "LineString"}}, {"type": "Feature", "properties": {}, "geometry": {"coordinates": [[-73.455121, 41.598218], [-73.4563, 41.599099], [-73.456824, 41.599883], [-73.457086, 41.600863], [-73.457217, 41.602136], [-73.457217, 41.603703], [-73.456693, 41.60527], [-73.455645, 41.606838], [-73.45355, 41.608797], [-73.448835, 41.612323]], "type": "LineString"}}, {"type": "Feature", "properties": {}, "geometry": {"coordinates": [[-71.975839, 41.598218], [-71.98003, 41.604487]], "type": "LineString"}}, {"type": "Feature", "properties": {}, "geometry": {"coordinates": [[-71.948601, 41.598218], [-71.950696, 41.599785]], "type": "LineString"}}, {"type": "Feature", "properties": {}, "geometry": {"coordinates": [[-71.946505, 41.598218], [-71.948601, 41.598218]], "type": "LineString"}}, {"type": "Feature", "properties": {}, "geometry": {"coordinates": [[-71.94441, 41.598218], [-71.946505, 41.598218]], "type": "LineString"}}, {"type": "Feature", "properties": {}, "geometry": {"coordinates": [[-73.455121, 41.59665], [-73.457217, 41.59665]], "type": "LineString"}}, {"type": "Feature", "properties": {}, "geometry": {"coordinates": [[-73.455121, 41.59665], [-73.455121, 41.598218]], "type": "LineString"}}, {"type": "Feature", "properties": {}, "geometry": {"coordinates": [[-73.30426, 41.59665], [-73.306355, 41.59665]], "type": "LineString"}}, {"type": "Feature", "properties": {}, "geometry": {"coordinates": [[-73.30426, 41.59665], [-73.303081, 41.597532], [-73.302557, 41.598316], [-73.302295, 41.599295], [-73.302164, 41.600569], [-73.302164, 41.602136], [-73.302295, 41.603409], [-73.302557, 41.604389], [-73.30295, 41.605075], [-73.303474, 41.605466], [-73.303867, 41.606936], [-73.304129, 41.609482], [-73.30426, 41.613106], [-73.30426, 41.617807], [-73.304522, 41.621724], [-73.305045, 41.624858], [-73.305831, 41.627208], [-73.306879, 41.628774], [-73.307926, 41.630145], [-73.308974, 41.63132], [-73.310022, 41.632299], [-73.311069, 41.633082], [-73.311986, 41.634061], [-73.312772, 41.635236], [-73.313427, 41.636607], [-73.31395, 41.638173], [-73.314474, 41.639446], [-73.314998, 41.640425], [-73.315522, 41.64111], [-73.316046, 41.641502], [-73.316439, 41.64297], [-73.316701, 41.645516], [-73.316831, 41.649137], [-73.316831, 41.653836], [-73.316962, 41.657457], [-73.317224, 41.660002], [-73.317617, 41.66147], [-73.318141, 41.661861], [-73.318665, 41.662644], [-73.319189, 41.663818], [-73.319713, 41.665384], [-73.320236, 41.667341], [-73.321022, 41.669396], [-73.32207, 41.671549], [-73.323772, 41.674386], [-73.327308, 41.67967]], "type": "LineString"}}, {"type": "Feature", "properties": {}, "geometry": {"coordinates": [[-72.881009, 41.59665], [-72.881009, 41.601352]], "type": "LineString"}}, {"type": "Feature", "properties": {}, "geometry": {"coordinates": [[-71.948601, 41.59665], [-71.948601, 41.598218]], "type": "LineString"}}, {"type": "Feature", "properties": {}, "geometry": {"coordinates": [[-73.30426, 41.595083], [-73.30426, 41.59665]], "type": "LineString"}}, {"type": "Feature", "properties": {}, "geometry": {"coordinates": [[-73.02768, 41.595083], [-73.030037, 41.596846], [-73.031085, 41.597826], [-73.031609, 41.598609], [-73.031871, 41.599589], [-73.031871, 41.601352]], "type": "LineString"}}, {"type": "Feature", "properties": {}, "geometry": {"coordinates": [[-72.881009, 41.595083], [-72.881009, 41.59665]], "type": "LineString"}}, {"type": "Feature", "properties": {}, "geometry": {"coordinates": [[-72.878914, 41.595083], [-72.881009, 41.595083]], "type": "LineString"}}, {"type": "Feature", "properties": {}, "geometry": {"coordinates": [[-72.876818, 41.595083], [-72.878914, 41.595083]], "type": "LineString"}}, {"type": "Feature", "properties": {}, "geometry": {"coordinates": [[-73.30426, 41.593515], [-73.30426, 41.595083]], "type": "LineString"}}, {"type": "Feature", "properties": {}, "geometry": {"coordinates": [[-73.02768, 41.593515], [-73.02768, 41.595083]], "type": "LineString"}}, {"type": "Feature", "properties": {}, "geometry": {"coordinates": [[-72.642145, 41.593515], [-72.642145, 41.599785]], "type": "LineString"}}, {"type": "Feature", "properties": {}, "geometry": {"coordinates": [[-71.950696, 41.593515], [-71.948601, 41.59665]], "type": "LineString"}}, {"type": "Feature", "properties": {}, "geometry": {"coordinates": [[-72.642145, 41.591948], [-72.642145, 41.593515]], "type": "LineString"}}, {"type": "Feature", "properties": {}, "geometry": {"coordinates": [[-72.64005, 41.591948], [-72.642145, 41.591948]], "type": "LineString"}}, {"type": "Feature", "properties": {}, "geometry": {"coordinates": [[-72.01565, 41.591948], [-72.016829, 41.59283], [-72.017222, 41.593319], [-72.017222, 41.593711], [-72.01696, 41.594103], [-72.016436, 41.594495], [-72.015912, 41.595475], [-72.015388, 41.597042], [-72.014733, 41.599883], [-72.013555, 41.606054]], "type": "LineString"}}, {"type": "Feature", "properties": {}, "geometry": {"coordinates": [[-71.967458, 41.591948], [-71.968637, 41.59283], [-71.969161, 41.593417], [-71.969423, 41.594005], [-71.969554, 41.594887], [-71.969554, 41.59665]], "type": "LineString"}}, {"type": "Feature", "properties": {}, "geometry": {"coordinates": [[-71.967458, 41.591948], [-71.950696, 41.593515]], "type": "LineString"}}, {"type": "Feature", "properties": {}, "geometry": {"coordinates": [[-73.050728, 41.588813], [-73.050728, 41.59038]], "type": "LineString"}}, {"type": "Feature", "properties": {}, "geometry": {"coordinates": [[-72.8852, 41.588813], [-72.881009, 41.595083]], "type": "LineString"}}, {"type": "Feature", "properties": {}, "geometry": {"coordinates": [[-72.642145, 41.588813], [-72.643323, 41.589694], [-72.643716, 41.590184], [-72.643716, 41.590576], [-72.643323, 41.591066], [-72.642145, 41.591948]], "type": "LineString"}}, {"type": "Feature", "properties": {}, "geometry": {"coordinates": [[-73.442549, 41.587245], [-73.443728, 41.587245], [-73.444907, 41.587833], [-73.446478, 41.589009], [-73.449228, 41.59136], [-73.455121, 41.59665]], "type": "LineString"}}, {"type": "Feature", "properties": {}, "geometry": {"coordinates": [[-72.891486, 41.587245], [-72.892664, 41.588127], [-72.89345, 41.588519], [-72.894236, 41.588715], [-72.895414, 41.588813], [-72.897771, 41.588813]], "type": "LineString"}}, {"type": "Feature", "properties": {}, "geometry": {"coordinates": [[-72.891486, 41.587245], [-72.890307, 41.588127], [-72.889521, 41.588519], [-72.888736, 41.588715], [-72.887557, 41.588813], [-72.8852, 41.588813]], "type": "LineString"}}, {"type": "Feature", "properties": {}, "geometry": {"coordinates": [[-72.799292, 41.587245], [-72.800471, 41.588127], [-72.800733, 41.588715], [-72.800471, 41.589303], [-72.799816, 41.589988], [-72.798769, 41.590772], [-72.797983, 41.591654], [-72.797459, 41.592634], [-72.797197, 41.593711], [-72.797197, 41.594887], [-72.797066, 41.595867], [-72.796804, 41.59665], [-72.796411, 41.597238], [-72.795888, 41.59763], [-72.795495, 41.598414], [-72.795233, 41.599589], [-72.795102, 41.601156], [-72.795102, 41.603116], [-72.795233, 41.604683], [-72.795495, 41.605858], [-72.795888, 41.606642], [-72.796411, 41.607034], [-72.796542, 41.607523], [-72.79628, 41.608111], [-72.795626, 41.608797], [-72.794578, 41.60958], [-72.793792, 41.610364], [-72.793268, 41.611147], [-72.793006, 41.611931], [-72.793006, 41.612714], [-72.792745, 41.613498], [-72.792221, 41.614281], [-72.791435, 41.615065], [-72.790387, 41.615848], [-72.789602, 41.616534], [-72.789078, 41.617121], [-72.788816, 41.617611], [-72.788816, 41.618003], [-72.788292, 41.618688], [-72.787244, 41.619668], [-72.785673, 41.620941], [-72.783578, 41.622507], [-72.782006, 41.623976], [-72.780959, 41.625347], [-72.780435, 41.62662], [-72.780435, 41.627795], [-72.780304, 41.628774], [-72.780042, 41.629558], [-72.779518, 41.630243], [-72.778339, 41.631124]], "type": "LineString"}}, {"type": "Feature", "properties": {}, "geometry": {"coordinates": [[-73.031871, 41.585677], [-73.037764, 41.585677], [-73.040907, 41.585873], [-73.043264, 41.586265], [-73.046014, 41.587049], [-73.050728, 41.588813]], "type": "LineString"}}, {"type": "Feature", "properties": {}, "geometry": {"coordinates": [[-73.031871, 41.585677], [-73.030692, 41.586559], [-73.030168, 41.587245], [-73.029906, 41.588029], [-73.029775, 41.589009], [-73.029775, 41.590184], [-73.029644, 41.591164], [-73.029383, 41.591948], [-73.028859, 41.592634], [-73.02768, 41.593515]], "type": "LineString"}}, {"type": "Feature", "properties": {}, "geometry": {"coordinates": [[-72.617001, 41.585677], [-72.613465, 41.589205], [-72.611632, 41.590772], [-72.610323, 41.591556], [-72.609144, 41.591948], [-72.608096, 41.591948], [-72.60718, 41.592046], [-72.606394, 41.592242], [-72.605739, 41.592536], [-72.605215, 41.592928], [-72.604691, 41.593613], [-72.604168, 41.594593], [-72.603644, 41.595867], [-72.60312, 41.597434], [-72.602596, 41.598707], [-72.602072, 41.599687], [-72.601548, 41.600373], [-72.601025, 41.600765], [-72.600632, 41.601254], [-72.60037, 41.601842], [-72.600239, 41.602528], [-72.600239, 41.603311], [-72.600108, 41.603997], [-72.599846, 41.604585], [-72.599322, 41.605173], [-72.598144, 41.606054]], "type": "LineString"}}, {"type": "Feature", "properties": {}, "geometry": {"coordinates": [[-72.99206, 41.58411], [-72.990881, 41.590282], [-72.990096, 41.593221], [-72.98931, 41.594985], [-72.988393, 41.596258], [-72.987346, 41.597042], [-72.98656, 41.597924], [-72.986036, 41.598903], [-72.985774, 41.599981], [-72.985774, 41.601156], [-72.985643, 41.602136], [-72.985381, 41.60292], [-72.984857, 41.603605], [-72.983679, 41.604487]], "type": "LineString"}}, {"type": "Feature", "properties": {}, "geometry": {"coordinates": [[-72.893581, 41.582542], [-72.893581, 41.584306], [-72.89345, 41.585187], [-72.893188, 41.585775], [-72.892664, 41.586363], [-72.891486, 41.587245]], "type": "LineString"}}, {"type": "Feature", "properties": {}, "geometry": {"coordinates": [[-72.705004, 41.582542], [-72.706182, 41.584306], [-72.70723, 41.58509], [-72.70854, 41.585481], [-72.710242, 41.585677], [-72.712337, 41.585677], [-72.71404, 41.585775], [-72.715349, 41.585971], [-72.716266, 41.586265], [-72.71679, 41.586657], [-72.717183, 41.587147], [-72.717445, 41.587735], [-72.717576, 41.588421], [-72.717576, 41.589205], [-72.717707, 41.58989], [-72.717969, 41.590478], [-72.718361, 41.590968], [-72.718885, 41.59136], [-72.719278, 41.59234], [-72.71954, 41.593907], [-72.719671, 41.596062], [-72.719671, 41.598805], [-72.71954, 41.600961], [-72.719278, 41.602528], [-72.718885, 41.603507], [-72.718361, 41.603899], [-72.717969, 41.604585], [-72.717707, 41.605564], [-72.717576, 41.607229], [-72.717576, 41.610755]], "type": "LineString"}}, {"type": "Feature", "properties": {}, "geometry": {"coordinates": [[-72.585572, 41.582542], [-72.600894, 41.582542], [-72.607965, 41.582738], [-72.611894, 41.58313], [-72.614644, 41.583914], [-72.617001, 41.585677]], "type": "LineString"}}, {"type": "Feature", "properties": {}, "geometry": {"coordinates": [[-72.585572, 41.582542], [-72.583476, 41.585677]], "type": "LineString"}}, {"type": "Feature", "properties": {}, "geometry": {"coordinates": [[-72.495474, 41.582542], [-72.490759, 41.587833], [-72.488664, 41.590576], [-72.487617, 41.592536], [-72.487093, 41.594299], [-72.487093, 41.595867], [-72.486438, 41.597728], [-72.485128, 41.599883], [-72.483164, 41.602332], [-72.480545, 41.605075], [-72.478581, 41.607327], [-72.477271, 41.60909], [-72.476616, 41.610364], [-72.476616, 41.611147], [-72.475569, 41.612518], [-72.473473, 41.614477], [-72.47033, 41.617023], [-72.46614, 41.620157], [-72.462997, 41.622703], [-72.460901, 41.624662], [-72.459854, 41.626033], [-72.459854, 41.626816], [-72.459723, 41.627501], [-72.459461, 41.628089], [-72.458937, 41.628676], [-72.457758, 41.629558]], "type": "LineString"}}, {"type": "Feature", "properties": {}, "geometry": {"coordinates": [[-72.510141, 41.580974], [-72.505427, 41.582738], [-72.503069, 41.583522], [-72.501498, 41.583914], [-72.500188, 41.58411], [-72.499141, 41.58411], [-72.498224, 41.584012], [-72.497438, 41.583816], [-72.496652, 41.583424], [-72.495474, 41.582542]], "type": "LineString"}}, {"type": "Feature", "properties": {}, "geometry": {"coordinates": [[-72.099462, 41.580974], [-72.100641, 41.581856], [-72.101165, 41.583424], [-72.101427, 41.585971], [-72.101557, 41.589596], [-72.101557, 41.594299], [-72.101034, 41.598414], [-72.099986, 41.60194], [-72.098415, 41.604879], [-72.096319, 41.607229], [-72.094748, 41.609384], [-72.0937, 41.611343], [-72.093176, 41.613498], [-72.093176, 41.617023]], "type": "LineString"}}, {"type": "Feature", "properties": {}, "geometry": {"coordinates": [[-72.631668, 41.579406], [-72.63049, 41.580288], [-72.629704, 41.58068], [-72.628918, 41.580876], [-72.628002, 41.580974], [-72.626954, 41.580974], [-72.625906, 41.581268], [-72.624859, 41.581856], [-72.623811, 41.582738], [-72.622763, 41.583914], [-72.621716, 41.584796], [-72.620668, 41.585383], [-72.619359, 41.585677], [-72.617001, 41.585677]], "type": "LineString"}}, {"type": "Feature", "properties": {}, "geometry": {"coordinates": [[-72.323659, 41.579406], [-72.321564, 41.588813]], "type": "LineString"}}, {"type": "Feature", "properties": {}, "geometry": {"coordinates": [[-73.409025, 41.577839], [-73.409025, 41.58411]], "type": "LineString"}}, {"type": "Feature", "properties": {}, "geometry": {"coordinates": [[-73.075872, 41.577839], [-73.077967, 41.587245]], "type": "LineString"}}, {"type": "Feature", "properties": {}, "geometry": {"coordinates": [[-72.883104, 41.577839], [-72.883104, 41.58313], [-72.883235, 41.585579], [-72.883497, 41.586951], [-72.884021, 41.587931], [-72.8852, 41.588813]], "type": "LineString"}}, {"type": "Feature", "properties": {}, "geometry": {"coordinates": [[-72.671479, 41.577839], [-72.67567, 41.579406]], "type": "LineString"}}, {"type": "Feature", "properties": {}, "geometry": {"coordinates": [[-72.671479, 41.577839], [-72.6703, 41.579602], [-72.669908, 41.580484], [-72.669908, 41.581072], [-72.67017, 41.581562], [-72.670693, 41.581954], [-72.671086, 41.582542], [-72.671348, 41.583326], [-72.671479, 41.584306], [-72.671479, 41.585481], [-72.671741, 41.586657], [-72.672265, 41.587833], [-72.673051, 41.589009], [-72.674098, 41.590184], [-72.674884, 41.591654], [-72.675408, 41.593417], [-72.67567, 41.595475], [-72.67567, 41.597826], [-72.675932, 41.599785], [-72.676455, 41.601352], [-72.677241, 41.602528], [-72.678289, 41.603311], [-72.679467, 41.603703], [-72.680777, 41.603703], [-72.68261, 41.603116], [-72.686146, 41.601352]], "type": "LineString"}}, {"type": "Feature", "properties": {}, "geometry": {"coordinates": [[-72.323659, 41.577839], [-72.323659, 41.579406]], "type": "LineString"}}, {"type": "Feature", "properties": {}, "geometry": {"coordinates": [[-72.321564, 41.577839], [-72.323659, 41.577839]], "type": "LineString"}}, {"type": "Feature", "properties": {}, "geometry": {"coordinates": [[-73.434168, 41.58411], [-73.431811, 41.58411], [-73.429847, 41.58362], [-73.42749, 41.58264], [-73.424478, 41.58117], [-73.420811, 41.57921], [-73.417799, 41.577741], [-73.415442, 41.576761], [-73.413739, 41.576271], [-73.412691, 41.576271], [-73.411775, 41.576369], [-73.410989, 41.576565], [-73.410203, 41.576957], [-73.409025, 41.577839]], "type": "LineString"}}, {"type": "Feature", "properties": {}, "geometry": {"coordinates": [[-73.096825, 41.576271], [-73.100361, 41.579798], [-73.101932, 41.582052], [-73.102718, 41.584208], [-73.103111, 41.586657], [-73.103111, 41.589401], [-73.103635, 41.59185], [-73.104682, 41.594005], [-73.106254, 41.595867], [-73.108349, 41.597434], [-73.109921, 41.598805], [-73.110968, 41.599981], [-73.111492, 41.601156], [-73.111492, 41.60292]], "type": "LineString"}}, {"type": "Feature", "properties": {}, "geometry": {"coordinates": [[-73.09473, 41.576271], [-73.096825, 41.576271]], "type": "LineString"}}, {"type": "Feature", "properties": {}, "geometry": {"coordinates": [[-72.883104, 41.576271], [-72.883104, 41.577839]], "type": "LineString"}}, {"type": "Feature", "properties": {}, "geometry": {"coordinates": [[-72.881009, 41.576271], [-72.883104, 41.576271]], "type": "LineString"}}, {"type": "Feature", "properties": {}, "geometry": {"coordinates": [[-72.32785, 41.576271], [-72.331386, 41.578916], [-72.333088, 41.580092], [-72.334136, 41.58068], [-72.335052, 41.580974], [-72.336231, 41.580974]], "type": "LineString"}}, {"type": "Feature", "properties": {}, "geometry": {"coordinates": [[-72.325755, 41.576271], [-72.32785, 41.576271]], "type": "LineString"}}, {"type": "Feature", "properties": {}, "geometry": {"coordinates": [[-72.325755, 41.576271], [-72.323659, 41.577839]], "type": "LineString"}}, {"type": "Feature", "properties": {}, "geometry": {"coordinates": [[-72.306897, 41.576271], [-72.311611, 41.576271], [-72.313838, 41.576369], [-72.315147, 41.576565], [-72.316064, 41.576859], [-72.316588, 41.577251], [-72.317242, 41.577545], [-72.318028, 41.577741], [-72.319207, 41.577839], [-72.321564, 41.577839]], "type": "LineString"}}, {"type": "Feature", "properties": {}, "geometry": {"coordinates": [[-72.130892, 41.576271], [-72.129713, 41.577153], [-72.12932, 41.577741], [-72.12932, 41.578328], [-72.129582, 41.579014], [-72.130106, 41.579798], [-72.130499, 41.580778], [-72.130761, 41.581954], [-72.130892, 41.583326], [-72.130892, 41.584894], [-72.13063, 41.586265], [-72.130106, 41.587441], [-72.12932, 41.588421], [-72.128273, 41.589205], [-72.127487, 41.59038], [-72.126963, 41.591948], [-72.126701, 41.593907], [-72.126701, 41.596258], [-72.127094, 41.598316], [-72.12788, 41.600079], [-72.129058, 41.601548], [-72.13063, 41.602724], [-72.131808, 41.603703], [-72.132594, 41.604487], [-72.132987, 41.605075], [-72.132987, 41.605466], [-72.133511, 41.606054], [-72.134558, 41.606838], [-72.13613, 41.607817], [-72.138225, 41.608992], [-72.139797, 41.610168], [-72.140844, 41.611343], [-72.141368, 41.612518], [-72.141368, 41.613694], [-72.142154, 41.615163], [-72.143725, 41.616926], [-72.146083, 41.618982], [-72.149226, 41.621332], [-72.151714, 41.623487], [-72.153547, 41.625445], [-72.154857, 41.627599], [-72.156035, 41.631124]], "type": "LineString"}}, {"type": "Feature", "properties": {}, "geometry": {"coordinates": [[-73.096825, 41.574703], [-73.096825, 41.576271]], "type": "LineString"}}, {"type": "Feature", "properties": {}, "geometry": {"coordinates": [[-73.09473, 41.576271], [-73.088837, 41.576271], [-73.086087, 41.576173], [-73.084515, 41.575977], [-73.083467, 41.575683], [-73.082944, 41.575291], [-73.082158, 41.575193], [-73.08111, 41.575389], [-73.079408, 41.576075], [-73.075872, 41.577839]], "type": "LineString"}}, {"type": "Feature", "properties": {}, "geometry": {"coordinates": [[-72.32785, 41.574703], [-72.32785, 41.576271]], "type": "LineString"}}, {"type": "Feature", "properties": {}, "geometry": {"coordinates": [[-72.229371, 41.574703], [-72.243514, 41.574703], [-72.249931, 41.574801], [-72.253336, 41.574997], [-72.2553, 41.575291], [-72.255824, 41.575683], [-72.256479, 41.575977], [-72.257264, 41.576173], [-72.258443, 41.576271], [-72.2608, 41.576271]], "type": "LineString"}}, {"type": "Feature", "properties": {}, "geometry": {"coordinates": [[-72.137178, 41.574703], [-72.13482, 41.574703], [-72.133642, 41.574801], [-72.132856, 41.574997], [-72.13207, 41.575389], [-72.130892, 41.576271]], "type": "LineString"}}, {"type": "Feature", "properties": {}, "geometry": {"coordinates": [[-72.116225, 41.574703], [-72.116225, 41.576271]], "type": "LineString"}}, {"type": "Feature", "properties": {}, "geometry": {"coordinates": [[-71.950696, 41.593515], [-71.945981, 41.589107], [-71.940874, 41.587049], [-71.933803, 41.585873], [-71.924243, 41.58509], [-71.912195, 41.584698], [-71.902635, 41.584208], [-71.895563, 41.58362], [-71.89098, 41.582934], [-71.888885, 41.58215], [-71.886527, 41.581072], [-71.883908, 41.5797], [-71.881027, 41.578034], [-71.877884, 41.576075], [-71.874872, 41.574605], [-71.871991, 41.573625], [-71.869241, 41.573135], [-71.866622, 41.573135], [-71.864003, 41.573527], [-71.861384, 41.574311], [-71.85811, 41.575879], [-71.852217, 41.579406]], "type": "LineString"}}, {"type": "Feature", "properties": {}, "geometry": {"coordinates": [[-73.0633, 41.571567], [-73.075872, 41.577839]], "type": "LineString"}}, {"type": "Feature", "properties": {}, "geometry": {"coordinates": [[-73.0633, 41.571567], [-73.059764, 41.573331], [-73.058062, 41.574703], [-73.057014, 41.576271], [-73.056229, 41.57823], [-73.055705, 41.580582], [-73.05505, 41.58264], [-73.054264, 41.584404], [-73.053086, 41.586167], [-73.050728, 41.588813]], "type": "LineString"}}, {"type": "Feature", "properties": {}, "geometry": {"coordinates": [[-72.723862, 41.571567], [-72.722683, 41.572449], [-72.722159, 41.573135], [-72.721897, 41.573919], [-72.721766, 41.575193], [-72.721766, 41.577839]], "type": "LineString"}}, {"type": "Feature", "properties": {}, "geometry": {"coordinates": [[-72.124606, 41.571567], [-72.130892, 41.576271]], "type": "LineString"}}, {"type": "Feature", "properties": {}, "geometry": {"coordinates": [[-72.12251, 41.571567], [-72.124606, 41.571567]], "type": "LineString"}}, {"type": "Feature", "properties": {}, "geometry": {"coordinates": [[-72.12251, 41.571567], [-72.116225, 41.574703]], "type": "LineString"}}, {"type": "Feature", "properties": {}, "geometry": {"coordinates": [[-72.04708, 41.571567], [-72.044722, 41.575095], [-72.043806, 41.576761], [-72.043544, 41.577741], [-72.043675, 41.578426], [-72.044199, 41.578818], [-72.044592, 41.579602], [-72.044853, 41.580778], [-72.044984, 41.582346], [-72.044984, 41.584306], [-72.045115, 41.585873], [-72.045377, 41.587049], [-72.04577, 41.587833], [-72.046294, 41.588225], [-72.046556, 41.588617], [-72.046556, 41.589009], [-72.046294, 41.589401], [-72.04577, 41.589792], [-72.045377, 41.590282], [-72.045115, 41.59087], [-72.044984, 41.591752], [-72.044984, 41.593515]], "type": "LineString"}}, {"type": "Feature", "properties": {}, "geometry": {"coordinates": [[-72.872628, 41.569999], [-72.872628, 41.572645], [-72.872759, 41.573919], [-72.873021, 41.574703], [-72.873414, 41.575291], [-72.873937, 41.575683], [-72.874723, 41.575977], [-72.875771, 41.576173], [-72.877473, 41.576271], [-72.881009, 41.576271]], "type": "LineString"}}, {"type": "Feature", "properties": {}, "geometry": {"coordinates": [[-72.723862, 41.569999], [-72.725957, 41.569999]], "type": "LineString"}}, {"type": "Feature", "properties": {}, "geometry": {"coordinates": [[-72.723862, 41.569999], [-72.723862, 41.571567]], "type": "LineString"}}, {"type": "Feature", "properties": {}, "geometry": {"coordinates": [[-72.493379, 41.569999], [-72.495736, 41.571763], [-72.496783, 41.573037], [-72.497307, 41.574409], [-72.497569, 41.576075], [-72.497569, 41.578034], [-72.497438, 41.579602], [-72.497176, 41.580778], [-72.496652, 41.58166], [-72.495474, 41.582542]], "type": "LineString"}}, {"type": "Feature", "properties": {}, "geometry": {"coordinates": [[-72.124606, 41.569999], [-72.124606, 41.571567]], "type": "LineString"}}, {"type": "Feature", "properties": {}, "geometry": {"coordinates": [[-73.025585, 41.566862], [-73.025585, 41.573037], [-73.025978, 41.576271], [-73.026763, 41.578622], [-73.028335, 41.581268], [-73.031871, 41.585677]], "type": "LineString"}}, {"type": "Feature", "properties": {}, "geometry": {"coordinates": [[-73.025585, 41.565294], [-73.02768, 41.565294]], "type": "LineString"}}, {"type": "Feature", "properties": {}, "geometry": {"coordinates": [[-73.025585, 41.565294], [-73.025585, 41.566862]], "type": "LineString"}}, {"type": "Feature", "properties": {}, "geometry": {"coordinates": [[-72.88939, 41.565294], [-72.888212, 41.566176], [-72.887688, 41.566862], [-72.887426, 41.567647], [-72.887295, 41.568627], [-72.887295, 41.569803], [-72.887033, 41.570979], [-72.886509, 41.572155], [-72.885462, 41.573625], [-72.883104, 41.576271]], "type": "LineString"}}, {"type": "Feature", "properties": {}, "geometry": {"coordinates": [[-72.12251, 41.565294], [-72.124606, 41.569999]], "type": "LineString"}}, {"type": "Feature", "properties": {}, "geometry": {"coordinates": [[-73.025585, 41.565294], [-73.024406, 41.564412], [-73.023359, 41.56402], [-73.022049, 41.563824], [-73.020347, 41.563726], [-73.018251, 41.563726], [-73.016418, 41.563824], [-73.014846, 41.56402], [-73.013537, 41.564314], [-73.012489, 41.564706], [-73.010525, 41.566176], [-73.007644, 41.568725], [-73.002667, 41.573527], [-72.99206, 41.58411]], "type": "LineString"}}, {"type": "Feature", "properties": {}, "geometry": {"coordinates": [[-72.74691, 41.563726], [-72.744553, 41.563726], [-72.743243, 41.563922], [-72.742195, 41.564314], [-72.741148, 41.564902], [-72.7401, 41.565686], [-72.73866, 41.566372], [-72.736826, 41.56696], [-72.7346, 41.567451], [-72.731981, 41.567843], [-72.729886, 41.568235], [-72.728314, 41.568627], [-72.727135, 41.569117], [-72.725957, 41.569999]], "type": "LineString"}}, {"type": "Feature", "properties": {}, "geometry": {"coordinates": [[-72.50595, 41.563726], [-72.507129, 41.564608], [-72.509486, 41.565], [-72.513415, 41.565196], [-72.519046, 41.565294], [-72.52638, 41.565294], [-72.532011, 41.565196], [-72.535939, 41.565], [-72.538166, 41.564706], [-72.538689, 41.564314], [-72.539868, 41.56402], [-72.541701, 41.563824], [-72.54419, 41.563726], [-72.547333, 41.563726], [-72.549821, 41.563824], [-72.551654, 41.56402], [-72.552833, 41.564314], [-72.553357, 41.564706], [-72.554011, 41.565], [-72.554797, 41.565196], [-72.555714, 41.565294], [-72.556761, 41.565294], [-72.558333, 41.56598], [-72.560428, 41.567352], [-72.563047, 41.569411], [-72.56619, 41.572155], [-72.569071, 41.574213], [-72.57169, 41.575585], [-72.574048, 41.576271], [-72.576143, 41.576271], [-72.578107, 41.576663], [-72.579941, 41.577447], [-72.582036, 41.579014], [-72.585572, 41.582542]], "type": "LineString"}}, {"type": "Feature", "properties": {}, "geometry": {"coordinates": [[-72.50595, 41.563726], [-72.504772, 41.564608], [-72.503855, 41.565], [-72.502807, 41.565196], [-72.501498, 41.565294], [-72.499926, 41.565294], [-72.498486, 41.565588], [-72.497176, 41.566176], [-72.495736, 41.567352], [-72.493379, 41.569999]], "type": "LineString"}}, {"type": "Feature", "properties": {}, "geometry": {"coordinates": [[-72.84958, 41.562158], [-72.85377, 41.563726]], "type": "LineString"}}, {"type": "Feature", "properties": {}, "geometry": {"coordinates": [[-72.84958, 41.562158], [-72.848401, 41.56304], [-72.847615, 41.563432], [-72.84683, 41.563628], [-72.845651, 41.563726], [-72.843294, 41.563726]], "type": "LineString"}}, {"type": "Feature", "properties": {}, "geometry": {"coordinates": [[-72.107843, 41.562158], [-72.107843, 41.565686], [-72.107974, 41.567451], [-72.108236, 41.568627], [-72.108629, 41.569607], [-72.109153, 41.570391], [-72.109939, 41.571175], [-72.110986, 41.571959], [-72.112689, 41.572939], [-72.116225, 41.574703]], "type": "LineString"}}, {"type": "Feature", "properties": {}, "geometry": {"coordinates": [[-72.786721, 41.56059], [-72.785542, 41.56059], [-72.784756, 41.560786], [-72.783971, 41.561178], [-72.783054, 41.561766], [-72.782006, 41.56255], [-72.78122, 41.563334], [-72.780697, 41.564118], [-72.780435, 41.564902], [-72.780435, 41.565686], [-72.780173, 41.566666], [-72.779649, 41.567843], [-72.778601, 41.569607], [-72.776244, 41.573135]], "type": "LineString"}}, {"type": "Feature", "properties": {}, "geometry": {"coordinates": [[-72.665193, 41.56059], [-72.66755, 41.562354], [-72.668598, 41.563922], [-72.669122, 41.565882], [-72.669384, 41.568431], [-72.669384, 41.571567], [-72.669515, 41.574017], [-72.669777, 41.575781], [-72.6703, 41.576957], [-72.671479, 41.577839]], "type": "LineString"}}, {"type": "Feature", "properties": {}, "geometry": {"coordinates": [[-72.107843, 41.56059], [-72.109939, 41.56059]], "type": "LineString"}}, {"type": "Feature", "properties": {}, "geometry": {"coordinates": [[-72.107843, 41.56059], [-72.107843, 41.562158]], "type": "LineString"}}, {"type": "Feature", "properties": {}, "geometry": {"coordinates": [[-73.256068, 41.559021], [-73.256068, 41.56059]], "type": "LineString"}}, {"type": "Feature", "properties": {}, "geometry": {"coordinates": [[-73.033966, 41.559021], [-73.033966, 41.559903], [-73.033573, 41.56059], [-73.032787, 41.561374], [-73.031216, 41.562648], [-73.02768, 41.565294]], "type": "LineString"}}, {"type": "Feature", "properties": {}, "geometry": {"coordinates": [[-72.378137, 41.559021], [-72.379316, 41.559903], [-72.37984, 41.56059], [-72.380101, 41.561374], [-72.380232, 41.562354], [-72.380232, 41.56353], [-72.38128, 41.565098], [-72.383375, 41.567058], [-72.386518, 41.569411], [-72.390709, 41.572155], [-72.393852, 41.574311], [-72.395947, 41.575879], [-72.396995, 41.576859], [-72.396995, 41.577251], [-72.397257, 41.577741], [-72.397781, 41.578328], [-72.398566, 41.579014], [-72.399614, 41.579798], [-72.400269, 41.580484], [-72.400531, 41.581072], [-72.4004, 41.581562], [-72.399876, 41.581954], [-72.399483, 41.582542], [-72.399221, 41.583326], [-72.39909, 41.5846], [-72.39909, 41.587245]], "type": "LineString"}}, {"type": "Feature", "properties": {}, "geometry": {"coordinates": [[-72.105748, 41.559021], [-72.107843, 41.56059]], "type": "LineString"}}, {"type": "Feature", "properties": {}, "geometry": {"coordinates": [[-73.306355, 41.557453], [-73.308712, 41.559217], [-73.309891, 41.560198], [-73.310677, 41.560982], [-73.311331, 41.561766], [-73.311855, 41.56255], [-73.312248, 41.563432], [-73.31251, 41.564412], [-73.312641, 41.56549], [-73.312641, 41.566666], [-73.313034, 41.567941], [-73.313819, 41.569313], [-73.314998, 41.570783], [-73.31657, 41.572351], [-73.317748, 41.574605], [-73.318534, 41.577545], [-73.318927, 41.58117], [-73.318927, 41.585481], [-73.318534, 41.589009], [-73.317748, 41.591752], [-73.31657, 41.593711], [-73.314998, 41.594887], [-73.313427, 41.595769], [-73.311855, 41.596356], [-73.309891, 41.59665], [-73.306355, 41.59665]], "type": "LineString"}}, {"type": "Feature", "properties": {}, "geometry": {"coordinates": [[-73.256068, 41.557453], [-73.256068, 41.559021]], "type": "LineString"}}, {"type": "Feature", "properties": {}, "geometry": {"coordinates": [[-73.253972, 41.557453], [-73.256068, 41.557453]], "type": "LineString"}}, {"type": "Feature", "properties": {}, "geometry": {"coordinates": [[-73.251877, 41.557453], [-73.253972, 41.557453]], "type": "LineString"}}, {"type": "Feature", "properties": {}, "geometry": {"coordinates": [[-73.0633, 41.557453], [-73.0633, 41.571567]], "type": "LineString"}}, {"type": "Feature", "properties": {}, "geometry": {"coordinates": [[-73.036061, 41.557453], [-73.039597, 41.560099], [-73.041561, 41.561276], [-73.043133, 41.561864], [-73.045097, 41.562158], [-73.048633, 41.562158]], "type": "LineString"}}, {"type": "Feature", "properties": {}, "geometry": {"coordinates": [[-73.036061, 41.557453], [-73.033966, 41.559021]], "type": "LineString"}}, {"type": "Feature", "properties": {}, "geometry": {"coordinates": [[-72.661003, 41.557453], [-72.665193, 41.56059]], "type": "LineString"}}, {"type": "Feature", "properties": {}, "geometry": {"coordinates": [[-72.661003, 41.557453], [-72.657467, 41.560099], [-72.655895, 41.561472], [-72.65511, 41.562452], [-72.654717, 41.56353], [-72.654717, 41.565294]], "type": "LineString"}}, {"type": "Feature", "properties": {}, "geometry": {"coordinates": [[-72.378137, 41.557453], [-72.378137, 41.559021]], "type": "LineString"}}, {"type": "Feature", "properties": {}, "geometry": {"coordinates": [[-72.376042, 41.557453], [-72.378137, 41.557453]], "type": "LineString"}}, {"type": "Feature", "properties": {}, "geometry": {"coordinates": [[-72.376042, 41.557453], [-72.371327, 41.559217], [-72.368839, 41.560001], [-72.367006, 41.560394], [-72.365303, 41.56059], [-72.363732, 41.56059], [-72.362029, 41.560884], [-72.360196, 41.561472], [-72.358232, 41.562354], [-72.356136, 41.56353], [-72.353779, 41.564706], [-72.35116, 41.565882], [-72.347493, 41.567352], [-72.340422, 41.569999]], "type": "LineString"}}, {"type": "Feature", "properties": {}, "geometry": {"coordinates": [[-72.994155, 41.555885], [-72.994155, 41.557453]], "type": "LineString"}}, {"type": "Feature", "properties": {}, "geometry": {"coordinates": [[-72.958535, 41.555885], [-72.964428, 41.559413], [-72.967309, 41.561374], [-72.969143, 41.562942], [-72.970583, 41.56451], [-72.971631, 41.566078], [-72.972548, 41.567843], [-72.973333, 41.569803], [-72.973988, 41.571959], [-72.974512, 41.574311], [-72.975167, 41.576271], [-72.975952, 41.577839], [-72.976869, 41.579014], [-72.977917, 41.579798], [-72.979357, 41.580484], [-72.981191, 41.581072], [-72.983417, 41.581562], [-72.986036, 41.581954], [-72.988131, 41.582346], [-72.989703, 41.582738], [-72.990881, 41.583228], [-72.99206, 41.58411]], "type": "LineString"}}, {"type": "Feature", "properties": {}, "geometry": {"coordinates": [[-72.958535, 41.555885], [-72.953821, 41.557649], [-72.951464, 41.558727], [-72.949892, 41.559707], [-72.948583, 41.560786], [-72.947535, 41.561962], [-72.945963, 41.562844], [-72.943868, 41.563432], [-72.941249, 41.563726], [-72.938106, 41.563726], [-72.935618, 41.563824], [-72.933784, 41.56402], [-72.932606, 41.564314], [-72.932082, 41.564706], [-72.931427, 41.565], [-72.930642, 41.565196], [-72.929725, 41.565294], [-72.928677, 41.565294], [-72.927368, 41.56598], [-72.925796, 41.567352], [-72.923963, 41.569411], [-72.921867, 41.572155], [-72.91951, 41.574801], [-72.916891, 41.577349], [-72.913224, 41.580386], [-72.906153, 41.585677]], "type": "LineString"}}, {"type": "Feature", "properties": {}, "geometry": {"coordinates": [[-72.661003, 41.555885], [-72.661003, 41.557453]], "type": "LineString"}}, {"type": "Feature", "properties": {}, "geometry": {"coordinates": [[-72.989965, 41.554316], [-72.994155, 41.555885]], "type": "LineString"}}, {"type": "Feature", "properties": {}, "geometry": {"coordinates": [[-72.958535, 41.554316], [-72.958535, 41.555885]], "type": "LineString"}}, {"type": "Feature", "properties": {}, "geometry": {"coordinates": [[-72.803483, 41.554316], [-72.803483, 41.555885]], "type": "LineString"}}, {"type": "Feature", "properties": {}, "geometry": {"coordinates": [[-72.801388, 41.554316], [-72.803483, 41.554316]], "type": "LineString"}}, {"type": "Feature", "properties": {}, "geometry": {"coordinates": [[-72.799292, 41.554316], [-72.801388, 41.554316]], "type": "LineString"}}, {"type": "Feature", "properties": {}, "geometry": {"coordinates": [[-72.661003, 41.554316], [-72.661003, 41.555885]], "type": "LineString"}}, {"type": "Feature", "properties": {}, "geometry": {"coordinates": [[-72.658907, 41.554316], [-72.661003, 41.554316]], "type": "LineString"}}, {"type": "Feature", "properties": {}, "geometry": {"coordinates": [[-73.203685, 41.552748], [-73.214162, 41.562158]], "type": "LineString"}}, {"type": "Feature", "properties": {}, "geometry": {"coordinates": [[-73.203685, 41.552748], [-73.202507, 41.55363], [-73.201328, 41.554022], [-73.199757, 41.554218], [-73.197661, 41.554316], [-73.195042, 41.554316], [-73.192816, 41.554708], [-73.190983, 41.555492], [-73.18928, 41.557061], [-73.186923, 41.56059]], "type": "LineString"}}, {"type": "Feature", "properties": {}, "geometry": {"coordinates": [[-73.337784, 41.551179], [-73.337784, 41.552748]], "type": "LineString"}}, {"type": "Feature", "properties": {}, "geometry": {"coordinates": [[-72.84958, 41.551179], [-72.84958, 41.562158]], "type": "LineString"}}, {"type": "Feature", "properties": {}, "geometry": {"coordinates": [[-72.81815, 41.551179], [-72.816971, 41.552944], [-72.815924, 41.553532], [-72.814614, 41.553532], [-72.812912, 41.55314], [-72.810817, 41.552356], [-72.808983, 41.551963], [-72.807412, 41.551963], [-72.80584, 41.552552], [-72.803483, 41.554316]], "type": "LineString"}}, {"type": "Feature", "properties": {}, "geometry": {"coordinates": [[-72.650526, 41.551179], [-72.652883, 41.552944], [-72.654193, 41.553728], [-72.655241, 41.55412], [-72.65655, 41.554316], [-72.658907, 41.554316]], "type": "LineString"}}, {"type": "Feature", "properties": {}, "geometry": {"coordinates": [[-73.337784, 41.551179], [-73.336606, 41.550297], [-73.335689, 41.549905], [-73.334642, 41.549709], [-73.333332, 41.549611], [-73.331761, 41.549611], [-73.330451, 41.549709], [-73.329403, 41.549905], [-73.328618, 41.550199], [-73.328094, 41.550591], [-73.32757, 41.550787], [-73.327046, 41.550787], [-73.326522, 41.550591], [-73.325998, 41.550199], [-73.325082, 41.549905], [-73.323772, 41.549709], [-73.32207, 41.549611], [-73.319974, 41.549611], [-73.317748, 41.550101], [-73.315391, 41.551081], [-73.312248, 41.553042], [-73.306355, 41.557453]], "type": "LineString"}}, {"type": "Feature", "properties": {}, "geometry": {"coordinates": [[-73.010918, 41.549611], [-73.014454, 41.549611], [-73.016287, 41.549807], [-73.017596, 41.550199], [-73.018775, 41.550787], [-73.019823, 41.551571], [-73.021001, 41.552257], [-73.022311, 41.552846], [-73.023751, 41.553336], [-73.025323, 41.553728], [-73.026894, 41.554316], [-73.028466, 41.5551], [-73.03043, 41.556375], [-73.033966, 41.559021]], "type": "LineString"}}, {"type": "Feature", "properties": {}, "geometry": {"coordinates": [[-73.008822, 41.549611], [-73.010918, 41.549611]], "type": "LineString"}}, {"type": "Feature", "properties": {}, "geometry": {"coordinates": [[-73.008822, 41.549611], [-73.005287, 41.552257], [-73.003322, 41.553434], [-73.001751, 41.554022], [-73.000179, 41.554316], [-72.998608, 41.554316], [-72.997298, 41.554414], [-72.996251, 41.55461], [-72.995334, 41.555002], [-72.994155, 41.555885]], "type": "LineString"}}, {"type": "Feature", "properties": {}, "geometry": {"coordinates": [[-72.84958, 41.549611], [-72.851675, 41.549611]], "type": "LineString"}}, {"type": "Feature", "properties": {}, "geometry": {"coordinates": [[-72.84958, 41.549611], [-72.84958, 41.551179]], "type": "LineString"}}, {"type": "Feature", "properties": {}, "geometry": {"coordinates": [[-72.438901, 41.549611], [-72.444794, 41.55314], [-72.447413, 41.554904], [-72.448723, 41.556081], [-72.449377, 41.557061], [-72.449377, 41.557845], [-72.44977, 41.558727], [-72.450556, 41.559707], [-72.451735, 41.560786], [-72.453306, 41.561962], [-72.454746, 41.562942], [-72.456056, 41.563726], [-72.457235, 41.564314], [-72.458282, 41.564706], [-72.459854, 41.565], [-72.461949, 41.565196], [-72.464568, 41.565294], [-72.467711, 41.565294], [-72.470592, 41.56549], [-72.473211, 41.565882], [-72.475569, 41.56647], [-72.477664, 41.567254], [-72.480021, 41.567941], [-72.48264, 41.568529], [-72.486307, 41.569117], [-72.493379, 41.569999]], "type": "LineString"}}, {"type": "Feature", "properties": {}, "geometry": {"coordinates": [[-72.424234, 41.549611], [-72.430127, 41.549611], [-72.432877, 41.549709], [-72.434448, 41.549905], [-72.435496, 41.550199], [-72.43602, 41.550591], [-72.436544, 41.550787], [-72.437067, 41.550787], [-72.437722, 41.550493], [-72.438901, 41.549611]], "type": "LineString"}}, {"type": "Feature", "properties": {}, "geometry": {"coordinates": [[-72.424234, 41.549611], [-72.422138, 41.552748]], "type": "LineString"}}, {"type": "Feature", "properties": {}, "geometry": {"coordinates": [[-73.497027, 41.548042], [-73.500563, 41.550689], [-73.502135, 41.552454], [-73.50292, 41.554218], [-73.503313, 41.556277], [-73.503313, 41.558629], [-73.503575, 41.560786], [-73.504099, 41.562746], [-73.504885, 41.56451], [-73.505932, 41.566078], [-73.506587, 41.567549], [-73.506849, 41.568921], [-73.506718, 41.570195], [-73.506194, 41.571371], [-73.505408, 41.572449], [-73.504361, 41.573429], [-73.503051, 41.574311], [-73.50148, 41.575095], [-73.50017, 41.575879], [-73.499123, 41.576663], [-73.498337, 41.577447], [-73.497813, 41.57823], [-73.497027, 41.578916], [-73.49598, 41.579504], [-73.49467, 41.579994], [-73.493099, 41.580386], [-73.491658, 41.580876], [-73.490349, 41.581464], [-73.48917, 41.58215], [-73.488122, 41.582934], [-73.487075, 41.583522], [-73.486027, 41.583914], [-73.484979, 41.58411], [-73.483932, 41.58411], [-73.482622, 41.5846], [-73.481051, 41.585579], [-73.479217, 41.587049], [-73.477122, 41.589009], [-73.47542, 41.590478], [-73.47411, 41.591458], [-73.473193, 41.591948], [-73.472669, 41.591948], [-73.472015, 41.592144], [-73.471229, 41.592536], [-73.470312, 41.593123], [-73.469265, 41.593907], [-73.467824, 41.594593], [-73.465991, 41.595181], [-73.46311, 41.595769], [-73.457217, 41.59665]], "type": "LineString"}}, {"type": "Feature", "properties": {}, "geometry": {"coordinates": [[-73.069586, 41.548042], [-73.069586, 41.549611]], "type": "LineString"}}, {"type": "Feature", "properties": {}, "geometry": {"coordinates": [[-73.008822, 41.548042], [-73.008822, 41.549611]], "type": "LineString"}}, {"type": "Feature", "properties": {}, "geometry": {"coordinates": [[-72.88939, 41.552748], [-72.883497, 41.552748], [-72.880747, 41.55265], [-72.879176, 41.552454], [-72.878128, 41.552159], [-72.877604, 41.551767], [-72.876818, 41.551473], [-72.875771, 41.551277], [-72.874461, 41.551179], [-72.87289, 41.551179], [-72.87158, 41.551081], [-72.870533, 41.550885], [-72.869747, 41.550591], [-72.869223, 41.550199], [-72.868437, 41.549905], [-72.86739, 41.549709], [-72.86608, 41.549611], [-72.864509, 41.549611], [-72.863199, 41.549513], [-72.862151, 41.549316], [-72.861366, 41.549022], [-72.860842, 41.54863], [-72.859925, 41.548434], [-72.858616, 41.548434], [-72.856389, 41.548728], [-72.851675, 41.549611]], "type": "LineString"}}, {"type": "Feature", "properties": {}, "geometry": {"coordinates": [[-72.709194, 41.548042], [-72.710373, 41.548924], [-72.710897, 41.550297], [-72.711159, 41.552454], [-72.71129, 41.555492], [-72.71129, 41.559413], [-72.712076, 41.562648], [-72.713647, 41.565196], [-72.71679, 41.567352], [-72.723862, 41.569999]], "type": "LineString"}}, {"type": "Feature", "properties": {}, "geometry": {"coordinates": [[-72.707099, 41.548042], [-72.709194, 41.548042]], "type": "LineString"}}, {"type": "Feature", "properties": {}, "geometry": {"coordinates": [[-72.707099, 41.548042], [-72.698849, 41.548924], [-72.694658, 41.549611], [-72.691777, 41.550395], [-72.689289, 41.551375], [-72.687194, 41.552552], [-72.685099, 41.553532], [-72.683003, 41.554316], [-72.680908, 41.554904], [-72.678813, 41.555296], [-72.676586, 41.555885], [-72.674229, 41.556669], [-72.671086, 41.557943], [-72.665193, 41.56059]], "type": "LineString"}}, {"type": "Feature", "properties": {}, "geometry": {"coordinates": [[-72.631668, 41.548042], [-72.637561, 41.548924], [-72.640442, 41.549513], [-72.642276, 41.550101], [-72.643716, 41.550787], [-72.644764, 41.551571], [-72.645812, 41.552061], [-72.646859, 41.552257], [-72.648169, 41.552061], [-72.650526, 41.551179]], "type": "LineString"}}, {"type": "Feature", "properties": {}, "geometry": {"coordinates": [[-72.50176, 41.548042], [-72.504117, 41.550689], [-72.505165, 41.552552], [-72.505688, 41.554512], [-72.50595, 41.557551], [-72.50595, 41.563726]], "type": "LineString"}}, {"type": "Feature", "properties": {}, "geometry": {"coordinates": [[-73.069586, 41.546473], [-73.071681, 41.546473]], "type": "LineString"}}, {"type": "Feature", "properties": {}, "geometry": {"coordinates": [[-73.069586, 41.546473], [-73.069586, 41.548042]], "type": "LineString"}}, {"type": "Feature", "properties": {}, "geometry": {"coordinates": [[-72.84958, 41.549611], [-72.844865, 41.547846], [-72.842377, 41.547062], [-72.840544, 41.546669], [-72.838841, 41.546473], [-72.83727, 41.546473], [-72.83596, 41.546571], [-72.834912, 41.546768], [-72.833996, 41.54716], [-72.832817, 41.548042]], "type": "LineString"}}, {"type": "Feature", "properties": {}, "geometry": {"coordinates": [[-72.757386, 41.546473], [-72.759744, 41.546473], [-72.760922, 41.546571], [-72.761708, 41.546768], [-72.762363, 41.547062], [-72.762887, 41.547454], [-72.763279, 41.548042], [-72.763541, 41.548826], [-72.763672, 41.549807], [-72.763672, 41.550983], [-72.763541, 41.552061], [-72.763279, 41.553042], [-72.762887, 41.553924], [-72.762363, 41.554708], [-72.761708, 41.555492], [-72.760922, 41.556277], [-72.760006, 41.557061], [-72.758958, 41.557845], [-72.758041, 41.558433], [-72.757255, 41.558825], [-72.75647, 41.559021], [-72.755291, 41.559021]], "type": "LineString"}}, {"type": "Feature", "properties": {}, "geometry": {"coordinates": [[-72.709194, 41.546473], [-72.709194, 41.548042]], "type": "LineString"}}, {"type": "Feature", "properties": {}, "geometry": {"coordinates": [[-72.15394, 41.546473], [-72.158654, 41.550003], [-72.16075, 41.551963], [-72.161797, 41.553532], [-72.162321, 41.5551], [-72.162321, 41.556669], [-72.162059, 41.558139], [-72.161535, 41.559511], [-72.16075, 41.560786], [-72.159702, 41.561962], [-72.158654, 41.562844], [-72.157607, 41.563432], [-72.156559, 41.563726], [-72.155511, 41.563726], [-72.154595, 41.563824], [-72.153809, 41.56402], [-72.153154, 41.564314], [-72.15263, 41.564706], [-72.152238, 41.565196], [-72.151976, 41.565784], [-72.151845, 41.56647], [-72.151845, 41.567254], [-72.151583, 41.568039], [-72.151059, 41.568823], [-72.150011, 41.569803], [-72.147654, 41.571567]], "type": "LineString"}}, {"type": "Feature", "properties": {}, "geometry": {"coordinates": [[-72.15394, 41.546473], [-72.150404, 41.54912], [-72.148833, 41.550395], [-72.148047, 41.551179], [-72.147654, 41.551865], [-72.147654, 41.552748]], "type": "LineString"}}, {"type": "Feature", "properties": {}, "geometry": {"coordinates": [[-73.409025, 41.577839], [-73.400774, 41.571665], [-73.397108, 41.568823], [-73.395274, 41.567254], [-73.394358, 41.566274], [-73.394358, 41.565882], [-73.393965, 41.565294], [-73.393179, 41.56451], [-73.392, 41.56353], [-73.390429, 41.562354], [-73.389119, 41.561178], [-73.388072, 41.560001], [-73.387286, 41.558825], [-73.386762, 41.557649], [-73.386107, 41.556571], [-73.385322, 41.55559], [-73.384405, 41.554708], [-73.383357, 41.553924], [-73.38231, 41.553336], [-73.381262, 41.552944], [-73.380214, 41.552748], [-73.379167, 41.552748], [-73.377857, 41.552454], [-73.376286, 41.551865], [-73.374452, 41.550983], [-73.372357, 41.549807], [-73.370262, 41.548728], [-73.368166, 41.547748], [-73.366071, 41.546866], [-73.363976, 41.546081], [-73.361619, 41.545493], [-73.358999, 41.545101], [-73.356118, 41.544905], [-73.352975, 41.544905], [-73.349963, 41.545297], [-73.347082, 41.546081], [-73.343678, 41.54765], [-73.337784, 41.551179]], "type": "LineString"}}, {"type": "Feature", "properties": {}, "geometry": {"coordinates": [[-73.088444, 41.544905], [-73.088444, 41.545787], [-73.088706, 41.546375], [-73.08923, 41.546964], [-73.090015, 41.54765], [-73.091063, 41.548434], [-73.091849, 41.549513], [-73.092372, 41.550885], [-73.092634, 41.552552], [-73.092634, 41.554512], [-73.092765, 41.556081], [-73.093027, 41.557257], [-73.09342, 41.558041], [-73.093944, 41.558433], [-73.094337, 41.559021], [-73.094599, 41.559805], [-73.09473, 41.560786], [-73.09473, 41.561962], [-73.094861, 41.562942], [-73.095123, 41.563726], [-73.095515, 41.564314], [-73.096039, 41.564706], [-73.096432, 41.565588], [-73.096694, 41.56696], [-73.096825, 41.569411], [-73.096825, 41.574703]], "type": "LineString"}}, {"type": "Feature", "properties": {}, "geometry": {"coordinates": [[-73.057014, 41.544905], [-73.057014, 41.548042]], "type": "LineString"}}, {"type": "Feature", "properties": {}, "geometry": {"coordinates": [[-72.977393, 41.544905], [-72.975036, 41.544905], [-72.973857, 41.545003], [-72.973071, 41.545199], [-72.972417, 41.545493], [-72.971893, 41.545885], [-72.971369, 41.546081], [-72.970845, 41.546081], [-72.970321, 41.545885], [-72.969797, 41.545493], [-72.969143, 41.545297], [-72.968357, 41.545297], [-72.96744, 41.545493], [-72.966393, 41.545885], [-72.965214, 41.546179], [-72.963904, 41.546375], [-72.962071, 41.546473], [-72.958535, 41.546473]], "type": "LineString"}}, {"type": "Feature", "properties": {}, "geometry": {"coordinates": [[-72.424234, 41.549611], [-72.417162, 41.546964], [-72.413626, 41.545983], [-72.411269, 41.545787], [-72.409305, 41.546081], [-72.407733, 41.546866], [-72.406162, 41.547454], [-72.40459, 41.547846], [-72.403019, 41.548042], [-72.401447, 41.548042], [-72.400138, 41.54814], [-72.39909, 41.548336], [-72.398304, 41.54863], [-72.397781, 41.549022], [-72.396995, 41.549316], [-72.395947, 41.549513], [-72.394638, 41.549611], [-72.393066, 41.549611], [-72.391626, 41.549709], [-72.390316, 41.549905], [-72.389137, 41.550199], [-72.38809, 41.550591], [-72.38678, 41.551277], [-72.385209, 41.552257], [-72.382852, 41.553924], [-72.378137, 41.557453]], "type": "LineString"}}, {"type": "Feature", "properties": {}, "geometry": {"coordinates": [[-72.15394, 41.544905], [-72.15394, 41.546473]], "type": "LineString"}}, {"type": "Feature", "properties": {}, "geometry": {"coordinates": [[-72.084795, 41.544905], [-72.088986, 41.546473]], "type": "LineString"}}, {"type": "Feature", "properties": {}, "geometry": {"coordinates": [[-72.084795, 41.544905], [-72.081259, 41.550199], [-72.079295, 41.552846], [-72.077723, 41.55461], [-72.076152, 41.556081], [-72.074581, 41.557257], [-72.072878, 41.558335], [-72.071045, 41.559315], [-72.06908, 41.560198], [-72.066985, 41.560982], [-72.065021, 41.561864], [-72.063187, 41.562844], [-72.061485, 41.563922], [-72.059913, 41.565098], [-72.058604, 41.56598], [-72.057556, 41.566568], [-72.05677, 41.566862], [-72.056247, 41.566862], [-72.055723, 41.567058], [-72.055199, 41.567451], [-72.054544, 41.568235], [-72.053366, 41.569999]], "type": "LineString"}}, {"type": "Feature", "properties": {}, "geometry": {"coordinates": [[-73.080063, 41.543336], [-73.083598, 41.543336], [-73.085301, 41.543434], [-73.086348, 41.54363], [-73.087265, 41.544022], [-73.088444, 41.544905]], "type": "LineString"}}, {"type": "Feature", "properties": {}, "geometry": {"coordinates": [[-73.077967, 41.543336], [-73.080063, 41.543336]], "type": "LineString"}}, {"type": "Feature", "properties": {}, "geometry": {"coordinates": [[-73.077967, 41.543336], [-73.071681, 41.546473]], "type": "LineString"}}, {"type": "Feature", "properties": {}, "geometry": {"coordinates": [[-73.054919, 41.543336], [-73.057014, 41.544905]], "type": "LineString"}}, {"type": "Feature", "properties": {}, "geometry": {"coordinates": [[-73.008822, 41.548042], [-73.006465, 41.546277], [-73.005025, 41.545493], [-73.003715, 41.545101], [-73.002275, 41.544905], [-73.000703, 41.544905], [-72.999394, 41.544807], [-72.998346, 41.544611], [-72.99756, 41.544316], [-72.997036, 41.543924], [-72.996382, 41.543728], [-72.995596, 41.543728], [-72.994679, 41.543924], [-72.993631, 41.544316], [-72.992453, 41.544611], [-72.991143, 41.544807], [-72.989703, 41.544905], [-72.988131, 41.544905], [-72.986822, 41.545003], [-72.985774, 41.545199], [-72.984988, 41.545493], [-72.984465, 41.545885], [-72.98381, 41.546179], [-72.983024, 41.546375], [-72.982107, 41.546473], [-72.98106, 41.546473], [-72.980143, 41.546375], [-72.979357, 41.546179], [-72.978571, 41.545787], [-72.977393, 41.544905]], "type": "LineString"}}, {"type": "Feature", "properties": {}, "geometry": {"coordinates": [[-72.646335, 41.543336], [-72.646335, 41.545101], [-72.646597, 41.546179], [-72.647121, 41.54716], [-72.648169, 41.548532], [-72.650526, 41.551179]], "type": "LineString"}}, {"type": "Feature", "properties": {}, "geometry": {"coordinates": [[-73.256068, 41.541767], [-73.256068, 41.547062], [-73.256199, 41.549513], [-73.256461, 41.550885], [-73.256854, 41.551767], [-73.257377, 41.552159], [-73.25777, 41.55265], [-73.258032, 41.553238], [-73.258163, 41.553924], [-73.258163, 41.554708], [-73.258032, 41.555394], [-73.25777, 41.555983], [-73.257246, 41.556571], [-73.256068, 41.557453]], "type": "LineString"}}, {"type": "Feature", "properties": {}, "geometry": {"coordinates": [[-73.207876, 41.541767], [-73.211412, 41.541767], [-73.213114, 41.541865], [-73.214162, 41.542061], [-73.214948, 41.542356], [-73.215471, 41.542748], [-73.216912, 41.543042], [-73.219269, 41.543238], [-73.222543, 41.543336], [-73.226734, 41.543336], [-73.230662, 41.543924], [-73.234329, 41.545101], [-73.23852, 41.547454], [-73.245591, 41.552748]], "type": "LineString"}}, {"type": "Feature", "properties": {}, "geometry": {"coordinates": [[-73.207876, 41.541767], [-73.205519, 41.543532], [-73.204471, 41.544807], [-73.203947, 41.546179], [-73.203685, 41.548336], [-73.203685, 41.552748]], "type": "LineString"}}, {"type": "Feature", "properties": {}, "geometry": {"coordinates": [[-73.077967, 41.541767], [-73.077967, 41.543336]], "type": "LineString"}}, {"type": "Feature", "properties": {}, "geometry": {"coordinates": [[-73.0633, 41.541767], [-73.069586, 41.546473]], "type": "LineString"}}, {"type": "Feature", "properties": {}, "geometry": {"coordinates": [[-73.0633, 41.541767], [-73.057014, 41.544905]], "type": "LineString"}}, {"type": "Feature", "properties": {}, "geometry": {"coordinates": [[-72.979488, 41.541767], [-72.977393, 41.544905]], "type": "LineString"}}, {"type": "Feature", "properties": {}, "geometry": {"coordinates": [[-72.950154, 41.541767], [-72.950154, 41.543336]], "type": "LineString"}}, {"type": "Feature", "properties": {}, "geometry": {"coordinates": [[-72.927106, 41.541767], [-72.927106, 41.544415], [-72.926189, 41.546277], [-72.924356, 41.548238], [-72.921606, 41.550591], [-72.917939, 41.553336], [-72.914665, 41.555394], [-72.911784, 41.556767], [-72.909296, 41.557453], [-72.9072, 41.557453], [-72.905498, 41.557355], [-72.904188, 41.557159], [-72.903272, 41.556865], [-72.902748, 41.556473], [-72.9017, 41.556081], [-72.900129, 41.555688], [-72.898033, 41.555296], [-72.895414, 41.554904], [-72.893319, 41.554512], [-72.891748, 41.55412], [-72.890569, 41.55363], [-72.88939, 41.552748]], "type": "LineString"}}, {"type": "Feature", "properties": {}, "geometry": {"coordinates": [[-72.797197, 41.541767], [-72.790911, 41.551179]], "type": "LineString"}}, {"type": "Feature", "properties": {}, "geometry": {"coordinates": [[-73.256068, 41.540199], [-73.256068, 41.541767]], "type": "LineString"}}, {"type": "Feature", "properties": {}, "geometry": {"coordinates": [[-73.253972, 41.540199], [-73.256068, 41.540199]], "type": "LineString"}}, {"type": "Feature", "properties": {}, "geometry": {"coordinates": [[-72.952249, 41.540199], [-72.950154, 41.541767]], "type": "LineString"}}, {"type": "Feature", "properties": {}, "geometry": {"coordinates": [[-72.824436, 41.540199], [-72.828627, 41.543336]], "type": "LineString"}}, {"type": "Feature", "properties": {}, "geometry": {"coordinates": [[-72.805578, 41.540199], [-72.806757, 41.541081], [-72.808328, 41.541375], [-72.810686, 41.541375], [-72.815007, 41.541081], [-72.824436, 41.540199]], "type": "LineString"}}, {"type": "Feature", "properties": {}, "geometry": {"coordinates": [[-72.803483, 41.540199], [-72.805578, 41.540199]], "type": "LineString"}}, {"type": "Feature", "properties": {}, "geometry": {"coordinates": [[-72.803483, 41.540199], [-72.797197, 41.541767]], "type": "LineString"}}, {"type": "Feature", "properties": {}, "geometry": {"coordinates": [[-72.084795, 41.540199], [-72.084795, 41.544905]], "type": "LineString"}}, {"type": "Feature", "properties": {}, "geometry": {"coordinates": [[-72.805578, 41.53863], [-72.805578, 41.540199]], "type": "LineString"}}, {"type": "Feature", "properties": {}, "geometry": {"coordinates": [[-73.306355, 41.557453], [-73.303998, 41.556571], [-73.30151, 41.5551], [-73.298105, 41.552748], [-73.293521, 41.549415], [-73.287759, 41.545101], [-73.283176, 41.541767], [-73.279771, 41.539414], [-73.277545, 41.538041], [-73.276497, 41.537649], [-73.274925, 41.537355], [-73.27283, 41.537159], [-73.270211, 41.537061], [-73.267068, 41.537061], [-73.264318, 41.537257], [-73.261961, 41.537649], [-73.259604, 41.538434], [-73.256068, 41.540199]], "type": "LineString"}}, {"type": "Feature", "properties": {}, "geometry": {"coordinates": [[-72.935487, 41.537061], [-72.939023, 41.538826], [-72.940987, 41.53961], [-72.942559, 41.540002], [-72.94413, 41.540199], [-72.945701, 41.540199], [-72.947011, 41.540297], [-72.948059, 41.540493], [-72.948975, 41.540885], [-72.950154, 41.541767]], "type": "LineString"}}, {"type": "Feature", "properties": {}, "geometry": {"coordinates": [[-72.933392, 41.537061], [-72.935487, 41.537061]], "type": "LineString"}}, {"type": "Feature", "properties": {}, "geometry": {"coordinates": [[-72.933392, 41.537061], [-72.927106, 41.541767]], "type": "LineString"}}, {"type": "Feature", "properties": {}, "geometry": {"coordinates": [[-72.786721, 41.537061], [-72.789078, 41.538826], [-72.790387, 41.53961], [-72.791435, 41.540002], [-72.792483, 41.540199], [-72.79353, 41.540199], [-72.794447, 41.540297], [-72.795233, 41.540493], [-72.796018, 41.540885], [-72.797197, 41.541767]], "type": "LineString"}}, {"type": "Feature", "properties": {}, "geometry": {"coordinates": [[-73.033966, 41.535492], [-73.035145, 41.536375], [-73.035668, 41.537257], [-73.03593, 41.538434], [-73.036061, 41.540002], [-73.036061, 41.541963], [-73.036192, 41.543532], [-73.036454, 41.544709], [-73.036847, 41.545493], [-73.037371, 41.545885], [-73.037764, 41.546768], [-73.038026, 41.54814], [-73.038157, 41.550003], [-73.038157, 41.552356], [-73.038026, 41.554218], [-73.037764, 41.55559], [-73.03724, 41.556571], [-73.036061, 41.557453]], "type": "LineString"}}, {"type": "Feature", "properties": {}, "geometry": {"coordinates": [[-73.021394, 41.535492], [-73.033966, 41.535492]], "type": "LineString"}}, {"type": "Feature", "properties": {}, "geometry": {"coordinates": [[-72.933392, 41.535492], [-72.933392, 41.537061]], "type": "LineString"}}, {"type": "Feature", "properties": {}, "geometry": {"coordinates": [[-72.053366, 41.535492], [-72.052187, 41.536375], [-72.051532, 41.537747], [-72.051008, 41.539904], [-72.050485, 41.542944], [-72.049961, 41.546866], [-72.049306, 41.549905], [-72.04852, 41.552061], [-72.047342, 41.553434], [-72.044984, 41.554316]], "type": "LineString"}}, {"type": "Feature", "properties": {}, "geometry": {"coordinates": [[-71.965363, 41.535492], [-71.965363, 41.552257], [-71.965887, 41.560001], [-71.966934, 41.564314], [-71.968506, 41.567058], [-71.970601, 41.568235], [-71.972173, 41.570097], [-71.97322, 41.572645], [-71.973744, 41.575879], [-71.973744, 41.579798], [-71.973351, 41.58313], [-71.972566, 41.585873], [-71.970994, 41.588421], [-71.967458, 41.591948]], "type": "LineString"}}, {"type": "Feature", "properties": {}, "geometry": {"coordinates": [[-72.034508, 41.533923], [-72.043937, 41.533923], [-72.048258, 41.534021], [-72.050616, 41.534217], [-72.052187, 41.53461], [-72.053366, 41.535492]], "type": "LineString"}}, {"type": "Feature", "properties": {}, "geometry": {"coordinates": [[-72.032413, 41.533923], [-72.034508, 41.533923]], "type": "LineString"}}, {"type": "Feature", "properties": {}, "geometry": {"coordinates": [[-71.965363, 41.535492], [-71.964184, 41.53461], [-71.963137, 41.534217], [-71.961827, 41.534021], [-71.960125, 41.533923], [-71.958029, 41.533923], [-71.956327, 41.534021], [-71.955017, 41.534217], [-71.95397, 41.53461], [-71.952791, 41.535492]], "type": "LineString"}}, {"type": "Feature", "properties": {}, "geometry": {"coordinates": [[-72.828627, 41.532354], [-72.828627, 41.534119], [-72.828365, 41.535198], [-72.827841, 41.536178], [-72.826793, 41.537551], [-72.824436, 41.540199]], "type": "LineString"}}, {"type": "Feature", "properties": {}, "geometry": {"coordinates": [[-72.663098, 41.532354], [-72.664276, 41.533237], [-72.6648, 41.534511], [-72.665062, 41.536473], [-72.665193, 41.539218], [-72.665193, 41.542748], [-72.664931, 41.545787], [-72.664407, 41.548336], [-72.66336, 41.550787], [-72.661003, 41.554316]], "type": "LineString"}}, {"type": "Feature", "properties": {}, "geometry": {"coordinates": [[-72.661003, 41.532354], [-72.663098, 41.532354]], "type": "LineString"}}, {"type": "Feature", "properties": {}, "geometry": {"coordinates": [[-72.661003, 41.532354], [-72.658645, 41.532354], [-72.657467, 41.532452], [-72.656681, 41.532648], [-72.656026, 41.532943], [-72.655502, 41.533335], [-72.653669, 41.533629], [-72.650526, 41.533825], [-72.646074, 41.533923], [-72.640312, 41.533923], [-72.635859, 41.534021], [-72.632716, 41.534217], [-72.630752, 41.53461], [-72.629573, 41.535492]], "type": "LineString"}}, {"type": "Feature", "properties": {}, "geometry": {"coordinates": [[-72.091081, 41.532354], [-72.089902, 41.535002], [-72.089117, 41.536375], [-72.088331, 41.537355], [-72.087152, 41.538434], [-72.084795, 41.540199]], "type": "LineString"}}, {"type": "Feature", "properties": {}, "geometry": {"coordinates": [[-72.032413, 41.532354], [-72.032413, 41.533923]], "type": "LineString"}}, {"type": "Feature", "properties": {}, "geometry": {"coordinates": [[-73.113587, 41.530785], [-73.11123, 41.534315], [-73.110183, 41.53608], [-73.109659, 41.537257], [-73.109397, 41.538434], [-73.109397, 41.540199]], "type": "LineString"}}, {"type": "Feature", "properties": {}, "geometry": {"coordinates": [[-73.09473, 41.530785], [-73.09473, 41.53608], [-73.094337, 41.538728], [-73.093551, 41.540493], [-73.09198, 41.542258], [-73.088444, 41.544905]], "type": "LineString"}}, {"type": "Feature", "properties": {}, "geometry": {"coordinates": [[-72.663098, 41.530785], [-72.663098, 41.532354]], "type": "LineString"}}, {"type": "Feature", "properties": {}, "geometry": {"coordinates": [[-72.091081, 41.530785], [-72.093176, 41.530785]], "type": "LineString"}}, {"type": "Feature", "properties": {}, "geometry": {"coordinates": [[-72.091081, 41.530785], [-72.091081, 41.532354]], "type": "LineString"}}, {"type": "Feature", "properties": {}, "geometry": {"coordinates": [[-72.063842, 41.530785], [-72.066199, 41.53255], [-72.06764, 41.533335], [-72.068949, 41.533727], [-72.07039, 41.533923], [-72.071961, 41.533923], [-72.073402, 41.534021], [-72.074711, 41.534217], [-72.07589, 41.534511], [-72.076938, 41.534904], [-72.078116, 41.535492], [-72.079426, 41.536276], [-72.081259, 41.537551], [-72.084795, 41.540199]], "type": "LineString"}}, {"type": "Feature", "properties": {}, "geometry": {"coordinates": [[-72.032413, 41.533923], [-72.031234, 41.534806], [-72.029532, 41.535198], [-72.026912, 41.535394], [-72.023246, 41.535492], [-72.018531, 41.535492], [-72.014864, 41.535394], [-72.012245, 41.535198], [-72.010674, 41.534904], [-72.01015, 41.534511], [-72.00871, 41.534119], [-72.006352, 41.533727], [-72.003078, 41.533335], [-71.998888, 41.532943], [-71.995614, 41.53255], [-71.993257, 41.532158], [-71.991816, 41.531766], [-71.991292, 41.531374], [-71.989852, 41.531079], [-71.987495, 41.530883], [-71.984221, 41.530785], [-71.98003, 41.530785], [-71.976363, 41.531079], [-71.97322, 41.531668], [-71.970077, 41.532844], [-71.965363, 41.535492]], "type": "LineString"}}, {"type": "Feature", "properties": {}, "geometry": {"coordinates": [[-73.088444, 41.529216], [-73.090801, 41.529216], [-73.09198, 41.529314], [-73.092765, 41.52951], [-73.093551, 41.529903], [-73.09473, 41.530785]], "type": "LineString"}}, {"type": "Feature", "properties": {}, "geometry": {"coordinates": [[-73.086348, 41.529216], [-73.088444, 41.529216]], "type": "LineString"}}, {"type": "Feature", "properties": {}, "geometry": {"coordinates": [[-73.086348, 41.529216], [-73.083991, 41.530981], [-73.082682, 41.532354], [-73.081634, 41.533923], [-73.080325, 41.536473], [-73.077967, 41.541767]], "type": "LineString"}}, {"type": "Feature", "properties": {}, "geometry": {"coordinates": [[-72.774149, 41.529216], [-72.774149, 41.531864], [-72.77428, 41.533139], [-72.774542, 41.533923], [-72.774935, 41.534511], [-72.775458, 41.534904], [-72.776244, 41.535198], [-72.777292, 41.535394], [-72.778601, 41.535492], [-72.780173, 41.535492], [-72.781613, 41.53559], [-72.782923, 41.535786], [-72.784363, 41.536178], [-72.786721, 41.537061]], "type": "LineString"}}, {"type": "Feature", "properties": {}, "geometry": {"coordinates": [[-72.665193, 41.529216], [-72.667288, 41.529216]], "type": "LineString"}}, {"type": "Feature", "properties": {}, "geometry": {"coordinates": [[-72.665193, 41.529216], [-72.663098, 41.530785]], "type": "LineString"}}, {"type": "Feature", "properties": {}, "geometry": {"coordinates": [[-72.063842, 41.529216], [-72.063842, 41.530785]], "type": "LineString"}}, {"type": "Feature", "properties": {}, "geometry": {"coordinates": [[-72.061747, 41.529216], [-72.063842, 41.529216]], "type": "LineString"}}, {"type": "Feature", "properties": {}, "geometry": {"coordinates": [[-72.059651, 41.529216], [-72.061747, 41.529216]], "type": "LineString"}}, {"type": "Feature", "properties": {}, "geometry": {"coordinates": [[-72.059651, 41.529216], [-72.053366, 41.535492]], "type": "LineString"}}, {"type": "Feature", "properties": {}, "geometry": {"coordinates": [[-73.113587, 41.530785], [-73.11123, 41.52902], [-73.109921, 41.528334], [-73.108873, 41.528137], [-73.107825, 41.528235], [-73.106778, 41.528628], [-73.105468, 41.528922], [-73.103897, 41.529118], [-73.102063, 41.529216], [-73.099968, 41.529216], [-73.098266, 41.529314], [-73.096956, 41.52951], [-73.095908, 41.529903], [-73.09473, 41.530785]], "type": "LineString"}}, {"type": "Feature", "properties": {}, "geometry": {"coordinates": [[-73.086348, 41.527647], [-73.086348, 41.529216]], "type": "LineString"}}, {"type": "Feature", "properties": {}, "geometry": {"coordinates": [[-72.895676, 41.527647], [-72.900391, 41.527647], [-72.90301, 41.528039], [-72.905105, 41.528824], [-72.9072, 41.530001], [-72.909296, 41.53157], [-72.91126, 41.532844], [-72.913093, 41.533825], [-72.914796, 41.534511], [-72.916367, 41.534904], [-72.91807, 41.53559], [-72.919903, 41.536571], [-72.922391, 41.538238], [-72.927106, 41.541767]], "type": "LineString"}}, {"type": "Feature", "properties": {}, "geometry": {"coordinates": [[-72.895676, 41.527647], [-72.894498, 41.52853], [-72.893974, 41.529412], [-72.893712, 41.530589], [-72.893581, 41.532158], [-72.893581, 41.534119], [-72.893712, 41.535688], [-72.893974, 41.536865], [-72.894367, 41.537649], [-72.89489, 41.538041], [-72.895152, 41.538434], [-72.895152, 41.538826], [-72.89489, 41.539218], [-72.894367, 41.53961], [-72.893843, 41.540591], [-72.893319, 41.54216], [-72.892795, 41.544316], [-72.892271, 41.547062], [-72.891748, 41.549218], [-72.891224, 41.550787], [-72.890569, 41.551865], [-72.88939, 41.552748]], "type": "LineString"}}, {"type": "Feature", "properties": {}, "geometry": {"coordinates": [[-72.665193, 41.527647], [-72.665193, 41.529216]], "type": "LineString"}}, {"type": "Feature", "properties": {}, "geometry": {"coordinates": [[-73.036061, 41.526078], [-73.03724, 41.526961], [-73.037764, 41.527549], [-73.038026, 41.528137], [-73.038157, 41.528824], [-73.038157, 41.529608], [-73.037895, 41.530491], [-73.037371, 41.531472], [-73.036323, 41.532844], [-73.033966, 41.535492]], "type": "LineString"}}, {"type": "Feature", "properties": {}, "geometry": {"coordinates": [[-72.807674, 41.526078], [-72.807674, 41.530491], [-72.807543, 41.53255], [-72.807281, 41.533727], [-72.806888, 41.534511], [-72.806364, 41.534904], [-72.805971, 41.535394], [-72.805709, 41.535982], [-72.805578, 41.536865], [-72.805578, 41.53863]], "type": "LineString"}}, {"type": "Feature", "properties": {}, "geometry": {"coordinates": [[-72.598144, 41.524509], [-72.598144, 41.525391], [-72.598536, 41.526078], [-72.599322, 41.526862], [-72.600501, 41.527843], [-72.602072, 41.52902], [-72.603251, 41.530001], [-72.604037, 41.530785], [-72.604429, 41.531374], [-72.604429, 41.531766], [-72.604822, 41.532354], [-72.605608, 41.533139], [-72.606787, 41.534119], [-72.608358, 41.535296], [-72.609537, 41.536473], [-72.610323, 41.537649], [-72.610715, 41.538826], [-72.610715, 41.540002], [-72.610977, 41.541277], [-72.611501, 41.54265], [-72.612287, 41.54412], [-72.613335, 41.545689], [-72.614382, 41.547062], [-72.61543, 41.548238], [-72.616477, 41.549218], [-72.617525, 41.550003], [-72.618442, 41.550493], [-72.619228, 41.550689], [-72.620013, 41.550493], [-72.621192, 41.549611]], "type": "LineString"}}, {"type": "Feature", "properties": {}, "geometry": {"coordinates": [[-72.803483, 41.52294], [-72.807674, 41.526078]], "type": "LineString"}}, {"type": "Feature", "properties": {}, "geometry": {"coordinates": [[-72.801388, 41.52294], [-72.803483, 41.52294]], "type": "LineString"}}, {"type": "Feature", "properties": {}, "geometry": {"coordinates": [[-72.801388, 41.52294], [-72.795495, 41.52647], [-72.792876, 41.528235], [-72.791566, 41.529412], [-72.790911, 41.530393], [-72.790911, 41.531177], [-72.790649, 41.53206], [-72.790125, 41.533041], [-72.789078, 41.534413], [-72.786721, 41.537061]], "type": "LineString"}}, {"type": "Feature", "properties": {}, "geometry": {"coordinates": [[-72.688241, 41.52294], [-72.683527, 41.524705], [-72.68117, 41.52549], [-72.679598, 41.525882], [-72.678289, 41.526078], [-72.677241, 41.526078], [-72.676194, 41.526274], [-72.675146, 41.526666], [-72.674098, 41.527255], [-72.673051, 41.528039], [-72.672003, 41.528628], [-72.670955, 41.52902], [-72.669646, 41.529216], [-72.667288, 41.529216]], "type": "LineString"}}, {"type": "Feature", "properties": {}, "geometry": {"coordinates": [[-72.803483, 41.52137], [-72.803483, 41.52294]], "type": "LineString"}}, {"type": "Feature", "properties": {}, "geometry": {"coordinates": [[-72.71129, 41.52137], [-72.709194, 41.546473]], "type": "LineString"}}, {"type": "Feature", "properties": {}, "geometry": {"coordinates": [[-72.512236, 41.52137], [-72.516951, 41.523136], [-72.519177, 41.524116], [-72.520487, 41.524901], [-72.521534, 41.525882], [-72.522713, 41.527647]], "type": "LineString"}}, {"type": "Feature", "properties": {}, "geometry": {"coordinates": [[-72.074319, 41.52137], [-72.076676, 41.523136], [-72.077985, 41.52392], [-72.079033, 41.524313], [-72.080081, 41.524509], [-72.081128, 41.524509], [-72.082438, 41.524901], [-72.084009, 41.525686], [-72.086367, 41.527255], [-72.091081, 41.530785]], "type": "LineString"}}, {"type": "Feature", "properties": {}, "geometry": {"coordinates": [[-72.074319, 41.52137], [-72.063842, 41.529216]], "type": "LineString"}}, {"type": "Feature", "properties": {}, "geometry": {"coordinates": [[-73.057014, 41.519801], [-73.06055, 41.522449], [-73.062122, 41.52392], [-73.062907, 41.525097], [-73.0633, 41.526274], [-73.0633, 41.527451], [-73.063431, 41.528432], [-73.063693, 41.529216], [-73.064086, 41.529805], [-73.06461, 41.530197], [-73.065003, 41.531079], [-73.065265, 41.532452], [-73.065395, 41.534315], [-73.065395, 41.536669], [-73.065265, 41.538532], [-73.065003, 41.539904], [-73.064479, 41.540885], [-73.0633, 41.541767]], "type": "LineString"}}, {"type": "Feature", "properties": {}, "geometry": {"coordinates": [[-73.057014, 41.519801], [-73.054919, 41.52137]], "type": "LineString"}}, {"type": "Feature", "properties": {}, "geometry": {"coordinates": [[-73.044442, 41.519801], [-73.036061, 41.526078]], "type": "LineString"}}, {"type": "Feature", "properties": {}, "geometry": {"coordinates": [[-72.822341, 41.519801], [-72.824436, 41.52137]], "type": "LineString"}}, {"type": "Feature", "properties": {}, "geometry": {"coordinates": [[-72.822341, 41.519801], [-72.818805, 41.522449], [-72.816841, 41.523626], [-72.815269, 41.524215], [-72.813698, 41.524509], [-72.812126, 41.524509], [-72.810817, 41.524607], [-72.809769, 41.524803], [-72.808852, 41.525195], [-72.807674, 41.526078]], "type": "LineString"}}, {"type": "Feature", "properties": {}, "geometry": {"coordinates": [[-72.709194, 41.519801], [-72.71129, 41.52137]], "type": "LineString"}}, {"type": "Feature", "properties": {}, "geometry": {"coordinates": [[-72.822341, 41.518232], [-72.822341, 41.519801]], "type": "LineString"}}, {"type": "Feature", "properties": {}, "geometry": {"coordinates": [[-72.728052, 41.533923], [-72.728052, 41.527745], [-72.72779, 41.524803], [-72.727266, 41.523038], [-72.726481, 41.521763], [-72.725433, 41.520978], [-72.724254, 41.52039], [-72.722945, 41.519997], [-72.721504, 41.519801], [-72.719933, 41.519801], [-72.718623, 41.519703], [-72.717576, 41.519507], [-72.71679, 41.519213], [-72.716266, 41.51882], [-72.715611, 41.518722], [-72.714826, 41.518918], [-72.713647, 41.519605], [-72.71129, 41.52137]], "type": "LineString"}}, {"type": "Feature", "properties": {}, "geometry": {"coordinates": [[-72.097367, 41.518232], [-72.098545, 41.519115], [-72.099069, 41.519899], [-72.099331, 41.52088], [-72.099462, 41.522155], [-72.099462, 41.523724], [-72.099069, 41.525195], [-72.098284, 41.526568], [-72.096712, 41.528137], [-72.093176, 41.530785]], "type": "LineString"}}, {"type": "Feature", "properties": {}, "geometry": {"coordinates": [[-72.512236, 41.516662], [-72.512236, 41.52137]], "type": "LineString"}}, {"type": "Feature", "properties": {}, "geometry": {"coordinates": [[-72.482902, 41.516662], [-72.488795, 41.516662], [-72.491807, 41.517055], [-72.493902, 41.517839], [-72.495736, 41.519016], [-72.497307, 41.520586], [-72.499141, 41.521763], [-72.501236, 41.522547], [-72.503593, 41.52294], [-72.506212, 41.52294], [-72.508308, 41.522842], [-72.509879, 41.522645], [-72.511058, 41.522253], [-72.512236, 41.52137]], "type": "LineString"}}, {"type": "Feature", "properties": {}, "geometry": {"coordinates": [[-72.482902, 41.516662], [-72.481723, 41.517545], [-72.4812, 41.518134], [-72.480938, 41.518722], [-72.480807, 41.519605], [-72.480807, 41.52137]], "type": "LineString"}}, {"type": "Feature", "properties": {}, "geometry": {"coordinates": [[-72.076414, 41.516662], [-72.075235, 41.517545], [-72.074711, 41.518134], [-72.07445, 41.518722], [-72.074319, 41.519605], [-72.074319, 41.52137]], "type": "LineString"}}, {"type": "Feature", "properties": {}, "geometry": {"coordinates": [[-73.20159, 41.515093], [-73.200411, 41.522155], [-73.200149, 41.525588], [-73.200411, 41.527745], [-73.201066, 41.529412], [-73.202114, 41.530589], [-73.2029, 41.531668], [-73.203423, 41.532648], [-73.203685, 41.533531], [-73.203685, 41.534315], [-73.203947, 41.535296], [-73.204471, 41.536473], [-73.205519, 41.538238], [-73.207876, 41.541767]], "type": "LineString"}}, {"type": "Feature", "properties": {}, "geometry": {"coordinates": [[-73.140826, 41.515093], [-73.138469, 41.516859], [-73.13729, 41.518036], [-73.136505, 41.519213], [-73.13585, 41.520586], [-73.135326, 41.522155], [-73.134802, 41.52343], [-73.134278, 41.524411], [-73.133755, 41.525097], [-73.133231, 41.52549], [-73.132314, 41.52598], [-73.131005, 41.526568], [-73.129302, 41.527255], [-73.127207, 41.528039], [-73.125242, 41.528628], [-73.123409, 41.52902], [-73.121707, 41.529216], [-73.120135, 41.529216], [-73.118695, 41.529314], [-73.117385, 41.52951], [-73.115945, 41.529903], [-73.113587, 41.530785]], "type": "LineString"}}, {"type": "Feature", "properties": {}, "geometry": {"coordinates": [[-72.92082, 41.515093], [-72.926713, 41.519507], [-72.929332, 41.521665], [-72.930642, 41.523038], [-72.931296, 41.524116], [-72.931296, 41.524901], [-72.931427, 41.525588], [-72.931689, 41.526176], [-72.932082, 41.526666], [-72.932606, 41.527059], [-72.932999, 41.527843], [-72.933261, 41.52902], [-72.933392, 41.531079], [-72.933392, 41.535492]], "type": "LineString"}}, {"type": "Feature", "properties": {}, "geometry": {"coordinates": [[-72.097367, 41.518232], [-72.092652, 41.516466], [-72.089902, 41.515682], [-72.087545, 41.515289], [-72.085057, 41.515093], [-72.082438, 41.515093], [-72.080343, 41.515191], [-72.078771, 41.515387], [-72.077592, 41.51578], [-72.076414, 41.516662]], "type": "LineString"}}, {"type": "Feature", "properties": {}, "geometry": {"coordinates": [[-72.103653, 41.513524], [-72.10601, 41.514406], [-72.10732, 41.514799], [-72.108367, 41.514995], [-72.109415, 41.515093], [-72.110463, 41.515093], [-72.111379, 41.514995], [-72.112165, 41.514799], [-72.112951, 41.514406], [-72.114129, 41.513524]], "type": "LineString"}}, {"type": "Feature", "properties": {}, "geometry": {"coordinates": [[-72.103653, 41.513524], [-72.097367, 41.518232]], "type": "LineString"}}, {"type": "Feature", "properties": {}, "geometry": {"coordinates": [[-72.072223, 41.513524], [-72.076414, 41.516662]], "type": "LineString"}}, {"type": "Feature", "properties": {}, "geometry": {"coordinates": [[-72.053366, 41.513524], [-72.053366, 41.51882], [-72.053758, 41.521567], [-72.054544, 41.523528], [-72.056116, 41.525686], [-72.059651, 41.529216]], "type": "LineString"}}, {"type": "Feature", "properties": {}, "geometry": {"coordinates": [[-73.463502, 41.511954], [-73.468217, 41.512837], [-73.470443, 41.513327], [-73.471753, 41.51372], [-73.472669, 41.514112], [-73.473193, 41.514505], [-73.473586, 41.515093], [-73.473848, 41.515878], [-73.473979, 41.516859], [-73.473979, 41.518036], [-73.474372, 41.519213], [-73.475158, 41.52039], [-73.476336, 41.521567], [-73.477908, 41.522743], [-73.479086, 41.524018], [-73.479872, 41.525391], [-73.480265, 41.526862], [-73.480265, 41.528432], [-73.480134, 41.529706], [-73.479872, 41.530687], [-73.479479, 41.531374], [-73.478955, 41.531766], [-73.478562, 41.532648], [-73.478301, 41.534021], [-73.47817, 41.535884], [-73.47817, 41.538238], [-73.478432, 41.540395], [-73.478955, 41.542356], [-73.479741, 41.54412], [-73.480789, 41.545689], [-73.481836, 41.547062], [-73.482884, 41.548238], [-73.483932, 41.549218], [-73.484979, 41.550003], [-73.486027, 41.550591], [-73.487075, 41.550983], [-73.488122, 41.551179], [-73.48917, 41.551179], [-73.490349, 41.550983], [-73.491658, 41.550591], [-73.493491, 41.549807], [-73.497027, 41.548042]], "type": "LineString"}}, {"type": "Feature", "properties": {}, "geometry": {"coordinates": [[-73.029775, 41.511954], [-73.029775, 41.517251], [-73.030168, 41.519899], [-73.030954, 41.521665], [-73.032525, 41.52343], [-73.036061, 41.526078]], "type": "LineString"}}, {"type": "Feature", "properties": {}, "geometry": {"coordinates": [[-72.776244, 41.511954], [-72.778339, 41.511954]], "type": "LineString"}}, {"type": "Feature", "properties": {}, "geometry": {"coordinates": [[-72.776244, 41.511954], [-72.776244, 41.513524]], "type": "LineString"}}, {"type": "Feature", "properties": {}, "geometry": {"coordinates": [[-72.160226, 41.511954], [-72.163762, 41.515485], [-72.165333, 41.517153], [-72.166119, 41.518134], [-72.166512, 41.518918], [-72.166512, 41.519801]], "type": "LineString"}}, {"type": "Feature", "properties": {}, "geometry": {"coordinates": [[-72.158131, 41.511954], [-72.160226, 41.511954]], "type": "LineString"}}, {"type": "Feature", "properties": {}, "geometry": {"coordinates": [[-72.141368, 41.511954], [-72.141368, 41.518134], [-72.141106, 41.521076], [-72.140582, 41.522842], [-72.139797, 41.524116], [-72.138749, 41.524901], [-72.137309, 41.52549], [-72.135475, 41.525882], [-72.133249, 41.526078], [-72.13063, 41.526078], [-72.128142, 41.525686], [-72.125784, 41.524901], [-72.123034, 41.523332], [-72.11832, 41.519801]], "type": "LineString"}}, {"type": "Feature", "properties": {}, "geometry": {"coordinates": [[-73.013013, 41.510385], [-73.013013, 41.513033], [-73.013144, 41.514308], [-73.013406, 41.515093], [-73.01393, 41.51578], [-73.015108, 41.516662]], "type": "LineString"}}, {"type": "Feature", "properties": {}, "geometry": {"coordinates": [[-72.983679, 41.510385], [-72.983679, 41.51215], [-72.984203, 41.513327], [-72.98525, 41.514505], [-72.986822, 41.515878], [-72.988917, 41.517447], [-72.990358, 41.51882], [-72.991143, 41.519997], [-72.991143, 41.521174], [-72.989965, 41.52294]], "type": "LineString"}}, {"type": "Feature", "properties": {}, "geometry": {"coordinates": [[-72.899867, 41.510385], [-72.901962, 41.511954]], "type": "LineString"}}, {"type": "Feature", "properties": {}, "geometry": {"coordinates": [[-72.899867, 41.510385], [-72.898688, 41.511268], [-72.898164, 41.511954], [-72.897902, 41.512739], [-72.897771, 41.51372], [-72.897771, 41.514897], [-72.89751, 41.516074], [-72.896986, 41.517251], [-72.8962, 41.518428], [-72.895152, 41.519605], [-72.894367, 41.520782], [-72.893843, 41.521959], [-72.893581, 41.523136], [-72.893581, 41.524313], [-72.893712, 41.525293], [-72.893974, 41.526078], [-72.894498, 41.526764], [-72.895676, 41.527647]], "type": "LineString"}}, {"type": "Feature", "properties": {}, "geometry": {"coordinates": [[-72.774149, 41.510385], [-72.776244, 41.511954]], "type": "LineString"}}, {"type": "Feature", "properties": {}, "geometry": {"coordinates": [[-72.772053, 41.510385], [-72.774149, 41.510385]], "type": "LineString"}}, {"type": "Feature", "properties": {}, "geometry": {"coordinates": [[-72.160226, 41.510385], [-72.160226, 41.511954]], "type": "LineString"}}, {"type": "Feature", "properties": {}, "geometry": {"coordinates": [[-72.158131, 41.511954], [-72.156952, 41.511071], [-72.155642, 41.510679], [-72.153809, 41.510483], [-72.151321, 41.510385], [-72.148178, 41.510385], [-72.14569, 41.510483], [-72.143856, 41.510679], [-72.142547, 41.511071], [-72.141368, 41.511954]], "type": "LineString"}}, {"type": "Feature", "properties": {}, "geometry": {"coordinates": [[-73.029775, 41.511954], [-73.027418, 41.510189], [-73.025716, 41.509404], [-73.023882, 41.509011], [-73.021656, 41.508815], [-73.019037, 41.508815], [-73.016942, 41.508913], [-73.01537, 41.509109], [-73.014192, 41.509502], [-73.013013, 41.510385]], "type": "LineString"}}, {"type": "Feature", "properties": {}, "geometry": {"coordinates": [[-72.776244, 41.508815], [-72.774149, 41.510385]], "type": "LineString"}}, {"type": "Feature", "properties": {}, "geometry": {"coordinates": [[-72.137178, 41.508815], [-72.141368, 41.511954]], "type": "LineString"}}, {"type": "Feature", "properties": {}, "geometry": {"coordinates": [[-72.135082, 41.508815], [-72.137178, 41.508815]], "type": "LineString"}}, {"type": "Feature", "properties": {}, "geometry": {"coordinates": [[-72.135082, 41.508815], [-72.128011, 41.508815], [-72.124737, 41.509011], [-72.122903, 41.509404], [-72.121594, 41.510189], [-72.120415, 41.511954]], "type": "LineString"}}, {"type": "Feature", "properties": {}, "geometry": {"coordinates": [[-73.008822, 41.507246], [-73.013013, 41.510385]], "type": "LineString"}}, {"type": "Feature", "properties": {}, "geometry": {"coordinates": [[-73.008822, 41.507246], [-73.007644, 41.508129], [-73.00581, 41.508521], [-73.002929, 41.508717], [-72.99887, 41.508815], [-72.993631, 41.508815], [-72.989572, 41.508913], [-72.986691, 41.509109], [-72.984857, 41.509502], [-72.983679, 41.510385]], "type": "LineString"}}, {"type": "Feature", "properties": {}, "geometry": {"coordinates": [[-72.137178, 41.507246], [-72.137178, 41.508815]], "type": "LineString"}}, {"type": "Feature", "properties": {}, "geometry": {"coordinates": [[-72.809769, 41.505676], [-72.809769, 41.506559], [-72.809376, 41.507344], [-72.80859, 41.508325], [-72.807412, 41.5096], [-72.80584, 41.511169], [-72.804662, 41.512837], [-72.803876, 41.514603], [-72.803483, 41.516957], [-72.803483, 41.52137]], "type": "LineString"}}, {"type": "Feature", "properties": {}, "geometry": {"coordinates": [[-72.445187, 41.505676], [-72.447282, 41.505676]], "type": "LineString"}}, {"type": "Feature", "properties": {}, "geometry": {"coordinates": [[-72.445187, 41.505676], [-72.438115, 41.51009], [-72.43471, 41.512052], [-72.432615, 41.513033], [-72.431043, 41.513524], [-72.429996, 41.513524], [-72.428948, 41.513818], [-72.4279, 41.514406], [-72.426853, 41.515289], [-72.425805, 41.516466], [-72.42515, 41.517839], [-72.424888, 41.519409], [-72.425019, 41.521174], [-72.425543, 41.523136], [-72.426329, 41.524999], [-72.427377, 41.526764], [-72.428686, 41.528432], [-72.430258, 41.530001], [-72.431567, 41.531668], [-72.432615, 41.533433], [-72.433401, 41.535296], [-72.433924, 41.537257], [-72.434579, 41.538924], [-72.435365, 41.540297], [-72.436282, 41.541375], [-72.437329, 41.54216], [-72.438115, 41.54314], [-72.438639, 41.544316], [-72.438901, 41.546081], [-72.438901, 41.549611]], "type": "LineString"}}, {"type": "Feature", "properties": {}, "geometry": {"coordinates": [[-72.445187, 41.504106], [-72.445187, 41.505676]], "type": "LineString"}}, {"type": "Feature", "properties": {}, "geometry": {"coordinates": [[-72.283849, 41.504106], [-72.285027, 41.505872], [-72.285551, 41.506951], [-72.285813, 41.507932], [-72.285944, 41.509011], [-72.285944, 41.510189], [-72.286206, 41.511268], [-72.28673, 41.512248], [-72.287515, 41.513131], [-72.288563, 41.513916], [-72.289611, 41.514897], [-72.290658, 41.516074], [-72.291706, 41.517447], [-72.292754, 41.519016], [-72.293539, 41.52039], [-72.294063, 41.521567], [-72.294325, 41.522547], [-72.294325, 41.523332], [-72.294456, 41.524018], [-72.294718, 41.524607], [-72.295111, 41.525097], [-72.295635, 41.52549], [-72.296028, 41.526372], [-72.296289, 41.527745], [-72.29642, 41.529608], [-72.29642, 41.531962], [-72.296682, 41.533923], [-72.297206, 41.535492], [-72.297992, 41.536669], [-72.29904, 41.537453], [-72.300218, 41.538826], [-72.301528, 41.540787], [-72.302968, 41.543336], [-72.30454, 41.546473], [-72.306111, 41.549218], [-72.307683, 41.551571], [-72.309254, 41.553532], [-72.310826, 41.5551], [-72.312004, 41.556571], [-72.31279, 41.557943], [-72.313183, 41.559511], [-72.313183, 41.562158]], "type": "LineString"}}, {"type": "Feature", "properties": {}, "geometry": {"coordinates": [[-72.097367, 41.504106], [-72.103653, 41.513524]], "type": "LineString"}}, {"type": "Feature", "properties": {}, "geometry": {"coordinates": [[-72.095272, 41.504106], [-72.097367, 41.504106]], "type": "LineString"}}, {"type": "Feature", "properties": {}, "geometry": {"coordinates": [[-72.095272, 41.504106], [-72.091081, 41.505676]], "type": "LineString"}}, {"type": "Feature", "properties": {}, "geometry": {"coordinates": [[-73.214162, 41.502537], [-73.207876, 41.507246]], "type": "LineString"}}, {"type": "Feature", "properties": {}, "geometry": {"coordinates": [[-73.042347, 41.502537], [-73.041169, 41.50342], [-73.040645, 41.504106], [-73.040383, 41.504891], [-73.040252, 41.505872], [-73.040252, 41.507049], [-73.040121, 41.50803], [-73.039859, 41.508815], [-73.039466, 41.509404], [-73.038942, 41.509796], [-73.038157, 41.51009], [-73.037109, 41.510287], [-73.035799, 41.510385], [-73.034228, 41.510385], [-73.032918, 41.510483], [-73.031871, 41.510679], [-73.030954, 41.511071], [-73.029775, 41.511954]], "type": "LineString"}}, {"type": "Feature", "properties": {}, "geometry": {"coordinates": [[-73.008822, 41.502537], [-73.008822, 41.507246]], "type": "LineString"}}, {"type": "Feature", "properties": {}, "geometry": {"coordinates": [[-72.973202, 41.502537], [-72.983679, 41.510385]], "type": "LineString"}}, {"type": "Feature", "properties": {}, "geometry": {"coordinates": [[-72.973202, 41.502537], [-72.961416, 41.502537], [-72.955785, 41.502929], [-72.95238, 41.503714], [-72.949892, 41.504891], [-72.948321, 41.506461], [-72.947011, 41.507638], [-72.945963, 41.508423], [-72.945178, 41.508815], [-72.944654, 41.508815], [-72.943999, 41.509011], [-72.943213, 41.509404], [-72.942297, 41.509992], [-72.941249, 41.510777], [-72.940201, 41.511366], [-72.939154, 41.511758], [-72.937844, 41.511954], [-72.935487, 41.511954]], "type": "LineString"}}, {"type": "Feature", "properties": {}, "geometry": {"coordinates": [[-72.459854, 41.502537], [-72.461032, 41.50342], [-72.46208, 41.50391], [-72.46339, 41.504303], [-72.465092, 41.504695], [-72.467187, 41.505087], [-72.469545, 41.506068], [-72.472164, 41.507638], [-72.47583, 41.510483], [-72.482902, 41.516662]], "type": "LineString"}}, {"type": "Feature", "properties": {}, "geometry": {"coordinates": [[-72.459854, 41.502537], [-72.458675, 41.50342], [-72.457758, 41.503812], [-72.456711, 41.504008], [-72.455401, 41.504106], [-72.45383, 41.504106], [-72.452389, 41.504204], [-72.45108, 41.504401], [-72.449639, 41.504793], [-72.447282, 41.505676]], "type": "LineString"}}, {"type": "Feature", "properties": {}, "geometry": {"coordinates": [[-72.311087, 41.502537], [-72.313183, 41.504106]], "type": "LineString"}}, {"type": "Feature", "properties": {}, "geometry": {"coordinates": [[-72.311087, 41.502537], [-72.306897, 41.504106]], "type": "LineString"}}, {"type": "Feature", "properties": {}, "geometry": {"coordinates": [[-72.29642, 41.504106], [-72.295242, 41.503223], [-72.294194, 41.502831], [-72.292885, 41.502635], [-72.291182, 41.502537], [-72.289087, 41.502537], [-72.287384, 41.502635], [-72.286075, 41.502831], [-72.285027, 41.503223], [-72.283849, 41.504106]], "type": "LineString"}}, {"type": "Feature", "properties": {}, "geometry": {"coordinates": [[-72.168607, 41.502537], [-72.165071, 41.504303], [-72.1635, 41.505284], [-72.162714, 41.506068], [-72.162321, 41.506853], [-72.162321, 41.507638], [-72.16219, 41.508325], [-72.161928, 41.508913], [-72.161404, 41.509502], [-72.160226, 41.510385]], "type": "LineString"}}, {"type": "Feature", "properties": {}, "geometry": {"coordinates": [[-72.097367, 41.502537], [-72.097367, 41.504106]], "type": "LineString"}}, {"type": "Feature", "properties": {}, "geometry": {"coordinates": [[-73.008822, 41.500967], [-73.008822, 41.502537]], "type": "LineString"}}, {"type": "Feature", "properties": {}, "geometry": {"coordinates": [[-73.006727, 41.500967], [-73.008822, 41.500967]], "type": "LineString"}}, {"type": "Feature", "properties": {}, "geometry": {"coordinates": [[-72.459854, 41.500967], [-72.459854, 41.502537]], "type": "LineString"}}, {"type": "Feature", "properties": {}, "geometry": {"coordinates": [[-72.22518, 41.500967], [-72.241943, 41.510385]], "type": "LineString"}}, {"type": "Feature", "properties": {}, "geometry": {"coordinates": [[-72.22518, 41.500967], [-72.220466, 41.502733], [-72.217323, 41.503518], [-72.21418, 41.50391], [-72.210513, 41.504106], [-72.206322, 41.504106], [-72.203049, 41.504204], [-72.200691, 41.504401], [-72.199251, 41.504695], [-72.198727, 41.505087], [-72.197156, 41.505382], [-72.194536, 41.505578], [-72.19087, 41.505676], [-72.186155, 41.505676], [-72.182488, 41.505578], [-72.179869, 41.505382], [-72.178298, 41.505087], [-72.177774, 41.504695], [-72.176988, 41.504401], [-72.175941, 41.504204], [-72.174631, 41.504106], [-72.17306, 41.504106], [-72.17175, 41.504008], [-72.170702, 41.503812], [-72.169786, 41.50342], [-72.168607, 41.502537]], "type": "LineString"}}, {"type": "Feature", "properties": {}, "geometry": {"coordinates": [[-72.168607, 41.500967], [-72.168607, 41.502537]], "type": "LineString"}}, {"type": "Feature", "properties": {}, "geometry": {"coordinates": [[-73.048633, 41.499397], [-73.05099, 41.501163], [-73.052038, 41.502242], [-73.052562, 41.503223], [-73.052824, 41.504303], [-73.052824, 41.50548], [-73.053217, 41.506755], [-73.054002, 41.508129], [-73.055181, 41.5096], [-73.056752, 41.511169], [-73.057931, 41.512641], [-73.058717, 41.514014], [-73.05911, 41.515289], [-73.05911, 41.516466], [-73.058979, 41.517447], [-73.058717, 41.518232], [-73.058193, 41.518918], [-73.057014, 41.519801]], "type": "LineString"}}, {"type": "Feature", "properties": {}, "geometry": {"coordinates": [[-73.048633, 41.499397], [-73.042347, 41.502537]], "type": "LineString"}}, {"type": "Feature", "properties": {}, "geometry": {"coordinates": [[-72.904057, 41.499397], [-72.908772, 41.501163], [-72.910998, 41.50234], [-72.912308, 41.503518], [-72.913355, 41.505284], [-72.914534, 41.508815]], "type": "LineString"}}, {"type": "Feature", "properties": {}, "geometry": {"coordinates": [[-72.904057, 41.499397], [-72.9017, 41.501163], [-72.900653, 41.502439], [-72.900129, 41.503812], [-72.899867, 41.50597], [-72.899867, 41.510385]], "type": "LineString"}}, {"type": "Feature", "properties": {}, "geometry": {"coordinates": [[-72.560428, 41.499397], [-72.565143, 41.503812], [-72.567762, 41.50597], [-72.569857, 41.507344], [-72.572476, 41.508619], [-72.577191, 41.510385]], "type": "LineString"}}, {"type": "Feature", "properties": {}, "geometry": {"coordinates": [[-72.558333, 41.497827], [-72.560428, 41.499397]], "type": "LineString"}}, {"type": "Feature", "properties": {}, "geometry": {"coordinates": [[-72.556238, 41.497827], [-72.558333, 41.497827]], "type": "LineString"}}, {"type": "Feature", "properties": {}, "geometry": {"coordinates": [[-72.026127, 41.497827], [-72.029663, 41.503125], [-72.031234, 41.507049], [-72.03202, 41.511366], [-72.032413, 41.518232], [-72.032413, 41.532354]], "type": "LineString"}}, {"type": "Feature", "properties": {}, "geometry": {"coordinates": [[-72.556238, 41.496258], [-72.556238, 41.497827]], "type": "LineString"}}, {"type": "Feature", "properties": {}, "geometry": {"coordinates": [[-73.065395, 41.494688], [-73.067491, 41.497827]], "type": "LineString"}}, {"type": "Feature", "properties": {}, "geometry": {"coordinates": [[-73.222543, 41.493118], [-73.2249, 41.494884], [-73.225948, 41.496061], [-73.226472, 41.497239], [-73.226734, 41.498612], [-73.226734, 41.500182], [-73.226603, 41.501458], [-73.226341, 41.502439], [-73.225948, 41.503125], [-73.225424, 41.503518], [-73.224507, 41.503812], [-73.223198, 41.504008], [-73.221495, 41.504106], [-73.2194, 41.504106], [-73.217698, 41.504008], [-73.216388, 41.503812], [-73.21534, 41.50342], [-73.214162, 41.502537]], "type": "LineString"}}, {"type": "Feature", "properties": {}, "geometry": {"coordinates": [[-73.069586, 41.493118], [-73.065395, 41.494688]], "type": "LineString"}}, {"type": "Feature", "properties": {}, "geometry": {"coordinates": [[-72.308992, 41.493118], [-72.307814, 41.494001], [-72.307552, 41.49459], [-72.307814, 41.495178], [-72.308468, 41.495865], [-72.309516, 41.49665], [-72.310302, 41.497533], [-72.310826, 41.498514], [-72.311087, 41.499888], [-72.311087, 41.502537]], "type": "LineString"}}, {"type": "Feature", "properties": {}, "geometry": {"coordinates": [[-73.054919, 41.491548], [-73.058455, 41.491548], [-73.060288, 41.491744], [-73.061598, 41.492137], [-73.063038, 41.492922], [-73.065395, 41.494688]], "type": "LineString"}}, {"type": "Feature", "properties": {}, "geometry": {"coordinates": [[-73.052824, 41.491548], [-73.054919, 41.491548]], "type": "LineString"}}, {"type": "Feature", "properties": {}, "geometry": {"coordinates": [[-73.052824, 41.491548], [-73.051645, 41.492431], [-73.051121, 41.493118], [-73.050859, 41.493903], [-73.050728, 41.494884], [-73.050728, 41.496061], [-73.050597, 41.497043], [-73.050336, 41.497827], [-73.049812, 41.498514], [-73.048633, 41.499397]], "type": "LineString"}}, {"type": "Feature", "properties": {}, "geometry": {"coordinates": [[-72.573, 41.491548], [-72.571821, 41.491548], [-72.570643, 41.492038], [-72.569071, 41.49302], [-72.566321, 41.494982], [-72.560428, 41.499397]], "type": "LineString"}}, {"type": "Feature", "properties": {}, "geometry": {"coordinates": [[-72.026127, 41.497827], [-72.021412, 41.496061], [-72.0184, 41.495276], [-72.015519, 41.494884], [-72.012245, 41.494688], [-72.008579, 41.494688], [-72.005305, 41.494491], [-72.002424, 41.494099], [-71.999935, 41.49351], [-71.99784, 41.492725], [-71.996007, 41.492235], [-71.994435, 41.492038], [-71.992864, 41.492235], [-71.990507, 41.493118]], "type": "LineString"}}, {"type": "Feature", "properties": {}, "geometry": {"coordinates": [[-73.415311, 41.489978], [-73.414132, 41.490861], [-73.413608, 41.49145], [-73.413346, 41.492038], [-73.413215, 41.492922], [-73.413215, 41.494688]], "type": "LineString"}}, {"type": "Feature", "properties": {}, "geometry": {"coordinates": [[-73.262354, 41.489978], [-73.263532, 41.490861], [-73.264711, 41.491253], [-73.266282, 41.49145], [-73.268378, 41.491548], [-73.270997, 41.491548], [-73.273223, 41.491744], [-73.275056, 41.492137], [-73.276497, 41.492725], [-73.277545, 41.49351], [-73.27833, 41.494884], [-73.278854, 41.496846], [-73.279116, 41.499397], [-73.279116, 41.502537], [-73.279247, 41.504989], [-73.279509, 41.506755], [-73.279902, 41.507834], [-73.280426, 41.508227], [-73.280688, 41.508619], [-73.280688, 41.509011], [-73.280295, 41.509502], [-73.279116, 41.510385]], "type": "LineString"}}, {"type": "Feature", "properties": {}, "geometry": {"coordinates": [[-73.262354, 41.489978], [-73.261175, 41.490861], [-73.260651, 41.49145], [-73.260389, 41.492038], [-73.260258, 41.492922], [-73.260258, 41.494688]], "type": "LineString"}}, {"type": "Feature", "properties": {}, "geometry": {"coordinates": [[-73.052824, 41.489978], [-73.052824, 41.491548]], "type": "LineString"}}, {"type": "Feature", "properties": {}, "geometry": {"coordinates": [[-72.761577, 41.489978], [-72.75922, 41.49351], [-72.758172, 41.495571], [-72.757648, 41.497337], [-72.757386, 41.499201], [-72.757386, 41.501163], [-72.757517, 41.502733], [-72.757779, 41.50391], [-72.758303, 41.504793], [-72.759482, 41.505676]], "type": "LineString"}}, {"type": "Feature", "properties": {}, "geometry": {"coordinates": [[-73.017204, 41.488408], [-73.021918, 41.488408], [-73.024275, 41.488604], [-73.025847, 41.488997], [-73.027156, 41.489585], [-73.028204, 41.49037], [-73.02899, 41.491155], [-73.029513, 41.49194], [-73.029775, 41.492725], [-73.029775, 41.49351], [-73.030561, 41.49459], [-73.032133, 41.495963], [-73.035276, 41.498122], [-73.042347, 41.502537]], "type": "LineString"}}, {"type": "Feature", "properties": {}, "geometry": {"coordinates": [[-73.017204, 41.488408], [-73.016025, 41.489291], [-73.01537, 41.490174], [-73.014846, 41.491352], [-73.014323, 41.492922], [-73.013799, 41.494884], [-73.013144, 41.496552], [-73.012358, 41.497926], [-73.01118, 41.499201], [-73.008822, 41.500967]], "type": "LineString"}}, {"type": "Feature", "properties": {}, "geometry": {"coordinates": [[-72.761577, 41.488408], [-72.763672, 41.488408]], "type": "LineString"}}, {"type": "Feature", "properties": {}, "geometry": {"coordinates": [[-72.761577, 41.488408], [-72.761577, 41.489978]], "type": "LineString"}}, {"type": "Feature", "properties": {}, "geometry": {"coordinates": [[-72.759482, 41.488408], [-72.761577, 41.488408]], "type": "LineString"}}, {"type": "Feature", "properties": {}, "geometry": {"coordinates": [[-73.052824, 41.486838], [-73.052824, 41.489978]], "type": "LineString"}}, {"type": "Feature", "properties": {}, "geometry": {"coordinates": [[-72.906153, 41.486838], [-72.907331, 41.487721], [-72.908379, 41.488113], [-72.909689, 41.48831], [-72.911391, 41.488408], [-72.913486, 41.488408], [-72.915189, 41.488506], [-72.916498, 41.488702], [-72.917415, 41.488997], [-72.917939, 41.489389], [-72.918594, 41.489683], [-72.919379, 41.48988], [-72.920296, 41.489978], [-72.921344, 41.489978], [-72.92226, 41.490076], [-72.923046, 41.490272], [-72.923832, 41.490665], [-72.92501, 41.491548]], "type": "LineString"}}, {"type": "Feature", "properties": {}, "geometry": {"coordinates": [[-72.906153, 41.486838], [-72.904974, 41.487721], [-72.90445, 41.4888], [-72.904188, 41.49037], [-72.904057, 41.493216], [-72.904057, 41.499397]], "type": "LineString"}}, {"type": "Feature", "properties": {}, "geometry": {"coordinates": [[-72.805578, 41.486838], [-72.807674, 41.488408]], "type": "LineString"}}, {"type": "Feature", "properties": {}, "geometry": {"coordinates": [[-72.803483, 41.486838], [-72.805578, 41.486838]], "type": "LineString"}}, {"type": "Feature", "properties": {}, "geometry": {"coordinates": [[-72.803483, 41.486838], [-72.801126, 41.488604], [-72.799423, 41.489291], [-72.79759, 41.489487], [-72.795364, 41.489389], [-72.792745, 41.488997], [-72.790649, 41.488604], [-72.789078, 41.488212], [-72.78803, 41.487819], [-72.787506, 41.487427], [-72.786197, 41.487132], [-72.784101, 41.486936], [-72.78122, 41.486838], [-72.777554, 41.486838], [-72.774673, 41.486936], [-72.772577, 41.487132], [-72.771268, 41.487427], [-72.770744, 41.487819], [-72.769958, 41.488113], [-72.768911, 41.48831], [-72.767208, 41.488408], [-72.763672, 41.488408]], "type": "LineString"}}, {"type": "Feature", "properties": {}, "geometry": {"coordinates": [[-72.761577, 41.486838], [-72.761577, 41.488408]], "type": "LineString"}}, {"type": "Feature", "properties": {}, "geometry": {"coordinates": [[-72.7511, 41.486838], [-72.754636, 41.486838], [-72.756339, 41.486936], [-72.757386, 41.487132], [-72.758303, 41.487525], [-72.759482, 41.488408]], "type": "LineString"}}, {"type": "Feature", "properties": {}, "geometry": {"coordinates": [[-73.209971, 41.485268], [-73.21115, 41.487034], [-73.211674, 41.488604], [-73.211936, 41.490567], [-73.212066, 41.493118], [-73.212066, 41.496258], [-73.212197, 41.49871], [-73.212459, 41.500476], [-73.212983, 41.501654], [-73.214162, 41.502537]], "type": "LineString"}}, {"type": "Feature", "properties": {}, "geometry": {"coordinates": [[-73.052824, 41.485268], [-73.052824, 41.486838]], "type": "LineString"}}, {"type": "Feature", "properties": {}, "geometry": {"coordinates": [[-73.050728, 41.485268], [-73.052824, 41.485268]], "type": "LineString"}}, {"type": "Feature", "properties": {}, "geometry": {"coordinates": [[-72.837008, 41.485268], [-72.841198, 41.486838]], "type": "LineString"}}, {"type": "Feature", "properties": {}, "geometry": {"coordinates": [[-72.837008, 41.485268], [-72.829936, 41.490567], [-72.826269, 41.492922], [-72.82365, 41.494099], [-72.821293, 41.494688], [-72.819198, 41.494688], [-72.817102, 41.494295], [-72.815007, 41.49351], [-72.812388, 41.49194], [-72.807674, 41.488408]], "type": "LineString"}}, {"type": "Feature", "properties": {}, "geometry": {"coordinates": [[-72.803483, 41.485268], [-72.803483, 41.486838]], "type": "LineString"}}, {"type": "Feature", "properties": {}, "geometry": {"coordinates": [[-72.67567, 41.485268], [-72.676848, 41.486151], [-72.677372, 41.487132], [-72.677634, 41.488506], [-72.677765, 41.49037], [-72.677765, 41.492725], [-72.677241, 41.49508], [-72.676194, 41.497435], [-72.674622, 41.49979], [-72.672527, 41.502144], [-72.670955, 41.504204], [-72.669908, 41.50597], [-72.669384, 41.507442], [-72.669384, 41.508619], [-72.669253, 41.5096], [-72.668991, 41.510385], [-72.668598, 41.510973], [-72.668074, 41.511366], [-72.667681, 41.512445], [-72.667419, 41.51421], [-72.667288, 41.516662], [-72.667288, 41.519801], [-72.667158, 41.522351], [-72.666896, 41.524313], [-72.666372, 41.525882], [-72.665193, 41.527647]], "type": "LineString"}}, {"type": "Feature", "properties": {}, "geometry": {"coordinates": [[-72.906153, 41.483698], [-72.906153, 41.486838]], "type": "LineString"}}, {"type": "Feature", "properties": {}, "geometry": {"coordinates": [[-72.81815, 41.485268], [-72.815793, 41.484384], [-72.814352, 41.484286], [-72.813043, 41.484679], [-72.811209, 41.485758], [-72.807674, 41.488408]], "type": "LineString"}}, {"type": "Feature", "properties": {}, "geometry": {"coordinates": [[-72.67567, 41.483698], [-72.67567, 41.485268]], "type": "LineString"}}, {"type": "Feature", "properties": {}, "geometry": {"coordinates": [[-72.673574, 41.483698], [-72.67567, 41.483698]], "type": "LineString"}}, {"type": "Feature", "properties": {}, "geometry": {"coordinates": [[-72.671479, 41.483698], [-72.673574, 41.483698]], "type": "LineString"}}, {"type": "Feature", "properties": {}, "geometry": {"coordinates": [[-72.906153, 41.482127], [-72.906153, 41.483698]], "type": "LineString"}}, {"type": "Feature", "properties": {}, "geometry": {"coordinates": [[-72.904057, 41.482127], [-72.906153, 41.482127]], "type": "LineString"}}, {"type": "Feature", "properties": {}, "geometry": {"coordinates": [[-73.436264, 41.480557], [-73.437442, 41.48144], [-73.438228, 41.481735], [-73.439014, 41.481735], [-73.440192, 41.48144], [-73.442549, 41.480557]], "type": "LineString"}}, {"type": "Feature", "properties": {}, "geometry": {"coordinates": [[-73.436264, 41.480557], [-73.435085, 41.48144], [-73.434561, 41.482029], [-73.434299, 41.482618], [-73.434168, 41.483305], [-73.434168, 41.48409], [-73.433906, 41.484875], [-73.433383, 41.48566], [-73.432597, 41.486445], [-73.431549, 41.48723], [-73.430502, 41.487917], [-73.429454, 41.488506], [-73.428406, 41.488997], [-73.427359, 41.489389], [-73.425918, 41.489683], [-73.424085, 41.48988], [-73.421204, 41.489978], [-73.415311, 41.489978]], "type": "LineString"}}, {"type": "Feature", "properties": {}, "geometry": {"coordinates": [[-73.216257, 41.480557], [-73.215078, 41.482324], [-73.214293, 41.483207], [-73.213507, 41.483796], [-73.212328, 41.484384], [-73.209971, 41.485268]], "type": "LineString"}}, {"type": "Feature", "properties": {}, "geometry": {"coordinates": [[-72.67986, 41.480557], [-72.67567, 41.483698]], "type": "LineString"}}, {"type": "Feature", "properties": {}, "geometry": {"coordinates": [[-72.2608, 41.480557], [-72.265515, 41.483207], [-72.26761, 41.484581], [-72.268658, 41.485562], [-72.269181, 41.486445], [-72.269181, 41.48723], [-72.269705, 41.48831], [-72.270753, 41.489683], [-72.272324, 41.491352], [-72.27442, 41.493314], [-72.275991, 41.49508], [-72.277039, 41.49665], [-72.277563, 41.498024], [-72.277563, 41.499201], [-72.277956, 41.50028], [-72.278741, 41.501261], [-72.280313, 41.50234], [-72.283849, 41.504106]], "type": "LineString"}}, {"type": "Feature", "properties": {}, "geometry": {"coordinates": [[-72.2608, 41.480557], [-72.256086, 41.484973], [-72.25386, 41.486936], [-72.25255, 41.487917], [-72.251633, 41.488408], [-72.25111, 41.488408], [-72.250455, 41.488604], [-72.249669, 41.488997], [-72.248752, 41.489585], [-72.247705, 41.49037], [-72.246657, 41.490959], [-72.245609, 41.491352], [-72.244562, 41.491548], [-72.243514, 41.491548], [-72.242597, 41.491646], [-72.241812, 41.491842], [-72.241157, 41.492137], [-72.240633, 41.492529], [-72.239716, 41.492922], [-72.238407, 41.493314], [-72.236704, 41.493707], [-72.234609, 41.494099], [-72.232645, 41.494786], [-72.230811, 41.495767], [-72.228716, 41.497435], [-72.22518, 41.500967]], "type": "LineString"}}, {"type": "Feature", "properties": {}, "geometry": {"coordinates": [[-71.956982, 41.480557], [-71.956982, 41.482127]], "type": "LineString"}}, {"type": "Feature", "properties": {}, "geometry": {"coordinates": [[-73.138731, 41.478987], [-73.138731, 41.481637], [-73.138862, 41.482912], [-73.139124, 41.483698], [-73.139517, 41.484286], [-73.140041, 41.484679], [-73.140172, 41.48517], [-73.13991, 41.485758], [-73.139255, 41.486445], [-73.138207, 41.48723], [-73.13729, 41.487819], [-73.136505, 41.488212], [-73.135719, 41.488408], [-73.13454, 41.488408]], "type": "LineString"}}, {"type": "Feature", "properties": {}, "geometry": {"coordinates": [[-72.912439, 41.480557], [-72.91126, 41.479674], [-72.910474, 41.479478], [-72.909689, 41.479674], [-72.90851, 41.480361], [-72.906153, 41.482127]], "type": "LineString"}}, {"type": "Feature", "properties": {}, "geometry": {"coordinates": [[-71.959077, 41.478987], [-71.961172, 41.478987]], "type": "LineString"}}, {"type": "Feature", "properties": {}, "geometry": {"coordinates": [[-71.956982, 41.478987], [-71.959077, 41.478987]], "type": "LineString"}}, {"type": "Feature", "properties": {}, "geometry": {"coordinates": [[-71.956982, 41.478987], [-71.956982, 41.480557]], "type": "LineString"}}, {"type": "Feature", "properties": {}, "geometry": {"coordinates": [[-73.436264, 41.477417], [-73.436264, 41.480557]], "type": "LineString"}}, {"type": "Feature", "properties": {}, "geometry": {"coordinates": [[-73.138731, 41.477417], [-73.138731, 41.478987]], "type": "LineString"}}, {"type": "Feature", "properties": {}, "geometry": {"coordinates": [[-73.136636, 41.477417], [-73.138731, 41.477417]], "type": "LineString"}}, {"type": "Feature", "properties": {}, "geometry": {"coordinates": [[-73.061205, 41.477417], [-73.052824, 41.485268]], "type": "LineString"}}, {"type": "Feature", "properties": {}, "geometry": {"coordinates": [[-72.549952, 41.477417], [-72.55113, 41.4783], [-72.551654, 41.479085], [-72.551916, 41.480066], [-72.552047, 41.481342], [-72.552047, 41.482912], [-72.552178, 41.484188], [-72.55244, 41.48517], [-72.552833, 41.485856], [-72.553357, 41.486249], [-72.553749, 41.487034], [-72.554011, 41.488212], [-72.554142, 41.489782], [-72.554142, 41.491744], [-72.554273, 41.493314], [-72.554535, 41.494491], [-72.555059, 41.495375], [-72.556238, 41.496258]], "type": "LineString"}}, {"type": "Feature", "properties": {}, "geometry": {"coordinates": [[-72.508046, 41.477417], [-72.510403, 41.479183], [-72.511451, 41.480263], [-72.511974, 41.481244], [-72.512236, 41.482324], [-72.512236, 41.483501], [-72.512367, 41.484581], [-72.512629, 41.485562], [-72.513022, 41.486445], [-72.513546, 41.48723], [-72.514724, 41.488408], [-72.516558, 41.489978], [-72.519046, 41.49194], [-72.522189, 41.494295], [-72.524939, 41.496061], [-72.527296, 41.497239], [-72.529261, 41.497827], [-72.530832, 41.497827], [-72.532273, 41.498024], [-72.533582, 41.498416], [-72.534761, 41.499005], [-72.535808, 41.49979], [-72.537511, 41.500378], [-72.539868, 41.500771], [-72.54288, 41.500967], [-72.546547, 41.500967], [-72.549559, 41.500771], [-72.551916, 41.500378], [-72.55388, 41.499593], [-72.556238, 41.497827]], "type": "LineString"}}, {"type": "Feature", "properties": {}, "geometry": {"coordinates": [[-73.494932, 41.474276], [-73.494932, 41.476043], [-73.495063, 41.476926], [-73.495325, 41.477515], [-73.495718, 41.478005], [-73.496242, 41.478398], [-73.496634, 41.479085], [-73.496896, 41.480066], [-73.497027, 41.481342], [-73.497027, 41.482912], [-73.497551, 41.484483], [-73.498599, 41.486053], [-73.50017, 41.487623], [-73.502266, 41.489193], [-73.50423, 41.49037], [-73.506063, 41.491155], [-73.507766, 41.491548], [-73.509337, 41.491548], [-73.510647, 41.491646], [-73.511694, 41.491842], [-73.51248, 41.492137], [-73.513004, 41.492529], [-73.51379, 41.492823], [-73.514837, 41.49302], [-73.516147, 41.493118], [-73.517718, 41.493118], [-73.519028, 41.49302], [-73.520076, 41.492823], [-73.520861, 41.492529], [-73.521385, 41.492137], [-73.522171, 41.492137], [-73.523219, 41.492529], [-73.524528, 41.493314], [-73.5261, 41.494491], [-73.527278, 41.496356], [-73.528064, 41.498907], [-73.528457, 41.502144], [-73.528457, 41.506068], [-73.527671, 41.509698], [-73.5261, 41.513033], [-73.523742, 41.516074], [-73.520599, 41.51882], [-73.518242, 41.521076], [-73.516671, 41.522842], [-73.515885, 41.524116], [-73.515885, 41.524901], [-73.515361, 41.525784], [-73.514314, 41.526764], [-73.512742, 41.527843], [-73.510647, 41.52902], [-73.508944, 41.530197], [-73.507635, 41.531374], [-73.506718, 41.53255], [-73.506194, 41.533727], [-73.505408, 41.534904], [-73.504361, 41.53608], [-73.503051, 41.537257], [-73.50148, 41.538434], [-73.500301, 41.53961], [-73.499515, 41.540787], [-73.499123, 41.541963], [-73.499123, 41.54314], [-73.498992, 41.544218], [-73.49873, 41.545199], [-73.498206, 41.546277], [-73.497027, 41.548042]], "type": "LineString"}}, {"type": "Feature", "properties": {}, "geometry": {"coordinates": [[-73.396453, 41.474276], [-73.397631, 41.474276], [-73.398417, 41.474472], [-73.399203, 41.474865], [-73.40012, 41.475454], [-73.401167, 41.476239], [-73.401953, 41.47722], [-73.402477, 41.478398], [-73.402739, 41.479772], [-73.402739, 41.481342], [-73.403525, 41.482912], [-73.405096, 41.484483], [-73.408239, 41.486445], [-73.415311, 41.489978]], "type": "LineString"}}, {"type": "Feature", "properties": {}, "geometry": {"coordinates": [[-73.394358, 41.474276], [-73.396453, 41.474276]], "type": "LineString"}}, {"type": "Feature", "properties": {}, "geometry": {"coordinates": [[-73.394358, 41.474276], [-73.390167, 41.480557]], "type": "LineString"}}, {"type": "Feature", "properties": {}, "geometry": {"coordinates": [[-73.008822, 41.474276], [-73.008822, 41.475159], [-73.009084, 41.475748], [-73.009608, 41.476337], [-73.010394, 41.477024], [-73.011442, 41.477809], [-73.012358, 41.478889], [-73.013144, 41.480263], [-73.013799, 41.481931], [-73.014323, 41.483894], [-73.014846, 41.485464], [-73.01537, 41.486642], [-73.016025, 41.487525], [-73.017204, 41.488408]], "type": "LineString"}}, {"type": "Feature", "properties": {}, "geometry": {"coordinates": [[-71.952791, 41.474276], [-71.956982, 41.478987]], "type": "LineString"}}, {"type": "Feature", "properties": {}, "geometry": {"coordinates": [[-73.497027, 41.472706], [-73.499123, 41.472706]], "type": "LineString"}}, {"type": "Feature", "properties": {}, "geometry": {"coordinates": [[-73.494932, 41.472706], [-73.497027, 41.472706]], "type": "LineString"}}, {"type": "Feature", "properties": {}, "geometry": {"coordinates": [[-73.494932, 41.472706], [-73.494932, 41.474276]], "type": "LineString"}}, {"type": "Feature", "properties": {}, "geometry": {"coordinates": [[-73.394358, 41.472706], [-73.394358, 41.474276]], "type": "LineString"}}, {"type": "Feature", "properties": {}, "geometry": {"coordinates": [[-73.220448, 41.472706], [-73.220448, 41.475846]], "type": "LineString"}}, {"type": "Feature", "properties": {}, "geometry": {"coordinates": [[-73.008822, 41.472706], [-73.010918, 41.472706]], "type": "LineString"}}, {"type": "Feature", "properties": {}, "geometry": {"coordinates": [[-73.008822, 41.472706], [-73.008822, 41.474276]], "type": "LineString"}}, {"type": "Feature", "properties": {}, "geometry": {"coordinates": [[-72.966916, 41.472706], [-72.968095, 41.473589], [-72.968619, 41.474276], [-72.968881, 41.475061], [-72.969012, 41.476043], [-72.969012, 41.47722], [-72.969143, 41.478202], [-72.969405, 41.478987], [-72.969797, 41.479576], [-72.970321, 41.479968], [-72.970714, 41.481048], [-72.970976, 41.482814], [-72.971107, 41.485268], [-72.971107, 41.488408], [-72.971238, 41.490861], [-72.9715, 41.492627], [-72.971893, 41.493707], [-72.972417, 41.494099], [-72.972809, 41.494688], [-72.973071, 41.495473], [-72.973202, 41.496454], [-72.973202, 41.497631], [-72.973333, 41.498612], [-72.973595, 41.499397], [-72.973988, 41.499986], [-72.974512, 41.500378], [-72.974774, 41.500771], [-72.974774, 41.501163], [-72.974381, 41.501654], [-72.973202, 41.502537]], "type": "LineString"}}, {"type": "Feature", "properties": {}, "geometry": {"coordinates": [[-72.761577, 41.486838], [-72.761577, 41.483305], [-72.761446, 41.481637], [-72.761184, 41.480655], [-72.760791, 41.479968], [-72.760267, 41.479576], [-72.759875, 41.479085], [-72.759613, 41.478496], [-72.759482, 41.477809], [-72.759482, 41.477024], [-72.759089, 41.476239], [-72.758303, 41.475454], [-72.757124, 41.474669], [-72.755553, 41.473883], [-72.753851, 41.473294], [-72.752017, 41.472902], [-72.750053, 41.472706], [-72.747958, 41.472706], [-72.746255, 41.472804], [-72.744946, 41.473], [-72.744029, 41.473294], [-72.743505, 41.473687], [-72.742719, 41.473981], [-72.741672, 41.474178], [-72.740362, 41.474276], [-72.738791, 41.474276], [-72.737481, 41.474374], [-72.736433, 41.47457], [-72.735648, 41.474865], [-72.735124, 41.475257], [-72.733945, 41.475552], [-72.732112, 41.475748], [-72.729624, 41.475846], [-72.726481, 41.475846], [-72.723993, 41.475748], [-72.722159, 41.475552], [-72.720981, 41.475257], [-72.720457, 41.474865], [-72.71954, 41.47457], [-72.71823, 41.474374], [-72.716528, 41.474276], [-72.714433, 41.474276], [-72.71273, 41.474374], [-72.711421, 41.47457], [-72.710504, 41.474865], [-72.70998, 41.475257], [-72.709194, 41.475552], [-72.708147, 41.475748], [-72.706837, 41.475846], [-72.705266, 41.475846], [-72.703694, 41.476043], [-72.702123, 41.476435], [-72.700551, 41.477024], [-72.69898, 41.477809], [-72.697147, 41.478398], [-72.695051, 41.478791], [-72.692694, 41.478987], [-72.690075, 41.478987], [-72.68798, 41.479085], [-72.686408, 41.479281], [-72.68536, 41.479576], [-72.684837, 41.479968], [-72.684182, 41.480263], [-72.683396, 41.480459], [-72.682218, 41.480557], [-72.67986, 41.480557]], "type": "LineString"}}, {"type": "Feature", "properties": {}, "geometry": {"coordinates": [[-71.952791, 41.472706], [-71.952791, 41.474276]], "type": "LineString"}}, {"type": "Feature", "properties": {}, "geometry": {"coordinates": [[-71.950696, 41.472706], [-71.952791, 41.472706]], "type": "LineString"}}, {"type": "Feature", "properties": {}, "geometry": {"coordinates": [[-73.492837, 41.471135], [-73.494932, 41.472706]], "type": "LineString"}}, {"type": "Feature", "properties": {}, "geometry": {"coordinates": [[-73.220448, 41.471135], [-73.222543, 41.471135]], "type": "LineString"}}, {"type": "Feature", "properties": {}, "geometry": {"coordinates": [[-73.220448, 41.471135], [-73.220448, 41.472706]], "type": "LineString"}}, {"type": "Feature", "properties": {}, "geometry": {"coordinates": [[-73.050728, 41.485268], [-73.042478, 41.478202], [-73.038419, 41.475061], [-73.035799, 41.473491], [-73.033704, 41.472706], [-73.032133, 41.472706], [-73.030823, 41.472607], [-73.029775, 41.472411], [-73.02899, 41.472117], [-73.028466, 41.471724], [-73.027156, 41.47143], [-73.025061, 41.471233], [-73.02218, 41.471135], [-73.018513, 41.471135], [-73.015632, 41.471233], [-73.013537, 41.47143], [-73.012096, 41.471822], [-73.010918, 41.472706]], "type": "LineString"}}, {"type": "Feature", "properties": {}, "geometry": {"coordinates": [[-72.851675, 41.471135], [-72.857961, 41.477417]], "type": "LineString"}}, {"type": "Feature", "properties": {}, "geometry": {"coordinates": [[-72.851675, 41.471135], [-72.845782, 41.473785], [-72.843163, 41.475061], [-72.841853, 41.475846], [-72.841198, 41.476435], [-72.841198, 41.476828], [-72.840936, 41.477318], [-72.840413, 41.477907], [-72.839627, 41.478594], [-72.838579, 41.479379], [-72.837794, 41.480263], [-72.83727, 41.481244], [-72.837008, 41.482618], [-72.837008, 41.485268]], "type": "LineString"}}, {"type": "Feature", "properties": {}, "geometry": {"coordinates": [[-73.388072, 41.469565], [-73.394358, 41.472706]], "type": "LineString"}}, {"type": "Feature", "properties": {}, "geometry": {"coordinates": [[-73.385976, 41.469565], [-73.388072, 41.469565]], "type": "LineString"}}, {"type": "Feature", "properties": {}, "geometry": {"coordinates": [[-73.383881, 41.469565], [-73.385976, 41.469565]], "type": "LineString"}}, {"type": "Feature", "properties": {}, "geometry": {"coordinates": [[-73.243496, 41.469565], [-73.244675, 41.469565], [-73.24546, 41.469761], [-73.246246, 41.470154], [-73.247163, 41.470742], [-73.24821, 41.471528], [-73.249258, 41.472509], [-73.250306, 41.473687], [-73.251353, 41.475061], [-73.252401, 41.476631], [-73.253187, 41.478104], [-73.253711, 41.479478], [-73.253972, 41.480753], [-73.253972, 41.481931], [-73.254103, 41.483011], [-73.254365, 41.483992], [-73.254758, 41.484875], [-73.255282, 41.48566], [-73.256068, 41.486445], [-73.257115, 41.48723], [-73.258818, 41.488212], [-73.262354, 41.489978]], "type": "LineString"}}, {"type": "Feature", "properties": {}, "geometry": {"coordinates": [[-73.220448, 41.471135], [-73.219269, 41.470252], [-73.218483, 41.469859], [-73.217698, 41.469663], [-73.216781, 41.469565], [-73.215733, 41.469565], [-73.214555, 41.469859], [-73.213245, 41.470448], [-73.211412, 41.471626], [-73.207876, 41.474276]], "type": "LineString"}}, {"type": "Feature", "properties": {}, "geometry": {"coordinates": [[-72.554142, 41.469565], [-72.554142, 41.471135]], "type": "LineString"}}, {"type": "Feature", "properties": {}, "geometry": {"coordinates": [[-72.101557, 41.469565], [-72.103653, 41.469565]], "type": "LineString"}}, {"type": "Feature", "properties": {}, "geometry": {"coordinates": [[-72.101557, 41.469565], [-72.0992, 41.472215], [-72.098153, 41.473687], [-72.097629, 41.474865], [-72.097367, 41.476043], [-72.097367, 41.47722], [-72.097236, 41.478202], [-72.096974, 41.478987], [-72.096581, 41.479576], [-72.096057, 41.479968], [-72.095664, 41.480557], [-72.095403, 41.481342], [-72.095272, 41.482324], [-72.095272, 41.483501], [-72.095534, 41.484581], [-72.096057, 41.485562], [-72.096843, 41.486445], [-72.097891, 41.48723], [-72.098545, 41.487917], [-72.098807, 41.488506], [-72.098676, 41.488997], [-72.098153, 41.489389], [-72.09776, 41.489978], [-72.097498, 41.490763], [-72.097367, 41.491744], [-72.097367, 41.492922], [-72.097236, 41.493903], [-72.096974, 41.494688], [-72.096581, 41.495276], [-72.096057, 41.495669], [-72.095795, 41.496356], [-72.095795, 41.497337], [-72.096188, 41.499005], [-72.097367, 41.502537]], "type": "LineString"}}, {"type": "Feature", "properties": {}, "geometry": {"coordinates": [[-73.388072, 41.467994], [-73.388072, 41.469565]], "type": "LineString"}}, {"type": "Feature", "properties": {}, "geometry": {"coordinates": [[-73.155493, 41.467994], [-73.156672, 41.468877], [-73.157851, 41.46927], [-73.159422, 41.469466], [-73.161517, 41.469565], [-73.164137, 41.469565], [-73.166494, 41.469761], [-73.168589, 41.470154], [-73.170422, 41.470742], [-73.171994, 41.471528], [-73.173434, 41.472117], [-73.174744, 41.472509], [-73.175923, 41.472706], [-73.17697, 41.472706], [-73.178018, 41.472902], [-73.179066, 41.473294], [-73.180113, 41.473883], [-73.181161, 41.474669], [-73.18247, 41.475454], [-73.184042, 41.476239], [-73.185875, 41.477024], [-73.187971, 41.477809], [-73.190328, 41.478398], [-73.192947, 41.478791], [-73.195828, 41.478987], [-73.198971, 41.478987], [-73.201721, 41.479379], [-73.204078, 41.480165], [-73.206435, 41.481735], [-73.209971, 41.485268]], "type": "LineString"}}, {"type": "Feature", "properties": {}, "geometry": {"coordinates": [[-73.155493, 41.467994], [-73.153136, 41.469761], [-73.151827, 41.470546], [-73.150779, 41.470939], [-73.149731, 41.471135], [-73.148684, 41.471135], [-73.147374, 41.471528], [-73.145803, 41.472313], [-73.143445, 41.473883], [-73.138731, 41.477417]], "type": "LineString"}}, {"type": "Feature", "properties": {}, "geometry": {"coordinates": [[-72.554142, 41.467994], [-72.556238, 41.467994]], "type": "LineString"}}, {"type": "Feature", "properties": {}, "geometry": {"coordinates": [[-72.554142, 41.467994], [-72.554142, 41.469565]], "type": "LineString"}}, {"type": "Feature", "properties": {}, "geometry": {"coordinates": [[-72.440996, 41.467994], [-72.440996, 41.472411], [-72.441127, 41.474472], [-72.441389, 41.47565], [-72.441782, 41.476435], [-72.442306, 41.476828], [-72.442699, 41.4783], [-72.44296, 41.480852], [-72.443091, 41.484483], [-72.443091, 41.489193], [-72.443222, 41.492823], [-72.443484, 41.495375], [-72.443877, 41.496846], [-72.444401, 41.497239], [-72.444794, 41.497926], [-72.445056, 41.498907], [-72.445187, 41.500575], [-72.445187, 41.504106]], "type": "LineString"}}, {"type": "Feature", "properties": {}, "geometry": {"coordinates": [[-72.101557, 41.467994], [-72.101557, 41.469565]], "type": "LineString"}}, {"type": "Feature", "properties": {}, "geometry": {"coordinates": [[-72.677765, 41.464853], [-72.677765, 41.472804], [-72.677896, 41.476435], [-72.678158, 41.478398], [-72.678682, 41.479674], [-72.67986, 41.480557]], "type": "LineString"}}, {"type": "Feature", "properties": {}, "geometry": {"coordinates": [[-73.235115, 41.461712], [-73.229222, 41.467012], [-73.226472, 41.469368], [-73.2249, 41.470546], [-73.223722, 41.471135], [-73.222543, 41.471135]], "type": "LineString"}}, {"type": "Feature", "properties": {}, "geometry": {"coordinates": [[-72.860056, 41.460141], [-72.865949, 41.460141], [-72.868961, 41.460435], [-72.871056, 41.461024], [-72.87289, 41.461908], [-72.874461, 41.463086], [-72.876164, 41.464166], [-72.877997, 41.465147], [-72.879961, 41.466031], [-72.882057, 41.466816], [-72.884676, 41.468289], [-72.887819, 41.470448], [-72.891486, 41.473294], [-72.895676, 41.476828], [-72.89895, 41.479478], [-72.901307, 41.481244], [-72.902879, 41.482127], [-72.904057, 41.482127]], "type": "LineString"}}, {"type": "Feature", "properties": {}, "geometry": {"coordinates": [[-72.860056, 41.460141], [-72.857699, 41.461908], [-72.85652, 41.463086], [-72.855735, 41.464264], [-72.85508, 41.465638], [-72.854556, 41.467209], [-72.854032, 41.468485], [-72.853508, 41.469466], [-72.852853, 41.470252], [-72.851675, 41.471135]], "type": "LineString"}}, {"type": "Feature", "properties": {}, "geometry": {"coordinates": [[-72.795102, 41.460141], [-72.795102, 41.461712]], "type": "LineString"}}, {"type": "Feature", "properties": {}, "geometry": {"coordinates": [[-72.793006, 41.460141], [-72.795102, 41.460141]], "type": "LineString"}}, {"type": "Feature", "properties": {}, "geometry": {"coordinates": [[-72.162321, 41.460141], [-72.160226, 41.461712]], "type": "LineString"}}, {"type": "Feature", "properties": {}, "geometry": {"coordinates": [[-72.009364, 41.460141], [-72.015257, 41.465442], [-72.017876, 41.467994], [-72.019186, 41.469565], [-72.019841, 41.470742], [-72.019841, 41.471528], [-72.020365, 41.472509], [-72.021412, 41.473687], [-72.022984, 41.475061], [-72.025079, 41.476631], [-72.026781, 41.478791], [-72.028091, 41.481539], [-72.029008, 41.484875], [-72.029532, 41.4888], [-72.029663, 41.49194], [-72.029401, 41.494295], [-72.028484, 41.496061], [-72.026127, 41.497827]], "type": "LineString"}}, {"type": "Feature", "properties": {}, "geometry": {"coordinates": [[-72.007269, 41.460141], [-72.009364, 41.460141]], "type": "LineString"}}, {"type": "Feature", "properties": {}, "geometry": {"coordinates": [[-72.834912, 41.45857], [-72.833734, 41.459454], [-72.83321, 41.460239], [-72.832948, 41.461221], [-72.832817, 41.462497], [-72.832817, 41.464068], [-72.832555, 41.465442], [-72.832031, 41.46662], [-72.831246, 41.467601], [-72.830198, 41.468387], [-72.829281, 41.468976], [-72.828496, 41.469368], [-72.82771, 41.469565], [-72.826531, 41.469565]], "type": "LineString"}}, {"type": "Feature", "properties": {}, "geometry": {"coordinates": [[-72.455663, 41.45857], [-72.450949, 41.462988], [-72.448592, 41.464951], [-72.44702, 41.465933], [-72.445711, 41.466424], [-72.444663, 41.466424], [-72.443746, 41.466522], [-72.44296, 41.466718], [-72.442175, 41.467111], [-72.440996, 41.467994]], "type": "LineString"}}, {"type": "Feature", "properties": {}, "geometry": {"coordinates": [[-72.813959, 41.456999], [-72.812781, 41.458767], [-72.812257, 41.459945], [-72.811995, 41.461123], [-72.811864, 41.462497], [-72.811864, 41.464068], [-72.811733, 41.465344], [-72.811471, 41.466325], [-72.811078, 41.467012], [-72.810555, 41.467405], [-72.810162, 41.468092], [-72.8099, 41.469074], [-72.809769, 41.47035], [-72.809769, 41.47192], [-72.809376, 41.473491], [-72.80859, 41.475061], [-72.807412, 41.476631], [-72.80584, 41.478202], [-72.804662, 41.479674], [-72.803876, 41.481048], [-72.803483, 41.482618], [-72.803483, 41.485268]], "type": "LineString"}}, {"type": "Feature", "properties": {}, "geometry": {"coordinates": [[-72.105748, 41.455429], [-72.107843, 41.455429]], "type": "LineString"}}, {"type": "Feature", "properties": {}, "geometry": {"coordinates": [[-72.105748, 41.455429], [-72.103391, 41.458963], [-72.102343, 41.460926], [-72.101819, 41.462497], [-72.101557, 41.46446], [-72.101557, 41.467994]], "type": "LineString"}}, {"type": "Feature", "properties": {}, "geometry": {"coordinates": [[-72.860056, 41.460141], [-72.857699, 41.45749], [-72.856127, 41.456312], [-72.854556, 41.455723], [-72.852723, 41.455429], [-72.850627, 41.455429], [-72.848925, 41.45533], [-72.847615, 41.455134], [-72.846699, 41.454839], [-72.846175, 41.454447], [-72.845651, 41.45425], [-72.845127, 41.45425], [-72.844603, 41.454447], [-72.844079, 41.454839], [-72.843425, 41.455134], [-72.842639, 41.45533], [-72.841722, 41.455429], [-72.840675, 41.455429], [-72.839627, 41.455625], [-72.838579, 41.456018], [-72.83727, 41.456803], [-72.834912, 41.45857]], "type": "LineString"}}, {"type": "Feature", "properties": {}, "geometry": {"coordinates": [[-72.822341, 41.453858], [-72.824698, 41.455625], [-72.826138, 41.45641], [-72.827448, 41.456803], [-72.828889, 41.456999], [-72.83046, 41.456999], [-72.83177, 41.457098], [-72.832817, 41.457294], [-72.833734, 41.457687], [-72.834912, 41.45857]], "type": "LineString"}}, {"type": "Feature", "properties": {}, "geometry": {"coordinates": [[-72.820245, 41.453858], [-72.822341, 41.453858]], "type": "LineString"}}, {"type": "Feature", "properties": {}, "geometry": {"coordinates": [[-72.820245, 41.453858], [-72.813959, 41.456999]], "type": "LineString"}}, {"type": "Feature", "properties": {}, "geometry": {"coordinates": [[-72.193751, 41.472706], [-72.194929, 41.472706], [-72.195846, 41.472411], [-72.196894, 41.471822], [-72.198203, 41.470939], [-72.199775, 41.469761], [-72.200953, 41.468387], [-72.201739, 41.466816], [-72.202132, 41.465049], [-72.202132, 41.463086], [-72.201608, 41.461221], [-72.20056, 41.459454], [-72.198989, 41.457785], [-72.196894, 41.456214], [-72.194667, 41.455036], [-72.19231, 41.45425], [-72.189822, 41.453858], [-72.187203, 41.453858], [-72.185108, 41.453956], [-72.183536, 41.454152], [-72.182488, 41.454447], [-72.181965, 41.454839], [-72.18131, 41.455134], [-72.180524, 41.45533], [-72.179607, 41.455429], [-72.17856, 41.455429], [-72.177381, 41.455723], [-72.176072, 41.456312], [-72.174631, 41.457196], [-72.17306, 41.458374], [-72.171357, 41.459257], [-72.169524, 41.459846], [-72.167036, 41.460141], [-72.162321, 41.460141]], "type": "LineString"}}, {"type": "Feature", "properties": {}, "geometry": {"coordinates": [[-72.822341, 41.452287], [-72.822341, 41.453858]], "type": "LineString"}}, {"type": "Feature", "properties": {}, "geometry": {"coordinates": [[-72.813959, 41.456999], [-72.809245, 41.454349], [-72.806495, 41.453661], [-72.804138, 41.454054], [-72.800995, 41.455723], [-72.795102, 41.460141]], "type": "LineString"}}, {"type": "Feature", "properties": {}, "geometry": {"coordinates": [[-72.149749, 41.452287], [-72.162321, 41.460141]], "type": "LineString"}}, {"type": "Feature", "properties": {}, "geometry": {"coordinates": [[-72.149749, 41.450716], [-72.149749, 41.452287]], "type": "LineString"}}, {"type": "Feature", "properties": {}, "geometry": {"coordinates": [[-72.013555, 41.450716], [-72.012376, 41.4516], [-72.011852, 41.452385], [-72.011591, 41.453367], [-72.01146, 41.454643], [-72.01146, 41.456214], [-72.011329, 41.45749], [-72.011067, 41.458472], [-72.010543, 41.459257], [-72.009364, 41.460141]], "type": "LineString"}}, {"type": "Feature", "properties": {}, "geometry": {"coordinates": [[-72.013555, 41.449145], [-72.013555, 41.450716]], "type": "LineString"}}, {"type": "Feature", "properties": {}, "geometry": {"coordinates": [[-72.01146, 41.449145], [-72.013555, 41.449145]], "type": "LineString"}}, {"type": "Feature", "properties": {}, "geometry": {"coordinates": [[-72.038698, 41.447574], [-72.038698, 41.448458], [-72.03896, 41.449047], [-72.039484, 41.449636], [-72.04027, 41.450323], [-72.041318, 41.451109], [-72.042627, 41.451894], [-72.044199, 41.45268], [-72.046032, 41.453465], [-72.048127, 41.45425], [-72.050223, 41.454839], [-72.052318, 41.455232], [-72.054413, 41.455429], [-72.056509, 41.455429], [-72.058211, 41.455527], [-72.059521, 41.455723], [-72.060437, 41.456018], [-72.060961, 41.45641], [-72.061616, 41.456705], [-72.062402, 41.456901], [-72.063318, 41.456999], [-72.064366, 41.456999], [-72.065545, 41.456705], [-72.066854, 41.456116], [-72.068687, 41.454938], [-72.072223, 41.452287]], "type": "LineString"}}, {"type": "Feature", "properties": {}, "geometry": {"coordinates": [[-72.009364, 41.447574], [-72.01146, 41.449145]], "type": "LineString"}}, {"type": "Feature", "properties": {}, "geometry": {"coordinates": [[-72.007269, 41.447574], [-72.009364, 41.447574]], "type": "LineString"}}, {"type": "Feature", "properties": {}, "geometry": {"coordinates": [[-72.005174, 41.447574], [-72.007269, 41.447574]], "type": "LineString"}}, {"type": "Feature", "properties": {}, "geometry": {"coordinates": [[-72.003078, 41.447574], [-72.005174, 41.447574]], "type": "LineString"}}, {"type": "Feature", "properties": {}, "geometry": {"coordinates": [[-72.003078, 41.447574], [-72.000721, 41.449341], [-71.998233, 41.450127], [-71.994828, 41.450519], [-71.990245, 41.450716], [-71.984483, 41.450716], [-71.979506, 41.451109], [-71.975316, 41.451894], [-71.971911, 41.453072], [-71.969292, 41.454643], [-71.967196, 41.456214], [-71.965625, 41.457785], [-71.964577, 41.459356], [-71.964053, 41.460926], [-71.963137, 41.462399], [-71.961827, 41.463773], [-71.960125, 41.465049], [-71.958029, 41.466227], [-71.956458, 41.467307], [-71.95541, 41.468289], [-71.954886, 41.469172], [-71.954886, 41.469957], [-71.954756, 41.470644], [-71.954494, 41.471233], [-71.95397, 41.471822], [-71.952791, 41.472706]], "type": "LineString"}}, {"type": "Feature", "properties": {}, "geometry": {"coordinates": [[-72.038698, 41.446003], [-72.038698, 41.447574]], "type": "LineString"}}, {"type": "Feature", "properties": {}, "geometry": {"coordinates": [[-72.036603, 41.446003], [-72.038698, 41.446003]], "type": "LineString"}}, {"type": "Feature", "properties": {}, "geometry": {"coordinates": [[-72.036603, 41.446003], [-72.034246, 41.446887], [-72.032151, 41.447279], [-72.029532, 41.447476], [-72.026127, 41.447574], [-72.021936, 41.447574], [-72.018662, 41.447672], [-72.016305, 41.447868], [-72.014733, 41.448261], [-72.013555, 41.449145]], "type": "LineString"}}, {"type": "Feature", "properties": {}, "geometry": {"coordinates": [[-72.009364, 41.446003], [-72.009364, 41.447574]], "type": "LineString"}}, {"type": "Feature", "properties": {}, "geometry": {"coordinates": [[-72.003078, 41.446003], [-72.003078, 41.447574]], "type": "LineString"}}, {"type": "Feature", "properties": {}, "geometry": {"coordinates": [[-73.243496, 41.444432], [-73.245853, 41.445315], [-73.246901, 41.446101], [-73.247425, 41.447083], [-73.247687, 41.448359], [-73.247687, 41.44993], [-73.247294, 41.451305], [-73.246508, 41.452483], [-73.245329, 41.453465], [-73.243758, 41.45425], [-73.242579, 41.454938], [-73.241794, 41.455527], [-73.241401, 41.456018], [-73.241401, 41.45641], [-73.241008, 41.456999], [-73.240222, 41.457785], [-73.238651, 41.459061], [-73.235115, 41.461712]], "type": "LineString"}}, {"type": "Feature", "properties": {}, "geometry": {"coordinates": [[-72.826531, 41.444432], [-72.826531, 41.446199], [-72.826269, 41.447279], [-72.825746, 41.448261], [-72.824698, 41.449636], [-72.822341, 41.452287]], "type": "LineString"}}, {"type": "Feature", "properties": {}, "geometry": {"coordinates": [[-72.566714, 41.444432], [-72.565535, 41.445315], [-72.564357, 41.445806], [-72.562785, 41.446199], [-72.56069, 41.446592], [-72.558071, 41.446985], [-72.555976, 41.447377], [-72.554404, 41.44777], [-72.553357, 41.448163], [-72.552833, 41.448556], [-72.55244, 41.44993], [-72.552178, 41.452287], [-72.552047, 41.455625], [-72.552047, 41.459945], [-72.552178, 41.463282], [-72.55244, 41.465638], [-72.552964, 41.467111], [-72.554142, 41.467994]], "type": "LineString"}}, {"type": "Feature", "properties": {}, "geometry": {"coordinates": [[-72.503855, 41.444432], [-72.503855, 41.445315], [-72.504248, 41.446101], [-72.505034, 41.447083], [-72.506212, 41.448359], [-72.507784, 41.44993], [-72.508962, 41.452581], [-72.509748, 41.456312], [-72.510141, 41.461123], [-72.510141, 41.467012], [-72.51001, 41.471528], [-72.509748, 41.474669], [-72.509224, 41.476533], [-72.508046, 41.477417]], "type": "LineString"}}, {"type": "Feature", "properties": {}, "geometry": {"coordinates": [[-72.124606, 41.444432], [-72.124606, 41.446199], [-72.125261, 41.447377], [-72.12657, 41.448556], [-72.128534, 41.44993], [-72.131154, 41.451501], [-72.133904, 41.45268], [-72.136785, 41.453465], [-72.139797, 41.453858], [-72.14294, 41.453858], [-72.145428, 41.45376], [-72.147261, 41.453563], [-72.148571, 41.45317], [-72.149749, 41.452287]], "type": "LineString"}}, {"type": "Feature", "properties": {}, "geometry": {"coordinates": [[-72.826531, 41.442861], [-72.826531, 41.444432]], "type": "LineString"}}, {"type": "Feature", "properties": {}, "geometry": {"coordinates": [[-72.824436, 41.442861], [-72.826531, 41.442861]], "type": "LineString"}}, {"type": "Feature", "properties": {}, "geometry": {"coordinates": [[-71.994697, 41.442861], [-71.997054, 41.442861], [-71.998364, 41.443057], [-71.999412, 41.44345], [-72.000721, 41.444235], [-72.003078, 41.446003]], "type": "LineString"}}, {"type": "Feature", "properties": {}, "geometry": {"coordinates": [[-73.266544, 41.441289], [-73.266544, 41.442861]], "type": "LineString"}}, {"type": "Feature", "properties": {}, "geometry": {"coordinates": [[-73.253972, 41.439718], [-73.259866, 41.439718], [-73.262616, 41.439816], [-73.264187, 41.440013], [-73.265366, 41.440406], [-73.266544, 41.441289]], "type": "LineString"}}, {"type": "Feature", "properties": {}, "geometry": {"coordinates": [[-73.205781, 41.439718], [-73.208138, 41.439718], [-73.20984, 41.440209], [-73.211674, 41.441191], [-73.2139, 41.442664], [-73.216519, 41.444628], [-73.218483, 41.446396], [-73.219793, 41.447967], [-73.220448, 41.449341], [-73.220448, 41.450519], [-73.221364, 41.451992], [-73.223198, 41.45376], [-73.226865, 41.45641], [-73.235115, 41.461712]], "type": "LineString"}}, {"type": "Feature", "properties": {}, "geometry": {"coordinates": [[-73.126159, 41.439718], [-73.128516, 41.445021], [-73.130088, 41.447672], [-73.131659, 41.449439], [-73.133493, 41.450912], [-73.135588, 41.45209], [-73.137552, 41.453072], [-73.139386, 41.453858], [-73.141088, 41.454447], [-73.14266, 41.454839], [-73.144362, 41.455625], [-73.146195, 41.456803], [-73.14816, 41.458374], [-73.150255, 41.460337], [-73.151958, 41.462104], [-73.153267, 41.463675], [-73.154315, 41.465344], [-73.155493, 41.467994]], "type": "LineString"}}, {"type": "Feature", "properties": {}, "geometry": {"coordinates": [[-72.646335, 41.439718], [-72.647514, 41.440602], [-72.6483, 41.440995], [-72.649086, 41.441191], [-72.650002, 41.441289], [-72.65105, 41.441289], [-72.652359, 41.441682], [-72.653931, 41.442468], [-72.655764, 41.443646], [-72.65786, 41.445217], [-72.659431, 41.446592], [-72.660479, 41.44777], [-72.661003, 41.448752], [-72.661003, 41.449538], [-72.661395, 41.450421], [-72.662181, 41.451403], [-72.66336, 41.452483], [-72.664931, 41.453661], [-72.66611, 41.454741], [-72.666896, 41.455723], [-72.667288, 41.456607], [-72.667288, 41.457392], [-72.667943, 41.458374], [-72.669253, 41.459552], [-72.671872, 41.461319], [-72.677765, 41.464853]], "type": "LineString"}}, {"type": "Feature", "properties": {}, "geometry": {"coordinates": [[-72.109939, 41.439718], [-72.116225, 41.439718]], "type": "LineString"}}, {"type": "Feature", "properties": {}, "geometry": {"coordinates": [[-72.107843, 41.439718], [-72.109939, 41.439718]], "type": "LineString"}}, {"type": "Feature", "properties": {}, "geometry": {"coordinates": [[-72.107843, 41.439718], [-72.105486, 41.441486], [-72.104439, 41.442959], [-72.103915, 41.444726], [-72.103653, 41.446985], [-72.103653, 41.449734], [-72.103784, 41.451894], [-72.104046, 41.453465], [-72.104569, 41.454545], [-72.105748, 41.455429]], "type": "LineString"}}, {"type": "Feature", "properties": {}, "geometry": {"coordinates": [[-73.126159, 41.438147], [-73.126159, 41.439718]], "type": "LineString"}}, {"type": "Feature", "properties": {}, "geometry": {"coordinates": [[-73.124064, 41.438147], [-73.126159, 41.438147]], "type": "LineString"}}, {"type": "Feature", "properties": {}, "geometry": {"coordinates": [[-72.646335, 41.438147], [-72.646335, 41.439718]], "type": "LineString"}}, {"type": "Feature", "properties": {}, "geometry": {"coordinates": [[-72.64424, 41.438147], [-72.646335, 41.438147]], "type": "LineString"}}, {"type": "Feature", "properties": {}, "geometry": {"coordinates": [[-72.107843, 41.438147], [-72.107843, 41.439718]], "type": "LineString"}}, {"type": "Feature", "properties": {}, "geometry": {"coordinates": [[-73.121969, 41.436576], [-73.124064, 41.438147]], "type": "LineString"}}, {"type": "Feature", "properties": {}, "geometry": {"coordinates": [[-73.119873, 41.436576], [-73.121969, 41.436576]], "type": "LineString"}}, {"type": "Feature", "properties": {}, "geometry": {"coordinates": [[-73.061205, 41.436576], [-73.060026, 41.43746], [-73.059502, 41.438442], [-73.059241, 41.439816], [-73.05911, 41.441682], [-73.05911, 41.444039], [-73.058586, 41.446199], [-73.057538, 41.448163], [-73.055967, 41.44993], [-73.053871, 41.451501], [-73.051907, 41.45268], [-73.050074, 41.453465], [-73.048371, 41.453858], [-73.0468, 41.453858], [-73.04549, 41.454054], [-73.044442, 41.454447], [-73.043526, 41.455232], [-73.042347, 41.456999]], "type": "LineString"}}, {"type": "Feature", "properties": {}, "geometry": {"coordinates": [[-72.813959, 41.436576], [-72.824436, 41.442861]], "type": "LineString"}}, {"type": "Feature", "properties": {}, "geometry": {"coordinates": [[-72.218894, 41.436576], [-72.22243, 41.439227], [-72.224133, 41.440602], [-72.22518, 41.441584], [-72.225966, 41.442468], [-72.22649, 41.443253], [-72.226883, 41.444137], [-72.227145, 41.445119], [-72.227275, 41.446199], [-72.227275, 41.447377], [-72.227537, 41.448458], [-72.228061, 41.449439], [-72.228847, 41.450323], [-72.229895, 41.451109], [-72.23068, 41.451796], [-72.231204, 41.452385], [-72.231466, 41.452876], [-72.231466, 41.453269], [-72.232383, 41.454152], [-72.234216, 41.455527], [-72.236966, 41.457392], [-72.240633, 41.459748], [-72.243514, 41.461712], [-72.245609, 41.463282], [-72.246919, 41.46446], [-72.247443, 41.465246], [-72.248098, 41.465933], [-72.248883, 41.466522], [-72.2498, 41.467012], [-72.250848, 41.467405], [-72.251633, 41.467896], [-72.252157, 41.468485], [-72.252419, 41.469172], [-72.252419, 41.469957], [-72.252812, 41.470841], [-72.253598, 41.471822], [-72.254776, 41.472902], [-72.256348, 41.47408], [-72.257526, 41.475159], [-72.258312, 41.476141], [-72.258705, 41.477024], [-72.258705, 41.477809], [-72.258836, 41.478496], [-72.259098, 41.479085], [-72.259622, 41.479674], [-72.2608, 41.480557]], "type": "LineString"}}, {"type": "Feature", "properties": {}, "geometry": {"coordinates": [[-73.385976, 41.435004], [-73.389512, 41.439424], [-73.391084, 41.44237], [-73.391869, 41.445315], [-73.392262, 41.448752], [-73.392262, 41.45268], [-73.392131, 41.455723], [-73.391869, 41.457883], [-73.391477, 41.459159], [-73.390953, 41.459552], [-73.39056, 41.460141], [-73.390298, 41.460926], [-73.390167, 41.461908], [-73.390167, 41.463086], [-73.390036, 41.464166], [-73.389774, 41.465147], [-73.38925, 41.466227], [-73.388072, 41.467994]], "type": "LineString"}}, {"type": "Feature", "properties": {}, "geometry": {"coordinates": [[-73.121969, 41.435004], [-73.121969, 41.436576]], "type": "LineString"}}, {"type": "Feature", "properties": {}, "geometry": {"coordinates": [[-73.385976, 41.433433], [-73.385976, 41.435004]], "type": "LineString"}}, {"type": "Feature", "properties": {}, "geometry": {"coordinates": [[-73.138731, 41.435004], [-73.136374, 41.43412], [-73.134802, 41.434022], [-73.133231, 41.434415], [-73.130874, 41.435495], [-73.126159, 41.438147]], "type": "LineString"}}, {"type": "Feature", "properties": {}, "geometry": {"coordinates": [[-73.107301, 41.433433], [-73.109659, 41.435201], [-73.11123, 41.435986], [-73.112802, 41.436379], [-73.115159, 41.436576], [-73.119873, 41.436576]], "type": "LineString"}}, {"type": "Feature", "properties": {}, "geometry": {"coordinates": [[-72.839103, 41.433433], [-72.840282, 41.434317], [-72.841198, 41.43471], [-72.842246, 41.434906], [-72.843948, 41.435004], [-72.847484, 41.435004]], "type": "LineString"}}, {"type": "Feature", "properties": {}, "geometry": {"coordinates": [[-72.837008, 41.433433], [-72.839103, 41.433433]], "type": "LineString"}}, {"type": "Feature", "properties": {}, "geometry": {"coordinates": [[-72.837008, 41.433433], [-72.826531, 41.442861]], "type": "LineString"}}, {"type": "Feature", "properties": {}, "geometry": {"coordinates": [[-72.916629, 41.431862], [-72.918986, 41.433629], [-72.920427, 41.434415], [-72.921736, 41.434808], [-72.92357, 41.435004], [-72.927106, 41.435004]], "type": "LineString"}}, {"type": "Feature", "properties": {}, "geometry": {"coordinates": [[-72.839103, 41.431862], [-72.839103, 41.433433]], "type": "LineString"}}, {"type": "Feature", "properties": {}, "geometry": {"coordinates": [[-72.05127, 41.431862], [-72.050092, 41.431862], [-72.049306, 41.432058], [-72.04852, 41.432451], [-72.047604, 41.43304], [-72.046556, 41.433826], [-72.04577, 41.43471], [-72.045246, 41.435692], [-72.044984, 41.436772], [-72.044984, 41.437951], [-72.044592, 41.439227], [-72.043806, 41.440602], [-72.042234, 41.442468], [-72.038698, 41.446003]], "type": "LineString"}}, {"type": "Feature", "properties": {}, "geometry": {"coordinates": [[-73.107301, 41.433433], [-73.106123, 41.434317], [-73.105075, 41.43471], [-73.103766, 41.434906], [-73.102063, 41.435004], [-73.099968, 41.435004], [-73.098135, 41.435201], [-73.096563, 41.435594], [-73.095254, 41.436183], [-73.094206, 41.436969], [-73.093158, 41.437558], [-73.092111, 41.437951], [-73.091063, 41.438147], [-73.090015, 41.438147], [-73.088706, 41.437656], [-73.087134, 41.436674], [-73.085301, 41.435201], [-73.083206, 41.433237], [-73.081241, 41.431862], [-73.079408, 41.431076], [-73.077313, 41.430978], [-73.073777, 41.431862]], "type": "LineString"}}, {"type": "Feature", "properties": {}, "geometry": {"coordinates": [[-71.854312, 41.428719], [-71.857848, 41.430487], [-71.85955, 41.431567], [-71.860598, 41.432549], [-71.861384, 41.433629], [-71.861908, 41.434808], [-71.862562, 41.435888], [-71.863348, 41.43687], [-71.864265, 41.437754], [-71.865312, 41.43854], [-71.86636, 41.439227], [-71.867408, 41.439816], [-71.868455, 41.440307], [-71.869503, 41.4407], [-71.870813, 41.440995], [-71.872384, 41.441191], [-71.874217, 41.441289], [-71.876313, 41.441289], [-71.878015, 41.441388], [-71.879325, 41.441584], [-71.880241, 41.441879], [-71.880765, 41.442271], [-71.88142, 41.442566], [-71.882206, 41.442762], [-71.883122, 41.442861], [-71.88417, 41.442861], [-71.88548, 41.443155], [-71.887051, 41.443744], [-71.888885, 41.444628], [-71.89098, 41.445806], [-71.892944, 41.44669], [-71.894778, 41.447279], [-71.89648, 41.447574], [-71.898051, 41.447574], [-71.899492, 41.447672], [-71.900802, 41.447868], [-71.90198, 41.448163], [-71.903028, 41.448556], [-71.904337, 41.449243], [-71.905909, 41.450225], [-71.907742, 41.451501], [-71.909838, 41.453072], [-71.911802, 41.454349], [-71.913635, 41.45533], [-71.915338, 41.456018], [-71.916909, 41.45641], [-71.91835, 41.456901], [-71.919659, 41.45749], [-71.920838, 41.458177], [-71.921886, 41.458963], [-71.923195, 41.45965], [-71.924767, 41.460239], [-71.9266, 41.46073], [-71.928695, 41.461123], [-71.930921, 41.462006], [-71.933279, 41.46338], [-71.935767, 41.465246], [-71.938386, 41.467601], [-71.940874, 41.469466], [-71.943231, 41.470841], [-71.945981, 41.471822], [-71.950696, 41.472706]], "type": "LineString"}}, {"type": "Feature", "properties": {}, "geometry": {"coordinates": [[-71.854312, 41.428719], [-71.849598, 41.432254], [-71.846717, 41.433924], [-71.844098, 41.434906], [-71.841216, 41.435594], [-71.838074, 41.435986], [-71.835585, 41.436379], [-71.833752, 41.436772], [-71.832573, 41.437165], [-71.83205, 41.437558], [-71.831264, 41.437852], [-71.830216, 41.438049], [-71.828907, 41.438147], [-71.827335, 41.438147], [-71.826026, 41.438245], [-71.824978, 41.438442], [-71.824192, 41.438736], [-71.823668, 41.439129], [-71.822752, 41.439424], [-71.821442, 41.43962], [-71.81974, 41.439718], [-71.817644, 41.439718], [-71.815811, 41.439522], [-71.814239, 41.439129], [-71.81293, 41.43854], [-71.811882, 41.437754], [-71.810966, 41.437165], [-71.81018, 41.436772], [-71.809394, 41.436576], [-71.808215, 41.436576]], "type": "LineString"}}, {"type": "Feature", "properties": {}, "geometry": {"coordinates": [[-73.476074, 41.427147], [-73.480789, 41.428915], [-73.484194, 41.430781], [-73.48786, 41.433335], [-73.492313, 41.436772], [-73.497551, 41.441093], [-73.502396, 41.444334], [-73.506849, 41.446494], [-73.510909, 41.447574], [-73.514575, 41.447574], [-73.517718, 41.447967], [-73.520338, 41.448752], [-73.522433, 41.44993], [-73.524004, 41.451501], [-73.52479, 41.452974], [-73.52479, 41.454349], [-73.524004, 41.455625], [-73.522433, 41.456803], [-73.520861, 41.457687], [-73.51929, 41.458276], [-73.517718, 41.45857], [-73.516147, 41.45857], [-73.514706, 41.458767], [-73.513397, 41.459159], [-73.512218, 41.459748], [-73.511171, 41.460534], [-73.509861, 41.461123], [-73.50829, 41.461515], [-73.506456, 41.461712], [-73.504361, 41.461712], [-73.502396, 41.462006], [-73.500563, 41.462595], [-73.498861, 41.463479], [-73.497289, 41.464657], [-73.496111, 41.465736], [-73.495325, 41.466718], [-73.494932, 41.467601], [-73.494932, 41.468387], [-73.494801, 41.469074], [-73.494539, 41.469663], [-73.494015, 41.470252], [-73.492837, 41.471135]], "type": "LineString"}}, {"type": "Feature", "properties": {}, "geometry": {"coordinates": [[-73.473979, 41.427147], [-73.476074, 41.427147]], "type": "LineString"}}, {"type": "Feature", "properties": {}, "geometry": {"coordinates": [[-73.473979, 41.427147], [-73.4728, 41.428031], [-73.472277, 41.428915], [-73.472015, 41.430094], [-73.471884, 41.431665], [-73.471884, 41.433629], [-73.472015, 41.435201], [-73.472277, 41.436379], [-73.472669, 41.437165], [-73.473193, 41.437558], [-73.473586, 41.438147], [-73.473848, 41.438933], [-73.473979, 41.439915], [-73.473979, 41.441093], [-73.473848, 41.442075], [-73.473586, 41.442861], [-73.473193, 41.44345], [-73.472669, 41.443843], [-73.472277, 41.444628], [-73.472015, 41.445806], [-73.471884, 41.447377], [-73.471884, 41.449341], [-73.472277, 41.451109], [-73.473062, 41.45268], [-73.474241, 41.454054], [-73.475812, 41.455232], [-73.477122, 41.456312], [-73.47817, 41.457294], [-73.478955, 41.458177], [-73.479479, 41.458963], [-73.479872, 41.459846], [-73.480134, 41.460828], [-73.480265, 41.461908], [-73.480265, 41.463086], [-73.480658, 41.464264], [-73.481443, 41.465442], [-73.482622, 41.46662], [-73.484194, 41.467798], [-73.485765, 41.468779], [-73.487337, 41.469565], [-73.489301, 41.470252], [-73.492837, 41.471135]], "type": "LineString"}}, {"type": "Feature", "properties": {}, "geometry": {"coordinates": [[-72.918724, 41.427147], [-72.918724, 41.428915], [-72.918594, 41.429799], [-72.918332, 41.430388], [-72.917808, 41.430978], [-72.916629, 41.431862]], "type": "LineString"}}, {"type": "Feature", "properties": {}, "geometry": {"coordinates": [[-72.440996, 41.467994], [-72.438639, 41.466227], [-72.43746, 41.465049], [-72.436675, 41.463871], [-72.43602, 41.462497], [-72.435496, 41.460926], [-72.43471, 41.459552], [-72.433663, 41.458374], [-72.432353, 41.457392], [-72.430782, 41.456607], [-72.429472, 41.455723], [-72.428424, 41.454741], [-72.427639, 41.453661], [-72.427115, 41.452483], [-72.426329, 41.451403], [-72.425281, 41.450421], [-72.423972, 41.449538], [-72.4224, 41.448752], [-72.421222, 41.448065], [-72.420436, 41.447476], [-72.420043, 41.446985], [-72.420043, 41.446592], [-72.419126, 41.44561], [-72.417293, 41.444039], [-72.414543, 41.441879], [-72.410876, 41.439129], [-72.408126, 41.43687], [-72.406293, 41.435103], [-72.405376, 41.433826], [-72.405376, 41.43304], [-72.404983, 41.432156], [-72.404197, 41.431174], [-72.403019, 41.430094], [-72.401447, 41.428915], [-72.399745, 41.428031], [-72.397911, 41.427442], [-72.395947, 41.427147], [-72.393852, 41.427147], [-72.391887, 41.427442], [-72.390054, 41.428031], [-72.388352, 41.428915], [-72.38678, 41.430094], [-72.38534, 41.430978], [-72.38403, 41.431567], [-72.382852, 41.431862], [-72.381804, 41.431862], [-72.380494, 41.432156], [-72.378923, 41.432746], [-72.377089, 41.433629], [-72.374994, 41.434808], [-72.37303, 41.43579], [-72.371196, 41.436576], [-72.369494, 41.437165], [-72.367923, 41.437558], [-72.366613, 41.438049], [-72.365565, 41.438638], [-72.364649, 41.439522], [-72.36347, 41.441289]], "type": "LineString"}}, {"type": "Feature", "properties": {}, "geometry": {"coordinates": [[-73.473979, 41.425576], [-73.473979, 41.427147]], "type": "LineString"}}, {"type": "Feature", "properties": {}, "geometry": {"coordinates": [[-73.367119, 41.425576], [-73.369214, 41.425576]], "type": "LineString"}}, {"type": "Feature", "properties": {}, "geometry": {"coordinates": [[-73.365023, 41.425576], [-73.367119, 41.425576]], "type": "LineString"}}, {"type": "Feature", "properties": {}, "geometry": {"coordinates": [[-73.365023, 41.425576], [-73.362928, 41.428719]], "type": "LineString"}}, {"type": "Feature", "properties": {}, "geometry": {"coordinates": [[-73.281211, 41.425576], [-73.283569, 41.425576], [-73.284878, 41.425772], [-73.285926, 41.426165], [-73.286973, 41.426754], [-73.288021, 41.42754], [-73.289069, 41.428129], [-73.290116, 41.428522], [-73.291426, 41.428719], [-73.293783, 41.428719]], "type": "LineString"}}, {"type": "Feature", "properties": {}, "geometry": {"coordinates": [[-73.281211, 41.425576], [-73.280033, 41.42646], [-73.279509, 41.427147], [-73.279247, 41.427933], [-73.279116, 41.428915], [-73.279116, 41.430094], [-73.278985, 41.431174], [-73.278723, 41.432156], [-73.27833, 41.43304], [-73.277807, 41.433826], [-73.276759, 41.434808], [-73.275187, 41.435986], [-73.272437, 41.437754], [-73.266544, 41.441289]], "type": "LineString"}}, {"type": "Feature", "properties": {}, "geometry": {"coordinates": [[-73.394358, 41.424004], [-73.396715, 41.429308], [-73.398024, 41.431763], [-73.399072, 41.433138], [-73.400382, 41.43412], [-73.402739, 41.435004]], "type": "LineString"}}, {"type": "Feature", "properties": {}, "geometry": {"coordinates": [[-73.365023, 41.424004], [-73.365023, 41.425576]], "type": "LineString"}}, {"type": "Feature", "properties": {}, "geometry": {"coordinates": [[-73.13035, 41.424004], [-73.136636, 41.424004]], "type": "LineString"}}, {"type": "Feature", "properties": {}, "geometry": {"coordinates": [[-73.13035, 41.424004], [-73.126814, 41.426656], [-73.125112, 41.428228], [-73.124064, 41.429603], [-73.123147, 41.431469], [-73.121969, 41.435004]], "type": "LineString"}}, {"type": "Feature", "properties": {}, "geometry": {"coordinates": [[-71.854312, 41.424004], [-71.854312, 41.428719]], "type": "LineString"}}, {"type": "Feature", "properties": {}, "geometry": {"coordinates": [[-73.394358, 41.422432], [-73.394358, 41.424004]], "type": "LineString"}}, {"type": "Feature", "properties": {}, "geometry": {"coordinates": [[-73.392262, 41.422432], [-73.394358, 41.422432]], "type": "LineString"}}, {"type": "Feature", "properties": {}, "geometry": {"coordinates": [[-73.365023, 41.422432], [-73.365023, 41.424004]], "type": "LineString"}}, {"type": "Feature", "properties": {}, "geometry": {"coordinates": [[-72.841198, 41.422432], [-72.845389, 41.424004]], "type": "LineString"}}, {"type": "Feature", "properties": {}, "geometry": {"coordinates": [[-72.841198, 41.422432], [-72.84002, 41.423317], [-72.839496, 41.424201], [-72.839234, 41.425379], [-72.839103, 41.427442], [-72.839103, 41.431862]], "type": "LineString"}}, {"type": "Feature", "properties": {}, "geometry": {"coordinates": [[-72.64424, 41.438147], [-72.643062, 41.438147], [-72.641883, 41.437656], [-72.640312, 41.436674], [-72.638216, 41.435201], [-72.635597, 41.433237], [-72.633109, 41.431567], [-72.630752, 41.430192], [-72.628525, 41.429112], [-72.62643, 41.428326], [-72.624466, 41.427442], [-72.622632, 41.42646], [-72.62093, 41.425379], [-72.619359, 41.424201], [-72.618049, 41.423415], [-72.617001, 41.423022], [-72.616216, 41.423022], [-72.615692, 41.423415], [-72.614906, 41.423709], [-72.613858, 41.423906], [-72.612549, 41.424004], [-72.610977, 41.424004], [-72.609537, 41.424397], [-72.608227, 41.425183], [-72.606787, 41.426754], [-72.604429, 41.43029]], "type": "LineString"}}, {"type": "Feature", "properties": {}, "geometry": {"coordinates": [[-73.128254, 41.420861], [-73.13035, 41.424004]], "type": "LineString"}}, {"type": "Feature", "properties": {}, "geometry": {"coordinates": [[-72.899867, 41.420861], [-72.902224, 41.422629], [-72.903272, 41.423611], [-72.903795, 41.424397], [-72.904057, 41.425183], [-72.904057, 41.425969], [-72.904319, 41.426754], [-72.904843, 41.42754], [-72.905629, 41.428326], [-72.906677, 41.429112], [-72.907986, 41.429799], [-72.909558, 41.430388], [-72.911915, 41.430978], [-72.916629, 41.431862]], "type": "LineString"}}, {"type": "Feature", "properties": {}, "geometry": {"coordinates": [[-72.899867, 41.420861], [-72.898688, 41.421745], [-72.897902, 41.422138], [-72.897117, 41.422334], [-72.8962, 41.422432], [-72.895152, 41.422432], [-72.893974, 41.422727], [-72.892664, 41.423317], [-72.891224, 41.424201], [-72.889652, 41.425379], [-72.887688, 41.426361], [-72.885331, 41.427147], [-72.882581, 41.427737], [-72.879438, 41.428129], [-72.876557, 41.428621], [-72.873937, 41.42921], [-72.87158, 41.429897], [-72.869485, 41.430683], [-72.86739, 41.431272], [-72.865294, 41.431665], [-72.862675, 41.431862], [-72.857961, 41.431862]], "type": "LineString"}}, {"type": "Feature", "properties": {}, "geometry": {"coordinates": [[-73.30426, 41.419289], [-73.301902, 41.421057], [-73.300855, 41.421941], [-73.300331, 41.422531], [-73.300069, 41.42312], [-73.300069, 41.424004]], "type": "LineString"}}, {"type": "Feature", "properties": {}, "geometry": {"coordinates": [[-73.400643, 41.417717], [-73.394358, 41.422432]], "type": "LineString"}}, {"type": "Feature", "properties": {}, "geometry": {"coordinates": [[-73.392262, 41.422432], [-73.387548, 41.421548], [-73.385191, 41.420959], [-73.383619, 41.42037], [-73.38231, 41.419682], [-73.381262, 41.418896], [-73.379952, 41.418307], [-73.378381, 41.417914], [-73.376548, 41.417717], [-73.374452, 41.417717], [-73.372488, 41.418012], [-73.370655, 41.418601], [-73.368559, 41.41978], [-73.365023, 41.422432]], "type": "LineString"}}, {"type": "Feature", "properties": {}, "geometry": {"coordinates": [[-73.356642, 41.431862], [-73.354285, 41.432746], [-73.352975, 41.43304], [-73.351928, 41.43304], [-73.35088, 41.432844], [-73.349832, 41.432451], [-73.348916, 41.432058], [-73.34813, 41.431665], [-73.347475, 41.431272], [-73.346951, 41.430879], [-73.346559, 41.430192], [-73.346297, 41.42921], [-73.346166, 41.427933], [-73.346166, 41.426361], [-73.345773, 41.424986], [-73.344987, 41.423808], [-73.343808, 41.422825], [-73.342237, 41.42204], [-73.340142, 41.42145], [-73.337523, 41.421057], [-73.33438, 41.420861], [-73.330713, 41.420861], [-73.327439, 41.420664], [-73.324558, 41.420271], [-73.32207, 41.419682], [-73.319974, 41.418896], [-73.318272, 41.418405], [-73.316962, 41.418209], [-73.316046, 41.418307], [-73.315522, 41.4187], [-73.314474, 41.418994], [-73.312903, 41.419191], [-73.310153, 41.419289], [-73.30426, 41.419289]], "type": "LineString"}}, {"type": "Feature", "properties": {}, "geometry": {"coordinates": [[-73.302164, 41.417717], [-73.30426, 41.419289]], "type": "LineString"}}, {"type": "Feature", "properties": {}, "geometry": {"coordinates": [[-73.300069, 41.417717], [-73.302164, 41.417717]], "type": "LineString"}}, {"type": "Feature", "properties": {}, "geometry": {"coordinates": [[-73.295878, 41.417717], [-73.300069, 41.417717]], "type": "LineString"}}, {"type": "Feature", "properties": {}, "geometry": {"coordinates": [[-73.000441, 41.417717], [-73.002798, 41.419486], [-73.003846, 41.42037], [-73.00437, 41.420959], [-73.004632, 41.421548], [-73.004632, 41.422432]], "type": "LineString"}}, {"type": "Feature", "properties": {}, "geometry": {"coordinates": [[-73.000441, 41.417717], [-72.998084, 41.419486], [-72.997036, 41.420861], [-72.996513, 41.422432], [-72.996251, 41.424397], [-72.996251, 41.426754], [-72.99612, 41.428621], [-72.995858, 41.429996], [-72.995465, 41.430879], [-72.994941, 41.431272], [-72.994548, 41.431862], [-72.994286, 41.432647], [-72.994155, 41.433629], [-72.994155, 41.434808], [-72.994024, 41.43579], [-72.993762, 41.436576], [-72.99337, 41.437165], [-72.992846, 41.437558], [-72.992322, 41.438442], [-72.991798, 41.439816], [-72.991274, 41.441682], [-72.99075, 41.444039], [-72.990227, 41.445905], [-72.989703, 41.447279], [-72.989179, 41.448163], [-72.988655, 41.448556], [-72.988262, 41.449538], [-72.988, 41.451109], [-72.987869, 41.453269], [-72.987869, 41.456018], [-72.988131, 41.458177], [-72.988655, 41.459748], [-72.989441, 41.46073], [-72.990489, 41.461123], [-72.991798, 41.461908], [-72.99337, 41.463086], [-72.995203, 41.464657], [-72.997298, 41.46662], [-72.999132, 41.468092], [-73.000703, 41.469074], [-73.002013, 41.469565], [-73.00306, 41.469565], [-73.004108, 41.469761], [-73.005156, 41.470154], [-73.006465, 41.470939], [-73.008822, 41.472706]], "type": "LineString"}}, {"type": "Feature", "properties": {}, "geometry": {"coordinates": [[-72.901962, 41.417717], [-72.899867, 41.420861]], "type": "LineString"}}, {"type": "Feature", "properties": {}, "geometry": {"coordinates": [[-73.398548, 41.416146], [-73.400643, 41.417717]], "type": "LineString"}}, {"type": "Feature", "properties": {}, "geometry": {"coordinates": [[-73.302164, 41.416146], [-73.302164, 41.417717]], "type": "LineString"}}, {"type": "Feature", "properties": {}, "geometry": {"coordinates": [[-72.901962, 41.416146], [-72.904057, 41.416146]], "type": "LineString"}}, {"type": "Feature", "properties": {}, "geometry": {"coordinates": [[-72.901962, 41.416146], [-72.901962, 41.417717]], "type": "LineString"}}, {"type": "Feature", "properties": {}, "geometry": {"coordinates": [[-73.26864, 41.414574], [-73.281211, 41.425576]], "type": "LineString"}}, {"type": "Feature", "properties": {}, "geometry": {"coordinates": [[-72.912439, 41.414574], [-72.908903, 41.414574], [-72.9072, 41.414672], [-72.906153, 41.414869], [-72.905236, 41.415261], [-72.904057, 41.416146]], "type": "LineString"}}, {"type": "Feature", "properties": {}, "geometry": {"coordinates": [[-71.917171, 41.414574], [-71.917171, 41.416146]], "type": "LineString"}}, {"type": "Feature", "properties": {}, "geometry": {"coordinates": [[-71.915076, 41.414574], [-71.917171, 41.414574]], "type": "LineString"}}, {"type": "Feature", "properties": {}, "geometry": {"coordinates": [[-73.262354, 41.413002], [-73.264711, 41.413002], [-73.26589, 41.4131], [-73.266675, 41.413297], [-73.267461, 41.41369], [-73.26864, 41.414574]], "type": "LineString"}}, {"type": "Feature", "properties": {}, "geometry": {"coordinates": [[-71.919266, 41.413002], [-71.921362, 41.413002]], "type": "LineString"}}, {"type": "Feature", "properties": {}, "geometry": {"coordinates": [[-71.919266, 41.413002], [-71.917171, 41.414574]], "type": "LineString"}}, {"type": "Feature", "properties": {}, "geometry": {"coordinates": [[-72.843294, 41.41143], [-72.842115, 41.415851], [-72.84146, 41.417914], [-72.840936, 41.419093], [-72.840413, 41.419879], [-72.839889, 41.420271], [-72.839627, 41.420664], [-72.839627, 41.421057], [-72.84002, 41.421548], [-72.841198, 41.422432]], "type": "LineString"}}, {"type": "Feature", "properties": {}, "geometry": {"coordinates": [[-72.461949, 41.41143], [-72.464044, 41.41143]], "type": "LineString"}}, {"type": "Feature", "properties": {}, "geometry": {"coordinates": [[-72.461949, 41.41143], [-72.459854, 41.413002]], "type": "LineString"}}, {"type": "Feature", "properties": {}, "geometry": {"coordinates": [[-71.919266, 41.41143], [-71.919266, 41.413002]], "type": "LineString"}}, {"type": "Feature", "properties": {}, "geometry": {"coordinates": [[-73.432073, 41.409858], [-73.430894, 41.411627], [-73.430632, 41.412609], [-73.430894, 41.413395], [-73.431549, 41.414181], [-73.432597, 41.414967], [-73.433383, 41.415753], [-73.433906, 41.416539], [-73.434168, 41.417324], [-73.434168, 41.41811], [-73.434037, 41.418798], [-73.433775, 41.419387], [-73.433383, 41.419879], [-73.432859, 41.420271], [-73.432466, 41.421155], [-73.432204, 41.422531], [-73.432073, 41.424397], [-73.432073, 41.426754], [-73.431811, 41.428915], [-73.431287, 41.430879], [-73.430502, 41.432647], [-73.429454, 41.434219], [-73.428668, 41.435594], [-73.428144, 41.436772], [-73.427882, 41.437754], [-73.427882, 41.43854], [-73.428013, 41.439227], [-73.428275, 41.439816], [-73.428668, 41.440307], [-73.429192, 41.4407], [-73.429454, 41.441388], [-73.429454, 41.44237], [-73.429061, 41.444039], [-73.427882, 41.447574]], "type": "LineString"}}, {"type": "Feature", "properties": {}, "geometry": {"coordinates": [[-72.74691, 41.409858], [-72.749267, 41.412511], [-72.750184, 41.413886], [-72.750446, 41.414869], [-72.750315, 41.415753], [-72.749791, 41.416539], [-72.748743, 41.417521], [-72.747172, 41.4187], [-72.745077, 41.420075], [-72.742457, 41.421647], [-72.740493, 41.423022], [-72.739183, 41.424201], [-72.738529, 41.425183], [-72.738529, 41.425969], [-72.737481, 41.427344], [-72.735386, 41.429308], [-72.732243, 41.431862], [-72.728052, 41.435004], [-72.724385, 41.43746], [-72.721242, 41.439227], [-72.718623, 41.440307], [-72.716528, 41.4407], [-72.714695, 41.441191], [-72.713123, 41.44178], [-72.711814, 41.442468], [-72.710766, 41.443253], [-72.70998, 41.443941], [-72.709456, 41.44453], [-72.709194, 41.445021], [-72.709194, 41.445414], [-72.708278, 41.446297], [-72.706444, 41.447672], [-72.703694, 41.449538], [-72.700028, 41.451894], [-72.697277, 41.45376], [-72.695444, 41.455134], [-72.694527, 41.456018], [-72.694527, 41.45641], [-72.694135, 41.456999], [-72.693349, 41.457785], [-72.69217, 41.458767], [-72.690599, 41.459945], [-72.689158, 41.460828], [-72.687849, 41.461417], [-72.68667, 41.461712], [-72.685622, 41.461712], [-72.684444, 41.461908], [-72.683134, 41.462301], [-72.681301, 41.463086], [-72.677765, 41.464853]], "type": "LineString"}}, {"type": "Feature", "properties": {}, "geometry": {"coordinates": [[-71.845931, 41.409858], [-71.850121, 41.413002]], "type": "LineString"}}, {"type": "Feature", "properties": {}, "geometry": {"coordinates": [[-73.453026, 41.408286], [-73.456562, 41.410939], [-73.458133, 41.412314], [-73.458919, 41.413297], [-73.459312, 41.414181], [-73.459312, 41.414967], [-73.459967, 41.416047], [-73.461276, 41.417423], [-73.463241, 41.419093], [-73.46586, 41.421057], [-73.468086, 41.422629], [-73.469919, 41.423808], [-73.471622, 41.424692], [-73.473979, 41.425576]], "type": "LineString"}}, {"type": "Feature", "properties": {}, "geometry": {"coordinates": [[-73.453026, 41.408286], [-73.442419, 41.408286], [-73.437573, 41.408384], [-73.434954, 41.408581], [-73.433252, 41.408974], [-73.432073, 41.409858]], "type": "LineString"}}, {"type": "Feature", "properties": {}, "geometry": {"coordinates": [[-71.845931, 41.408286], [-71.845931, 41.409858]], "type": "LineString"}}, {"type": "Feature", "properties": {}, "geometry": {"coordinates": [[-71.843836, 41.408286], [-71.845931, 41.408286]], "type": "LineString"}}, {"type": "Feature", "properties": {}, "geometry": {"coordinates": [[-71.84174, 41.408286], [-71.843836, 41.408286]], "type": "LineString"}}, {"type": "Feature", "properties": {}, "geometry": {"coordinates": [[-73.425787, 41.406714], [-73.432073, 41.409858]], "type": "LineString"}}, {"type": "Feature", "properties": {}, "geometry": {"coordinates": [[-73.425787, 41.406714], [-73.42343, 41.408483], [-73.421858, 41.409465], [-73.420287, 41.410251], [-73.418454, 41.411037], [-73.416358, 41.411823], [-73.414394, 41.412707], [-73.412561, 41.41369], [-73.410858, 41.41477], [-73.409287, 41.415949], [-73.407846, 41.416931], [-73.406537, 41.417717], [-73.405358, 41.418307], [-73.40431, 41.4187], [-73.403394, 41.418896], [-73.402608, 41.418896], [-73.401822, 41.418601], [-73.400643, 41.417717]], "type": "LineString"}}, {"type": "Feature", "properties": {}, "geometry": {"coordinates": [[-72.438901, 41.405142], [-72.447151, 41.405142], [-72.451211, 41.405339], [-72.45383, 41.405732], [-72.455925, 41.406321], [-72.457497, 41.407107], [-72.458806, 41.407893], [-72.459854, 41.408679], [-72.46077, 41.409662], [-72.461949, 41.41143]], "type": "LineString"}}, {"type": "Feature", "properties": {}, "geometry": {"coordinates": [[-72.438901, 41.405142], [-72.437722, 41.406026], [-72.437198, 41.407205], [-72.436936, 41.408974], [-72.436805, 41.41143], [-72.436805, 41.414574], [-72.437198, 41.417226], [-72.437984, 41.419387], [-72.439163, 41.421057], [-72.440734, 41.422236], [-72.441913, 41.423415], [-72.442699, 41.424593], [-72.443091, 41.425772], [-72.443091, 41.426951], [-72.443484, 41.428129], [-72.44427, 41.429308], [-72.445449, 41.430487], [-72.44702, 41.431665], [-72.448199, 41.432647], [-72.448984, 41.433433], [-72.449377, 41.434022], [-72.449377, 41.434415], [-72.450294, 41.435397], [-72.452127, 41.436969], [-72.454877, 41.439129], [-72.458544, 41.441879], [-72.461425, 41.443941], [-72.463521, 41.445315], [-72.46483, 41.446003], [-72.465354, 41.446003], [-72.466402, 41.446396], [-72.467973, 41.447181], [-72.470068, 41.448359], [-72.472688, 41.44993], [-72.474652, 41.452189], [-72.475961, 41.455134], [-72.476616, 41.458767], [-72.476616, 41.463086], [-72.476747, 41.466424], [-72.477009, 41.468779], [-72.477402, 41.470154], [-72.477926, 41.470546], [-72.478711, 41.470841], [-72.479759, 41.471037], [-72.481069, 41.471135], [-72.48264, 41.471135], [-72.484866, 41.471528], [-72.487747, 41.472313], [-72.491283, 41.473491], [-72.495474, 41.475061], [-72.49901, 41.476239], [-72.501891, 41.477024], [-72.50451, 41.477417], [-72.508046, 41.477417]], "type": "LineString"}}, {"type": "Feature", "properties": {}, "geometry": {"coordinates": [[-73.27283, 41.40357], [-73.27283, 41.407991], [-73.272568, 41.410153], [-73.272044, 41.411528], [-73.270997, 41.412805], [-73.26864, 41.414574]], "type": "LineString"}}, {"type": "Feature", "properties": {}, "geometry": {"coordinates": [[-73.054919, 41.40357], [-73.054919, 41.405142]], "type": "LineString"}}, {"type": "Feature", "properties": {}, "geometry": {"coordinates": [[-72.901962, 41.40357], [-72.904057, 41.40357]], "type": "LineString"}}, {"type": "Feature", "properties": {}, "geometry": {"coordinates": [[-72.901962, 41.40357], [-72.900783, 41.404454], [-72.90026, 41.405437], [-72.899998, 41.406812], [-72.899867, 41.408679], [-72.899867, 41.411037], [-72.899998, 41.412904], [-72.90026, 41.414279], [-72.900783, 41.415261], [-72.901962, 41.416146]], "type": "LineString"}}, {"type": "Feature", "properties": {}, "geometry": {"coordinates": [[-73.080063, 41.401998], [-73.081241, 41.402882], [-73.082158, 41.403275], [-73.083206, 41.403472], [-73.084515, 41.40357], [-73.086087, 41.40357], [-73.087527, 41.403767], [-73.088837, 41.40416], [-73.090015, 41.404749], [-73.091063, 41.405535], [-73.091849, 41.406419], [-73.092372, 41.407402], [-73.092634, 41.408483], [-73.092634, 41.409662], [-73.093027, 41.410841], [-73.093813, 41.41202], [-73.094992, 41.413198], [-73.096563, 41.414377], [-73.097873, 41.415556], [-73.09892, 41.416735], [-73.099706, 41.417914], [-73.10023, 41.419093], [-73.101016, 41.420271], [-73.102063, 41.42145], [-73.103373, 41.422629], [-73.104944, 41.423808], [-73.106123, 41.425183], [-73.106909, 41.426754], [-73.107301, 41.429013], [-73.107301, 41.433433]], "type": "LineString"}}, {"type": "Feature", "properties": {}, "geometry": {"coordinates": [[-73.080063, 41.401998], [-73.078884, 41.402882], [-73.078491, 41.403668], [-73.078491, 41.404651], [-73.078884, 41.406321], [-73.080063, 41.409858]], "type": "LineString"}}, {"type": "Feature", "properties": {}, "geometry": {"coordinates": [[-72.851675, 41.401998], [-72.84958, 41.405142]], "type": "LineString"}}, {"type": "Feature", "properties": {}, "geometry": {"coordinates": [[-73.461407, 41.400426], [-73.463764, 41.402194], [-73.465991, 41.40298], [-73.468872, 41.403374], [-73.472669, 41.40357], [-73.477384, 41.40357], [-73.481051, 41.403668], [-73.48367, 41.403865], [-73.485241, 41.40416], [-73.485765, 41.404553], [-73.48642, 41.404847], [-73.487206, 41.405044], [-73.488122, 41.405142], [-73.48917, 41.405142], [-73.490479, 41.405633], [-73.492051, 41.406616], [-73.493884, 41.40809], [-73.49598, 41.410055], [-73.497551, 41.412118], [-73.498599, 41.414279], [-73.499123, 41.416539], [-73.499123, 41.418896], [-73.499385, 41.421057], [-73.499908, 41.423022], [-73.500956, 41.425183], [-73.503313, 41.428719]], "type": "LineString"}}, {"type": "Feature", "properties": {}, "geometry": {"coordinates": [[-73.077967, 41.400426], [-73.080063, 41.401998]], "type": "LineString"}}, {"type": "Feature", "properties": {}, "geometry": {"coordinates": [[-73.048633, 41.400426], [-73.054919, 41.40357]], "type": "LineString"}}, {"type": "Feature", "properties": {}, "geometry": {"coordinates": [[-72.851675, 41.400426], [-72.851675, 41.401998]], "type": "LineString"}}, {"type": "Feature", "properties": {}, "geometry": {"coordinates": [[-72.84958, 41.400426], [-72.851675, 41.400426]], "type": "LineString"}}, {"type": "Feature", "properties": {}, "geometry": {"coordinates": [[-73.461407, 41.398854], [-73.461407, 41.400426]], "type": "LineString"}}, {"type": "Feature", "properties": {}, "geometry": {"coordinates": [[-73.459312, 41.398854], [-73.461407, 41.398854]], "type": "LineString"}}, {"type": "Feature", "properties": {}, "geometry": {"coordinates": [[-73.457217, 41.398854], [-73.459312, 41.398854]], "type": "LineString"}}, {"type": "Feature", "properties": {}, "geometry": {"coordinates": [[-73.457217, 41.398854], [-73.456038, 41.399738], [-73.455514, 41.400524], [-73.455252, 41.401507], [-73.455121, 41.402784], [-73.455121, 41.404356], [-73.45499, 41.405633], [-73.454728, 41.406616], [-73.454205, 41.407402], [-73.453026, 41.408286]], "type": "LineString"}}, {"type": "Feature", "properties": {}, "geometry": {"coordinates": [[-73.077967, 41.398854], [-73.080063, 41.398854]], "type": "LineString"}}, {"type": "Feature", "properties": {}, "geometry": {"coordinates": [[-73.077967, 41.398854], [-73.077967, 41.400426]], "type": "LineString"}}, {"type": "Feature", "properties": {}, "geometry": {"coordinates": [[-73.048633, 41.398854], [-73.048633, 41.400426]], "type": "LineString"}}, {"type": "Feature", "properties": {}, "geometry": {"coordinates": [[-73.046538, 41.398854], [-73.048633, 41.398854]], "type": "LineString"}}, {"type": "Feature", "properties": {}, "geometry": {"coordinates": [[-73.457217, 41.397281], [-73.457217, 41.398854]], "type": "LineString"}}, {"type": "Feature", "properties": {}, "geometry": {"coordinates": [[-72.895676, 41.397281], [-72.901962, 41.40357]], "type": "LineString"}}, {"type": "Feature", "properties": {}, "geometry": {"coordinates": [[-72.893581, 41.397281], [-72.895676, 41.397281]], "type": "LineString"}}, {"type": "Feature", "properties": {}, "geometry": {"coordinates": [[-72.164416, 41.397281], [-72.166512, 41.397281]], "type": "LineString"}}, {"type": "Feature", "properties": {}, "geometry": {"coordinates": [[-72.164416, 41.397281], [-72.164416, 41.398854]], "type": "LineString"}}, {"type": "Feature", "properties": {}, "geometry": {"coordinates": [[-71.961172, 41.397281], [-71.950565, 41.403472], [-71.945196, 41.406321], [-71.941529, 41.407893], [-71.938386, 41.408876], [-71.935767, 41.409269], [-71.933672, 41.409662], [-71.9321, 41.410055], [-71.931052, 41.410448], [-71.930529, 41.410841], [-71.929743, 41.411135], [-71.928695, 41.411332], [-71.927386, 41.41143], [-71.925814, 41.41143], [-71.924505, 41.411528], [-71.923457, 41.411725], [-71.92254, 41.412118], [-71.921362, 41.413002]], "type": "LineString"}}, {"type": "Feature", "properties": {}, "geometry": {"coordinates": [[-73.457217, 41.395709], [-73.457217, 41.397281]], "type": "LineString"}}, {"type": "Feature", "properties": {}, "geometry": {"coordinates": [[-73.050728, 41.395709], [-73.048633, 41.398854]], "type": "LineString"}}, {"type": "Feature", "properties": {}, "geometry": {"coordinates": [[-72.832817, 41.395709], [-72.837532, 41.397478], [-72.84002, 41.398264], [-72.841853, 41.398657], [-72.843556, 41.398854], [-72.845127, 41.398854], [-72.846437, 41.398952], [-72.847484, 41.399148], [-72.848401, 41.399541], [-72.84958, 41.400426]], "type": "LineString"}}, {"type": "Feature", "properties": {}, "geometry": {"coordinates": [[-72.832817, 41.395709], [-72.83046, 41.395709], [-72.829281, 41.395807], [-72.828496, 41.396004], [-72.82771, 41.396397], [-72.826531, 41.397281]], "type": "LineString"}}, {"type": "Feature", "properties": {}, "geometry": {"coordinates": [[-73.467693, 41.394137], [-73.461407, 41.398854]], "type": "LineString"}}, {"type": "Feature", "properties": {}, "geometry": {"coordinates": [[-73.457217, 41.394137], [-73.457217, 41.395709]], "type": "LineString"}}, {"type": "Feature", "properties": {}, "geometry": {"coordinates": [[-73.455121, 41.394137], [-73.457217, 41.394137]], "type": "LineString"}}, {"type": "Feature", "properties": {}, "geometry": {"coordinates": [[-73.432073, 41.394137], [-73.430894, 41.395021], [-73.430371, 41.395709], [-73.430109, 41.396495], [-73.429978, 41.397478], [-73.429978, 41.398657], [-73.429716, 41.399934], [-73.429192, 41.40131], [-73.428144, 41.403177], [-73.425787, 41.406714]], "type": "LineString"}}, {"type": "Feature", "properties": {}, "geometry": {"coordinates": [[-73.071681, 41.394137], [-73.077967, 41.398854]], "type": "LineString"}}, {"type": "Feature", "properties": {}, "geometry": {"coordinates": [[-73.071681, 41.394137], [-73.068146, 41.394137], [-73.065919, 41.394726], [-73.063824, 41.395906], [-73.060812, 41.398264], [-73.054919, 41.40357]], "type": "LineString"}}, {"type": "Feature", "properties": {}, "geometry": {"coordinates": [[-72.870533, 41.394137], [-72.870533, 41.395709]], "type": "LineString"}}, {"type": "Feature", "properties": {}, "geometry": {"coordinates": [[-72.857961, 41.394137], [-72.851675, 41.400426]], "type": "LineString"}}, {"type": "Feature", "properties": {}, "geometry": {"coordinates": [[-73.490741, 41.392564], [-73.492837, 41.392564]], "type": "LineString"}}, {"type": "Feature", "properties": {}, "geometry": {"coordinates": [[-73.432073, 41.392564], [-73.434168, 41.392564]], "type": "LineString"}}, {"type": "Feature", "properties": {}, "geometry": {"coordinates": [[-73.432073, 41.392564], [-73.432073, 41.394137]], "type": "LineString"}}, {"type": "Feature", "properties": {}, "geometry": {"coordinates": [[-72.870533, 41.392564], [-72.870533, 41.394137]], "type": "LineString"}}, {"type": "Feature", "properties": {}, "geometry": {"coordinates": [[-72.868437, 41.392564], [-72.870533, 41.392564]], "type": "LineString"}}, {"type": "Feature", "properties": {}, "geometry": {"coordinates": [[-72.868437, 41.392564], [-72.857961, 41.394137]], "type": "LineString"}}, {"type": "Feature", "properties": {}, "geometry": {"coordinates": [[-72.834912, 41.392564], [-72.832817, 41.395709]], "type": "LineString"}}, {"type": "Feature", "properties": {}, "geometry": {"coordinates": [[-71.973744, 41.392564], [-71.974923, 41.393449], [-71.975709, 41.393842], [-71.976494, 41.394038], [-71.977673, 41.394137], [-71.98003, 41.394137]], "type": "LineString"}}, {"type": "Feature", "properties": {}, "geometry": {"coordinates": [[-71.973744, 41.392564], [-71.967458, 41.395709]], "type": "LineString"}}, {"type": "Feature", "properties": {}, "geometry": {"coordinates": [[-71.864789, 41.392564], [-71.864789, 41.393449], [-71.864527, 41.394038], [-71.864003, 41.394628], [-71.863217, 41.395316], [-71.862169, 41.396102], [-71.861122, 41.396692], [-71.860074, 41.397085], [-71.859027, 41.397281], [-71.857979, 41.397281], [-71.856669, 41.397674], [-71.855098, 41.398461], [-71.853264, 41.39964], [-71.851169, 41.401212], [-71.849598, 41.402587], [-71.84855, 41.403767], [-71.848026, 41.404749], [-71.848026, 41.405535], [-71.847895, 41.406223], [-71.847633, 41.406812], [-71.847109, 41.407402], [-71.845931, 41.408286]], "type": "LineString"}}, {"type": "Feature", "properties": {}, "geometry": {"coordinates": [[-73.492837, 41.390992], [-73.492837, 41.392564]], "type": "LineString"}}, {"type": "Feature", "properties": {}, "geometry": {"coordinates": [[-73.490741, 41.392564], [-73.489563, 41.393449], [-73.488646, 41.393645], [-73.487598, 41.393449], [-73.486289, 41.392958], [-73.484717, 41.392171], [-73.483146, 41.39168], [-73.481574, 41.391483], [-73.47961, 41.39168], [-73.476074, 41.392564]], "type": "LineString"}}, {"type": "Feature", "properties": {}, "geometry": {"coordinates": [[-72.024031, 41.390992], [-72.024031, 41.398067], [-72.0239, 41.40131], [-72.023639, 41.403079], [-72.023246, 41.40416], [-72.022722, 41.404553], [-72.022329, 41.405044], [-72.022067, 41.405633], [-72.021936, 41.406321], [-72.021936, 41.407107], [-72.021412, 41.408188], [-72.020365, 41.409563], [-72.018793, 41.411234], [-72.016698, 41.413198], [-72.015126, 41.415458], [-72.014079, 41.418012], [-72.013555, 41.420861], [-72.013555, 41.424004], [-72.013293, 41.426558], [-72.012769, 41.428522], [-72.011983, 41.429897], [-72.010936, 41.430683], [-72.01015, 41.432156], [-72.009626, 41.434317], [-72.009364, 41.438049], [-72.009364, 41.446003]], "type": "LineString"}}, {"type": "Feature", "properties": {}, "geometry": {"coordinates": [[-72.003078, 41.390992], [-72.005174, 41.390992]], "type": "LineString"}}, {"type": "Feature", "properties": {}, "geometry": {"coordinates": [[-72.003078, 41.390992], [-71.998888, 41.394137]], "type": "LineString"}}, {"type": "Feature", "properties": {}, "geometry": {"coordinates": [[-71.864789, 41.390992], [-71.866884, 41.390992]], "type": "LineString"}}, {"type": "Feature", "properties": {}, "geometry": {"coordinates": [[-71.864789, 41.390992], [-71.864789, 41.392564]], "type": "LineString"}}, {"type": "Feature", "properties": {}, "geometry": {"coordinates": [[-73.444645, 41.38942], [-73.455121, 41.394137]], "type": "LineString"}}, {"type": "Feature", "properties": {}, "geometry": {"coordinates": [[-73.444645, 41.38942], [-73.443466, 41.390304], [-73.442549, 41.390697], [-73.441502, 41.390894], [-73.440192, 41.390992], [-73.438621, 41.390992], [-73.437311, 41.39109], [-73.436264, 41.391287], [-73.435347, 41.39168], [-73.434168, 41.392564]], "type": "LineString"}}, {"type": "Feature", "properties": {}, "geometry": {"coordinates": [[-72.024031, 41.38942], [-72.024031, 41.390992]], "type": "LineString"}}, {"type": "Feature", "properties": {}, "geometry": {"coordinates": [[-72.021936, 41.38942], [-72.024031, 41.38942]], "type": "LineString"}}, {"type": "Feature", "properties": {}, "geometry": {"coordinates": [[-72.003078, 41.38942], [-72.003078, 41.390992]], "type": "LineString"}}, {"type": "Feature", "properties": {}, "geometry": {"coordinates": [[-73.515885, 41.387847], [-73.515885, 41.393154], [-73.515754, 41.395611], [-73.515492, 41.396987], [-73.515099, 41.397871], [-73.514575, 41.398264], [-73.513397, 41.398264], [-73.511563, 41.397871], [-73.509075, 41.397085], [-73.505932, 41.395906], [-73.503182, 41.395021], [-73.500825, 41.394432], [-73.498861, 41.394137], [-73.497289, 41.394137], [-73.49598, 41.394038], [-73.494932, 41.393842], [-73.494015, 41.393449], [-73.492837, 41.392564]], "type": "LineString"}}, {"type": "Feature", "properties": {}, "geometry": {"coordinates": [[-73.092634, 41.387847], [-73.092634, 41.390501], [-73.092503, 41.391778], [-73.092242, 41.392564], [-73.091849, 41.393154], [-73.091325, 41.393547], [-73.09067, 41.393842], [-73.089884, 41.394038], [-73.088968, 41.394137], [-73.08792, 41.394137], [-73.086741, 41.394432], [-73.085432, 41.395021], [-73.083598, 41.3962], [-73.080063, 41.398854]], "type": "LineString"}}, {"type": "Feature", "properties": {}, "geometry": {"coordinates": [[-72.43471, 41.387847], [-72.433532, 41.388732], [-72.433139, 41.389321], [-72.433139, 41.389911], [-72.433401, 41.390599], [-72.433924, 41.391385], [-72.434317, 41.392466], [-72.434579, 41.393842], [-72.43471, 41.395513], [-72.43471, 41.397478], [-72.434972, 41.399247], [-72.435496, 41.400819], [-72.436544, 41.402489], [-72.438901, 41.405142]], "type": "LineString"}}, {"type": "Feature", "properties": {}, "geometry": {"coordinates": [[-72.021936, 41.38942], [-72.019579, 41.388535], [-72.018138, 41.388142], [-72.016829, 41.387945], [-72.015388, 41.387847], [-72.013817, 41.387847], [-72.012245, 41.388044], [-72.010674, 41.388437], [-72.00871, 41.389223], [-72.005174, 41.390992]], "type": "LineString"}}, {"type": "Feature", "properties": {}, "geometry": {"coordinates": [[-73.515885, 41.386275], [-73.515885, 41.387847]], "type": "LineString"}}, {"type": "Feature", "properties": {}, "geometry": {"coordinates": [[-73.51379, 41.386275], [-73.515885, 41.386275]], "type": "LineString"}}, {"type": "Feature", "properties": {}, "geometry": {"coordinates": [[-73.511694, 41.386275], [-73.51379, 41.386275]], "type": "LineString"}}, {"type": "Feature", "properties": {}, "geometry": {"coordinates": [[-73.354547, 41.386275], [-73.353368, 41.387159], [-73.353106, 41.387847], [-73.353368, 41.388633], [-73.354023, 41.389616], [-73.355071, 41.390795], [-73.355856, 41.392663], [-73.35638, 41.395218], [-73.356642, 41.398461], [-73.356642, 41.402391], [-73.35638, 41.405633], [-73.355856, 41.408188], [-73.355071, 41.410055], [-73.354023, 41.411234], [-73.353237, 41.412412], [-73.352714, 41.413591], [-73.352452, 41.41477], [-73.352452, 41.415949], [-73.353237, 41.417128], [-73.354809, 41.418307], [-73.357952, 41.41978], [-73.365023, 41.422432]], "type": "LineString"}}, {"type": "Feature", "properties": {}, "geometry": {"coordinates": [[-73.073777, 41.386275], [-73.073777, 41.389813], [-73.073646, 41.391483], [-73.073384, 41.392466], [-73.07286, 41.393252], [-73.071681, 41.394137]], "type": "LineString"}}, {"type": "Feature", "properties": {}, "geometry": {"coordinates": [[-72.436805, 41.386275], [-72.43471, 41.387847]], "type": "LineString"}}, {"type": "Feature", "properties": {}, "geometry": {"coordinates": [[-73.499123, 41.384702], [-73.503313, 41.386275]], "type": "LineString"}}, {"type": "Feature", "properties": {}, "geometry": {"coordinates": [[-73.497027, 41.384702], [-73.499123, 41.384702]], "type": "LineString"}}, {"type": "Feature", "properties": {}, "geometry": {"coordinates": [[-73.497027, 41.384702], [-73.492837, 41.390992]], "type": "LineString"}}, {"type": "Feature", "properties": {}, "geometry": {"coordinates": [[-73.444645, 41.384702], [-73.444645, 41.38942]], "type": "LineString"}}, {"type": "Feature", "properties": {}, "geometry": {"coordinates": [[-72.876818, 41.384702], [-72.874461, 41.386471], [-72.873414, 41.387454], [-72.87289, 41.38824], [-72.872628, 41.389027], [-72.872628, 41.389813], [-72.872497, 41.390501], [-72.872235, 41.39109], [-72.871711, 41.39168], [-72.870533, 41.392564]], "type": "LineString"}}, {"type": "Feature", "properties": {}, "geometry": {"coordinates": [[-72.030317, 41.384702], [-72.024031, 41.38942]], "type": "LineString"}}, {"type": "Feature", "properties": {}, "geometry": {"coordinates": [[-73.497027, 41.38313], [-73.497027, 41.384702]], "type": "LineString"}}, {"type": "Feature", "properties": {}, "geometry": {"coordinates": [[-73.008822, 41.38313], [-73.015894, 41.387552], [-73.019299, 41.389518], [-73.021394, 41.390501], [-73.022966, 41.390992], [-73.024013, 41.390992], [-73.025192, 41.391189], [-73.026501, 41.391582], [-73.027942, 41.392171], [-73.029513, 41.392958], [-73.030954, 41.393547], [-73.032264, 41.39394], [-73.033442, 41.394137], [-73.03449, 41.394137], [-73.035799, 41.394432], [-73.037371, 41.395021], [-73.039204, 41.395906], [-73.0413, 41.397085], [-73.043002, 41.397969], [-73.044312, 41.398559], [-73.045359, 41.398854], [-73.046538, 41.398854]], "type": "LineString"}}, {"type": "Feature", "properties": {}, "geometry": {"coordinates": [[-73.008822, 41.38313], [-73.004108, 41.384899], [-73.002013, 41.387651], [-73.000965, 41.391975], [-73.000441, 41.400033], [-73.000441, 41.417717]], "type": "LineString"}}, {"type": "Feature", "properties": {}, "geometry": {"coordinates": [[-71.969554, 41.38313], [-71.971911, 41.384014], [-71.972958, 41.384899], [-71.973482, 41.386078], [-71.973744, 41.388142], [-71.973744, 41.392564]], "type": "LineString"}}, {"type": "Feature", "properties": {}, "geometry": {"coordinates": [[-73.396453, 41.381557], [-73.396453, 41.38942]], "type": "LineString"}}, {"type": "Feature", "properties": {}, "geometry": {"coordinates": [[-72.910343, 41.381557], [-72.906807, 41.384211], [-72.904712, 41.386078], [-72.902879, 41.388044], [-72.900391, 41.39109], [-72.895676, 41.397281]], "type": "LineString"}}, {"type": "Feature", "properties": {}, "geometry": {"coordinates": [[-72.855865, 41.381557], [-72.854687, 41.382442], [-72.854163, 41.383228], [-72.853901, 41.384211], [-72.85377, 41.385488], [-72.85377, 41.387061], [-72.854032, 41.388535], [-72.854556, 41.389911], [-72.855604, 41.391483], [-72.857961, 41.394137]], "type": "LineString"}}, {"type": "Feature", "properties": {}, "geometry": {"coordinates": [[-72.099462, 41.381557], [-72.102998, 41.385095], [-72.104569, 41.387356], [-72.105355, 41.389518], [-72.105748, 41.391975], [-72.105748, 41.394726], [-72.10601, 41.396987], [-72.106534, 41.398755], [-72.10732, 41.400033], [-72.108367, 41.400819], [-72.109153, 41.4019], [-72.109677, 41.403275], [-72.109939, 41.404946], [-72.109939, 41.406911], [-72.109677, 41.408679], [-72.109153, 41.410251], [-72.108367, 41.411627], [-72.10732, 41.412805], [-72.106534, 41.414279], [-72.10601, 41.416047], [-72.105748, 41.41811], [-72.105748, 41.420468], [-72.105879, 41.422334], [-72.106141, 41.423709], [-72.106534, 41.424593], [-72.107058, 41.424986], [-72.107451, 41.426067], [-72.107712, 41.427835], [-72.107843, 41.431076], [-72.107843, 41.438147]], "type": "LineString"}}, {"type": "Feature", "properties": {}, "geometry": {"coordinates": [[-72.097367, 41.381557], [-72.099462, 41.381557]], "type": "LineString"}}, {"type": "Feature", "properties": {}, "geometry": {"coordinates": [[-71.843836, 41.381557], [-71.846193, 41.383326], [-71.848288, 41.384506], [-71.850907, 41.385685], [-71.85536, 41.387454], [-71.864789, 41.390992]], "type": "LineString"}}, {"type": "Feature", "properties": {}, "geometry": {"coordinates": [[-71.843836, 41.381557], [-71.839121, 41.381557], [-71.836895, 41.381655], [-71.835585, 41.381852], [-71.834538, 41.382245], [-71.833359, 41.38313]], "type": "LineString"}}, {"type": "Feature", "properties": {}, "geometry": {"coordinates": [[-73.526361, 41.379984], [-73.52754, 41.380869], [-73.528326, 41.381262], [-73.529112, 41.381459], [-73.53029, 41.381557], [-73.532647, 41.381557]], "type": "LineString"}}, {"type": "Feature", "properties": {}, "geometry": {"coordinates": [[-73.526361, 41.379984], [-73.515885, 41.386275]], "type": "LineString"}}, {"type": "Feature", "properties": {}, "geometry": {"coordinates": [[-73.126159, 41.379984], [-73.128516, 41.383523], [-73.129564, 41.385292], [-73.130088, 41.386471], [-73.13035, 41.387454], [-73.13035, 41.38824], [-73.130481, 41.388928], [-73.130743, 41.389518], [-73.131136, 41.390009], [-73.131659, 41.390402], [-73.132183, 41.390599], [-73.132707, 41.390599], [-73.133362, 41.390304], [-73.13454, 41.38942]], "type": "LineString"}}, {"type": "Feature", "properties": {}, "geometry": {"coordinates": [[-72.918724, 41.379984], [-72.923439, 41.382638], [-72.925534, 41.384506], [-72.926582, 41.386471], [-72.927106, 41.38883], [-72.927106, 41.391582], [-72.927237, 41.393744], [-72.927499, 41.395316], [-72.928022, 41.396397], [-72.929201, 41.397281]], "type": "LineString"}}, {"type": "Feature", "properties": {}, "geometry": {"coordinates": [[-72.918724, 41.379984], [-72.917546, 41.380869], [-72.916629, 41.381262], [-72.915582, 41.381459], [-72.913879, 41.381557], [-72.910343, 41.381557]], "type": "LineString"}}, {"type": "Feature", "properties": {}, "geometry": {"coordinates": [[-72.101557, 41.379984], [-72.099462, 41.381557]], "type": "LineString"}}, {"type": "Feature", "properties": {}, "geometry": {"coordinates": [[-72.003078, 41.379984], [-72.000721, 41.381754], [-71.999935, 41.382933], [-71.999935, 41.384112], [-72.000721, 41.385882], [-72.003078, 41.38942]], "type": "LineString"}}, {"type": "Feature", "properties": {}, "geometry": {"coordinates": [[-71.910885, 41.379984], [-71.9156, 41.384407], [-71.917695, 41.386766], [-71.918743, 41.388535], [-71.919266, 41.390206], [-71.919266, 41.391778], [-71.919397, 41.393056], [-71.919659, 41.394038], [-71.920052, 41.394726], [-71.920576, 41.395119], [-71.920838, 41.395513], [-71.920838, 41.395906], [-71.920576, 41.396299], [-71.920052, 41.396692], [-71.919659, 41.397871], [-71.919397, 41.399836], [-71.919266, 41.403472], [-71.919266, 41.41143]], "type": "LineString"}}, {"type": "Feature", "properties": {}, "geometry": {"coordinates": [[-73.126159, 41.378412], [-73.128254, 41.378412]], "type": "LineString"}}, {"type": "Feature", "properties": {}, "geometry": {"coordinates": [[-73.126159, 41.378412], [-73.126159, 41.379984]], "type": "LineString"}}, {"type": "Feature", "properties": {}, "geometry": {"coordinates": [[-71.91298, 41.378412], [-71.910885, 41.379984]], "type": "LineString"}}, {"type": "Feature", "properties": {}, "geometry": {"coordinates": [[-71.904599, 41.378412], [-71.905778, 41.379296], [-71.906564, 41.379689], [-71.907349, 41.379886], [-71.908528, 41.379984], [-71.910885, 41.379984]], "type": "LineString"}}, {"type": "Feature", "properties": {}, "geometry": {"coordinates": [[-71.902504, 41.378412], [-71.904599, 41.378412]], "type": "LineString"}}, {"type": "Feature", "properties": {}, "geometry": {"coordinates": [[-73.526361, 41.376839], [-73.526361, 41.379984]], "type": "LineString"}}, {"type": "Feature", "properties": {}, "geometry": {"coordinates": [[-73.471884, 41.376839], [-73.470705, 41.378608], [-73.47005, 41.379395], [-73.469526, 41.379788], [-73.469003, 41.379984], [-73.468479, 41.379984], [-73.467824, 41.380181], [-73.467038, 41.380574], [-73.466122, 41.381164], [-73.465074, 41.38195], [-73.464157, 41.382933], [-73.463372, 41.384112], [-73.462717, 41.385488], [-73.462193, 41.387061], [-73.461538, 41.388535], [-73.460752, 41.389911], [-73.459574, 41.391483], [-73.457217, 41.394137]], "type": "LineString"}}, {"type": "Feature", "properties": {}, "geometry": {"coordinates": [[-73.402739, 41.376839], [-73.396453, 41.381557]], "type": "LineString"}}, {"type": "Feature", "properties": {}, "geometry": {"coordinates": [[-72.076414, 41.397281], [-72.077592, 41.393744], [-72.077592, 41.391385], [-72.076807, 41.389027], [-72.075366, 41.386275], [-72.073271, 41.38313], [-72.071569, 41.380672], [-72.070259, 41.378903], [-72.069342, 41.377822], [-72.068818, 41.377429], [-72.068033, 41.377134], [-72.066985, 41.376937], [-72.065675, 41.376839], [-72.064104, 41.376839], [-72.062663, 41.376937], [-72.061354, 41.377134], [-72.059913, 41.377527], [-72.057556, 41.378412]], "type": "LineString"}}, {"type": "Feature", "properties": {}, "geometry": {"coordinates": [[-72.042889, 41.376839], [-72.044068, 41.377724], [-72.044853, 41.378117], [-72.045639, 41.378313], [-72.046818, 41.378412], [-72.049175, 41.378412]], "type": "LineString"}}, {"type": "Feature", "properties": {}, "geometry": {"coordinates": [[-72.042889, 41.376839], [-72.034508, 41.38313]], "type": "LineString"}}, {"type": "Feature", "properties": {}, "geometry": {"coordinates": [[-71.902504, 41.376839], [-71.902504, 41.378412]], "type": "LineString"}}, {"type": "Feature", "properties": {}, "geometry": {"coordinates": [[-73.419501, 41.375266], [-73.421858, 41.37792], [-73.423037, 41.379689], [-73.423823, 41.381459], [-73.424478, 41.383523], [-73.425001, 41.385882], [-73.425787, 41.387847], [-73.426835, 41.38942], [-73.428537, 41.390795], [-73.432073, 41.392564]], "type": "LineString"}}, {"type": "Feature", "properties": {}, "geometry": {"coordinates": [[-73.417406, 41.375266], [-73.419501, 41.375266]], "type": "LineString"}}, {"type": "Feature", "properties": {}, "geometry": {"coordinates": [[-73.417406, 41.375266], [-73.410334, 41.375266], [-73.40706, 41.375364], [-73.405227, 41.375561], [-73.403917, 41.375954], [-73.402739, 41.376839]], "type": "LineString"}}, {"type": "Feature", "properties": {}, "geometry": {"coordinates": [[-73.119873, 41.375266], [-73.126159, 41.378412]], "type": "LineString"}}, {"type": "Feature", "properties": {}, "geometry": {"coordinates": [[-73.117778, 41.375266], [-73.119873, 41.375266]], "type": "LineString"}}, {"type": "Feature", "properties": {}, "geometry": {"coordinates": [[-73.117778, 41.375266], [-73.116599, 41.376151], [-73.115552, 41.376642], [-73.114242, 41.377035], [-73.11254, 41.377429], [-73.110444, 41.377822], [-73.108218, 41.37851], [-73.105861, 41.379493], [-73.102718, 41.381164], [-73.096825, 41.384702]], "type": "LineString"}}, {"type": "Feature", "properties": {}, "geometry": {"coordinates": [[-72.862151, 41.375266], [-72.862151, 41.37792], [-72.86202, 41.379198], [-72.861759, 41.379984], [-72.861366, 41.380574], [-72.860842, 41.380967], [-72.860187, 41.381262], [-72.859401, 41.381459], [-72.858223, 41.381557], [-72.855865, 41.381557]], "type": "LineString"}}, {"type": "Feature", "properties": {}, "geometry": {"coordinates": [[-72.187465, 41.375266], [-72.185369, 41.376839]], "type": "LineString"}}, {"type": "Feature", "properties": {}, "geometry": {"coordinates": [[-72.162321, 41.375266], [-72.164416, 41.375266]], "type": "LineString"}}, {"type": "Feature", "properties": {}, "geometry": {"coordinates": [[-72.162321, 41.375266], [-72.161143, 41.376151], [-72.160619, 41.376839], [-72.160357, 41.377625], [-72.160226, 41.378608], [-72.160226, 41.379788], [-72.160095, 41.380771], [-72.159833, 41.381557], [-72.15944, 41.382147], [-72.158916, 41.38254], [-72.158523, 41.383228], [-72.158262, 41.384211], [-72.158131, 41.385488], [-72.158131, 41.387061], [-72.158, 41.388339], [-72.157738, 41.389321], [-72.157345, 41.390009], [-72.156821, 41.390402], [-72.156952, 41.39109], [-72.157738, 41.392073], [-72.159702, 41.393744], [-72.164416, 41.397281]], "type": "LineString"}}, {"type": "Feature", "properties": {}, "geometry": {"coordinates": [[-71.902504, 41.375266], [-71.902504, 41.376839]], "type": "LineString"}}, {"type": "Feature", "properties": {}, "geometry": {"coordinates": [[-73.419501, 41.373693], [-73.419501, 41.375266]], "type": "LineString"}}, {"type": "Feature", "properties": {}, "geometry": {"coordinates": [[-73.117778, 41.373693], [-73.117778, 41.375266]], "type": "LineString"}}, {"type": "Feature", "properties": {}, "geometry": {"coordinates": [[-72.422138, 41.373693], [-72.425674, 41.376347], [-72.427246, 41.377822], [-72.428031, 41.379001], [-72.428424, 41.380181], [-72.428424, 41.38136], [-72.428817, 41.38254], [-72.429603, 41.383719], [-72.431174, 41.385194], [-72.43471, 41.387847]], "type": "LineString"}}, {"type": "Feature", "properties": {}, "geometry": {"coordinates": [[-72.197941, 41.373693], [-72.194405, 41.373693], [-72.192572, 41.373792], [-72.191263, 41.373988], [-72.189822, 41.374381], [-72.187465, 41.375266]], "type": "LineString"}}, {"type": "Feature", "properties": {}, "geometry": {"coordinates": [[-73.398548, 41.370548], [-73.398548, 41.372317], [-73.39881, 41.3733], [-73.399334, 41.374087], [-73.400382, 41.37507], [-73.402739, 41.376839]], "type": "LineString"}}, {"type": "Feature", "properties": {}, "geometry": {"coordinates": [[-73.17016, 41.38942], [-73.168982, 41.388535], [-73.167934, 41.388142], [-73.166625, 41.387945], [-73.164922, 41.387847], [-73.162827, 41.387847], [-73.160994, 41.387749], [-73.159422, 41.387552], [-73.158113, 41.387257], [-73.157065, 41.386864], [-73.156148, 41.386471], [-73.155362, 41.386078], [-73.154708, 41.385685], [-73.154184, 41.385292], [-73.15366, 41.384604], [-73.153136, 41.383621], [-73.152612, 41.382343], [-73.152089, 41.380771], [-73.15091, 41.3791], [-73.149077, 41.37733], [-73.146588, 41.375463], [-73.143445, 41.373497], [-73.140433, 41.372514], [-73.137552, 41.372514], [-73.134148, 41.373988], [-73.128254, 41.378412]], "type": "LineString"}}, {"type": "Feature", "properties": {}, "geometry": {"coordinates": [[-72.929201, 41.370548], [-72.937582, 41.37212]], "type": "LineString"}}, {"type": "Feature", "properties": {}, "geometry": {"coordinates": [[-72.929201, 41.370548], [-72.918724, 41.379984]], "type": "LineString"}}, {"type": "Feature", "properties": {}, "geometry": {"coordinates": [[-72.88939, 41.370548], [-72.892926, 41.372317], [-72.895021, 41.373202], [-72.896855, 41.373792], [-72.898819, 41.374283], [-72.900914, 41.374676], [-72.902879, 41.375364], [-72.904712, 41.376347], [-72.906807, 41.378018], [-72.910343, 41.381557]], "type": "LineString"}}, {"type": "Feature", "properties": {}, "geometry": {"coordinates": [[-72.887295, 41.370548], [-72.88939, 41.370548]], "type": "LineString"}}, {"type": "Feature", "properties": {}, "geometry": {"coordinates": [[-72.887295, 41.370548], [-72.884938, 41.372317], [-72.883759, 41.373497], [-72.882973, 41.374676], [-72.882188, 41.376446], [-72.881009, 41.379984]], "type": "LineString"}}, {"type": "Feature", "properties": {}, "geometry": {"coordinates": [[-72.208418, 41.370548], [-72.211954, 41.370548], [-72.213656, 41.370646], [-72.214704, 41.370843], [-72.215489, 41.371137], [-72.216013, 41.371531], [-72.21693, 41.371727], [-72.21824, 41.371727], [-72.220466, 41.371432], [-72.22518, 41.370548]], "type": "LineString"}}, {"type": "Feature", "properties": {}, "geometry": {"coordinates": [[-72.887295, 41.368975], [-72.887295, 41.370548]], "type": "LineString"}}, {"type": "Feature", "properties": {}, "geometry": {"coordinates": [[-72.583476, 41.368975], [-72.583476, 41.370548]], "type": "LineString"}}, {"type": "Feature", "properties": {}, "geometry": {"coordinates": [[-72.042889, 41.368975], [-72.044068, 41.369859], [-72.044461, 41.370646], [-72.044461, 41.371629], [-72.044068, 41.3733], [-72.042889, 41.376839]], "type": "LineString"}}, {"type": "Feature", "properties": {}, "geometry": {"coordinates": [[-73.008822, 41.367402], [-73.008822, 41.370941], [-73.008953, 41.372612], [-73.009215, 41.373595], [-73.009608, 41.374283], [-73.010132, 41.374676], [-73.010525, 41.375266], [-73.010787, 41.376053], [-73.010918, 41.377035], [-73.010918, 41.378215], [-73.010787, 41.379296], [-73.010525, 41.380279], [-73.010001, 41.38136], [-73.008822, 41.38313]], "type": "LineString"}}, {"type": "Feature", "properties": {}, "geometry": {"coordinates": [[-72.851675, 41.367402], [-72.851675, 41.373595], [-72.851937, 41.376544], [-72.852461, 41.378313], [-72.853508, 41.379788], [-72.855865, 41.381557]], "type": "LineString"}}, {"type": "Feature", "properties": {}, "geometry": {"coordinates": [[-72.635859, 41.367402], [-72.637038, 41.368287], [-72.637561, 41.369466], [-72.637823, 41.371236], [-72.637954, 41.373693], [-72.637954, 41.376839], [-72.638085, 41.379296], [-72.638347, 41.381065], [-72.63874, 41.382147], [-72.639264, 41.38254], [-72.639657, 41.38313], [-72.639919, 41.383916], [-72.64005, 41.384899], [-72.64005, 41.386078], [-72.640442, 41.387257], [-72.641228, 41.388437], [-72.642407, 41.389616], [-72.643978, 41.390795], [-72.645288, 41.392171], [-72.646335, 41.393744], [-72.647121, 41.395513], [-72.647645, 41.397478], [-72.6483, 41.399148], [-72.649086, 41.400524], [-72.650002, 41.401605], [-72.65105, 41.402391], [-72.651836, 41.403275], [-72.652359, 41.404258], [-72.652621, 41.405339], [-72.652621, 41.406518], [-72.65249, 41.4075], [-72.652229, 41.408286], [-72.651836, 41.408876], [-72.651312, 41.409269], [-72.65105, 41.409662], [-72.65105, 41.410055], [-72.651312, 41.410448], [-72.651836, 41.410841], [-72.652229, 41.411332], [-72.65249, 41.411921], [-72.652621, 41.412609], [-72.652621, 41.413395], [-72.652883, 41.414181], [-72.653407, 41.414967], [-72.654193, 41.415753], [-72.655241, 41.416539], [-72.655764, 41.417324], [-72.655764, 41.41811], [-72.655241, 41.418896], [-72.654193, 41.419682], [-72.653407, 41.420664], [-72.652883, 41.421843], [-72.652621, 41.423218], [-72.652621, 41.42479], [-72.652359, 41.426165], [-72.651836, 41.427344], [-72.65105, 41.428326], [-72.650002, 41.429112], [-72.649217, 41.430094], [-72.648693, 41.431272], [-72.648431, 41.432647], [-72.648431, 41.434219], [-72.6483, 41.435495], [-72.648038, 41.436477], [-72.647514, 41.437263], [-72.646335, 41.438147]], "type": "LineString"}}, {"type": "Feature", "properties": {}, "geometry": {"coordinates": [[-72.602334, 41.367402], [-72.603513, 41.368287], [-72.604037, 41.369663], [-72.604299, 41.371826], [-72.604429, 41.374873], [-72.604429, 41.378805], [-72.604299, 41.38195], [-72.604037, 41.384309], [-72.603513, 41.386078], [-72.602334, 41.387847]], "type": "LineString"}}, {"type": "Feature", "properties": {}, "geometry": {"coordinates": [[-72.095272, 41.367402], [-72.09645, 41.368287], [-72.096974, 41.368876], [-72.097236, 41.369466], [-72.097367, 41.370351], [-72.097367, 41.37212]], "type": "LineString"}}, {"type": "Feature", "properties": {}, "geometry": {"coordinates": [[-72.799292, 41.365829], [-72.800471, 41.366714], [-72.801257, 41.367107], [-72.802042, 41.367303], [-72.802959, 41.367402], [-72.804007, 41.367402], [-72.805054, 41.367598], [-72.806102, 41.367992], [-72.807412, 41.368778], [-72.809769, 41.370548]], "type": "LineString"}}, {"type": "Feature", "properties": {}, "geometry": {"coordinates": [[-72.799292, 41.365829], [-72.796935, 41.367598], [-72.795888, 41.368778], [-72.795364, 41.369958], [-72.795102, 41.371334], [-72.795102, 41.372907], [-72.794971, 41.374185], [-72.794709, 41.375168], [-72.794316, 41.375856], [-72.793792, 41.376249], [-72.79353, 41.376741], [-72.79353, 41.37733], [-72.793792, 41.378018], [-72.794316, 41.378805], [-72.794578, 41.379591], [-72.794578, 41.380377], [-72.794316, 41.381164], [-72.793792, 41.38195], [-72.793399, 41.383228], [-72.793137, 41.384997], [-72.793006, 41.387257], [-72.793006, 41.390009], [-72.792745, 41.39227], [-72.792221, 41.394038], [-72.791435, 41.395316], [-72.790387, 41.396102], [-72.789471, 41.396692], [-72.788685, 41.397085], [-72.787899, 41.397281], [-72.786721, 41.397281]], "type": "LineString"}}, {"type": "Feature", "properties": {}, "geometry": {"coordinates": [[-72.635859, 41.365829], [-72.635859, 41.367402]], "type": "LineString"}}, {"type": "Feature", "properties": {}, "geometry": {"coordinates": [[-72.633764, 41.365829], [-72.635859, 41.365829]], "type": "LineString"}}, {"type": "Feature", "properties": {}, "geometry": {"coordinates": [[-72.602334, 41.365829], [-72.602334, 41.367402]], "type": "LineString"}}, {"type": "Feature", "properties": {}, "geometry": {"coordinates": [[-72.600239, 41.365829], [-72.602334, 41.365829]], "type": "LineString"}}, {"type": "Feature", "properties": {}, "geometry": {"coordinates": [[-72.600239, 41.365829], [-72.596703, 41.365829], [-72.595001, 41.365927], [-72.593953, 41.366124], [-72.593167, 41.366419], [-72.592643, 41.366812], [-72.591858, 41.367107], [-72.59081, 41.367303], [-72.5895, 41.367402], [-72.587929, 41.367402], [-72.586619, 41.3675], [-72.585572, 41.367697], [-72.584655, 41.36809], [-72.583476, 41.368975]], "type": "LineString"}}, {"type": "Feature", "properties": {}, "geometry": {"coordinates": [[-72.095272, 41.365829], [-72.095272, 41.367402]], "type": "LineString"}}, {"type": "Feature", "properties": {}, "geometry": {"coordinates": [[-72.093176, 41.365829], [-72.095272, 41.365829]], "type": "LineString"}}, {"type": "Feature", "properties": {}, "geometry": {"coordinates": [[-71.871074, 41.365829], [-71.875789, 41.369368], [-71.878015, 41.370941], [-71.879325, 41.371727], [-71.880241, 41.37212], [-71.880765, 41.37212], [-71.881551, 41.372415], [-71.882599, 41.373005], [-71.883908, 41.37389], [-71.88548, 41.37507], [-71.886789, 41.375954], [-71.887837, 41.376544], [-71.888623, 41.376839], [-71.889146, 41.376839], [-71.889801, 41.377134], [-71.890587, 41.377724], [-71.891504, 41.378608], [-71.892551, 41.379788], [-71.893599, 41.380672], [-71.894647, 41.381262], [-71.895694, 41.381557], [-71.896742, 41.381557], [-71.89779, 41.38136], [-71.898837, 41.380967], [-71.900147, 41.380181], [-71.902504, 41.378412]], "type": "LineString"}}, {"type": "Feature", "properties": {}, "geometry": {"coordinates": [[-72.92501, 41.364256], [-72.929201, 41.370548]], "type": "LineString"}}, {"type": "Feature", "properties": {}, "geometry": {"coordinates": [[-72.922915, 41.364256], [-72.92501, 41.364256]], "type": "LineString"}}, {"type": "Feature", "properties": {}, "geometry": {"coordinates": [[-72.8852, 41.364256], [-72.887295, 41.368975]], "type": "LineString"}}, {"type": "Feature", "properties": {}, "geometry": {"coordinates": [[-72.562523, 41.364256], [-72.562523, 41.378412], [-72.562131, 41.384997], [-72.561345, 41.388732], [-72.560166, 41.391189], [-72.558595, 41.392368], [-72.557023, 41.393252], [-72.555452, 41.393842], [-72.55388, 41.394137], [-72.552309, 41.394137], [-72.550999, 41.394235], [-72.549952, 41.394432], [-72.549166, 41.394726], [-72.548642, 41.395119], [-72.547464, 41.395414], [-72.54563, 41.395611], [-72.543142, 41.395709], [-72.539999, 41.395709], [-72.53738, 41.395513], [-72.535285, 41.395119], [-72.533713, 41.39453], [-72.532665, 41.393744], [-72.531356, 41.393154], [-72.529784, 41.392761], [-72.527951, 41.392564], [-72.525856, 41.392564], [-72.524153, 41.392663], [-72.522844, 41.392859], [-72.521927, 41.393154], [-72.521403, 41.393547], [-72.520617, 41.393842], [-72.51957, 41.394038], [-72.51826, 41.394137], [-72.516689, 41.394137], [-72.515248, 41.394333], [-72.513939, 41.394726], [-72.51276, 41.395316], [-72.511712, 41.396102], [-72.509879, 41.396888], [-72.50726, 41.397674], [-72.503855, 41.398461], [-72.499664, 41.399247], [-72.496129, 41.400033], [-72.493248, 41.400819], [-72.491021, 41.401605], [-72.48945, 41.402391], [-72.487486, 41.402882], [-72.485128, 41.403079], [-72.481593, 41.402882], [-72.474521, 41.401998]], "type": "LineString"}}, {"type": "Feature", "properties": {}, "geometry": {"coordinates": [[-71.868979, 41.364256], [-71.871074, 41.365829]], "type": "LineString"}}, {"type": "Feature", "properties": {}, "geometry": {"coordinates": [[-71.868979, 41.364256], [-71.863086, 41.369565], [-71.859943, 41.37212], [-71.857586, 41.373693], [-71.85536, 41.374873], [-71.853264, 41.375659], [-71.8513, 41.376544], [-71.849467, 41.377527], [-71.847371, 41.378903], [-71.843836, 41.381557]], "type": "LineString"}}, {"type": "Feature", "properties": {}, "geometry": {"coordinates": [[-73.423692, 41.362683], [-73.419501, 41.373693]], "type": "LineString"}}, {"type": "Feature", "properties": {}, "geometry": {"coordinates": [[-72.583476, 41.368975], [-72.576405, 41.365435], [-72.572869, 41.363862], [-72.570512, 41.363076], [-72.568547, 41.362683], [-72.566976, 41.362683], [-72.565666, 41.362781], [-72.564619, 41.362978], [-72.563702, 41.363371], [-72.562523, 41.364256]], "type": "LineString"}}, {"type": "Feature", "properties": {}, "geometry": {"coordinates": [[-72.160226, 41.362683], [-72.160226, 41.368876], [-72.160357, 41.371727], [-72.160619, 41.3733], [-72.161143, 41.374381], [-72.162321, 41.375266]], "type": "LineString"}}, {"type": "Feature", "properties": {}, "geometry": {"coordinates": [[-72.078509, 41.362683], [-72.082045, 41.364452], [-72.08414, 41.365239], [-72.085974, 41.365632], [-72.088462, 41.365829], [-72.093176, 41.365829]], "type": "LineString"}}, {"type": "Feature", "properties": {}, "geometry": {"coordinates": [[-72.076414, 41.362683], [-72.078509, 41.362683]], "type": "LineString"}}, {"type": "Feature", "properties": {}, "geometry": {"coordinates": [[-72.843294, 41.36111], [-72.843294, 41.362879], [-72.843425, 41.363764], [-72.843687, 41.364354], [-72.844079, 41.364846], [-72.844603, 41.365239], [-72.845258, 41.365534], [-72.846044, 41.36573], [-72.84696, 41.365829], [-72.848008, 41.365829], [-72.848925, 41.365927], [-72.849711, 41.366124], [-72.850496, 41.366517], [-72.851675, 41.367402]], "type": "LineString"}}, {"type": "Feature", "properties": {}, "geometry": {"coordinates": [[-72.705004, 41.36111], [-72.705004, 41.362683]], "type": "LineString"}}, {"type": "Feature", "properties": {}, "geometry": {"coordinates": [[-72.633764, 41.365829], [-72.632585, 41.364944], [-72.631668, 41.364551], [-72.630621, 41.364354], [-72.629311, 41.364256], [-72.62774, 41.364256], [-72.626168, 41.364059], [-72.624597, 41.363666], [-72.623025, 41.363076], [-72.621454, 41.362289], [-72.619751, 41.361699], [-72.617918, 41.361306], [-72.615954, 41.36111], [-72.613858, 41.36111], [-72.611763, 41.361404], [-72.609668, 41.361994], [-72.607049, 41.363174], [-72.602334, 41.365829]], "type": "LineString"}}, {"type": "Feature", "properties": {}, "geometry": {"coordinates": [[-72.558333, 41.36111], [-72.562523, 41.364256]], "type": "LineString"}}, {"type": "Feature", "properties": {}, "geometry": {"coordinates": [[-72.556238, 41.36111], [-72.558333, 41.36111]], "type": "LineString"}}, {"type": "Feature", "properties": {}, "geometry": {"coordinates": [[-72.556238, 41.36111], [-72.551523, 41.36111], [-72.549297, 41.361208], [-72.547987, 41.361404], [-72.547071, 41.361699], [-72.546547, 41.362093], [-72.546023, 41.362289], [-72.545499, 41.362289], [-72.544975, 41.362093], [-72.544452, 41.361699], [-72.542749, 41.361404], [-72.539868, 41.361208], [-72.535808, 41.36111], [-72.53057, 41.36111], [-72.526511, 41.361208], [-72.523629, 41.361404], [-72.521927, 41.361699], [-72.521403, 41.362093], [-72.519308, 41.362388], [-72.515641, 41.362584], [-72.510403, 41.362683], [-72.503593, 41.362683], [-72.498355, 41.362781], [-72.494688, 41.362978], [-72.492593, 41.363273], [-72.492069, 41.363666], [-72.491414, 41.363961], [-72.490629, 41.364157], [-72.489712, 41.364256], [-72.488664, 41.364256], [-72.487355, 41.364452], [-72.485783, 41.364846], [-72.48395, 41.365435], [-72.481854, 41.366222], [-72.480021, 41.367008], [-72.47845, 41.367795], [-72.47714, 41.368581], [-72.476092, 41.369368], [-72.474914, 41.369958], [-72.473604, 41.370351], [-72.472164, 41.370548], [-72.470592, 41.370548], [-72.469152, 41.370449], [-72.467842, 41.370253], [-72.466664, 41.369958], [-72.465616, 41.369565], [-72.464568, 41.369466], [-72.463521, 41.369663], [-72.462473, 41.370154], [-72.461425, 41.370941], [-72.460378, 41.371531], [-72.45933, 41.371924], [-72.458282, 41.37212], [-72.457235, 41.37212], [-72.456318, 41.372219], [-72.455532, 41.372415], [-72.454877, 41.37271], [-72.454354, 41.373104], [-72.45383, 41.373595], [-72.453306, 41.374185], [-72.452782, 41.374873], [-72.452258, 41.375659], [-72.451865, 41.376544], [-72.451604, 41.377527], [-72.451473, 41.378608], [-72.451473, 41.379788], [-72.451211, 41.380869], [-72.450687, 41.381852], [-72.449639, 41.382933], [-72.447282, 41.384702]], "type": "LineString"}}, {"type": "Feature", "properties": {}, "geometry": {"coordinates": [[-72.170702, 41.36111], [-72.187465, 41.375266]], "type": "LineString"}}, {"type": "Feature", "properties": {}, "geometry": {"coordinates": [[-72.162321, 41.36111], [-72.170702, 41.36111]], "type": "LineString"}}, {"type": "Feature", "properties": {}, "geometry": {"coordinates": [[-72.160226, 41.36111], [-72.162321, 41.36111]], "type": "LineString"}}, {"type": "Feature", "properties": {}, "geometry": {"coordinates": [[-72.160226, 41.36111], [-72.160226, 41.362683]], "type": "LineString"}}, {"type": "Feature", "properties": {}, "geometry": {"coordinates": [[-72.078509, 41.36111], [-72.078509, 41.362683]], "type": "LineString"}}, {"type": "Feature", "properties": {}, "geometry": {"coordinates": [[-72.717576, 41.359536], [-72.718754, 41.360421], [-72.719278, 41.361306], [-72.71954, 41.362486], [-72.719671, 41.364059], [-72.719671, 41.366025], [-72.71954, 41.367697], [-72.719278, 41.369073], [-72.718885, 41.370154], [-72.718361, 41.370941], [-72.716004, 41.373104], [-72.711814, 41.376642], [-72.703825, 41.38313], [-72.686146, 41.397281]], "type": "LineString"}}, {"type": "Feature", "properties": {}, "geometry": {"coordinates": [[-72.717576, 41.359536], [-72.711683, 41.359536], [-72.708933, 41.359635], [-72.707361, 41.359831], [-72.706182, 41.360225], [-72.705004, 41.36111]], "type": "LineString"}}, {"type": "Feature", "properties": {}, "geometry": {"coordinates": [[-72.673574, 41.359536], [-72.673574, 41.36111]], "type": "LineString"}}, {"type": "Feature", "properties": {}, "geometry": {"coordinates": [[-72.558333, 41.359536], [-72.558333, 41.36111]], "type": "LineString"}}, {"type": "Feature", "properties": {}, "geometry": {"coordinates": [[-72.417948, 41.359536], [-72.417948, 41.36111]], "type": "LineString"}}, {"type": "Feature", "properties": {}, "geometry": {"coordinates": [[-72.103653, 41.359536], [-72.104831, 41.360421], [-72.105879, 41.360815], [-72.107189, 41.361011], [-72.108891, 41.36111], [-72.110986, 41.36111], [-72.112951, 41.361404], [-72.114784, 41.361994], [-72.116879, 41.363174], [-72.120415, 41.365829]], "type": "LineString"}}, {"type": "Feature", "properties": {}, "geometry": {"coordinates": [[-72.101557, 41.359536], [-72.103653, 41.359536]], "type": "LineString"}}, {"type": "Feature", "properties": {}, "geometry": {"coordinates": [[-72.101557, 41.359536], [-72.095272, 41.365829]], "type": "LineString"}}, {"type": "Feature", "properties": {}, "geometry": {"coordinates": [[-73.117778, 41.373693], [-73.117778, 41.370154], [-73.117385, 41.368287], [-73.116599, 41.36691], [-73.115421, 41.365632], [-73.113849, 41.364452], [-73.112671, 41.363371], [-73.111885, 41.362388], [-73.111492, 41.361503], [-73.111492, 41.360716], [-73.111361, 41.360028], [-73.111099, 41.359438], [-73.110706, 41.358946], [-73.110183, 41.358553], [-73.109397, 41.358258], [-73.108349, 41.358062], [-73.10704, 41.357963], [-73.105468, 41.357963], [-73.103897, 41.358258], [-73.102325, 41.358848], [-73.100361, 41.360028], [-73.096825, 41.362683]], "type": "LineString"}}, {"type": "Feature", "properties": {}, "geometry": {"coordinates": [[-72.705004, 41.36111], [-72.703825, 41.360225], [-72.702909, 41.359831], [-72.701861, 41.359635], [-72.700551, 41.359536], [-72.69898, 41.359536], [-72.69767, 41.359438], [-72.696623, 41.359241], [-72.695837, 41.358946], [-72.695313, 41.358553], [-72.693742, 41.358258], [-72.691123, 41.358062], [-72.687456, 41.357963], [-72.682741, 41.357963], [-72.679075, 41.358062], [-72.676455, 41.358258], [-72.674753, 41.358651], [-72.673574, 41.359536]], "type": "LineString"}}, {"type": "Feature", "properties": {}, "geometry": {"coordinates": [[-72.417948, 41.357963], [-72.420043, 41.357963]], "type": "LineString"}}, {"type": "Feature", "properties": {}, "geometry": {"coordinates": [[-72.417948, 41.357963], [-72.417948, 41.359536]], "type": "LineString"}}, {"type": "Feature", "properties": {}, "geometry": {"coordinates": [[-72.103653, 41.357963], [-72.103653, 41.359536]], "type": "LineString"}}, {"type": "Feature", "properties": {}, "geometry": {"coordinates": [[-71.91298, 41.357963], [-71.915338, 41.361503], [-71.916385, 41.363273], [-71.916909, 41.364452], [-71.917171, 41.365632], [-71.917171, 41.367402]], "type": "LineString"}}, {"type": "Feature", "properties": {}, "geometry": {"coordinates": [[-71.833359, 41.357963], [-71.834538, 41.358848], [-71.835062, 41.360028], [-71.835323, 41.361798], [-71.835454, 41.364256], [-71.835454, 41.367402], [-71.835192, 41.369859], [-71.834669, 41.371629], [-71.833621, 41.372809], [-71.831264, 41.373693]], "type": "LineString"}}, {"type": "Feature", "properties": {}, "geometry": {"coordinates": [[-71.831264, 41.357963], [-71.833359, 41.357963]], "type": "LineString"}}, {"type": "Feature", "properties": {}, "geometry": {"coordinates": [[-73.465598, 41.35639], [-73.467955, 41.35816], [-73.469003, 41.359241], [-73.469526, 41.360225], [-73.469788, 41.361601], [-73.469788, 41.364256]], "type": "LineString"}}, {"type": "Feature", "properties": {}, "geometry": {"coordinates": [[-73.463502, 41.35639], [-73.465598, 41.35639]], "type": "LineString"}}, {"type": "Feature", "properties": {}, "geometry": {"coordinates": [[-73.463502, 41.35639], [-73.462324, 41.357275], [-73.4618, 41.357865], [-73.461538, 41.358455], [-73.461407, 41.35934], [-73.461407, 41.36111]], "type": "LineString"}}, {"type": "Feature", "properties": {}, "geometry": {"coordinates": [[-72.864247, 41.35639], [-72.866342, 41.35639]], "type": "LineString"}}, {"type": "Feature", "properties": {}, "geometry": {"coordinates": [[-72.862151, 41.35639], [-72.864247, 41.35639]], "type": "LineString"}}, {"type": "Feature", "properties": {}, "geometry": {"coordinates": [[-72.862151, 41.35639], [-72.851675, 41.367402]], "type": "LineString"}}, {"type": "Feature", "properties": {}, "geometry": {"coordinates": [[-72.673574, 41.359536], [-72.671217, 41.357767], [-72.669384, 41.35698], [-72.667288, 41.356587], [-72.664669, 41.35639], [-72.661526, 41.35639], [-72.658776, 41.356685], [-72.656419, 41.357275], [-72.654455, 41.35816], [-72.652883, 41.35934], [-72.651312, 41.360225], [-72.64974, 41.360815], [-72.648169, 41.36111], [-72.646597, 41.36111], [-72.644895, 41.361404], [-72.643062, 41.361994], [-72.640573, 41.363174], [-72.635859, 41.365829]], "type": "LineString"}}, {"type": "Feature", "properties": {}, "geometry": {"coordinates": [[-72.294325, 41.35639], [-72.294325, 41.35993], [-72.294063, 41.361896], [-72.293539, 41.363469], [-72.292754, 41.365042], [-72.291706, 41.366615], [-72.29092, 41.36809], [-72.290396, 41.369466], [-72.290134, 41.370744], [-72.290134, 41.371924], [-72.290004, 41.372907], [-72.289742, 41.373693], [-72.289349, 41.374283], [-72.288825, 41.374676], [-72.288432, 41.375659], [-72.28817, 41.377232], [-72.288039, 41.379395], [-72.288039, 41.382147], [-72.287908, 41.384309], [-72.287646, 41.385882], [-72.287253, 41.386864], [-72.28673, 41.387257], [-72.286337, 41.387749], [-72.286075, 41.388339], [-72.285944, 41.389223], [-72.285944, 41.390992]], "type": "LineString"}}, {"type": "Feature", "properties": {}, "geometry": {"coordinates": [[-72.254514, 41.35639], [-72.256872, 41.35816], [-72.257919, 41.35934], [-72.258443, 41.36052], [-72.258705, 41.361896], [-72.258705, 41.363469], [-72.258836, 41.364747], [-72.259098, 41.36573], [-72.259491, 41.366419], [-72.260015, 41.366812], [-72.260407, 41.367893], [-72.260669, 41.369663], [-72.2608, 41.372907], [-72.2608, 41.379984]], "type": "LineString"}}, {"type": "Feature", "properties": {}, "geometry": {"coordinates": [[-72.254514, 41.35639], [-72.248621, 41.35993], [-72.245609, 41.361601], [-72.243514, 41.362584], [-72.241681, 41.363273], [-72.240109, 41.363666], [-72.238538, 41.364256], [-72.236966, 41.365042], [-72.235002, 41.36632], [-72.231466, 41.368975]], "type": "LineString"}}, {"type": "Feature", "properties": {}, "geometry": {"coordinates": [[-72.003078, 41.35639], [-72.004257, 41.357275], [-72.00465, 41.358258], [-72.00465, 41.359635], [-72.004257, 41.362093], [-72.003078, 41.367402]], "type": "LineString"}}, {"type": "Feature", "properties": {}, "geometry": {"coordinates": [[-72.003078, 41.35639], [-71.990507, 41.357963]], "type": "LineString"}}, {"type": "Feature", "properties": {}, "geometry": {"coordinates": [[-73.465598, 41.354817], [-73.465598, 41.35639]], "type": "LineString"}}, {"type": "Feature", "properties": {}, "geometry": {"coordinates": [[-72.862151, 41.354817], [-72.862151, 41.35639]], "type": "LineString"}}, {"type": "Feature", "properties": {}, "geometry": {"coordinates": [[-72.413757, 41.354817], [-72.417948, 41.357963]], "type": "LineString"}}, {"type": "Feature", "properties": {}, "geometry": {"coordinates": [[-72.411662, 41.354817], [-72.413757, 41.354817]], "type": "LineString"}}, {"type": "Feature", "properties": {}, "geometry": {"coordinates": [[-72.411662, 41.354817], [-72.410483, 41.355702], [-72.409698, 41.356095], [-72.408912, 41.356292], [-72.407733, 41.35639], [-72.405376, 41.35639]], "type": "LineString"}}, {"type": "Feature", "properties": {}, "geometry": {"coordinates": [[-72.294325, 41.354817], [-72.294325, 41.35639]], "type": "LineString"}}, {"type": "Feature", "properties": {}, "geometry": {"coordinates": [[-72.29223, 41.354817], [-72.294325, 41.354817]], "type": "LineString"}}, {"type": "Feature", "properties": {}, "geometry": {"coordinates": [[-71.868979, 41.364256], [-71.864265, 41.361601], [-71.861122, 41.360225], [-71.857979, 41.359241], [-71.854312, 41.358357], [-71.850121, 41.35757], [-71.846848, 41.356882], [-71.84449, 41.356292], [-71.84305, 41.3558], [-71.842526, 41.355407], [-71.841871, 41.355112], [-71.841086, 41.354915], [-71.840169, 41.354817], [-71.839121, 41.354817], [-71.838074, 41.355013], [-71.837026, 41.355407], [-71.835716, 41.356193], [-71.833359, 41.357963]], "type": "LineString"}}, {"type": "Feature", "properties": {}, "geometry": {"coordinates": [[-72.725957, 41.353243], [-72.728052, 41.353243]], "type": "LineString"}}, {"type": "Feature", "properties": {}, "geometry": {"coordinates": [[-72.725957, 41.353243], [-72.717576, 41.359536]], "type": "LineString"}}, {"type": "Feature", "properties": {}, "geometry": {"coordinates": [[-72.413757, 41.353243], [-72.413757, 41.354817]], "type": "LineString"}}, {"type": "Feature", "properties": {}, "geometry": {"coordinates": [[-72.271277, 41.353243], [-72.269181, 41.354817]], "type": "LineString"}}, {"type": "Feature", "properties": {}, "geometry": {"coordinates": [[-72.210513, 41.353243], [-72.212608, 41.353243]], "type": "LineString"}}, {"type": "Feature", "properties": {}, "geometry": {"coordinates": [[-72.210513, 41.353243], [-72.209334, 41.354128], [-72.20868, 41.354915], [-72.208156, 41.355898], [-72.207501, 41.35757], [-72.206322, 41.36111]], "type": "LineString"}}, {"type": "Feature", "properties": {}, "geometry": {"coordinates": [[-73.258163, 41.35167], [-73.259342, 41.352555], [-73.259866, 41.35344], [-73.260127, 41.35462], [-73.260258, 41.356193], [-73.260258, 41.35816], [-73.260782, 41.360126], [-73.26183, 41.362093], [-73.263401, 41.364059], [-73.265497, 41.366025], [-73.267068, 41.367992], [-73.268116, 41.369958], [-73.26864, 41.371924], [-73.26864, 41.37389], [-73.269556, 41.376053], [-73.27139, 41.378412], [-73.27414, 41.380967], [-73.277807, 41.383719], [-73.281735, 41.387552], [-73.285926, 41.392466], [-73.291557, 41.400229], [-73.302164, 41.416146]], "type": "LineString"}}, {"type": "Feature", "properties": {}, "geometry": {"coordinates": [[-73.084253, 41.35167], [-73.084253, 41.35344], [-73.084122, 41.354325], [-73.08386, 41.354915], [-73.083467, 41.355407], [-73.082944, 41.3558], [-73.082551, 41.356488], [-73.082289, 41.357472], [-73.082158, 41.35875], [-73.082158, 41.360323], [-73.082289, 41.361601], [-73.082551, 41.362584], [-73.082944, 41.363273], [-73.083467, 41.363666], [-73.083729, 41.364059], [-73.083729, 41.364452], [-73.083467, 41.364846], [-73.082944, 41.365239], [-73.082551, 41.366025], [-73.082289, 41.367205], [-73.082158, 41.36927], [-73.082158, 41.373693]], "type": "LineString"}}, {"type": "Feature", "properties": {}, "geometry": {"coordinates": [[-72.725957, 41.35167], [-72.725957, 41.353243]], "type": "LineString"}}, {"type": "Feature", "properties": {}, "geometry": {"coordinates": [[-72.29223, 41.354817], [-72.289873, 41.353932], [-72.288432, 41.353538], [-72.287122, 41.353342], [-72.285682, 41.353243], [-72.284111, 41.353243], [-72.282801, 41.353145], [-72.281753, 41.352948], [-72.280968, 41.352653], [-72.280444, 41.35226], [-72.279658, 41.351965], [-72.27861, 41.351768], [-72.277301, 41.35167], [-72.275729, 41.35167], [-72.27442, 41.351768], [-72.273372, 41.351965], [-72.272455, 41.352358], [-72.271277, 41.353243]], "type": "LineString"}}, {"type": "Feature", "properties": {}, "geometry": {"coordinates": [[-72.103653, 41.35167], [-72.103653, 41.357963]], "type": "LineString"}}, {"type": "Feature", "properties": {}, "geometry": {"coordinates": [[-73.084253, 41.350097], [-73.084253, 41.35167]], "type": "LineString"}}, {"type": "Feature", "properties": {}, "geometry": {"coordinates": [[-73.082158, 41.350097], [-73.084253, 41.350097]], "type": "LineString"}}, {"type": "Feature", "properties": {}, "geometry": {"coordinates": [[-72.933392, 41.350097], [-72.935749, 41.350982], [-72.937189, 41.351375], [-72.938499, 41.351572], [-72.939939, 41.35167], [-72.941511, 41.35167], [-72.94282, 41.351768], [-72.943868, 41.351965], [-72.944654, 41.35226], [-72.945178, 41.352653], [-72.946094, 41.352948], [-72.947404, 41.353145], [-72.949106, 41.353243], [-72.951202, 41.353243], [-72.953035, 41.35344], [-72.954607, 41.353833], [-72.955916, 41.354423], [-72.956964, 41.35521], [-72.958142, 41.3558], [-72.959452, 41.356193], [-72.961285, 41.35639], [-72.964821, 41.35639]], "type": "LineString"}}, {"type": "Feature", "properties": {}, "geometry": {"coordinates": [[-72.933392, 41.350097], [-72.932213, 41.350982], [-72.931689, 41.35167], [-72.931427, 41.352457], [-72.931296, 41.35344], [-72.931296, 41.35462], [-72.930903, 41.355997], [-72.930118, 41.35757], [-72.928546, 41.359831], [-72.92501, 41.364256]], "type": "LineString"}}, {"type": "Feature", "properties": {}, "geometry": {"coordinates": [[-72.103653, 41.350097], [-72.105748, 41.350097]], "type": "LineString"}}, {"type": "Feature", "properties": {}, "geometry": {"coordinates": [[-72.103653, 41.350097], [-72.103653, 41.35167]], "type": "LineString"}}, {"type": "Feature", "properties": {}, "geometry": {"coordinates": [[-72.931296, 41.348523], [-72.933392, 41.350097]], "type": "LineString"}}, {"type": "Feature", "properties": {}, "geometry": {"coordinates": [[-72.126701, 41.348523], [-72.125522, 41.349408], [-72.124999, 41.350195], [-72.124737, 41.351178], [-72.124606, 41.35285], [-72.124606, 41.35639]], "type": "LineString"}}, {"type": "Feature", "properties": {}, "geometry": {"coordinates": [[-72.101557, 41.348523], [-72.103653, 41.350097]], "type": "LineString"}}, {"type": "Feature", "properties": {}, "geometry": {"coordinates": [[-72.099462, 41.348523], [-72.101557, 41.348523]], "type": "LineString"}}, {"type": "Feature", "properties": {}, "geometry": {"coordinates": [[-72.095272, 41.348523], [-72.099462, 41.348523]], "type": "LineString"}}, {"type": "Feature", "properties": {}, "geometry": {"coordinates": [[-72.072223, 41.348523], [-72.075759, 41.352063], [-72.077331, 41.35403], [-72.078116, 41.355603], [-72.078509, 41.35757], [-72.078509, 41.36111]], "type": "LineString"}}, {"type": "Feature", "properties": {}, "geometry": {"coordinates": [[-72.068033, 41.348523], [-72.072223, 41.348523]], "type": "LineString"}}, {"type": "Feature", "properties": {}, "geometry": {"coordinates": [[-72.009364, 41.348523], [-72.011722, 41.348523], [-72.0129, 41.348622], [-72.013686, 41.348818], [-72.014341, 41.349113], [-72.014864, 41.349507], [-72.017484, 41.349802], [-72.022198, 41.349998], [-72.029008, 41.350097], [-72.037913, 41.350097], [-72.044853, 41.35049], [-72.04983, 41.351277], [-72.052842, 41.352457], [-72.053889, 41.35403], [-72.054937, 41.355407], [-72.055985, 41.356587], [-72.057032, 41.35757], [-72.05808, 41.358357], [-72.05939, 41.358946], [-72.060961, 41.35934], [-72.062794, 41.359536], [-72.06489, 41.359536], [-72.066723, 41.359733], [-72.068295, 41.360126], [-72.069604, 41.360716], [-72.070652, 41.361503], [-72.071699, 41.362093], [-72.072747, 41.362486], [-72.074057, 41.362683], [-72.076414, 41.362683]], "type": "LineString"}}, {"type": "Feature", "properties": {}, "geometry": {"coordinates": [[-72.009364, 41.348523], [-72.008186, 41.349408], [-72.007662, 41.349998], [-72.0074, 41.350588], [-72.007269, 41.351277], [-72.007269, 41.352063], [-72.007007, 41.35285], [-72.006483, 41.353637], [-72.005436, 41.35462], [-72.003078, 41.35639]], "type": "LineString"}}, {"type": "Feature", "properties": {}, "geometry": {"coordinates": [[-72.552047, 41.34695], [-72.555583, 41.35049], [-72.557154, 41.352457], [-72.55794, 41.35403], [-72.558333, 41.355997], [-72.558333, 41.359536]], "type": "LineString"}}, {"type": "Feature", "properties": {}, "geometry": {"coordinates": [[-72.2608, 41.34695], [-72.261979, 41.347835], [-72.262765, 41.348228], [-72.26355, 41.348425], [-72.264467, 41.348523], [-72.265515, 41.348523], [-72.266562, 41.348818], [-72.26761, 41.349408], [-72.26892, 41.350588], [-72.271277, 41.353243]], "type": "LineString"}}, {"type": "Feature", "properties": {}, "geometry": {"coordinates": [[-72.2608, 41.34695], [-72.258443, 41.34872], [-72.257264, 41.3499], [-72.256479, 41.35108], [-72.255693, 41.35285], [-72.254514, 41.35639]], "type": "LineString"}}, {"type": "Feature", "properties": {}, "geometry": {"coordinates": [[-72.135082, 41.34695], [-72.138618, 41.349605], [-72.140582, 41.350883], [-72.142154, 41.35167], [-72.143725, 41.35226], [-72.145297, 41.352653], [-72.146737, 41.353145], [-72.148047, 41.353735], [-72.149226, 41.354423], [-72.150273, 41.35521], [-72.151321, 41.3558], [-72.152369, 41.356193], [-72.153416, 41.35639], [-72.154464, 41.35639], [-72.155511, 41.356685], [-72.156559, 41.357275], [-72.157869, 41.358455], [-72.160226, 41.36111]], "type": "LineString"}}, {"type": "Feature", "properties": {}, "geometry": {"coordinates": [[-72.135082, 41.34695], [-72.133904, 41.347835], [-72.132987, 41.348228], [-72.131939, 41.348425], [-72.130237, 41.348523], [-72.126701, 41.348523]], "type": "LineString"}}, {"type": "Feature", "properties": {}, "geometry": {"coordinates": [[-72.101557, 41.34695], [-72.101557, 41.348523]], "type": "LineString"}}, {"type": "Feature", "properties": {}, "geometry": {"coordinates": [[-72.411662, 41.345376], [-72.41284, 41.346261], [-72.413364, 41.347048], [-72.413626, 41.348032], [-72.413757, 41.349703], [-72.413757, 41.353243]], "type": "LineString"}}, {"type": "Feature", "properties": {}, "geometry": {"coordinates": [[-72.409567, 41.345376], [-72.411662, 41.345376]], "type": "LineString"}}, {"type": "Feature", "properties": {}, "geometry": {"coordinates": [[-72.137178, 41.345376], [-72.135082, 41.34695]], "type": "LineString"}}, {"type": "Feature", "properties": {}, "geometry": {"coordinates": [[-73.086348, 41.343803], [-73.086348, 41.346458], [-73.086218, 41.347737], [-73.085956, 41.348523], [-73.085432, 41.349212], [-73.084253, 41.350097]], "type": "LineString"}}, {"type": "Feature", "properties": {}, "geometry": {"coordinates": [[-72.206322, 41.343803], [-72.206322, 41.347343], [-72.206584, 41.349113], [-72.207108, 41.350293], [-72.208156, 41.351473], [-72.210513, 41.353243]], "type": "LineString"}}, {"type": "Feature", "properties": {}, "geometry": {"coordinates": [[-72.120415, 41.343803], [-72.126701, 41.348523]], "type": "LineString"}}, {"type": "Feature", "properties": {}, "geometry": {"coordinates": [[-72.120415, 41.343803], [-72.115701, 41.346458], [-72.113344, 41.347638], [-72.111772, 41.348228], [-72.110463, 41.348523], [-72.109415, 41.348523], [-72.108498, 41.348622], [-72.107712, 41.348818], [-72.106927, 41.349212], [-72.105748, 41.350097]], "type": "LineString"}}, {"type": "Feature", "properties": {}, "geometry": {"coordinates": [[-71.933933, 41.365829], [-71.935112, 41.365829], [-71.935898, 41.365632], [-71.936684, 41.365239], [-71.9376, 41.364649], [-71.938648, 41.363862], [-71.940088, 41.363273], [-71.941922, 41.362879], [-71.944148, 41.362683], [-71.946767, 41.362683], [-71.949255, 41.362388], [-71.951613, 41.361798], [-71.953839, 41.360913], [-71.955934, 41.359733], [-71.957244, 41.358455], [-71.957768, 41.357078], [-71.957506, 41.355603], [-71.956458, 41.35403], [-71.955279, 41.352752], [-71.95397, 41.351768], [-71.952529, 41.35108], [-71.950958, 41.350687], [-71.949255, 41.349998], [-71.947422, 41.349015], [-71.945458, 41.347737], [-71.943362, 41.346163], [-71.94166, 41.345081], [-71.94035, 41.344491], [-71.939303, 41.344491], [-71.938124, 41.345376]], "type": "LineString"}}, {"type": "Feature", "properties": {}, "geometry": {"coordinates": [[-71.90879, 41.354817], [-71.90879, 41.353047], [-71.908528, 41.352063], [-71.908004, 41.351277], [-71.907218, 41.35049], [-71.906171, 41.349703], [-71.905385, 41.349015], [-71.904861, 41.348425], [-71.904599, 41.347933], [-71.904599, 41.34754], [-71.904337, 41.347048], [-71.903814, 41.346458], [-71.903028, 41.34577], [-71.90198, 41.344983], [-71.901063, 41.344393], [-71.900278, 41.344], [-71.899623, 41.343803], [-71.899099, 41.343803], [-71.898444, 41.344], [-71.897659, 41.344393], [-71.896742, 41.344983], [-71.895694, 41.34577], [-71.894909, 41.346458], [-71.894385, 41.347048], [-71.894123, 41.34754], [-71.894123, 41.347933], [-71.893861, 41.348327], [-71.893337, 41.34872], [-71.892551, 41.349113], [-71.891504, 41.349507], [-71.889539, 41.350785], [-71.886658, 41.352948], [-71.881682, 41.35698], [-71.871074, 41.365829]], "type": "LineString"}}, {"type": "Feature", "properties": {}, "geometry": {"coordinates": [[-72.901962, 41.342229], [-72.901962, 41.344], [-72.902617, 41.345081], [-72.903926, 41.346065], [-72.905891, 41.347147], [-72.90851, 41.348327], [-72.910605, 41.349113], [-72.912177, 41.349507], [-72.913224, 41.349507], [-72.913748, 41.349113], [-72.914534, 41.348818], [-72.915582, 41.348622], [-72.916891, 41.348523], [-72.918463, 41.348523], [-72.919772, 41.348622], [-72.92082, 41.348818], [-72.921606, 41.349113], [-72.922129, 41.349507], [-72.923046, 41.349703], [-72.924356, 41.349703], [-72.926582, 41.349408], [-72.931296, 41.348523]], "type": "LineString"}}, {"type": "Feature", "properties": {}, "geometry": {"coordinates": [[-72.206322, 41.342229], [-72.208418, 41.342229]], "type": "LineString"}}, {"type": "Feature", "properties": {}, "geometry": {"coordinates": [[-72.206322, 41.342229], [-72.206322, 41.343803]], "type": "LineString"}}, {"type": "Feature", "properties": {}, "geometry": {"coordinates": [[-72.074319, 41.342229], [-72.075497, 41.344], [-72.075759, 41.344983], [-72.075497, 41.34577], [-72.074581, 41.346753], [-72.072223, 41.348523]], "type": "LineString"}}, {"type": "Feature", "properties": {}, "geometry": {"coordinates": [[-72.975298, 41.340656], [-72.975298, 41.342229]], "type": "LineString"}}, {"type": "Feature", "properties": {}, "geometry": {"coordinates": [[-72.721766, 41.340656], [-72.721766, 41.342426], [-72.722028, 41.343409], [-72.722552, 41.344196], [-72.723338, 41.344983], [-72.724385, 41.34577], [-72.725171, 41.346655], [-72.725695, 41.347638], [-72.725957, 41.349015], [-72.725957, 41.35167]], "type": "LineString"}}, {"type": "Feature", "properties": {}, "geometry": {"coordinates": [[-72.166512, 41.340656], [-72.168869, 41.341541], [-72.169917, 41.342131], [-72.17044, 41.342721], [-72.170702, 41.343409], [-72.170702, 41.344196], [-72.170833, 41.344885], [-72.171095, 41.345475], [-72.171488, 41.345966], [-72.172012, 41.34636], [-72.172405, 41.347442], [-72.172667, 41.349212], [-72.172798, 41.35167], [-72.172798, 41.354817], [-72.172667, 41.357275], [-72.172405, 41.359045], [-72.171881, 41.360225], [-72.170702, 41.36111]], "type": "LineString"}}, {"type": "Feature", "properties": {}, "geometry": {"coordinates": [[-73.528457, 41.339082], [-73.530552, 41.340656]], "type": "LineString"}}, {"type": "Feature", "properties": {}, "geometry": {"coordinates": [[-73.528457, 41.339082], [-73.5261, 41.340852], [-73.524528, 41.341738], [-73.522957, 41.342328], [-73.521123, 41.342819], [-73.519028, 41.343213], [-73.517326, 41.343606], [-73.516016, 41.344], [-73.514968, 41.344491], [-73.51379, 41.345376]], "type": "LineString"}}, {"type": "Feature", "properties": {}, "geometry": {"coordinates": [[-73.046538, 41.339082], [-73.044181, 41.341738], [-73.043133, 41.343705], [-73.042609, 41.345868], [-73.042347, 41.34931], [-73.042347, 41.35639]], "type": "LineString"}}, {"type": "Feature", "properties": {}, "geometry": {"coordinates": [[-72.977393, 41.339082], [-72.979488, 41.339082]], "type": "LineString"}}, {"type": "Feature", "properties": {}, "geometry": {"coordinates": [[-72.975298, 41.339082], [-72.977393, 41.339082]], "type": "LineString"}}, {"type": "Feature", "properties": {}, "geometry": {"coordinates": [[-72.975298, 41.339082], [-72.975298, 41.340656]], "type": "LineString"}}, {"type": "Feature", "properties": {}, "geometry": {"coordinates": [[-72.319469, 41.339082], [-72.320647, 41.339967], [-72.321171, 41.340754], [-72.321433, 41.341738], [-72.321564, 41.343016], [-72.321564, 41.34459], [-72.321826, 41.345966], [-72.32235, 41.347147], [-72.323135, 41.34813], [-72.324183, 41.348917], [-72.325493, 41.349507], [-72.327064, 41.3499], [-72.328898, 41.350097], [-72.330993, 41.350097], [-72.332826, 41.350392], [-72.334398, 41.350982], [-72.335707, 41.351867], [-72.336755, 41.353047], [-72.337541, 41.354227], [-72.338064, 41.355407], [-72.338326, 41.356587], [-72.338326, 41.357767], [-72.338719, 41.359143], [-72.339505, 41.360716], [-72.340684, 41.362486], [-72.342255, 41.364452], [-72.343565, 41.36691], [-72.344612, 41.369859], [-72.345529, 41.374283], [-72.346708, 41.38313]], "type": "LineString"}}, {"type": "Feature", "properties": {}, "geometry": {"coordinates": [[-72.311087, 41.339082], [-72.319469, 41.339082]], "type": "LineString"}}, {"type": "Feature", "properties": {}, "geometry": {"coordinates": [[-72.311087, 41.339082], [-72.307552, 41.341738], [-72.305849, 41.343311], [-72.304802, 41.344688], [-72.304016, 41.346163], [-72.303492, 41.347737], [-72.302575, 41.349212], [-72.301266, 41.350588], [-72.29904, 41.352162], [-72.294325, 41.354817]], "type": "LineString"}}, {"type": "Feature", "properties": {}, "geometry": {"coordinates": [[-73.071681, 41.337508], [-73.071681, 41.341049], [-73.072336, 41.343016], [-73.073646, 41.34459], [-73.076265, 41.346557], [-73.082158, 41.350097]], "type": "LineString"}}, {"type": "Feature", "properties": {}, "geometry": {"coordinates": [[-73.046538, 41.337508], [-73.048633, 41.337508]], "type": "LineString"}}, {"type": "Feature", "properties": {}, "geometry": {"coordinates": [[-73.046538, 41.337508], [-73.046538, 41.339082]], "type": "LineString"}}, {"type": "Feature", "properties": {}, "geometry": {"coordinates": [[-72.935487, 41.337508], [-72.934308, 41.338394], [-72.933784, 41.339279], [-72.933523, 41.340459], [-72.933392, 41.342033], [-72.933392, 41.344], [-72.933261, 41.345573], [-72.932999, 41.346753], [-72.932475, 41.347638], [-72.931296, 41.348523]], "type": "LineString"}}, {"type": "Feature", "properties": {}, "geometry": {"coordinates": [[-72.795102, 41.337508], [-72.79628, 41.342819], [-72.796935, 41.345278], [-72.797459, 41.346655], [-72.797983, 41.34754], [-72.798507, 41.347933], [-72.7989, 41.348523], [-72.799161, 41.34931], [-72.799292, 41.350293], [-72.799292, 41.351473], [-72.799423, 41.352457], [-72.799685, 41.353243], [-72.800078, 41.353833], [-72.800602, 41.354227], [-72.800995, 41.355013], [-72.801257, 41.356193], [-72.801388, 41.357767], [-72.801388, 41.359733], [-72.801257, 41.361404], [-72.800995, 41.362781], [-72.800471, 41.364059], [-72.799292, 41.365829]], "type": "LineString"}}, {"type": "Feature", "properties": {}, "geometry": {"coordinates": [[-72.120415, 41.337508], [-72.120415, 41.343803]], "type": "LineString"}}, {"type": "Feature", "properties": {}, "geometry": {"coordinates": [[-72.948059, 41.335935], [-72.954345, 41.340656]], "type": "LineString"}}, {"type": "Feature", "properties": {}, "geometry": {"coordinates": [[-72.948059, 41.335935], [-72.935487, 41.337508]], "type": "LineString"}}, {"type": "Feature", "properties": {}, "geometry": {"coordinates": [[-73.054919, 41.334361], [-73.056098, 41.335246], [-73.057407, 41.33564], [-73.059241, 41.335836], [-73.061729, 41.335935], [-73.064872, 41.335935], [-73.06736, 41.336033], [-73.069193, 41.33623], [-73.070503, 41.336623], [-73.071681, 41.337508]], "type": "LineString"}}, {"type": "Feature", "properties": {}, "geometry": {"coordinates": [[-73.052824, 41.334361], [-73.054919, 41.334361]], "type": "LineString"}}, {"type": "Feature", "properties": {}, "geometry": {"coordinates": [[-73.052824, 41.334361], [-73.048633, 41.337508]], "type": "LineString"}}, {"type": "Feature", "properties": {}, "geometry": {"coordinates": [[-73.006727, 41.334361], [-73.005548, 41.335246], [-73.004632, 41.33564], [-73.003584, 41.335836], [-73.002275, 41.335935], [-73.000703, 41.335935], [-72.999132, 41.336131], [-72.99756, 41.336525], [-72.995989, 41.337115], [-72.994417, 41.337902], [-72.992977, 41.338394], [-72.991667, 41.33859], [-72.990227, 41.338394], [-72.987869, 41.337508]], "type": "LineString"}}, {"type": "Feature", "properties": {}, "geometry": {"coordinates": [[-72.85377, 41.334361], [-72.855865, 41.334361]], "type": "LineString"}}, {"type": "Feature", "properties": {}, "geometry": {"coordinates": [[-72.85377, 41.334361], [-72.851675, 41.335935]], "type": "LineString"}}, {"type": "Feature", "properties": {}, "geometry": {"coordinates": [[-71.990507, 41.334361], [-71.992864, 41.335246], [-71.994697, 41.33623], [-71.996792, 41.337607], [-71.999412, 41.339475], [-72.002555, 41.341836], [-72.005043, 41.343803], [-72.006876, 41.345376], [-72.008186, 41.346753], [-72.009364, 41.348523]], "type": "LineString"}}, {"type": "Feature", "properties": {}, "geometry": {"coordinates": [[-71.990507, 41.334361], [-71.988149, 41.336131], [-71.987102, 41.337017], [-71.986578, 41.337607], [-71.986316, 41.338197], [-71.986316, 41.339082]], "type": "LineString"}}, {"type": "Feature", "properties": {}, "geometry": {"coordinates": [[-73.052824, 41.332787], [-73.052824, 41.334361]], "type": "LineString"}}, {"type": "Feature", "properties": {}, "geometry": {"coordinates": [[-72.929201, 41.332787], [-72.935487, 41.337508]], "type": "LineString"}}, {"type": "Feature", "properties": {}, "geometry": {"coordinates": [[-72.376042, 41.332787], [-72.379578, 41.338099], [-72.381542, 41.340754], [-72.383113, 41.342524], [-72.384685, 41.344], [-72.386256, 41.34518], [-72.387435, 41.346163], [-72.388221, 41.34695], [-72.388614, 41.34754], [-72.388614, 41.347933], [-72.389137, 41.34872], [-72.390185, 41.3499], [-72.39228, 41.351965], [-72.396995, 41.35639]], "type": "LineString"}}, {"type": "Feature", "properties": {}, "geometry": {"coordinates": [[-72.321564, 41.332787], [-72.322743, 41.334558], [-72.323005, 41.335541], [-72.322743, 41.336328], [-72.321826, 41.337312], [-72.319469, 41.339082]], "type": "LineString"}}, {"type": "Feature", "properties": {}, "geometry": {"coordinates": [[-72.308992, 41.332787], [-72.308992, 41.335443], [-72.309123, 41.336722], [-72.309385, 41.337508], [-72.309909, 41.338197], [-72.311087, 41.339082]], "type": "LineString"}}, {"type": "Feature", "properties": {}, "geometry": {"coordinates": [[-71.988411, 41.332787], [-71.990507, 41.334361]], "type": "LineString"}}, {"type": "Feature", "properties": {}, "geometry": {"coordinates": [[-71.984221, 41.332787], [-71.988411, 41.332787]], "type": "LineString"}}, {"type": "Feature", "properties": {}, "geometry": {"coordinates": [[-73.205781, 41.331213], [-73.205781, 41.33564], [-73.20565, 41.337705], [-73.205388, 41.338885], [-73.204995, 41.339672], [-73.204471, 41.340066], [-73.204078, 41.340656], [-73.203816, 41.341443], [-73.203685, 41.342426], [-73.203685, 41.343606], [-73.203161, 41.344885], [-73.202114, 41.346261], [-73.200542, 41.347737], [-73.198447, 41.34931], [-73.196876, 41.350687], [-73.195828, 41.351867], [-73.195304, 41.35285], [-73.195304, 41.353637], [-73.195173, 41.354325], [-73.194911, 41.354915], [-73.194518, 41.355407], [-73.193995, 41.3558], [-73.193602, 41.356488], [-73.19334, 41.357472], [-73.193209, 41.35875], [-73.193209, 41.360323], [-73.193078, 41.361699], [-73.192816, 41.362879], [-73.192292, 41.364059], [-73.191113, 41.365829]], "type": "LineString"}}, {"type": "Feature", "properties": {}, "geometry": {"coordinates": [[-73.046538, 41.337508], [-73.045359, 41.336623], [-73.044181, 41.33623], [-73.042609, 41.336033], [-73.040514, 41.335935], [-73.037895, 41.335935], [-73.035799, 41.335836], [-73.034228, 41.33564], [-73.03318, 41.335345], [-73.032656, 41.334951], [-73.031871, 41.334656], [-73.030823, 41.334459], [-73.029513, 41.334361], [-73.027942, 41.334361], [-73.026371, 41.334164], [-73.024799, 41.333771], [-73.023228, 41.333181], [-73.021656, 41.332394], [-73.020347, 41.331804], [-73.019299, 41.33141], [-73.018513, 41.331213], [-73.017989, 41.331213], [-73.017335, 41.33141], [-73.016549, 41.331804], [-73.015632, 41.332394], [-73.014584, 41.333181], [-73.013406, 41.333771], [-73.012096, 41.334164], [-73.010263, 41.334361], [-73.006727, 41.334361]], "type": "LineString"}}, {"type": "Feature", "properties": {}, "geometry": {"coordinates": [[-73.203685, 41.329639], [-73.205781, 41.331213]], "type": "LineString"}}, {"type": "Feature", "properties": {}, "geometry": {"coordinates": [[-73.09473, 41.329639], [-73.098266, 41.33141], [-73.099837, 41.332394], [-73.100623, 41.333181], [-73.101016, 41.334164], [-73.101016, 41.335935]], "type": "LineString"}}, {"type": "Feature", "properties": {}, "geometry": {"coordinates": [[-73.092634, 41.329639], [-73.09473, 41.329639]], "type": "LineString"}}, {"type": "Feature", "properties": {}, "geometry": {"coordinates": [[-73.092634, 41.329639], [-73.088444, 41.331213]], "type": "LineString"}}, {"type": "Feature", "properties": {}, "geometry": {"coordinates": [[-73.004632, 41.329639], [-73.004632, 41.33141], [-73.004763, 41.332295], [-73.005025, 41.332886], [-73.005548, 41.333476], [-73.006727, 41.334361]], "type": "LineString"}}, {"type": "Feature", "properties": {}, "geometry": {"coordinates": [[-72.958535, 41.329639], [-72.962071, 41.332295], [-72.963904, 41.333476], [-72.965214, 41.334066], [-72.966393, 41.334361], [-72.96744, 41.334361], [-72.968619, 41.334656], [-72.969928, 41.335246], [-72.971762, 41.336426], [-72.975298, 41.339082]], "type": "LineString"}}, {"type": "Feature", "properties": {}, "geometry": {"coordinates": [[-72.95644, 41.329639], [-72.958535, 41.329639]], "type": "LineString"}}, {"type": "Feature", "properties": {}, "geometry": {"coordinates": [[-72.954345, 41.329639], [-72.95644, 41.329639]], "type": "LineString"}}, {"type": "Feature", "properties": {}, "geometry": {"coordinates": [[-72.954345, 41.329639], [-72.948059, 41.335935]], "type": "LineString"}}, {"type": "Feature", "properties": {}, "geometry": {"coordinates": [[-72.851675, 41.329639], [-72.851675, 41.33141], [-72.851806, 41.332295], [-72.852068, 41.332886], [-72.852592, 41.333476], [-72.85377, 41.334361]], "type": "LineString"}}, {"type": "Feature", "properties": {}, "geometry": {"coordinates": [[-72.774149, 41.329639], [-72.776506, 41.329639], [-72.778601, 41.330131], [-72.78122, 41.331115], [-72.785673, 41.333082], [-72.795102, 41.337508]], "type": "LineString"}}, {"type": "Feature", "properties": {}, "geometry": {"coordinates": [[-72.18956, 41.329639], [-72.191917, 41.333181], [-72.193751, 41.335148], [-72.195846, 41.336722], [-72.199251, 41.338689], [-72.206322, 41.342229]], "type": "LineString"}}, {"type": "Feature", "properties": {}, "geometry": {"coordinates": [[-72.187465, 41.329639], [-72.18956, 41.329639]], "type": "LineString"}}, {"type": "Feature", "properties": {}, "geometry": {"coordinates": [[-72.091081, 41.329639], [-72.093438, 41.334066], [-72.094879, 41.336426], [-72.096188, 41.338197], [-72.097629, 41.339869], [-72.0992, 41.341443], [-72.100379, 41.342819], [-72.101165, 41.344], [-72.101557, 41.34518], [-72.101557, 41.34695]], "type": "LineString"}}, {"type": "Feature", "properties": {}, "geometry": {"coordinates": [[-73.09473, 41.328066], [-73.09473, 41.329639]], "type": "LineString"}}, {"type": "Feature", "properties": {}, "geometry": {"coordinates": [[-72.958535, 41.328066], [-72.958535, 41.329639]], "type": "LineString"}}, {"type": "Feature", "properties": {}, "geometry": {"coordinates": [[-72.954345, 41.328066], [-72.954345, 41.329639]], "type": "LineString"}}, {"type": "Feature", "properties": {}, "geometry": {"coordinates": [[-72.931296, 41.328066], [-72.931296, 41.329836], [-72.931165, 41.330721], [-72.930903, 41.331312], [-72.93038, 41.331902], [-72.929201, 41.332787]], "type": "LineString"}}, {"type": "Feature", "properties": {}, "geometry": {"coordinates": [[-72.870533, 41.328066], [-72.870533, 41.331607], [-72.870009, 41.333771], [-72.868961, 41.335738], [-72.86739, 41.337902], [-72.865294, 41.340262], [-72.863723, 41.342721], [-72.862675, 41.345278], [-72.862151, 41.348622], [-72.862151, 41.354817]], "type": "LineString"}}, {"type": "Feature", "properties": {}, "geometry": {"coordinates": [[-72.813959, 41.328066], [-72.815138, 41.328951], [-72.817757, 41.329246], [-72.82221, 41.329246], [-72.828627, 41.329049], [-72.837008, 41.328656], [-72.843425, 41.328459], [-72.847877, 41.328459], [-72.850496, 41.328754], [-72.851675, 41.329639]], "type": "LineString"}}, {"type": "Feature", "properties": {}, "geometry": {"coordinates": [[-72.813959, 41.328066], [-72.809245, 41.332492], [-72.806626, 41.334459], [-72.804531, 41.335443], [-72.802435, 41.335935], [-72.80034, 41.335935], [-72.798638, 41.336033], [-72.797328, 41.33623], [-72.79628, 41.336623], [-72.795102, 41.337508]], "type": "LineString"}}, {"type": "Feature", "properties": {}, "geometry": {"coordinates": [[-72.179084, 41.328066], [-72.175548, 41.328066], [-72.173583, 41.328262], [-72.172012, 41.328656], [-72.17044, 41.329246], [-72.168869, 41.330033], [-72.167036, 41.330623], [-72.16494, 41.331017], [-72.162583, 41.331213], [-72.159964, 41.331213], [-72.157869, 41.331312], [-72.156297, 41.331508], [-72.15525, 41.331804], [-72.154726, 41.332197], [-72.154202, 41.332886], [-72.153678, 41.333869], [-72.153154, 41.335148], [-72.15263, 41.336722], [-72.151321, 41.338295], [-72.149226, 41.339869], [-72.145428, 41.341836], [-72.137178, 41.345376]], "type": "LineString"}}, {"type": "Feature", "properties": {}, "geometry": {"coordinates": [[-73.077967, 41.326492], [-73.077967, 41.329148], [-73.077574, 41.330721], [-73.076789, 41.332099], [-73.075217, 41.333967], [-73.071681, 41.337508]], "type": "LineString"}}, {"type": "Feature", "properties": {}, "geometry": {"coordinates": [[-72.908248, 41.326492], [-72.911784, 41.328262], [-72.913879, 41.329049], [-72.915712, 41.329443], [-72.917677, 41.329639], [-72.919772, 41.329639], [-72.921606, 41.329836], [-72.923177, 41.33023], [-72.924487, 41.33082], [-72.925534, 41.331607], [-72.926451, 41.332197], [-72.927237, 41.33259], [-72.928022, 41.332787], [-72.929201, 41.332787]], "type": "LineString"}}, {"type": "Feature", "properties": {}, "geometry": {"coordinates": [[-72.908248, 41.326492], [-72.904057, 41.329639]], "type": "LineString"}}, {"type": "Feature", "properties": {}, "geometry": {"coordinates": [[-72.870533, 41.326492], [-72.870533, 41.328066]], "type": "LineString"}}, {"type": "Feature", "properties": {}, "geometry": {"coordinates": [[-72.868437, 41.326492], [-72.870533, 41.326492]], "type": "LineString"}}, {"type": "Feature", "properties": {}, "geometry": {"coordinates": [[-72.868437, 41.326492], [-72.861366, 41.326492], [-72.857961, 41.326688], [-72.855865, 41.327082], [-72.854032, 41.327869], [-72.851675, 41.329639]], "type": "LineString"}}, {"type": "Feature", "properties": {}, "geometry": {"coordinates": [[-72.227275, 41.326492], [-72.227275, 41.329148], [-72.227145, 41.330525], [-72.226883, 41.331508], [-72.22649, 41.332394], [-72.225966, 41.333181], [-72.22518, 41.334066], [-72.224133, 41.335049], [-72.222823, 41.336131], [-72.221252, 41.337312], [-72.219549, 41.338295], [-72.217716, 41.339082], [-72.215751, 41.339672], [-72.213656, 41.340066], [-72.211954, 41.340459], [-72.210644, 41.340852], [-72.209596, 41.341344], [-72.208418, 41.342229]], "type": "LineString"}}, {"type": "Feature", "properties": {}, "geometry": {"coordinates": [[-73.476074, 41.324918], [-73.473717, 41.328459], [-73.472669, 41.330328], [-73.472146, 41.331705], [-73.471884, 41.332984], [-73.471884, 41.334164], [-73.471753, 41.335148], [-73.471491, 41.335935], [-73.471098, 41.336525], [-73.470574, 41.336918], [-73.470181, 41.337902], [-73.469919, 41.339475], [-73.469788, 41.341639], [-73.469788, 41.344393], [-73.469526, 41.346852], [-73.469003, 41.349015], [-73.467955, 41.351277], [-73.465598, 41.354817]], "type": "LineString"}}, {"type": "Feature", "properties": {}, "geometry": {"coordinates": [[-73.136636, 41.324918], [-73.136636, 41.329344], [-73.13716, 41.331508], [-73.138207, 41.332886], [-73.140302, 41.334164], [-73.145017, 41.335935]], "type": "LineString"}}, {"type": "Feature", "properties": {}, "geometry": {"coordinates": [[-73.113587, 41.324918], [-73.113587, 41.326492]], "type": "LineString"}}, {"type": "Feature", "properties": {}, "geometry": {"coordinates": [[-72.872628, 41.324918], [-72.874723, 41.324918]], "type": "LineString"}}, {"type": "Feature", "properties": {}, "geometry": {"coordinates": [[-72.872628, 41.324918], [-72.870533, 41.326492]], "type": "LineString"}}, {"type": "Feature", "properties": {}, "geometry": {"coordinates": [[-72.755291, 41.324918], [-72.760006, 41.328459], [-72.76197, 41.330131], [-72.762756, 41.331115], [-72.762887, 41.331804], [-72.762363, 41.332197], [-72.76197, 41.332689], [-72.761708, 41.333279], [-72.761577, 41.333967], [-72.761577, 41.334754], [-72.761053, 41.335738], [-72.760006, 41.336918], [-72.758434, 41.338295], [-72.756339, 41.339869], [-72.754374, 41.341147], [-72.752541, 41.342131], [-72.750839, 41.342819], [-72.749267, 41.343213], [-72.747696, 41.343803], [-72.746124, 41.34459], [-72.744553, 41.345573], [-72.742981, 41.346753], [-72.741017, 41.347933], [-72.73866, 41.349113], [-72.735124, 41.350588], [-72.728052, 41.353243]], "type": "LineString"}}, {"type": "Feature", "properties": {}, "geometry": {"coordinates": [[-72.229371, 41.324918], [-72.231466, 41.324918]], "type": "LineString"}}, {"type": "Feature", "properties": {}, "geometry": {"coordinates": [[-72.227275, 41.324918], [-72.229371, 41.324918]], "type": "LineString"}}, {"type": "Feature", "properties": {}, "geometry": {"coordinates": [[-72.227275, 41.324918], [-72.227275, 41.326492]], "type": "LineString"}}, {"type": "Feature", "properties": {}, "geometry": {"coordinates": [[-73.138731, 41.323344], [-73.136636, 41.324918]], "type": "LineString"}}, {"type": "Feature", "properties": {}, "geometry": {"coordinates": [[-73.113587, 41.323344], [-73.113587, 41.324918]], "type": "LineString"}}, {"type": "Feature", "properties": {}, "geometry": {"coordinates": [[-73.111492, 41.323344], [-73.113587, 41.323344]], "type": "LineString"}}, {"type": "Feature", "properties": {}, "geometry": {"coordinates": [[-73.096825, 41.323344], [-73.111492, 41.323344]], "type": "LineString"}}, {"type": "Feature", "properties": {}, "geometry": {"coordinates": [[-73.096825, 41.323344], [-73.095646, 41.324229], [-73.095123, 41.324819], [-73.094861, 41.325409], [-73.09473, 41.326295], [-73.09473, 41.328066]], "type": "LineString"}}, {"type": "Feature", "properties": {}, "geometry": {"coordinates": [[-72.962726, 41.323344], [-72.966916, 41.324918]], "type": "LineString"}}, {"type": "Feature", "properties": {}, "geometry": {"coordinates": [[-72.962726, 41.323344], [-72.958535, 41.328066]], "type": "LineString"}}, {"type": "Feature", "properties": {}, "geometry": {"coordinates": [[-72.874723, 41.323344], [-72.874723, 41.324918]], "type": "LineString"}}, {"type": "Feature", "properties": {}, "geometry": {"coordinates": [[-72.755291, 41.323344], [-72.755291, 41.324918]], "type": "LineString"}}, {"type": "Feature", "properties": {}, "geometry": {"coordinates": [[-72.753196, 41.323344], [-72.755291, 41.323344]], "type": "LineString"}}, {"type": "Feature", "properties": {}, "geometry": {"coordinates": [[-73.052824, 41.32177], [-73.065395, 41.323344]], "type": "LineString"}}, {"type": "Feature", "properties": {}, "geometry": {"coordinates": [[-73.052824, 41.32177], [-73.051645, 41.322655], [-73.051121, 41.32354], [-73.050859, 41.324721], [-73.050728, 41.326295], [-73.050728, 41.328262], [-73.050859, 41.329836], [-73.051121, 41.331017], [-73.051645, 41.331902], [-73.052824, 41.332787]], "type": "LineString"}}, {"type": "Feature", "properties": {}, "geometry": {"coordinates": [[-72.357184, 41.32177], [-72.361375, 41.324918]], "type": "LineString"}}, {"type": "Feature", "properties": {}, "geometry": {"coordinates": [[-72.271277, 41.32177], [-72.271277, 41.323344]], "type": "LineString"}}, {"type": "Feature", "properties": {}, "geometry": {"coordinates": [[-72.218894, 41.32177], [-72.227275, 41.324918]], "type": "LineString"}}, {"type": "Feature", "properties": {}, "geometry": {"coordinates": [[-72.216799, 41.32177], [-72.218894, 41.32177]], "type": "LineString"}}, {"type": "Feature", "properties": {}, "geometry": {"coordinates": [[-72.216799, 41.32177], [-72.213263, 41.32354], [-72.211299, 41.324327], [-72.209727, 41.324721], [-72.208156, 41.324918], [-72.206584, 41.324918], [-72.205275, 41.325016], [-72.204227, 41.325213], [-72.203441, 41.325508], [-72.202918, 41.325901], [-72.202263, 41.326196], [-72.201477, 41.326393], [-72.20056, 41.326492], [-72.199513, 41.326492], [-72.198596, 41.326393], [-72.19781, 41.326196], [-72.197156, 41.325901], [-72.196632, 41.325508], [-72.195846, 41.325508], [-72.194798, 41.325901], [-72.193096, 41.326983], [-72.18956, 41.329639]], "type": "LineString"}}, {"type": "Feature", "properties": {}, "geometry": {"coordinates": [[-72.943868, 41.320195], [-72.954345, 41.328066]], "type": "LineString"}}, {"type": "Feature", "properties": {}, "geometry": {"coordinates": [[-72.941773, 41.320195], [-72.943868, 41.320195]], "type": "LineString"}}, {"type": "Feature", "properties": {}, "geometry": {"coordinates": [[-72.941773, 41.320195], [-72.931296, 41.328066]], "type": "LineString"}}, {"type": "Feature", "properties": {}, "geometry": {"coordinates": [[-72.357184, 41.320195], [-72.357184, 41.32177]], "type": "LineString"}}, {"type": "Feature", "properties": {}, "geometry": {"coordinates": [[-72.355089, 41.320195], [-72.357184, 41.320195]], "type": "LineString"}}, {"type": "Feature", "properties": {}, "geometry": {"coordinates": [[-72.267086, 41.320195], [-72.271277, 41.32177]], "type": "LineString"}}, {"type": "Feature", "properties": {}, "geometry": {"coordinates": [[-72.252419, 41.320195], [-72.257134, 41.324622], [-72.259229, 41.32777], [-72.260276, 41.331115], [-72.2608, 41.336328], [-72.2608, 41.34695]], "type": "LineString"}}, {"type": "Feature", "properties": {}, "geometry": {"coordinates": [[-72.250324, 41.320195], [-72.252419, 41.320195]], "type": "LineString"}}, {"type": "Feature", "properties": {}, "geometry": {"coordinates": [[-72.250324, 41.320195], [-72.249145, 41.321081], [-72.248098, 41.321376], [-72.246788, 41.321376], [-72.245086, 41.321179], [-72.24299, 41.320786], [-72.241288, 41.320687], [-72.239978, 41.320884], [-72.238931, 41.321573], [-72.237752, 41.323344]], "type": "LineString"}}, {"type": "Feature", "properties": {}, "geometry": {"coordinates": [[-72.218894, 41.320195], [-72.218894, 41.32177]], "type": "LineString"}}, {"type": "Feature", "properties": {}, "geometry": {"coordinates": [[-72.941773, 41.318621], [-72.941773, 41.320195]], "type": "LineString"}}, {"type": "Feature", "properties": {}, "geometry": {"coordinates": [[-72.355089, 41.320195], [-72.352732, 41.31931], [-72.350505, 41.318916], [-72.347624, 41.31872], [-72.343827, 41.318621], [-72.339112, 41.318621], [-72.335314, 41.318818], [-72.332433, 41.319212], [-72.330469, 41.319802], [-72.329421, 41.320589], [-72.328636, 41.321278], [-72.328112, 41.321868], [-72.32785, 41.322458], [-72.32785, 41.323344]], "type": "LineString"}}, {"type": "Feature", "properties": {}, "geometry": {"coordinates": [[-72.252419, 41.318621], [-72.252419, 41.320195]], "type": "LineString"}}, {"type": "Feature", "properties": {}, "geometry": {"coordinates": [[-72.137178, 41.318621], [-72.135999, 41.318621], [-72.135213, 41.318818], [-72.134428, 41.319212], [-72.133511, 41.319802], [-72.132463, 41.320589], [-72.131677, 41.32177], [-72.131154, 41.323344], [-72.130892, 41.325311], [-72.130892, 41.327672], [-72.131023, 41.329541], [-72.131285, 41.330918], [-72.131677, 41.331804], [-72.132201, 41.332197], [-72.132594, 41.332886], [-72.132856, 41.333869], [-72.132987, 41.335148], [-72.132987, 41.336722], [-72.133249, 41.338295], [-72.133773, 41.339869], [-72.13482, 41.341836], [-72.137178, 41.345376]], "type": "LineString"}}, {"type": "Feature", "properties": {}, "geometry": {"coordinates": [[-72.005174, 41.318621], [-72.002816, 41.319507], [-72.001769, 41.320097], [-72.001245, 41.320687], [-72.000983, 41.321376], [-72.000983, 41.322163], [-72.000197, 41.323344], [-71.998626, 41.324918], [-71.995483, 41.327475], [-71.988411, 41.332787]], "type": "LineString"}}, {"type": "Feature", "properties": {}, "geometry": {"coordinates": [[-72.908248, 41.317047], [-72.908248, 41.326492]], "type": "LineString"}}, {"type": "Feature", "properties": {}, "geometry": {"coordinates": [[-72.891486, 41.317047], [-72.88795, 41.32236], [-72.885854, 41.324721], [-72.884021, 41.325901], [-72.882057, 41.326492], [-72.879961, 41.326492], [-72.878259, 41.326393], [-72.876949, 41.326196], [-72.875902, 41.325803], [-72.874723, 41.324918]], "type": "LineString"}}, {"type": "Feature", "properties": {}, "geometry": {"coordinates": [[-72.744815, 41.317047], [-72.745993, 41.318818], [-72.746779, 41.319802], [-72.747565, 41.320589], [-72.748481, 41.321376], [-72.749529, 41.322163], [-72.750446, 41.322753], [-72.751231, 41.323147], [-72.752017, 41.323344], [-72.753196, 41.323344]], "type": "LineString"}}, {"type": "Feature", "properties": {}, "geometry": {"coordinates": [[-72.436805, 41.317047], [-72.440341, 41.319704], [-72.441782, 41.320983], [-72.442306, 41.32177], [-72.442175, 41.322458], [-72.440996, 41.323344]], "type": "LineString"}}, {"type": "Feature", "properties": {}, "geometry": {"coordinates": [[-72.43471, 41.317047], [-72.436805, 41.317047]], "type": "LineString"}}, {"type": "Feature", "properties": {}, "geometry": {"coordinates": [[-72.43471, 41.317047], [-72.429996, 41.321474], [-72.4279, 41.323835], [-72.426853, 41.325606], [-72.426329, 41.327279], [-72.426329, 41.328852], [-72.426067, 41.330426], [-72.425543, 41.332], [-72.424758, 41.333574], [-72.42371, 41.335148], [-72.422269, 41.33682], [-72.420436, 41.33859], [-72.417555, 41.340951], [-72.411662, 41.345376]], "type": "LineString"}}, {"type": "Feature", "properties": {}, "geometry": {"coordinates": [[-73.126159, 41.315473], [-73.136636, 41.324918]], "type": "LineString"}}, {"type": "Feature", "properties": {}, "geometry": {"coordinates": [[-73.092634, 41.315473], [-73.093813, 41.316358], [-73.094337, 41.317047], [-73.094599, 41.317834], [-73.09473, 41.318818], [-73.09473, 41.319999], [-73.094861, 41.320983], [-73.095123, 41.32177], [-73.095646, 41.322458], [-73.096825, 41.323344]], "type": "LineString"}}, {"type": "Feature", "properties": {}, "geometry": {"coordinates": [[-73.086348, 41.315473], [-73.092634, 41.315473]], "type": "LineString"}}, {"type": "Feature", "properties": {}, "geometry": {"coordinates": [[-72.943868, 41.315473], [-72.941773, 41.318621]], "type": "LineString"}}, {"type": "Feature", "properties": {}, "geometry": {"coordinates": [[-72.908248, 41.317047], [-72.907069, 41.316162], [-72.90576, 41.315768], [-72.903926, 41.315571], [-72.901438, 41.315473], [-72.898295, 41.315473], [-72.895807, 41.315571], [-72.893974, 41.315768], [-72.892664, 41.316162], [-72.891486, 41.317047]], "type": "LineString"}}, {"type": "Feature", "properties": {}, "geometry": {"coordinates": [[-72.744815, 41.315473], [-72.744815, 41.317047]], "type": "LineString"}}, {"type": "Feature", "properties": {}, "geometry": {"coordinates": [[-72.742719, 41.315473], [-72.744815, 41.315473]], "type": "LineString"}}, {"type": "Feature", "properties": {}, "geometry": {"coordinates": [[-72.436805, 41.315473], [-72.436805, 41.317047]], "type": "LineString"}}, {"type": "Feature", "properties": {}, "geometry": {"coordinates": [[-72.359279, 41.315473], [-72.359279, 41.317244], [-72.359148, 41.318129], [-72.358887, 41.31872], [-72.358363, 41.31931], [-72.357184, 41.320195]], "type": "LineString"}}, {"type": "Feature", "properties": {}, "geometry": {"coordinates": [[-72.22099, 41.315473], [-72.22099, 41.317244], [-72.220859, 41.318129], [-72.220597, 41.31872], [-72.220073, 41.31931], [-72.218894, 41.320195]], "type": "LineString"}}, {"type": "Feature", "properties": {}, "geometry": {"coordinates": [[-73.126159, 41.313899], [-73.126159, 41.315473]], "type": "LineString"}}, {"type": "Feature", "properties": {}, "geometry": {"coordinates": [[-73.124064, 41.313899], [-73.126159, 41.313899]], "type": "LineString"}}, {"type": "Feature", "properties": {}, "geometry": {"coordinates": [[-73.124064, 41.313899], [-73.113587, 41.323344]], "type": "LineString"}}, {"type": "Feature", "properties": {}, "geometry": {"coordinates": [[-72.962726, 41.323344], [-72.961547, 41.322458], [-72.961023, 41.321868], [-72.960761, 41.321278], [-72.96063, 41.320589], [-72.96063, 41.319802], [-72.960369, 41.319015], [-72.959845, 41.318228], [-72.959059, 41.317441], [-72.958011, 41.316654], [-72.956833, 41.316063], [-72.955523, 41.31567], [-72.954083, 41.315473], [-72.952511, 41.315473], [-72.951202, 41.315375], [-72.950154, 41.315178], [-72.949368, 41.314883], [-72.948844, 41.314489], [-72.94819, 41.314292], [-72.947404, 41.314292], [-72.946225, 41.314587], [-72.943868, 41.315473]], "type": "LineString"}}, {"type": "Feature", "properties": {}, "geometry": {"coordinates": [[-72.918724, 41.313899], [-72.921082, 41.31567], [-72.922129, 41.316752], [-72.922653, 41.317736], [-72.922915, 41.318818], [-72.922915, 41.319999], [-72.923439, 41.321278], [-72.924487, 41.322655], [-72.926582, 41.324524], [-72.931296, 41.328066]], "type": "LineString"}}, {"type": "Feature", "properties": {}, "geometry": {"coordinates": [[-72.916629, 41.313899], [-72.918724, 41.313899]], "type": "LineString"}}, {"type": "Feature", "properties": {}, "geometry": {"coordinates": [[-72.916629, 41.313899], [-72.914272, 41.313899], [-72.912962, 41.314095], [-72.911915, 41.314489], [-72.910605, 41.315276], [-72.908248, 41.317047]], "type": "LineString"}}, {"type": "Feature", "properties": {}, "geometry": {"coordinates": [[-72.883104, 41.313899], [-72.891486, 41.317047]], "type": "LineString"}}, {"type": "Feature", "properties": {}, "geometry": {"coordinates": [[-72.881009, 41.313899], [-72.883104, 41.313899]], "type": "LineString"}}, {"type": "Feature", "properties": {}, "geometry": {"coordinates": [[-72.881009, 41.313899], [-72.878652, 41.314784], [-72.877473, 41.315375], [-72.876688, 41.315965], [-72.876033, 41.316654], [-72.875509, 41.317441], [-72.875116, 41.318326], [-72.874854, 41.31931], [-72.874723, 41.320687], [-72.874723, 41.323344]], "type": "LineString"}}, {"type": "Feature", "properties": {}, "geometry": {"coordinates": [[-72.759482, 41.313899], [-72.759482, 41.316555], [-72.75922, 41.318031], [-72.758696, 41.319212], [-72.757648, 41.320687], [-72.755291, 41.323344]], "type": "LineString"}}, {"type": "Feature", "properties": {}, "geometry": {"coordinates": [[-72.702909, 41.313899], [-72.707099, 41.318621]], "type": "LineString"}}, {"type": "Feature", "properties": {}, "geometry": {"coordinates": [[-73.33988, 41.312324], [-73.338701, 41.31321], [-73.33713, 41.313702], [-73.334772, 41.314095], [-73.331499, 41.314489], [-73.327308, 41.314883], [-73.323772, 41.315473], [-73.320891, 41.31626], [-73.318665, 41.317244], [-73.317093, 41.318425], [-73.315915, 41.319408], [-73.315129, 41.320195], [-73.314736, 41.320884], [-73.314736, 41.32177]], "type": "LineString"}}, {"type": "Feature", "properties": {}, "geometry": {"coordinates": [[-73.216257, 41.312324], [-73.2139, 41.320294], [-73.212459, 41.324131], [-73.21115, 41.326492], [-73.209316, 41.328557], [-73.205781, 41.331213]], "type": "LineString"}}, {"type": "Feature", "properties": {}, "geometry": {"coordinates": [[-72.918724, 41.312324], [-72.918724, 41.313899]], "type": "LineString"}}, {"type": "Feature", "properties": {}, "geometry": {"coordinates": [[-72.883104, 41.312324], [-72.883104, 41.313899]], "type": "LineString"}}, {"type": "Feature", "properties": {}, "geometry": {"coordinates": [[-72.719671, 41.312324], [-72.722028, 41.31321], [-72.723731, 41.313604], [-72.725564, 41.3138], [-72.72779, 41.313899], [-72.730409, 41.313899], [-72.732505, 41.313997], [-72.734076, 41.314194], [-72.735124, 41.314489], [-72.735648, 41.314883], [-72.736433, 41.315178], [-72.737481, 41.315375], [-72.739183, 41.315473], [-72.742719, 41.315473]], "type": "LineString"}}, {"type": "Feature", "properties": {}, "geometry": {"coordinates": [[-72.702909, 41.312324], [-72.702909, 41.313899]], "type": "LineString"}}, {"type": "Feature", "properties": {}, "geometry": {"coordinates": [[-72.700813, 41.312324], [-72.702909, 41.312324]], "type": "LineString"}}, {"type": "Feature", "properties": {}, "geometry": {"coordinates": [[-72.285944, 41.312324], [-72.284765, 41.312324], [-72.283718, 41.312816], [-72.282408, 41.3138], [-72.280706, 41.315276], [-72.27861, 41.317244], [-72.276777, 41.318818], [-72.275205, 41.319999], [-72.273634, 41.320884], [-72.271277, 41.32177]], "type": "LineString"}}, {"type": "Feature", "properties": {}, "geometry": {"coordinates": [[-73.381786, 41.31075], [-73.382964, 41.314292], [-73.383619, 41.315965], [-73.384143, 41.316949], [-73.384667, 41.317637], [-73.385191, 41.318031], [-73.385584, 41.319015], [-73.385845, 41.320589], [-73.385976, 41.322753], [-73.385976, 41.325508], [-73.386107, 41.327672], [-73.386369, 41.329246], [-73.386762, 41.33023], [-73.387286, 41.330623], [-73.387155, 41.331705], [-73.386369, 41.333476], [-73.384929, 41.335935], [-73.382833, 41.339082], [-73.381262, 41.343213], [-73.380214, 41.348327], [-73.37969, 41.354423], [-73.37969, 41.361503], [-73.380345, 41.367303], [-73.381655, 41.371826], [-73.383619, 41.37507], [-73.386238, 41.377035], [-73.388465, 41.37851], [-73.390298, 41.379493], [-73.391738, 41.379984], [-73.392786, 41.379984], [-73.393703, 41.380083], [-73.394489, 41.380279], [-73.395274, 41.380672], [-73.396453, 41.381557]], "type": "LineString"}}, {"type": "Feature", "properties": {}, "geometry": {"coordinates": [[-72.753196, 41.31075], [-72.759482, 41.313899]], "type": "LineString"}}, {"type": "Feature", "properties": {}, "geometry": {"coordinates": [[-72.7511, 41.31075], [-72.753196, 41.31075]], "type": "LineString"}}, {"type": "Feature", "properties": {}, "geometry": {"coordinates": [[-72.7511, 41.31075], [-72.744815, 41.315473]], "type": "LineString"}}, {"type": "Feature", "properties": {}, "geometry": {"coordinates": [[-73.381786, 41.309176], [-73.381786, 41.31075]], "type": "LineString"}}, {"type": "Feature", "properties": {}, "geometry": {"coordinates": [[-73.37969, 41.309176], [-73.381786, 41.309176]], "type": "LineString"}}, {"type": "Feature", "properties": {}, "geometry": {"coordinates": [[-73.37969, 41.309176], [-73.377333, 41.309176], [-73.375893, 41.309373], [-73.374583, 41.309766], [-73.373143, 41.310357], [-73.371571, 41.311144], [-73.370131, 41.311734], [-73.368821, 41.312128], [-73.367643, 41.312324], [-73.366595, 41.312324], [-73.365285, 41.31262], [-73.363714, 41.31321], [-73.36188, 41.314095], [-73.359785, 41.315276], [-73.357821, 41.316162], [-73.355987, 41.316752], [-73.354285, 41.317047], [-73.352714, 41.317047], [-73.35088, 41.316752], [-73.348785, 41.316162], [-73.345773, 41.314981], [-73.33988, 41.312324]], "type": "LineString"}}, {"type": "Feature", "properties": {}, "geometry": {"coordinates": [[-72.753196, 41.309176], [-72.753196, 41.31075]], "type": "LineString"}}, {"type": "Feature", "properties": {}, "geometry": {"coordinates": [[-72.707099, 41.309176], [-72.708278, 41.310061], [-72.709064, 41.310455], [-72.709849, 41.310652], [-72.711028, 41.31075], [-72.713385, 41.31075]], "type": "LineString"}}, {"type": "Feature", "properties": {}, "geometry": {"coordinates": [[-72.707099, 41.309176], [-72.702909, 41.312324]], "type": "LineString"}}, {"type": "Feature", "properties": {}, "geometry": {"coordinates": [[-73.402739, 41.307601], [-73.402739, 41.308487], [-73.403001, 41.309077], [-73.403525, 41.309668], [-73.404572, 41.310553], [-73.406929, 41.312324]], "type": "LineString"}}, {"type": "Feature", "properties": {}, "geometry": {"coordinates": [[-73.096825, 41.307601], [-73.095646, 41.311144], [-73.094992, 41.312816], [-73.094468, 41.3138], [-73.093813, 41.314587], [-73.092634, 41.315473]], "type": "LineString"}}, {"type": "Feature", "properties": {}, "geometry": {"coordinates": [[-72.933392, 41.307601], [-72.943868, 41.315473]], "type": "LineString"}}, {"type": "Feature", "properties": {}, "geometry": {"coordinates": [[-72.931296, 41.307601], [-72.933392, 41.307601]], "type": "LineString"}}, {"type": "Feature", "properties": {}, "geometry": {"coordinates": [[-72.931296, 41.307601], [-72.926582, 41.308487], [-72.924225, 41.309077], [-72.922653, 41.309668], [-72.921082, 41.310553], [-72.918724, 41.312324]], "type": "LineString"}}, {"type": "Feature", "properties": {}, "geometry": {"coordinates": [[-72.767863, 41.307601], [-72.759482, 41.313899]], "type": "LineString"}}, {"type": "Feature", "properties": {}, "geometry": {"coordinates": [[-72.707099, 41.307601], [-72.707099, 41.309176]], "type": "LineString"}}, {"type": "Feature", "properties": {}, "geometry": {"coordinates": [[-72.438901, 41.307601], [-72.437722, 41.308487], [-72.437198, 41.309274], [-72.436936, 41.310258], [-72.436805, 41.311931], [-72.436805, 41.315473]], "type": "LineString"}}, {"type": "Feature", "properties": {}, "geometry": {"coordinates": [[-73.402739, 41.306027], [-73.402739, 41.307601]], "type": "LineString"}}, {"type": "Feature", "properties": {}, "geometry": {"coordinates": [[-73.400643, 41.306027], [-73.402739, 41.306027]], "type": "LineString"}}, {"type": "Feature", "properties": {}, "geometry": {"coordinates": [[-73.023489, 41.306027], [-73.025585, 41.309176]], "type": "LineString"}}, {"type": "Feature", "properties": {}, "geometry": {"coordinates": [[-72.964821, 41.306027], [-72.964821, 41.307601]], "type": "LineString"}}, {"type": "Feature", "properties": {}, "geometry": {"coordinates": [[-72.933392, 41.306027], [-72.933392, 41.307601]], "type": "LineString"}}, {"type": "Feature", "properties": {}, "geometry": {"coordinates": [[-72.688241, 41.306027], [-72.700813, 41.312324]], "type": "LineString"}}, {"type": "Feature", "properties": {}, "geometry": {"coordinates": [[-73.421596, 41.304452], [-73.421596, 41.307995], [-73.421989, 41.309963], [-73.422775, 41.311537], [-73.423954, 41.313112], [-73.425525, 41.314686], [-73.426704, 41.316162], [-73.42749, 41.317539], [-73.427882, 41.319113], [-73.427882, 41.32177]], "type": "LineString"}}, {"type": "Feature", "properties": {}, "geometry": {"coordinates": [[-72.964821, 41.304452], [-72.966916, 41.304452]], "type": "LineString"}}, {"type": "Feature", "properties": {}, "geometry": {"coordinates": [[-72.964821, 41.304452], [-72.964821, 41.306027]], "type": "LineString"}}, {"type": "Feature", "properties": {}, "geometry": {"coordinates": [[-72.759482, 41.304452], [-72.761839, 41.304452], [-72.763148, 41.304649], [-72.764196, 41.305043], [-72.765506, 41.30583], [-72.767863, 41.307601]], "type": "LineString"}}, {"type": "Feature", "properties": {}, "geometry": {"coordinates": [[-72.757386, 41.304452], [-72.759482, 41.304452]], "type": "LineString"}}, {"type": "Feature", "properties": {}, "geometry": {"coordinates": [[-72.757386, 41.304452], [-72.755029, 41.306224], [-72.753982, 41.307109], [-72.753458, 41.3077], [-72.753196, 41.30829], [-72.753196, 41.309176]], "type": "LineString"}}, {"type": "Feature", "properties": {}, "geometry": {"coordinates": [[-72.524808, 41.304452], [-72.524808, 41.306224], [-72.52507, 41.307109], [-72.525594, 41.3077], [-72.526641, 41.30829], [-72.528999, 41.309176]], "type": "LineString"}}, {"type": "Feature", "properties": {}, "geometry": {"coordinates": [[-73.421596, 41.302878], [-73.421596, 41.304452]], "type": "LineString"}}, {"type": "Feature", "properties": {}, "geometry": {"coordinates": [[-73.419501, 41.302878], [-73.421596, 41.302878]], "type": "LineString"}}, {"type": "Feature", "properties": {}, "geometry": {"coordinates": [[-73.20159, 41.302878], [-73.216257, 41.312324]], "type": "LineString"}}, {"type": "Feature", "properties": {}, "geometry": {"coordinates": [[-73.199495, 41.302878], [-73.20159, 41.302878]], "type": "LineString"}}, {"type": "Feature", "properties": {}, "geometry": {"coordinates": [[-73.042347, 41.302878], [-73.043526, 41.304649], [-73.04405, 41.30583], [-73.044312, 41.307011], [-73.044442, 41.308389], [-73.044442, 41.309963], [-73.044966, 41.311734], [-73.046014, 41.313702], [-73.048109, 41.316457], [-73.052824, 41.32177]], "type": "LineString"}}, {"type": "Feature", "properties": {}, "geometry": {"coordinates": [[-72.81815, 41.302878], [-72.81815, 41.309077], [-72.818281, 41.311931], [-72.818543, 41.313505], [-72.818936, 41.314489], [-72.81946, 41.314883], [-72.819722, 41.315276], [-72.819722, 41.31567], [-72.81946, 41.316063], [-72.818936, 41.316457], [-72.818412, 41.317342], [-72.817888, 41.31872], [-72.817364, 41.320589], [-72.816841, 41.32295], [-72.816317, 41.324819], [-72.815793, 41.326196], [-72.815138, 41.32718], [-72.813959, 41.328066]], "type": "LineString"}}, {"type": "Feature", "properties": {}, "geometry": {"coordinates": [[-72.757386, 41.302878], [-72.757386, 41.304452]], "type": "LineString"}}, {"type": "Feature", "properties": {}, "geometry": {"coordinates": [[-72.524808, 41.302878], [-72.526903, 41.302878]], "type": "LineString"}}, {"type": "Feature", "properties": {}, "geometry": {"coordinates": [[-72.524808, 41.302878], [-72.524808, 41.304452]], "type": "LineString"}}, {"type": "Feature", "properties": {}, "geometry": {"coordinates": [[-72.522713, 41.302878], [-72.524808, 41.302878]], "type": "LineString"}}, {"type": "Feature", "properties": {}, "geometry": {"coordinates": [[-72.447282, 41.302878], [-72.443746, 41.305535], [-72.442044, 41.306716], [-72.440996, 41.307306], [-72.440079, 41.307601], [-72.438901, 41.307601]], "type": "LineString"}}, {"type": "Feature", "properties": {}, "geometry": {"coordinates": [[-73.417406, 41.301303], [-73.419501, 41.302878]], "type": "LineString"}}, {"type": "Feature", "properties": {}, "geometry": {"coordinates": [[-73.417406, 41.301303], [-73.416227, 41.302189], [-73.415311, 41.302583], [-73.414263, 41.30278], [-73.412953, 41.302878], [-73.411382, 41.302878], [-73.40981, 41.303075], [-73.408239, 41.303468], [-73.406275, 41.304256], [-73.402739, 41.306027]], "type": "LineString"}}, {"type": "Feature", "properties": {}, "geometry": {"coordinates": [[-73.20159, 41.301303], [-73.20159, 41.302878]], "type": "LineString"}}, {"type": "Feature", "properties": {}, "geometry": {"coordinates": [[-73.142922, 41.301303], [-73.147636, 41.301303], [-73.150124, 41.301697], [-73.151958, 41.302484], [-73.15366, 41.303665], [-73.155231, 41.30524], [-73.156803, 41.306421], [-73.158374, 41.307208], [-73.159946, 41.307601], [-73.161517, 41.307601], [-73.162827, 41.3077], [-73.163875, 41.307897], [-73.16466, 41.308192], [-73.165184, 41.308585], [-73.165708, 41.308782], [-73.166232, 41.308782], [-73.166756, 41.308585], [-73.167279, 41.308192], [-73.168196, 41.307897], [-73.169506, 41.3077], [-73.171208, 41.307601], [-73.173303, 41.307601], [-73.175006, 41.3077], [-73.176315, 41.307897], [-73.177232, 41.308192], [-73.177756, 41.308585], [-73.17828, 41.308782], [-73.178804, 41.308782], [-73.179327, 41.308585], [-73.179851, 41.308192], [-73.181292, 41.3077], [-73.183649, 41.307109], [-73.186923, 41.306421], [-73.191113, 41.305633], [-73.194387, 41.304944], [-73.196745, 41.304354], [-73.198316, 41.303764], [-73.199495, 41.302878]], "type": "LineString"}}, {"type": "Feature", "properties": {}, "geometry": {"coordinates": [[-73.142922, 41.301303], [-73.140564, 41.303075], [-73.139124, 41.30396], [-73.137814, 41.304551], [-73.136374, 41.305043], [-73.134802, 41.305436], [-73.133231, 41.306224], [-73.131659, 41.307405], [-73.129695, 41.309471], [-73.126159, 41.313899]], "type": "LineString"}}, {"type": "Feature", "properties": {}, "geometry": {"coordinates": [[-72.524808, 41.301303], [-72.524808, 41.302878]], "type": "LineString"}}, {"type": "Feature", "properties": {}, "geometry": {"coordinates": [[-73.417406, 41.299729], [-73.417406, 41.301303]], "type": "LineString"}}, {"type": "Feature", "properties": {}, "geometry": {"coordinates": [[-73.394358, 41.299729], [-73.400643, 41.306027]], "type": "LineString"}}, {"type": "Feature", "properties": {}, "geometry": {"coordinates": [[-73.392262, 41.299729], [-73.394358, 41.299729]], "type": "LineString"}}, {"type": "Feature", "properties": {}, "geometry": {"coordinates": [[-73.392262, 41.299729], [-73.381786, 41.309176]], "type": "LineString"}}, {"type": "Feature", "properties": {}, "geometry": {"coordinates": [[-73.341975, 41.299729], [-73.343154, 41.300614], [-73.343678, 41.301402], [-73.343939, 41.302386], [-73.34407, 41.303665], [-73.34407, 41.30524], [-73.343808, 41.306617], [-73.343285, 41.307798], [-73.342499, 41.308782], [-73.341451, 41.309569], [-73.340666, 41.310258], [-73.340142, 41.310848], [-73.33988, 41.311439], [-73.33988, 41.312324]], "type": "LineString"}}, {"type": "Feature", "properties": {}, "geometry": {"coordinates": [[-73.33988, 41.299729], [-73.341975, 41.299729]], "type": "LineString"}}, {"type": "Feature", "properties": {}, "geometry": {"coordinates": [[-72.958535, 41.299729], [-72.964821, 41.304452]], "type": "LineString"}}, {"type": "Feature", "properties": {}, "geometry": {"coordinates": [[-72.935487, 41.299729], [-72.934308, 41.300614], [-72.933784, 41.301303], [-72.933523, 41.302091], [-72.933392, 41.30337], [-72.933392, 41.306027]], "type": "LineString"}}, {"type": "Feature", "properties": {}, "geometry": {"coordinates": [[-72.533189, 41.299729], [-72.532011, 41.299729], [-72.531225, 41.299926], [-72.530439, 41.300319], [-72.529261, 41.301107], [-72.526903, 41.302878]], "type": "LineString"}}, {"type": "Feature", "properties": {}, "geometry": {"coordinates": [[-72.510141, 41.299729], [-72.516034, 41.300614], [-72.518784, 41.301107], [-72.520356, 41.3015], [-72.521534, 41.301992], [-72.522713, 41.302878]], "type": "LineString"}}, {"type": "Feature", "properties": {}, "geometry": {"coordinates": [[-72.424234, 41.299729], [-72.426591, 41.299729], [-72.428293, 41.300221], [-72.430127, 41.301205], [-72.433008, 41.303173], [-72.438901, 41.307601]], "type": "LineString"}}, {"type": "Feature", "properties": {}, "geometry": {"coordinates": [[-72.380232, 41.299729], [-72.384423, 41.301303]], "type": "LineString"}}, {"type": "Feature", "properties": {}, "geometry": {"coordinates": [[-72.378137, 41.299729], [-72.380232, 41.299729]], "type": "LineString"}}, {"type": "Feature", "properties": {}, "geometry": {"coordinates": [[-72.378137, 41.299729], [-72.36347, 41.313899]], "type": "LineString"}}, {"type": "Feature", "properties": {}, "geometry": {"coordinates": [[-73.394358, 41.298154], [-73.394358, 41.299729]], "type": "LineString"}}, {"type": "Feature", "properties": {}, "geometry": {"coordinates": [[-72.96063, 41.298154], [-72.958535, 41.299729]], "type": "LineString"}}, {"type": "Feature", "properties": {}, "geometry": {"coordinates": [[-72.941773, 41.298154], [-72.94413, 41.299926], [-72.945701, 41.300713], [-72.947273, 41.301107], [-72.949106, 41.301303], [-72.951202, 41.301303], [-72.953035, 41.301205], [-72.954607, 41.301008], [-72.956178, 41.300614], [-72.958535, 41.299729]], "type": "LineString"}}, {"type": "Feature", "properties": {}, "geometry": {"coordinates": [[-72.941773, 41.298154], [-72.939416, 41.298154], [-72.938237, 41.298253], [-72.937451, 41.298449], [-72.936665, 41.298843], [-72.935487, 41.299729]], "type": "LineString"}}, {"type": "Feature", "properties": {}, "geometry": {"coordinates": [[-72.378137, 41.298154], [-72.378137, 41.299729]], "type": "LineString"}}, {"type": "Feature", "properties": {}, "geometry": {"coordinates": [[-73.499123, 41.296579], [-73.505016, 41.305436], [-73.507766, 41.309963], [-73.509337, 41.313112], [-73.510385, 41.315866], [-73.510909, 41.318228], [-73.512349, 41.320589], [-73.514706, 41.32295], [-73.51798, 41.325311], [-73.522171, 41.327672], [-73.525314, 41.329935], [-73.527409, 41.332099], [-73.528457, 41.334656], [-73.528457, 41.339082]], "type": "LineString"}}, {"type": "Feature", "properties": {}, "geometry": {"coordinates": [[-73.497027, 41.296579], [-73.499123, 41.296579]], "type": "LineString"}}, {"type": "Feature", "properties": {}, "geometry": {"coordinates": [[-73.497027, 41.296579], [-73.495849, 41.296579], [-73.495063, 41.296776], [-73.494277, 41.29717], [-73.493361, 41.29776], [-73.492313, 41.298548], [-73.490479, 41.299138], [-73.48786, 41.299532], [-73.484455, 41.299729], [-73.480265, 41.299729], [-73.476991, 41.299827], [-73.474634, 41.300024], [-73.473193, 41.300319], [-73.472669, 41.300713], [-73.472146, 41.30091], [-73.471622, 41.30091], [-73.471098, 41.300713], [-73.470574, 41.300319], [-73.469919, 41.300024], [-73.469134, 41.299827], [-73.467955, 41.299729], [-73.465598, 41.299729]], "type": "LineString"}}, {"type": "Feature", "properties": {}, "geometry": {"coordinates": [[-73.105206, 41.296579], [-73.102849, 41.301008], [-73.101539, 41.303173], [-73.100492, 41.304551], [-73.099182, 41.30583], [-73.096825, 41.307601]], "type": "LineString"}}, {"type": "Feature", "properties": {}, "geometry": {"coordinates": [[-72.987869, 41.296579], [-72.987869, 41.298351], [-72.988393, 41.299434], [-72.989441, 41.300418], [-72.991012, 41.3015], [-72.993108, 41.302681], [-72.996251, 41.303567], [-73.000441, 41.304157], [-73.005679, 41.304452], [-73.011965, 41.304452], [-73.016811, 41.304551], [-73.020216, 41.304748], [-73.022311, 41.305141], [-73.023489, 41.306027]], "type": "LineString"}}, {"type": "Feature", "properties": {}, "geometry": {"coordinates": [[-72.971107, 41.296579], [-72.972286, 41.298351], [-72.972548, 41.299434], [-72.972286, 41.300418], [-72.971631, 41.3015], [-72.970583, 41.302681], [-72.969666, 41.303567], [-72.968881, 41.304157], [-72.968095, 41.304452], [-72.966916, 41.304452]], "type": "LineString"}}, {"type": "Feature", "properties": {}, "geometry": {"coordinates": [[-72.786721, 41.296579], [-72.788816, 41.296579]], "type": "LineString"}}, {"type": "Feature", "properties": {}, "geometry": {"coordinates": [[-72.784625, 41.296579], [-72.786721, 41.296579]], "type": "LineString"}}, {"type": "Feature", "properties": {}, "geometry": {"coordinates": [[-72.784625, 41.296579], [-72.778732, 41.301894], [-72.775851, 41.304256], [-72.774018, 41.305436], [-72.772577, 41.306027], [-72.77153, 41.306027], [-72.770613, 41.306125], [-72.769827, 41.306322], [-72.769041, 41.306716], [-72.767863, 41.307601]], "type": "LineString"}}, {"type": "Feature", "properties": {}, "geometry": {"coordinates": [[-72.376042, 41.296579], [-72.378137, 41.298154]], "type": "LineString"}}, {"type": "Feature", "properties": {}, "geometry": {"coordinates": [[-72.371851, 41.296579], [-72.376042, 41.296579]], "type": "LineString"}}, {"type": "Feature", "properties": {}, "geometry": {"coordinates": [[-73.499123, 41.295005], [-73.499123, 41.296579]], "type": "LineString"}}, {"type": "Feature", "properties": {}, "geometry": {"coordinates": [[-73.440454, 41.295005], [-73.439276, 41.295891], [-73.43849, 41.296284], [-73.437704, 41.296481], [-73.436787, 41.296579], [-73.43574, 41.296579], [-73.434692, 41.296776], [-73.433644, 41.29717], [-73.432597, 41.29776], [-73.431549, 41.298548], [-73.43024, 41.299335], [-73.428668, 41.300122], [-73.426311, 41.301107], [-73.421596, 41.302878]], "type": "LineString"}}, {"type": "Feature", "properties": {}, "geometry": {"coordinates": [[-73.235115, 41.295005], [-73.239829, 41.296776], [-73.241925, 41.29776], [-73.242972, 41.298548], [-73.243496, 41.299335], [-73.243496, 41.300122], [-73.244151, 41.301205], [-73.24546, 41.302583], [-73.247425, 41.304256], [-73.250044, 41.306224], [-73.252532, 41.308782], [-73.254889, 41.311931], [-73.257639, 41.316752], [-73.262354, 41.326492]], "type": "LineString"}}, {"type": "Feature", "properties": {}, "geometry": {"coordinates": [[-73.235115, 41.295005], [-73.232758, 41.296776], [-73.231579, 41.297859], [-73.230793, 41.298843], [-73.230138, 41.299926], [-73.229615, 41.301107], [-73.228436, 41.302583], [-73.226603, 41.304354], [-73.223329, 41.307011], [-73.216257, 41.312324]], "type": "LineString"}}, {"type": "Feature", "properties": {}, "geometry": {"coordinates": [[-73.20159, 41.295005], [-73.20159, 41.301303]], "type": "LineString"}}, {"type": "Feature", "properties": {}, "geometry": {"coordinates": [[-73.105206, 41.295005], [-73.107301, 41.295005]], "type": "LineString"}}, {"type": "Feature", "properties": {}, "geometry": {"coordinates": [[-73.105206, 41.295005], [-73.105206, 41.296579]], "type": "LineString"}}, {"type": "Feature", "properties": {}, "geometry": {"coordinates": [[-73.084253, 41.295005], [-73.085432, 41.295891], [-73.085956, 41.296481], [-73.086218, 41.297072], [-73.086348, 41.29776], [-73.086348, 41.298548], [-73.087003, 41.29963], [-73.088313, 41.301008], [-73.090932, 41.303173], [-73.096825, 41.307601]], "type": "LineString"}}, {"type": "Feature", "properties": {}, "geometry": {"coordinates": [[-72.971107, 41.295005], [-72.971107, 41.296579]], "type": "LineString"}}, {"type": "Feature", "properties": {}, "geometry": {"coordinates": [[-72.969012, 41.295005], [-72.971107, 41.295005]], "type": "LineString"}}, {"type": "Feature", "properties": {}, "geometry": {"coordinates": [[-72.969012, 41.295005], [-72.96063, 41.298154]], "type": "LineString"}}, {"type": "Feature", "properties": {}, "geometry": {"coordinates": [[-72.895676, 41.295005], [-72.894498, 41.296776], [-72.89345, 41.297859], [-72.89214, 41.298843], [-72.890438, 41.299926], [-72.888343, 41.301107], [-72.88664, 41.302583], [-72.885331, 41.304354], [-72.884283, 41.307011], [-72.883104, 41.312324]], "type": "LineString"}}, {"type": "Feature", "properties": {}, "geometry": {"coordinates": [[-72.784625, 41.295005], [-72.784625, 41.296579]], "type": "LineString"}}, {"type": "Feature", "properties": {}, "geometry": {"coordinates": [[-72.658907, 41.295005], [-72.658907, 41.298154]], "type": "LineString"}}, {"type": "Feature", "properties": {}, "geometry": {"coordinates": [[-72.271277, 41.295005], [-72.270098, 41.295891], [-72.269312, 41.296284], [-72.268527, 41.296481], [-72.26761, 41.296579], [-72.266562, 41.296579], [-72.265253, 41.296973], [-72.263681, 41.29776], [-72.261848, 41.298941], [-72.259753, 41.300516], [-72.258181, 41.301992], [-72.257134, 41.30337], [-72.25661, 41.304649], [-72.25661, 41.30583], [-72.256741, 41.306814], [-72.257003, 41.307601], [-72.257395, 41.308192], [-72.257919, 41.308585], [-72.25805, 41.309077], [-72.257788, 41.309668], [-72.257134, 41.310357], [-72.256086, 41.311144], [-72.255169, 41.312128], [-72.254383, 41.313308], [-72.253598, 41.315079], [-72.252419, 41.318621]], "type": "LineString"}}, {"type": "Feature", "properties": {}, "geometry": {"coordinates": [[-73.20159, 41.29343], [-73.20159, 41.295005]], "type": "LineString"}}, {"type": "Feature", "properties": {}, "geometry": {"coordinates": [[-73.199495, 41.29343], [-73.20159, 41.29343]], "type": "LineString"}}, {"type": "Feature", "properties": {}, "geometry": {"coordinates": [[-73.084253, 41.29343], [-73.086348, 41.29343]], "type": "LineString"}}, {"type": "Feature", "properties": {}, "geometry": {"coordinates": [[-73.084253, 41.29343], [-73.084253, 41.295005]], "type": "LineString"}}, {"type": "Feature", "properties": {}, "geometry": {"coordinates": [[-72.904057, 41.29343], [-72.895676, 41.295005]], "type": "LineString"}}, {"type": "Feature", "properties": {}, "geometry": {"coordinates": [[-73.105206, 41.295005], [-73.10167, 41.293233], [-73.099444, 41.292446], [-73.097349, 41.292052], [-73.094992, 41.291855], [-73.092372, 41.291855], [-73.090277, 41.291954], [-73.088706, 41.292151], [-73.087527, 41.292544], [-73.086348, 41.29343]], "type": "LineString"}}, {"type": "Feature", "properties": {}, "geometry": {"coordinates": [[-73.084253, 41.29343], [-73.083075, 41.292544], [-73.082289, 41.292249], [-73.081503, 41.292249], [-73.080325, 41.292544], [-73.077967, 41.29343]], "type": "LineString"}}, {"type": "Feature", "properties": {}, "geometry": {"coordinates": [[-72.784625, 41.291855], [-72.784625, 41.295005]], "type": "LineString"}}, {"type": "Feature", "properties": {}, "geometry": {"coordinates": [[-73.212066, 41.29028], [-73.208531, 41.29028], [-73.206697, 41.290477], [-73.205388, 41.290871], [-73.203947, 41.291658], [-73.20159, 41.29343]], "type": "LineString"}}, {"type": "Feature", "properties": {}, "geometry": {"coordinates": [[-73.036061, 41.29028], [-73.03724, 41.291166], [-73.037764, 41.292151], [-73.038026, 41.293528], [-73.038157, 41.295989], [-73.038157, 41.301303]], "type": "LineString"}}, {"type": "Feature", "properties": {}, "geometry": {"coordinates": [[-73.031871, 41.29028], [-73.036061, 41.29028]], "type": "LineString"}}, {"type": "Feature", "properties": {}, "geometry": {"coordinates": [[-73.031871, 41.29028], [-73.028335, 41.292938], [-73.026763, 41.29471], [-73.025978, 41.296481], [-73.025585, 41.298548], [-73.025585, 41.30091], [-73.025454, 41.30278], [-73.025192, 41.304157], [-73.024668, 41.305141], [-73.023489, 41.306027]], "type": "LineString"}}, {"type": "Feature", "properties": {}, "geometry": {"coordinates": [[-72.950154, 41.29028], [-72.95369, 41.292052], [-72.955261, 41.292938], [-72.956047, 41.293528], [-72.95644, 41.294021], [-72.95644, 41.294414], [-72.956702, 41.294906], [-72.957226, 41.295497], [-72.958273, 41.296383], [-72.96063, 41.298154]], "type": "LineString"}}, {"type": "Feature", "properties": {}, "geometry": {"coordinates": [[-72.950154, 41.29028], [-72.941773, 41.298154]], "type": "LineString"}}, {"type": "Feature", "properties": {}, "geometry": {"coordinates": [[-72.891486, 41.29028], [-72.895676, 41.295005]], "type": "LineString"}}, {"type": "Feature", "properties": {}, "geometry": {"coordinates": [[-72.67986, 41.29028], [-72.683396, 41.292052], [-72.68536, 41.292839], [-72.686932, 41.293233], [-72.688503, 41.29343], [-72.690075, 41.29343], [-72.691777, 41.293922], [-72.693611, 41.294906], [-72.696099, 41.296875], [-72.700813, 41.301303]], "type": "LineString"}}, {"type": "Feature", "properties": {}, "geometry": {"coordinates": [[-72.677765, 41.29028], [-72.67986, 41.29028]], "type": "LineString"}}, {"type": "Feature", "properties": {}, "geometry": {"coordinates": [[-72.677765, 41.29028], [-72.674229, 41.29028], [-72.671872, 41.290576], [-72.669515, 41.291166], [-72.665979, 41.292347], [-72.658907, 41.295005]], "type": "LineString"}}, {"type": "Feature", "properties": {}, "geometry": {"coordinates": [[-72.658907, 41.295005], [-72.654193, 41.292347], [-72.651967, 41.291265], [-72.650657, 41.290871], [-72.649609, 41.290969], [-72.648431, 41.291855]], "type": "LineString"}}, {"type": "Feature", "properties": {}, "geometry": {"coordinates": [[-72.637954, 41.29028], [-72.642145, 41.29028]], "type": "LineString"}}, {"type": "Feature", "properties": {}, "geometry": {"coordinates": [[-72.637954, 41.29028], [-72.635859, 41.29343]], "type": "LineString"}}, {"type": "Feature", "properties": {}, "geometry": {"coordinates": [[-72.451473, 41.29028], [-72.452651, 41.291166], [-72.45383, 41.29156], [-72.455401, 41.291757], [-72.457497, 41.291855], [-72.460116, 41.291855], [-72.462211, 41.291954], [-72.463782, 41.292151], [-72.464961, 41.292544], [-72.46614, 41.29343]], "type": "LineString"}}, {"type": "Feature", "properties": {}, "geometry": {"coordinates": [[-72.449377, 41.29028], [-72.451473, 41.29028]], "type": "LineString"}}, {"type": "Feature", "properties": {}, "geometry": {"coordinates": [[-72.977393, 41.288706], [-72.971107, 41.295005]], "type": "LineString"}}, {"type": "Feature", "properties": {}, "geometry": {"coordinates": [[-72.935487, 41.299729], [-72.931951, 41.297072], [-72.93038, 41.295595], [-72.929594, 41.294414], [-72.929201, 41.293233], [-72.929201, 41.292052], [-72.92907, 41.291068], [-72.928808, 41.29028], [-72.928415, 41.28969], [-72.927891, 41.289296], [-72.927237, 41.289099], [-72.926451, 41.289099], [-72.925272, 41.289395], [-72.922915, 41.29028]], "type": "LineString"}}, {"type": "Feature", "properties": {}, "geometry": {"coordinates": [[-72.759482, 41.288706], [-72.758303, 41.289591], [-72.757779, 41.290773], [-72.757517, 41.292544], [-72.757386, 41.295792], [-72.757386, 41.302878]], "type": "LineString"}}, {"type": "Feature", "properties": {}, "geometry": {"coordinates": [[-72.67986, 41.288706], [-72.67986, 41.29028]], "type": "LineString"}}, {"type": "Feature", "properties": {}, "geometry": {"coordinates": [[-72.627478, 41.288706], [-72.632192, 41.288706], [-72.634418, 41.288804], [-72.635728, 41.289001], [-72.636776, 41.289395], [-72.637954, 41.29028]], "type": "LineString"}}, {"type": "Feature", "properties": {}, "geometry": {"coordinates": [[-72.625382, 41.288706], [-72.627478, 41.288706]], "type": "LineString"}}, {"type": "Feature", "properties": {}, "geometry": {"coordinates": [[-72.625382, 41.288706], [-72.623025, 41.291363], [-72.621978, 41.292938], [-72.621454, 41.294316], [-72.621192, 41.295792], [-72.621192, 41.297367], [-72.62093, 41.298745], [-72.620406, 41.299926], [-72.61962, 41.30091], [-72.618573, 41.301697], [-72.617656, 41.302287], [-72.61687, 41.302681], [-72.616216, 41.302878], [-72.615692, 41.302878], [-72.615037, 41.303173], [-72.614251, 41.303764], [-72.613335, 41.304649], [-72.612287, 41.30583], [-72.611501, 41.307011], [-72.610977, 41.308192], [-72.610715, 41.309668], [-72.610715, 41.312324]], "type": "LineString"}}, {"type": "Feature", "properties": {}, "geometry": {"coordinates": [[-72.451473, 41.288706], [-72.451473, 41.29028]], "type": "LineString"}}, {"type": "Feature", "properties": {}, "geometry": {"coordinates": [[-73.501218, 41.287131], [-73.503313, 41.287131]], "type": "LineString"}}, {"type": "Feature", "properties": {}, "geometry": {"coordinates": [[-73.501218, 41.287131], [-73.500039, 41.288017], [-73.499515, 41.288804], [-73.499254, 41.289788], [-73.499123, 41.291462], [-73.499123, 41.295005]], "type": "LineString"}}, {"type": "Feature", "properties": {}, "geometry": {"coordinates": [[-72.784625, 41.291855], [-72.779911, 41.289198], [-72.777161, 41.288017], [-72.774804, 41.287426], [-72.772315, 41.287131], [-72.769696, 41.287131], [-72.767601, 41.287229], [-72.76603, 41.287426], [-72.764982, 41.287721], [-72.764458, 41.288115], [-72.763803, 41.28841], [-72.763018, 41.288607], [-72.761839, 41.288706], [-72.759482, 41.288706]], "type": "LineString"}}, {"type": "Feature", "properties": {}, "geometry": {"coordinates": [[-72.625382, 41.287131], [-72.625382, 41.288706]], "type": "LineString"}}, {"type": "Feature", "properties": {}, "geometry": {"coordinates": [[-72.50595, 41.287131], [-72.510141, 41.29028]], "type": "LineString"}}, {"type": "Feature", "properties": {}, "geometry": {"coordinates": [[-72.503855, 41.287131], [-72.50595, 41.287131]], "type": "LineString"}}, {"type": "Feature", "properties": {}, "geometry": {"coordinates": [[-72.451473, 41.287131], [-72.451473, 41.288706]], "type": "LineString"}}, {"type": "Feature", "properties": {}, "geometry": {"coordinates": [[-72.417948, 41.287131], [-72.417948, 41.288902], [-72.417817, 41.289788], [-72.417555, 41.290379], [-72.417162, 41.290871], [-72.416638, 41.291265], [-72.415983, 41.291462], [-72.415198, 41.291462], [-72.414281, 41.291265], [-72.413233, 41.290871], [-72.410614, 41.290674], [-72.406424, 41.290674], [-72.400662, 41.290871], [-72.393328, 41.291265], [-72.387435, 41.291855], [-72.382982, 41.292643], [-72.379578, 41.293922], [-72.376042, 41.296579]], "type": "LineString"}}, {"type": "Feature", "properties": {}, "geometry": {"coordinates": [[-73.499123, 41.285556], [-73.501218, 41.287131]], "type": "LineString"}}, {"type": "Feature", "properties": {}, "geometry": {"coordinates": [[-73.180637, 41.285556], [-73.180637, 41.286442], [-73.180899, 41.287032], [-73.181423, 41.287623], [-73.182208, 41.288312], [-73.183256, 41.289099], [-73.184435, 41.28969], [-73.185744, 41.290084], [-73.187185, 41.29028], [-73.188756, 41.29028], [-73.190459, 41.290477], [-73.192292, 41.290871], [-73.19478, 41.291658], [-73.199495, 41.29343]], "type": "LineString"}}, {"type": "Feature", "properties": {}, "geometry": {"coordinates": [[-72.524808, 41.285556], [-72.524808, 41.301303]], "type": "LineString"}}, {"type": "Feature", "properties": {}, "geometry": {"coordinates": [[-72.428424, 41.285556], [-72.43196, 41.285556], [-72.433924, 41.285851], [-72.435496, 41.286442], [-72.437067, 41.287328], [-72.438639, 41.288509], [-72.440341, 41.289395], [-72.442175, 41.289985], [-72.444663, 41.29028], [-72.449377, 41.29028]], "type": "LineString"}}, {"type": "Feature", "properties": {}, "geometry": {"coordinates": [[-72.795102, 41.283981], [-72.797197, 41.283981]], "type": "LineString"}}, {"type": "Feature", "properties": {}, "geometry": {"coordinates": [[-72.793006, 41.283981], [-72.795102, 41.283981]], "type": "LineString"}}, {"type": "Feature", "properties": {}, "geometry": {"coordinates": [[-72.793006, 41.283981], [-72.789471, 41.285753], [-72.787899, 41.286737], [-72.787113, 41.287524], [-72.786721, 41.288312], [-72.786721, 41.289099], [-72.78659, 41.289788], [-72.786328, 41.290379], [-72.785804, 41.290969], [-72.784625, 41.291855]], "type": "LineString"}}, {"type": "Feature", "properties": {}, "geometry": {"coordinates": [[-72.533189, 41.283981], [-72.529653, 41.283981], [-72.527951, 41.284079], [-72.526903, 41.284276], [-72.525987, 41.28467], [-72.524808, 41.285556]], "type": "LineString"}}, {"type": "Feature", "properties": {}, "geometry": {"coordinates": [[-72.508046, 41.283981], [-72.50595, 41.287131]], "type": "LineString"}}, {"type": "Feature", "properties": {}, "geometry": {"coordinates": [[-73.226734, 41.282406], [-73.229091, 41.284178], [-73.230269, 41.285162], [-73.231055, 41.28595], [-73.23171, 41.286737], [-73.232234, 41.287524], [-73.232627, 41.28841], [-73.232889, 41.289395], [-73.233019, 41.290477], [-73.233019, 41.291658], [-73.23315, 41.292643], [-73.233412, 41.29343], [-73.233936, 41.294119], [-73.235115, 41.295005]], "type": "LineString"}}, {"type": "Feature", "properties": {}, "geometry": {"coordinates": [[-73.224638, 41.282406], [-73.226734, 41.282406]], "type": "LineString"}}, {"type": "Feature", "properties": {}, "geometry": {"coordinates": [[-73.224638, 41.282406], [-73.220448, 41.283981]], "type": "LineString"}}, {"type": "Feature", "properties": {}, "geometry": {"coordinates": [[-72.941773, 41.282406], [-72.946487, 41.28595], [-72.948583, 41.287623], [-72.94963, 41.288607], [-72.950154, 41.289395], [-72.950154, 41.29028]], "type": "LineString"}}, {"type": "Feature", "properties": {}, "geometry": {"coordinates": [[-72.939677, 41.282406], [-72.941773, 41.282406]], "type": "LineString"}}, {"type": "Feature", "properties": {}, "geometry": {"coordinates": [[-72.876818, 41.282406], [-72.876818, 41.283292], [-72.877211, 41.283981], [-72.877997, 41.284768], [-72.879176, 41.285753], [-72.880747, 41.286934], [-72.88245, 41.287918], [-72.884283, 41.288706], [-72.886771, 41.289395], [-72.891486, 41.29028]], "type": "LineString"}}, {"type": "Feature", "properties": {}, "geometry": {"coordinates": [[-72.793006, 41.282406], [-72.793006, 41.283981]], "type": "LineString"}}, {"type": "Feature", "properties": {}, "geometry": {"coordinates": [[-72.510141, 41.282406], [-72.516034, 41.282406], [-72.518915, 41.282603], [-72.520748, 41.282996], [-72.522451, 41.283784], [-72.524808, 41.285556]], "type": "LineString"}}, {"type": "Feature", "properties": {}, "geometry": {"coordinates": [[-72.508046, 41.282406], [-72.510141, 41.282406]], "type": "LineString"}}, {"type": "Feature", "properties": {}, "geometry": {"coordinates": [[-72.508046, 41.282406], [-72.508046, 41.283981]], "type": "LineString"}}, {"type": "Feature", "properties": {}, "geometry": {"coordinates": [[-73.501218, 41.280831], [-73.501218, 41.282603], [-73.501087, 41.283489], [-73.500825, 41.284079], [-73.500301, 41.28467], [-73.499123, 41.285556]], "type": "LineString"}}, {"type": "Feature", "properties": {}, "geometry": {"coordinates": [[-73.226734, 41.280831], [-73.226734, 41.282406]], "type": "LineString"}}, {"type": "Feature", "properties": {}, "geometry": {"coordinates": [[-73.13035, 41.280831], [-73.133886, 41.283489], [-73.135457, 41.284965], [-73.136243, 41.286146], [-73.136636, 41.287328], [-73.136636, 41.288509], [-73.136898, 41.289591], [-73.137421, 41.290576], [-73.138207, 41.291462], [-73.139255, 41.292249], [-73.140041, 41.293233], [-73.140564, 41.294414], [-73.140826, 41.295792], [-73.140826, 41.297367], [-73.140957, 41.298646], [-73.141219, 41.29963], [-73.141743, 41.300418], [-73.142922, 41.301303]], "type": "LineString"}}, {"type": "Feature", "properties": {}, "geometry": {"coordinates": [[-73.128254, 41.280831], [-73.13035, 41.280831]], "type": "LineString"}}, {"type": "Feature", "properties": {}, "geometry": {"coordinates": [[-73.128254, 41.280831], [-73.124719, 41.282603], [-73.122885, 41.28339], [-73.121576, 41.283784], [-73.120397, 41.283981], [-73.119349, 41.283981], [-73.117909, 41.28467], [-73.116076, 41.286048], [-73.113195, 41.288804], [-73.107301, 41.295005]], "type": "LineString"}}, {"type": "Feature", "properties": {}, "geometry": {"coordinates": [[-72.941773, 41.280831], [-72.941773, 41.282406]], "type": "LineString"}}, {"type": "Feature", "properties": {}, "geometry": {"coordinates": [[-72.935487, 41.280831], [-72.939677, 41.282406]], "type": "LineString"}}, {"type": "Feature", "properties": {}, "geometry": {"coordinates": [[-72.895676, 41.280831], [-72.895676, 41.284375], [-72.895414, 41.286146], [-72.89489, 41.287328], [-72.893843, 41.288509], [-72.891486, 41.29028]], "type": "LineString"}}, {"type": "Feature", "properties": {}, "geometry": {"coordinates": [[-72.625382, 41.287131], [-72.621847, 41.284473], [-72.619751, 41.283292], [-72.617918, 41.282701], [-72.615954, 41.282406], [-72.613858, 41.282406], [-72.612156, 41.282307], [-72.610846, 41.28211], [-72.60993, 41.281815], [-72.609406, 41.281421], [-72.60862, 41.281421], [-72.607572, 41.281815], [-72.606263, 41.282603], [-72.604691, 41.283784], [-72.603644, 41.284768], [-72.60312, 41.285556], [-72.603251, 41.286245], [-72.604429, 41.287131]], "type": "LineString"}}, {"type": "Feature", "properties": {}, "geometry": {"coordinates": [[-72.556238, 41.280831], [-72.560428, 41.288706]], "type": "LineString"}}, {"type": "Feature", "properties": {}, "geometry": {"coordinates": [[-73.228829, 41.279256], [-73.241401, 41.280831]], "type": "LineString"}}, {"type": "Feature", "properties": {}, "geometry": {"coordinates": [[-73.228829, 41.279256], [-73.226734, 41.280831]], "type": "LineString"}}, {"type": "Feature", "properties": {}, "geometry": {"coordinates": [[-73.13035, 41.279256], [-73.13035, 41.280831]], "type": "LineString"}}, {"type": "Feature", "properties": {}, "geometry": {"coordinates": [[-72.987869, 41.279256], [-72.986691, 41.281028], [-72.985905, 41.282012], [-72.985119, 41.2828], [-72.984203, 41.283587], [-72.983155, 41.284375], [-72.982238, 41.284965], [-72.981453, 41.285359], [-72.980667, 41.285556], [-72.979488, 41.285556]], "type": "LineString"}}, {"type": "Feature", "properties": {}, "geometry": {"coordinates": [[-72.870533, 41.279256], [-72.876818, 41.282406]], "type": "LineString"}}, {"type": "Feature", "properties": {}, "geometry": {"coordinates": [[-72.870533, 41.279256], [-72.866997, 41.281028], [-72.865163, 41.281815], [-72.863854, 41.282209], [-72.862413, 41.282406], [-72.860056, 41.282406]], "type": "LineString"}}, {"type": "Feature", "properties": {}, "geometry": {"coordinates": [[-72.556238, 41.280831], [-72.555059, 41.279945], [-72.55388, 41.279551], [-72.552309, 41.279354], [-72.550214, 41.279256], [-72.547594, 41.279256], [-72.545368, 41.279453], [-72.543535, 41.279846], [-72.541832, 41.280634], [-72.539475, 41.282406]], "type": "LineString"}}, {"type": "Feature", "properties": {}, "geometry": {"coordinates": [[-73.465598, 41.277681], [-73.465598, 41.279256]], "type": "LineString"}}, {"type": "Feature", "properties": {}, "geometry": {"coordinates": [[-73.463502, 41.277681], [-73.465598, 41.277681]], "type": "LineString"}}, {"type": "Feature", "properties": {}, "geometry": {"coordinates": [[-72.841198, 41.283981], [-72.838841, 41.283981], [-72.837532, 41.283784], [-72.836484, 41.28339], [-72.835436, 41.2828], [-72.834389, 41.282012], [-72.833341, 41.281421], [-72.832293, 41.281028], [-72.831246, 41.280831], [-72.830198, 41.280831], [-72.829019, 41.280634], [-72.82771, 41.28024], [-72.826269, 41.279649], [-72.824698, 41.278862], [-72.823257, 41.278468], [-72.821948, 41.278468], [-72.820769, 41.278862], [-72.819722, 41.279649], [-72.818936, 41.280535], [-72.818412, 41.28152], [-72.81815, 41.282603], [-72.81815, 41.283784], [-72.817757, 41.284965], [-72.816971, 41.286146], [-72.815793, 41.287328], [-72.814221, 41.288509], [-72.812912, 41.289395], [-72.811864, 41.289985], [-72.811078, 41.29028], [-72.810555, 41.29028], [-72.8099, 41.290477], [-72.809114, 41.290871], [-72.808197, 41.291462], [-72.80715, 41.292249], [-72.80584, 41.292839], [-72.804269, 41.293233], [-72.801912, 41.29343], [-72.797197, 41.29343]], "type": "LineString"}}, {"type": "Feature", "properties": {}, "geometry": {"coordinates": [[-72.562523, 41.277681], [-72.556238, 41.280831]], "type": "LineString"}}, {"type": "Feature", "properties": {}, "geometry": {"coordinates": [[-72.883104, 41.276105], [-72.883104, 41.276991], [-72.882712, 41.277681], [-72.881926, 41.278468], [-72.880354, 41.279748], [-72.876818, 41.282406]], "type": "LineString"}}, {"type": "Feature", "properties": {}, "geometry": {"coordinates": [[-73.499123, 41.285556], [-73.497944, 41.285556], [-73.497027, 41.28526], [-73.49598, 41.28467], [-73.49467, 41.283784], [-73.493099, 41.282603], [-73.491789, 41.281717], [-73.490741, 41.281126], [-73.489956, 41.280831], [-73.489432, 41.280831], [-73.488384, 41.280437], [-73.486813, 41.279649], [-73.484717, 41.278468], [-73.482098, 41.276893], [-73.47961, 41.275712], [-73.477253, 41.274924], [-73.475027, 41.27453], [-73.472931, 41.27453], [-73.471098, 41.274727], [-73.469526, 41.275121], [-73.467955, 41.275908], [-73.465598, 41.277681]], "type": "LineString"}}, {"type": "Feature", "properties": {}, "geometry": {"coordinates": [[-72.508046, 41.282406], [-72.505688, 41.279748], [-72.504117, 41.278468], [-72.502546, 41.277681], [-72.500712, 41.27709], [-72.498617, 41.276696], [-72.496914, 41.276302], [-72.495605, 41.275908], [-72.494688, 41.275515], [-72.494164, 41.275121], [-72.493248, 41.275022], [-72.491938, 41.275219], [-72.490236, 41.275712], [-72.48814, 41.276499], [-72.485914, 41.27709], [-72.483557, 41.277484], [-72.481069, 41.277681], [-72.47845, 41.277681], [-72.476092, 41.277976], [-72.473997, 41.278567], [-72.471771, 41.279748], [-72.468235, 41.282406]], "type": "LineString"}}, {"type": "Feature", "properties": {}, "geometry": {"coordinates": [[-73.427882, 41.272955], [-73.424347, 41.276499], [-73.422251, 41.278173], [-73.420418, 41.279157], [-73.418454, 41.279846], [-73.416358, 41.28024], [-73.414656, 41.280634], [-73.413346, 41.281028], [-73.41243, 41.281421], [-73.411906, 41.281815], [-73.411251, 41.28211], [-73.410465, 41.282307], [-73.409549, 41.282406], [-73.408501, 41.282406], [-73.40706, 41.282898], [-73.405227, 41.283882], [-73.403001, 41.285359], [-73.400382, 41.287328], [-73.398417, 41.289198], [-73.397108, 41.290969], [-73.396453, 41.292643], [-73.396453, 41.294217], [-73.396322, 41.295497], [-73.39606, 41.296481], [-73.395536, 41.297268], [-73.394358, 41.298154]], "type": "LineString"}}, {"type": "Feature", "properties": {}, "geometry": {"coordinates": [[-72.987869, 41.279256], [-72.983155, 41.275712], [-72.980798, 41.274136], [-72.979226, 41.273349], [-72.977917, 41.272955], [-72.976869, 41.272955], [-72.975952, 41.273053], [-72.975167, 41.27325], [-72.974381, 41.273644], [-72.973202, 41.27453]], "type": "LineString"}}, {"type": "Feature", "properties": {}, "geometry": {"coordinates": [[-72.95644, 41.272955], [-72.964821, 41.279256]], "type": "LineString"}}, {"type": "Feature", "properties": {}, "geometry": {"coordinates": [[-72.954345, 41.272955], [-72.95644, 41.272955]], "type": "LineString"}}, {"type": "Feature", "properties": {}, "geometry": {"coordinates": [[-72.952249, 41.272955], [-72.954345, 41.272955]], "type": "LineString"}}, {"type": "Feature", "properties": {}, "geometry": {"coordinates": [[-72.952249, 41.272955], [-72.941773, 41.280831]], "type": "LineString"}}, {"type": "Feature", "properties": {}, "geometry": {"coordinates": [[-72.732243, 41.272955], [-72.733421, 41.272955], [-72.734207, 41.273152], [-72.734993, 41.273546], [-72.73591, 41.274136], [-72.736957, 41.274924], [-72.737874, 41.275712], [-72.73866, 41.276499], [-72.739314, 41.277287], [-72.739838, 41.278074], [-72.740755, 41.278665], [-72.742065, 41.279059], [-72.743767, 41.279256], [-72.745862, 41.279256], [-72.748088, 41.279846], [-72.750446, 41.281028], [-72.753589, 41.28339], [-72.759482, 41.288706]], "type": "LineString"}}, {"type": "Feature", "properties": {}, "geometry": {"coordinates": [[-72.694527, 41.272955], [-72.69217, 41.273841], [-72.690992, 41.274727], [-72.690206, 41.275908], [-72.689551, 41.277484], [-72.689027, 41.279453], [-72.688372, 41.281028], [-72.687587, 41.282209], [-72.68667, 41.282996], [-72.685622, 41.28339], [-72.684575, 41.283882], [-72.683527, 41.284473], [-72.682479, 41.285162], [-72.681432, 41.28595], [-72.680646, 41.286639], [-72.680122, 41.287229], [-72.67986, 41.28782], [-72.67986, 41.288706]], "type": "LineString"}}, {"type": "Feature", "properties": {}, "geometry": {"coordinates": [[-72.95644, 41.27138], [-72.95644, 41.272955]], "type": "LineString"}}, {"type": "Feature", "properties": {}, "geometry": {"coordinates": [[-72.952249, 41.27138], [-72.952249, 41.272955]], "type": "LineString"}}, {"type": "Feature", "properties": {}, "geometry": {"coordinates": [[-73.440454, 41.269804], [-73.442811, 41.271577], [-73.444514, 41.272463], [-73.446347, 41.273053], [-73.448573, 41.273546], [-73.451193, 41.273939], [-73.453419, 41.274432], [-73.455252, 41.275022], [-73.456693, 41.275712], [-73.45774, 41.276499], [-73.458788, 41.27709], [-73.459836, 41.277484], [-73.461145, 41.277681], [-73.463502, 41.277681]], "type": "LineString"}}, {"type": "Feature", "properties": {}, "geometry": {"coordinates": [[-73.440454, 41.269804], [-73.439276, 41.27069], [-73.438359, 41.271084], [-73.437311, 41.271281], [-73.436002, 41.27138], [-73.43443, 41.27138], [-73.43299, 41.271478], [-73.43168, 41.271675], [-73.43024, 41.272069], [-73.427882, 41.272955]], "type": "LineString"}}, {"type": "Feature", "properties": {}, "geometry": {"coordinates": [[-73.224638, 41.269804], [-73.224638, 41.273349], [-73.2249, 41.275121], [-73.225424, 41.276302], [-73.226472, 41.277484], [-73.228829, 41.279256]], "type": "LineString"}}, {"type": "Feature", "properties": {}, "geometry": {"coordinates": [[-72.948059, 41.268229], [-72.952249, 41.27138]], "type": "LineString"}}, {"type": "Feature", "properties": {}, "geometry": {"coordinates": [[-72.939677, 41.268229], [-72.948059, 41.268229]], "type": "LineString"}}, {"type": "Feature", "properties": {}, "geometry": {"coordinates": [[-73.010918, 41.266654], [-73.015632, 41.269312], [-73.017858, 41.270887], [-73.019168, 41.272266], [-73.020085, 41.273743], [-73.020608, 41.275318], [-73.021263, 41.276696], [-73.022049, 41.277877], [-73.022966, 41.278862], [-73.024013, 41.279649], [-73.024799, 41.280437], [-73.025323, 41.281225], [-73.025585, 41.282012], [-73.025585, 41.2828], [-73.025978, 41.283784], [-73.026763, 41.284965], [-73.028335, 41.286737], [-73.031871, 41.29028]], "type": "LineString"}}, {"type": "Feature", "properties": {}, "geometry": {"coordinates": [[-73.008822, 41.266654], [-73.010918, 41.266654]], "type": "LineString"}}, {"type": "Feature", "properties": {}, "geometry": {"coordinates": [[-73.004632, 41.266654], [-73.008822, 41.266654]], "type": "LineString"}}, {"type": "Feature", "properties": {}, "geometry": {"coordinates": [[-73.004632, 41.266654], [-73.001096, 41.270198], [-72.999394, 41.271774], [-72.998346, 41.272561], [-72.99756, 41.272955], [-72.997036, 41.272955], [-72.99612, 41.273349], [-72.99481, 41.274136], [-72.992584, 41.275712], [-72.987869, 41.279256]], "type": "LineString"}}, {"type": "Feature", "properties": {}, "geometry": {"coordinates": [[-72.870533, 41.266654], [-72.870533, 41.279256]], "type": "LineString"}}, {"type": "Feature", "properties": {}, "geometry": {"coordinates": [[-73.243496, 41.265078], [-73.242317, 41.265964], [-73.241008, 41.266358], [-73.239174, 41.266555], [-73.236686, 41.266654], [-73.233543, 41.266654], [-73.230924, 41.266851], [-73.228829, 41.267244], [-73.226996, 41.268032], [-73.224638, 41.269804]], "type": "LineString"}}, {"type": "Feature", "properties": {}, "geometry": {"coordinates": [[-73.010918, 41.265078], [-73.010918, 41.266654]], "type": "LineString"}}, {"type": "Feature", "properties": {}, "geometry": {"coordinates": [[-72.983679, 41.265078], [-72.981583, 41.268229]], "type": "LineString"}}, {"type": "Feature", "properties": {}, "geometry": {"coordinates": [[-72.870533, 41.265078], [-72.870533, 41.266654]], "type": "LineString"}}, {"type": "Feature", "properties": {}, "geometry": {"coordinates": [[-72.868437, 41.265078], [-72.870533, 41.265078]], "type": "LineString"}}, {"type": "Feature", "properties": {}, "geometry": {"coordinates": [[-72.864247, 41.265078], [-72.868437, 41.265078]], "type": "LineString"}}, {"type": "Feature", "properties": {}, "geometry": {"coordinates": [[-73.000441, 41.263503], [-73.004632, 41.266654]], "type": "LineString"}}, {"type": "Feature", "properties": {}, "geometry": {"coordinates": [[-72.950154, 41.263503], [-72.950154, 41.265275], [-72.950023, 41.266161], [-72.949761, 41.266752], [-72.949237, 41.267343], [-72.948059, 41.268229]], "type": "LineString"}}, {"type": "Feature", "properties": {}, "geometry": {"coordinates": [[-73.434168, 41.261927], [-73.436526, 41.2637], [-73.437704, 41.264783], [-73.43849, 41.265767], [-73.439276, 41.267146], [-73.440454, 41.269804]], "type": "LineString"}}, {"type": "Feature", "properties": {}, "geometry": {"coordinates": [[-73.432073, 41.261927], [-73.434168, 41.261927]], "type": "LineString"}}, {"type": "Feature", "properties": {}, "geometry": {"coordinates": [[-73.429978, 41.261927], [-73.432073, 41.261927]], "type": "LineString"}}, {"type": "Feature", "properties": {}, "geometry": {"coordinates": [[-73.429978, 41.261927], [-73.428799, 41.262813], [-73.428275, 41.263601], [-73.428013, 41.264586], [-73.427882, 41.265866], [-73.427882, 41.267441], [-73.427751, 41.268721], [-73.42749, 41.269706], [-73.427097, 41.270395], [-73.426573, 41.270789], [-73.426311, 41.271183], [-73.426311, 41.271577], [-73.426704, 41.272069], [-73.427882, 41.272955]], "type": "LineString"}}, {"type": "Feature", "properties": {}, "geometry": {"coordinates": [[-73.050728, 41.261927], [-73.050728, 41.266358], [-73.050466, 41.268524], [-73.049943, 41.269903], [-73.049157, 41.270986], [-73.048109, 41.271774], [-73.047193, 41.272758], [-73.046407, 41.273939], [-73.045752, 41.275318], [-73.045228, 41.276893], [-73.044312, 41.278763], [-73.043002, 41.280929], [-73.040776, 41.284079], [-73.036061, 41.29028]], "type": "LineString"}}, {"type": "Feature", "properties": {}, "geometry": {"coordinates": [[-73.434168, 41.260352], [-73.434168, 41.261927]], "type": "LineString"}}, {"type": "Feature", "properties": {}, "geometry": {"coordinates": [[-73.050728, 41.260352], [-73.052824, 41.260352]], "type": "LineString"}}, {"type": "Feature", "properties": {}, "geometry": {"coordinates": [[-73.050728, 41.260352], [-73.050728, 41.261927]], "type": "LineString"}}, {"type": "Feature", "properties": {}, "geometry": {"coordinates": [[-73.048633, 41.260352], [-73.050728, 41.260352]], "type": "LineString"}}, {"type": "Feature", "properties": {}, "geometry": {"coordinates": [[-73.048633, 41.260352], [-73.047454, 41.261238], [-73.046669, 41.261632], [-73.045883, 41.261829], [-73.044704, 41.261927], [-73.042347, 41.261927]], "type": "LineString"}}, {"type": "Feature", "properties": {}, "geometry": {"coordinates": [[-72.874723, 41.260352], [-72.876818, 41.260352]], "type": "LineString"}}, {"type": "Feature", "properties": {}, "geometry": {"coordinates": [[-72.874723, 41.260352], [-72.870533, 41.265078]], "type": "LineString"}}, {"type": "Feature", "properties": {}, "geometry": {"coordinates": [[-73.218352, 41.258776], [-73.219531, 41.260549], [-73.220055, 41.261632], [-73.220317, 41.262617], [-73.220448, 41.2637], [-73.220448, 41.264881], [-73.22071, 41.265964], [-73.221233, 41.266949], [-73.222281, 41.268032], [-73.224638, 41.269804]], "type": "LineString"}}, {"type": "Feature", "properties": {}, "geometry": {"coordinates": [[-73.050728, 41.258776], [-73.050728, 41.260352]], "type": "LineString"}}, {"type": "Feature", "properties": {}, "geometry": {"coordinates": [[-72.975298, 41.258776], [-72.983679, 41.265078]], "type": "LineString"}}, {"type": "Feature", "properties": {}, "geometry": {"coordinates": [[-72.973202, 41.258776], [-72.975298, 41.258776]], "type": "LineString"}}, {"type": "Feature", "properties": {}, "geometry": {"coordinates": [[-72.973202, 41.258776], [-72.95644, 41.27138]], "type": "LineString"}}, {"type": "Feature", "properties": {}, "geometry": {"coordinates": [[-73.297974, 41.257201], [-73.297974, 41.258776]], "type": "LineString"}}, {"type": "Feature", "properties": {}, "geometry": {"coordinates": [[-73.220448, 41.257201], [-73.224638, 41.258776]], "type": "LineString"}}, {"type": "Feature", "properties": {}, "geometry": {"coordinates": [[-73.218352, 41.257201], [-73.220448, 41.257201]], "type": "LineString"}}, {"type": "Feature", "properties": {}, "geometry": {"coordinates": [[-73.218352, 41.257201], [-73.218352, 41.258776]], "type": "LineString"}}, {"type": "Feature", "properties": {}, "geometry": {"coordinates": [[-73.216257, 41.257201], [-73.218352, 41.257201]], "type": "LineString"}}, {"type": "Feature", "properties": {}, "geometry": {"coordinates": [[-72.973202, 41.257201], [-72.973202, 41.258776]], "type": "LineString"}}, {"type": "Feature", "properties": {}, "geometry": {"coordinates": [[-73.218352, 41.255625], [-73.218352, 41.257201]], "type": "LineString"}}, {"type": "Feature", "properties": {}, "geometry": {"coordinates": [[-72.973202, 41.255625], [-72.973202, 41.257201]], "type": "LineString"}}, {"type": "Feature", "properties": {}, "geometry": {"coordinates": [[-72.870533, 41.255625], [-72.874723, 41.260352]], "type": "LineString"}}, {"type": "Feature", "properties": {}, "geometry": {"coordinates": [[-73.147112, 41.254049], [-73.145934, 41.254936], [-73.14541, 41.255625], [-73.145148, 41.256413], [-73.145017, 41.257397], [-73.145017, 41.258579], [-73.144886, 41.259662], [-73.144624, 41.260647], [-73.144231, 41.261533], [-73.143707, 41.262321], [-73.14266, 41.263404], [-73.141088, 41.264783], [-73.138993, 41.266457], [-73.136374, 41.268426], [-73.134278, 41.270395], [-73.132707, 41.272364], [-73.131528, 41.274826], [-73.13035, 41.279256]], "type": "LineString"}}, {"type": "Feature", "properties": {}, "geometry": {"coordinates": [[-72.973202, 41.254049], [-72.975298, 41.254049]], "type": "LineString"}}, {"type": "Feature", "properties": {}, "geometry": {"coordinates": [[-72.973202, 41.254049], [-72.973202, 41.255625]], "type": "LineString"}}, {"type": "Feature", "properties": {}, "geometry": {"coordinates": [[-73.341975, 41.299729], [-73.343154, 41.298843], [-73.343547, 41.297859], [-73.343547, 41.296481], [-73.343285, 41.294611], [-73.342761, 41.292249], [-73.341975, 41.290084], [-73.340927, 41.288115], [-73.339618, 41.286343], [-73.338046, 41.284768], [-73.336606, 41.282996], [-73.335296, 41.281028], [-73.334118, 41.278862], [-73.33307, 41.276499], [-73.33163, 41.274038], [-73.329796, 41.271478], [-73.32757, 41.26882], [-73.324951, 41.266063], [-73.322986, 41.263601], [-73.321677, 41.261435], [-73.321022, 41.259564], [-73.321022, 41.257988], [-73.32076, 41.25661], [-73.320236, 41.255428], [-73.319451, 41.254443], [-73.318403, 41.253655], [-73.317093, 41.253064], [-73.315522, 41.25267], [-73.313689, 41.252473], [-73.311593, 41.252473], [-73.309891, 41.252572], [-73.308581, 41.252769], [-73.307665, 41.253064], [-73.307141, 41.253458], [-73.306486, 41.253754], [-73.3057, 41.253951], [-73.304784, 41.254049], [-73.303736, 41.254049], [-73.302688, 41.254246], [-73.301641, 41.25464], [-73.300331, 41.255428], [-73.297974, 41.257201]], "type": "LineString"}}, {"type": "Feature", "properties": {}, "geometry": {"coordinates": [[-73.147112, 41.252473], [-73.149207, 41.252473]], "type": "LineString"}}, {"type": "Feature", "properties": {}, "geometry": {"coordinates": [[-73.147112, 41.252473], [-73.147112, 41.254049]], "type": "LineString"}}, {"type": "Feature", "properties": {}, "geometry": {"coordinates": [[-73.197399, 41.250898], [-73.216257, 41.257201]], "type": "LineString"}}, {"type": "Feature", "properties": {}, "geometry": {"coordinates": [[-73.025585, 41.250898], [-73.019692, 41.254443], [-73.017073, 41.256216], [-73.015763, 41.257397], [-73.015108, 41.258382], [-73.015108, 41.25917], [-73.014846, 41.260056], [-73.014323, 41.261041], [-73.013275, 41.26242], [-73.010918, 41.265078]], "type": "LineString"}}, {"type": "Feature", "properties": {}, "geometry": {"coordinates": [[-72.969012, 41.250898], [-72.973202, 41.254049]], "type": "LineString"}}, {"type": "Feature", "properties": {}, "geometry": {"coordinates": [[-72.966916, 41.250898], [-72.969012, 41.250898]], "type": "LineString"}}, {"type": "Feature", "properties": {}, "geometry": {"coordinates": [[-73.17016, 41.249322], [-73.168065, 41.263503]], "type": "LineString"}}, {"type": "Feature", "properties": {}, "geometry": {"coordinates": [[-73.071681, 41.249322], [-73.07286, 41.250208], [-73.07286, 41.251095], [-73.072074, 41.252276], [-73.070634, 41.253852], [-73.068538, 41.255822], [-73.066443, 41.257299], [-73.064348, 41.258284], [-73.062253, 41.258776], [-73.060157, 41.258776], [-73.058324, 41.258875], [-73.056752, 41.259072], [-73.055181, 41.259465], [-73.052824, 41.260352]], "type": "LineString"}}, {"type": "Feature", "properties": {}, "geometry": {"coordinates": [[-73.057014, 41.249322], [-73.050728, 41.258776]], "type": "LineString"}}, {"type": "Feature", "properties": {}, "geometry": {"coordinates": [[-72.971107, 41.249322], [-72.969012, 41.250898]], "type": "LineString"}}, {"type": "Feature", "properties": {}, "geometry": {"coordinates": [[-73.17016, 41.247746], [-73.17016, 41.249322]], "type": "LineString"}}, {"type": "Feature", "properties": {}, "geometry": {"coordinates": [[-73.168065, 41.247746], [-73.17016, 41.247746]], "type": "LineString"}}, {"type": "Feature", "properties": {}, "geometry": {"coordinates": [[-73.168065, 41.247746], [-73.165708, 41.247746], [-73.164529, 41.247845], [-73.163744, 41.248042], [-73.163089, 41.248337], [-73.162565, 41.248731], [-73.16191, 41.249026], [-73.161125, 41.249223], [-73.160208, 41.249322], [-73.15916, 41.249322], [-73.158113, 41.249519], [-73.157065, 41.249913], [-73.156017, 41.250504], [-73.15497, 41.251292], [-73.153922, 41.251883], [-73.152874, 41.252276], [-73.151565, 41.252473], [-73.149207, 41.252473]], "type": "LineString"}}, {"type": "Feature", "properties": {}, "geometry": {"coordinates": [[-72.981583, 41.247746], [-72.981583, 41.248632], [-72.981191, 41.249322], [-72.980405, 41.25011], [-72.978833, 41.25139], [-72.975298, 41.254049]], "type": "LineString"}}, {"type": "Feature", "properties": {}, "geometry": {"coordinates": [[-72.989965, 41.24617], [-72.993501, 41.247057], [-72.995203, 41.247648], [-72.996251, 41.248238], [-72.997036, 41.248928], [-72.99756, 41.249716], [-72.997822, 41.250405], [-72.997822, 41.250996], [-72.99756, 41.251489], [-72.997036, 41.251883], [-72.996643, 41.252473], [-72.996382, 41.253261], [-72.996251, 41.254246], [-72.996251, 41.255428], [-72.995465, 41.256807], [-72.993893, 41.258382], [-72.99075, 41.260647], [-72.983679, 41.265078]], "type": "LineString"}}, {"type": "Feature", "properties": {}, "geometry": {"coordinates": [[-73.425787, 41.244594], [-73.430502, 41.249026], [-73.432597, 41.251489], [-73.433644, 41.253458], [-73.434168, 41.25592], [-73.434168, 41.260352]], "type": "LineString"}}, {"type": "Feature", "properties": {}, "geometry": {"coordinates": [[-73.214162, 41.243018], [-73.21534, 41.243018], [-73.216126, 41.243215], [-73.216912, 41.243609], [-73.217829, 41.2442], [-73.218876, 41.244988], [-73.219662, 41.246072], [-73.220186, 41.247451], [-73.220448, 41.249125], [-73.220448, 41.251095], [-73.220317, 41.25267], [-73.220055, 41.253852], [-73.219531, 41.254739], [-73.218352, 41.255625]], "type": "LineString"}}, {"type": "Feature", "properties": {}, "geometry": {"coordinates": [[-73.176446, 41.243018], [-73.178542, 41.243018]], "type": "LineString"}}, {"type": "Feature", "properties": {}, "geometry": {"coordinates": [[-73.176446, 41.243018], [-73.17016, 41.247746]], "type": "LineString"}}, {"type": "Feature", "properties": {}, "geometry": {"coordinates": [[-73.075872, 41.239866], [-73.084253, 41.239866]], "type": "LineString"}}, {"type": "Feature", "properties": {}, "geometry": {"coordinates": [[-73.073777, 41.239866], [-73.075872, 41.239866]], "type": "LineString"}}, {"type": "Feature", "properties": {}, "geometry": {"coordinates": [[-73.073777, 41.239866], [-73.073777, 41.241442]], "type": "LineString"}}, {"type": "Feature", "properties": {}, "geometry": {"coordinates": [[-73.02768, 41.236714], [-73.022966, 41.24026], [-73.020608, 41.241836], [-73.019037, 41.242624], [-73.017727, 41.243018], [-73.01668, 41.243018], [-73.015763, 41.243215], [-73.014977, 41.243609], [-73.014192, 41.244397], [-73.013013, 41.24617]], "type": "LineString"}}, {"type": "Feature", "properties": {}, "geometry": {"coordinates": [[-73.195304, 41.235138], [-73.197399, 41.235138]], "type": "LineString"}}, {"type": "Feature", "properties": {}, "geometry": {"coordinates": [[-73.195304, 41.235138], [-73.195304, 41.236714]], "type": "LineString"}}, {"type": "Feature", "properties": {}, "geometry": {"coordinates": [[-73.258163, 41.233562], [-73.261699, 41.236222], [-73.263401, 41.237699], [-73.264449, 41.238881], [-73.265235, 41.240063], [-73.265759, 41.241245], [-73.266806, 41.242723], [-73.268378, 41.244496], [-73.270473, 41.246564], [-73.273092, 41.248928], [-73.275318, 41.250701], [-73.277152, 41.251883], [-73.278592, 41.252473], [-73.27964, 41.252473], [-73.280819, 41.252276], [-73.282128, 41.251883], [-73.283569, 41.251292], [-73.28514, 41.250504], [-73.286973, 41.250405], [-73.289069, 41.250996], [-73.292081, 41.252769], [-73.297974, 41.257201]], "type": "LineString"}}, {"type": "Feature", "properties": {}, "geometry": {"coordinates": [[-73.176446, 41.233562], [-73.176446, 41.235335], [-73.176315, 41.236222], [-73.176054, 41.236813], [-73.175661, 41.237305], [-73.175137, 41.237699], [-73.174744, 41.238192], [-73.174482, 41.238783], [-73.174351, 41.239472], [-73.174351, 41.24026], [-73.174482, 41.24095], [-73.174744, 41.241541], [-73.175268, 41.242132], [-73.176446, 41.243018]], "type": "LineString"}}, {"type": "Feature", "properties": {}, "geometry": {"coordinates": [[-73.132445, 41.233562], [-73.134802, 41.235335], [-73.13585, 41.23632], [-73.136374, 41.237108], [-73.136636, 41.237896], [-73.136636, 41.238684], [-73.136898, 41.239472], [-73.137421, 41.24026], [-73.138207, 41.241048], [-73.139255, 41.241836], [-73.140041, 41.242624], [-73.140564, 41.243412], [-73.140826, 41.2442], [-73.140826, 41.244988], [-73.141219, 41.245973], [-73.142005, 41.247155], [-73.143576, 41.248928], [-73.147112, 41.252473]], "type": "LineString"}}, {"type": "Feature", "properties": {}, "geometry": {"coordinates": [[-73.132445, 41.233562], [-73.130088, 41.234448], [-73.128909, 41.235039], [-73.128124, 41.23563], [-73.127338, 41.236517], [-73.126159, 41.23829]], "type": "LineString"}}, {"type": "Feature", "properties": {}, "geometry": {"coordinates": [[-73.203685, 41.231986], [-73.201328, 41.233759], [-73.200149, 41.234547], [-73.199364, 41.234941], [-73.198578, 41.235138], [-73.197399, 41.235138]], "type": "LineString"}}, {"type": "Feature", "properties": {}, "geometry": {"coordinates": [[-73.048633, 41.231986], [-73.04274, 41.235532], [-73.040121, 41.237305], [-73.038811, 41.238487], [-73.038157, 41.239669], [-73.038157, 41.241442]], "type": "LineString"}}, {"type": "Feature", "properties": {}, "geometry": {"coordinates": [[-73.214162, 41.230409], [-73.216257, 41.230409]], "type": "LineString"}}, {"type": "Feature", "properties": {}, "geometry": {"coordinates": [[-73.214162, 41.230409], [-73.211805, 41.232183], [-73.210495, 41.232971], [-73.209447, 41.233365], [-73.2084, 41.233562], [-73.207352, 41.233562], [-73.206435, 41.233463], [-73.20565, 41.233266], [-73.204864, 41.232872], [-73.203685, 41.231986]], "type": "LineString"}}, {"type": "Feature", "properties": {}, "geometry": {"coordinates": [[-73.0633, 41.230409], [-73.073777, 41.239866]], "type": "LineString"}}, {"type": "Feature", "properties": {}, "geometry": {"coordinates": [[-73.05911, 41.230409], [-73.05911, 41.235138]], "type": "LineString"}}, {"type": "Feature", "properties": {}, "geometry": {"coordinates": [[-73.214162, 41.228833], [-73.214162, 41.230409]], "type": "LineString"}}, {"type": "Feature", "properties": {}, "geometry": {"coordinates": [[-73.084253, 41.228833], [-73.084253, 41.230409]], "type": "LineString"}}, {"type": "Feature", "properties": {}, "geometry": {"coordinates": [[-73.0633, 41.228833], [-73.0633, 41.230409]], "type": "LineString"}}, {"type": "Feature", "properties": {}, "geometry": {"coordinates": [[-73.061205, 41.228833], [-73.0633, 41.228833]], "type": "LineString"}}, {"type": "Feature", "properties": {}, "geometry": {"coordinates": [[-73.05911, 41.228833], [-73.061205, 41.228833]], "type": "LineString"}}, {"type": "Feature", "properties": {}, "geometry": {"coordinates": [[-73.05911, 41.228833], [-73.05911, 41.230409]], "type": "LineString"}}, {"type": "Feature", "properties": {}, "geometry": {"coordinates": [[-73.057014, 41.228833], [-73.05911, 41.228833]], "type": "LineString"}}, {"type": "Feature", "properties": {}, "geometry": {"coordinates": [[-73.057014, 41.228833], [-73.054657, 41.230606], [-73.053348, 41.231394], [-73.0523, 41.231788], [-73.05099, 41.231986], [-73.048633, 41.231986]], "type": "LineString"}}, {"type": "Feature", "properties": {}, "geometry": {"coordinates": [[-73.230924, 41.227257], [-73.233019, 41.227257]], "type": "LineString"}}, {"type": "Feature", "properties": {}, "geometry": {"coordinates": [[-73.230924, 41.227257], [-73.228567, 41.22903], [-73.226865, 41.229818], [-73.225031, 41.230212], [-73.22215, 41.230409], [-73.216257, 41.230409]], "type": "LineString"}}, {"type": "Feature", "properties": {}, "geometry": {"coordinates": [[-73.147112, 41.227257], [-73.151303, 41.231986]], "type": "LineString"}}, {"type": "Feature", "properties": {}, "geometry": {"coordinates": [[-73.145017, 41.227257], [-73.147112, 41.227257]], "type": "LineString"}}, {"type": "Feature", "properties": {}, "geometry": {"coordinates": [[-73.136636, 41.227257], [-73.145017, 41.227257]], "type": "LineString"}}, {"type": "Feature", "properties": {}, "geometry": {"coordinates": [[-73.136636, 41.227257], [-73.132445, 41.233562]], "type": "LineString"}}, {"type": "Feature", "properties": {}, "geometry": {"coordinates": [[-73.084253, 41.227257], [-73.084253, 41.228833]], "type": "LineString"}}, {"type": "Feature", "properties": {}, "geometry": {"coordinates": [[-73.082158, 41.227257], [-73.084253, 41.227257]], "type": "LineString"}}, {"type": "Feature", "properties": {}, "geometry": {"coordinates": [[-73.05911, 41.227257], [-73.05911, 41.228833]], "type": "LineString"}}, {"type": "Feature", "properties": {}, "geometry": {"coordinates": [[-73.230924, 41.22568], [-73.230924, 41.227257]], "type": "LineString"}}, {"type": "Feature", "properties": {}, "geometry": {"coordinates": [[-73.20159, 41.22568], [-73.202769, 41.226567], [-73.203292, 41.227257], [-73.203554, 41.228045], [-73.203685, 41.229326], [-73.203685, 41.231986]], "type": "LineString"}}, {"type": "Feature", "properties": {}, "geometry": {"coordinates": [[-73.147112, 41.22568], [-73.147112, 41.227257]], "type": "LineString"}}, {"type": "Feature", "properties": {}, "geometry": {"coordinates": [[-73.247687, 41.224104], [-73.249782, 41.224104]], "type": "LineString"}}, {"type": "Feature", "properties": {}, "geometry": {"coordinates": [[-73.247687, 41.224104], [-73.245329, 41.225877], [-73.243627, 41.226665], [-73.241794, 41.22706], [-73.238913, 41.227257], [-73.233019, 41.227257]], "type": "LineString"}}, {"type": "Feature", "properties": {}, "geometry": {"coordinates": [[-73.20159, 41.224104], [-73.20159, 41.22568]], "type": "LineString"}}, {"type": "Feature", "properties": {}, "geometry": {"coordinates": [[-73.199495, 41.224104], [-73.20159, 41.224104]], "type": "LineString"}}, {"type": "Feature", "properties": {}, "geometry": {"coordinates": [[-73.199495, 41.224104], [-73.197137, 41.224104], [-73.195828, 41.224301], [-73.19478, 41.224695], [-73.193733, 41.225286], [-73.192685, 41.226074], [-73.19203, 41.226764], [-73.191768, 41.227355], [-73.191899, 41.227848], [-73.192423, 41.228242], [-73.192816, 41.228833], [-73.193078, 41.229621], [-73.193209, 41.230606], [-73.193209, 41.231788], [-73.19334, 41.232774], [-73.193602, 41.233562], [-73.194125, 41.234251], [-73.195304, 41.235138]], "type": "LineString"}}, {"type": "Feature", "properties": {}, "geometry": {"coordinates": [[-73.09473, 41.224104], [-73.099444, 41.226764], [-73.101278, 41.228242], [-73.101801, 41.229424], [-73.101539, 41.230606], [-73.100492, 41.231788], [-73.099575, 41.233069], [-73.098789, 41.234448], [-73.098004, 41.23632], [-73.096825, 41.239866]], "type": "LineString"}}, {"type": "Feature", "properties": {}, "geometry": {"coordinates": [[-73.092634, 41.224104], [-73.09473, 41.224104]], "type": "LineString"}}, {"type": "Feature", "properties": {}, "geometry": {"coordinates": [[-73.092634, 41.224104], [-73.084253, 41.227257]], "type": "LineString"}}, {"type": "Feature", "properties": {}, "geometry": {"coordinates": [[-73.247687, 41.222527], [-73.247687, 41.224104]], "type": "LineString"}}, {"type": "Feature", "properties": {}, "geometry": {"coordinates": [[-73.092634, 41.222527], [-73.092634, 41.224104]], "type": "LineString"}}, {"type": "Feature", "properties": {}, "geometry": {"coordinates": [[-73.073777, 41.222527], [-73.077313, 41.225188], [-73.079015, 41.22637], [-73.080063, 41.226961], [-73.080979, 41.227257], [-73.082158, 41.227257]], "type": "LineString"}}, {"type": "Feature", "properties": {}, "geometry": {"coordinates": [[-73.073777, 41.222527], [-73.0633, 41.228833]], "type": "LineString"}}, {"type": "Feature", "properties": {}, "geometry": {"coordinates": [[-73.228829, 41.220951], [-73.230007, 41.221838], [-73.230531, 41.222429], [-73.230793, 41.22302], [-73.230924, 41.223907], [-73.230924, 41.22568]], "type": "LineString"}}, {"type": "Feature", "properties": {}, "geometry": {"coordinates": [[-73.224638, 41.220951], [-73.228829, 41.220951]], "type": "LineString"}}, {"type": "Feature", "properties": {}, "geometry": {"coordinates": [[-73.207876, 41.220951], [-73.211412, 41.223611], [-73.212983, 41.224991], [-73.213769, 41.225976], [-73.214162, 41.22706], [-73.214162, 41.228833]], "type": "LineString"}}, {"type": "Feature", "properties": {}, "geometry": {"coordinates": [[-73.207876, 41.220951], [-73.20159, 41.224104]], "type": "LineString"}}, {"type": "Feature", "properties": {}, "geometry": {"coordinates": [[-73.174351, 41.220951], [-73.176446, 41.224104]], "type": "LineString"}}, {"type": "Feature", "properties": {}, "geometry": {"coordinates": [[-73.092634, 41.220951], [-73.092634, 41.222527]], "type": "LineString"}}, {"type": "Feature", "properties": {}, "geometry": {"coordinates": [[-73.174351, 41.219374], [-73.174351, 41.220951]], "type": "LineString"}}, {"type": "Feature", "properties": {}, "geometry": {"coordinates": [[-73.172256, 41.219374], [-73.174351, 41.219374]], "type": "LineString"}}, {"type": "Feature", "properties": {}, "geometry": {"coordinates": [[-73.17016, 41.219374], [-73.172256, 41.219374]], "type": "LineString"}}, {"type": "Feature", "properties": {}, "geometry": {"coordinates": [[-73.048633, 41.219374], [-73.05911, 41.227257]], "type": "LineString"}}, {"type": "Feature", "properties": {}, "geometry": {"coordinates": [[-73.046538, 41.219374], [-73.048633, 41.219374]], "type": "LineString"}}, {"type": "Feature", "properties": {}, "geometry": {"coordinates": [[-73.230924, 41.217798], [-73.228829, 41.220951]], "type": "LineString"}}, {"type": "Feature", "properties": {}, "geometry": {"coordinates": [[-73.132445, 41.217798], [-73.132445, 41.220458], [-73.132707, 41.221936], [-73.133231, 41.223119], [-73.134278, 41.224596], [-73.136636, 41.227257]], "type": "LineString"}}, {"type": "Feature", "properties": {}, "geometry": {"coordinates": [[-73.050728, 41.217798], [-73.048633, 41.219374]], "type": "LineString"}}, {"type": "Feature", "properties": {}, "geometry": {"coordinates": [[-73.13454, 41.216221], [-73.136636, 41.216221]], "type": "LineString"}}, {"type": "Feature", "properties": {}, "geometry": {"coordinates": [[-73.132445, 41.216221], [-73.13454, 41.216221]], "type": "LineString"}}, {"type": "Feature", "properties": {}, "geometry": {"coordinates": [[-73.132445, 41.216221], [-73.132445, 41.217798]], "type": "LineString"}}, {"type": "Feature", "properties": {}, "geometry": {"coordinates": [[-73.082158, 41.214645], [-73.073777, 41.222527]], "type": "LineString"}}, {"type": "Feature", "properties": {}, "geometry": {"coordinates": [[-73.048633, 41.231986], [-73.039204, 41.224005], [-73.034883, 41.220458], [-73.032525, 41.218685], [-73.031085, 41.217798], [-73.030561, 41.217798], [-73.029775, 41.217502], [-73.028728, 41.216911], [-73.027418, 41.216024], [-73.025847, 41.214842], [-73.024406, 41.214053], [-73.023097, 41.213659], [-73.021656, 41.213758], [-73.019299, 41.214645]], "type": "LineString"}}, {"type": "Feature", "properties": {}, "geometry": {"coordinates": [[-73.205781, 41.211491], [-73.207876, 41.220951]], "type": "LineString"}}, {"type": "Feature", "properties": {}, "geometry": {"coordinates": [[-73.427882, 41.209914], [-73.432597, 41.212575], [-73.434561, 41.213856], [-73.435347, 41.214645], [-73.435347, 41.215334], [-73.434168, 41.216221]], "type": "LineString"}}, {"type": "Feature", "properties": {}, "geometry": {"coordinates": [[-73.09473, 41.209914], [-73.082158, 41.214645]], "type": "LineString"}}, {"type": "Feature", "properties": {}, "geometry": {"coordinates": [[-73.077967, 41.208338], [-73.082158, 41.214645]], "type": "LineString"}}, {"type": "Feature", "properties": {}, "geometry": {"coordinates": [[-73.381786, 41.206761], [-73.382964, 41.210309], [-73.384143, 41.212378], [-73.385714, 41.214152], [-73.38781, 41.216024], [-73.390429, 41.217995], [-73.392524, 41.220064], [-73.394096, 41.222232], [-73.395143, 41.224498], [-73.395667, 41.226863], [-73.396453, 41.228931], [-73.397501, 41.230705], [-73.39881, 41.232183], [-73.400382, 41.233365], [-73.401691, 41.234448], [-73.402739, 41.235433], [-73.403525, 41.23632], [-73.404048, 41.237108], [-73.404441, 41.237995], [-73.404703, 41.23898], [-73.404834, 41.240063], [-73.404834, 41.241245], [-73.405227, 41.242427], [-73.406013, 41.243609], [-73.407191, 41.244791], [-73.408763, 41.245973], [-73.409941, 41.246958], [-73.410727, 41.247746], [-73.41112, 41.248337], [-73.41112, 41.248731], [-73.411906, 41.249519], [-73.413477, 41.250701], [-73.415834, 41.252276], [-73.418977, 41.254246], [-73.421335, 41.255822], [-73.422906, 41.257004], [-73.423692, 41.257791], [-73.423692, 41.258185], [-73.424085, 41.258678], [-73.42487, 41.259269], [-73.426442, 41.260155], [-73.429978, 41.261927]], "type": "LineString"}}, {"type": "Feature", "properties": {}, "geometry": {"coordinates": [[-73.126159, 41.206761], [-73.132445, 41.216221]], "type": "LineString"}}, {"type": "Feature", "properties": {}, "geometry": {"coordinates": [[-73.121969, 41.206761], [-73.126159, 41.206761]], "type": "LineString"}}, {"type": "Feature", "properties": {}, "geometry": {"coordinates": [[-73.138731, 41.205184], [-73.13991, 41.206071], [-73.140695, 41.206465], [-73.141481, 41.206662], [-73.14266, 41.206761], [-73.145017, 41.206761]], "type": "LineString"}}, {"type": "Feature", "properties": {}, "geometry": {"coordinates": [[-73.406929, 41.203607], [-73.406929, 41.205184]], "type": "LineString"}}, {"type": "Feature", "properties": {}, "geometry": {"coordinates": [[-73.218352, 41.203607], [-73.218352, 41.204494], [-73.21809, 41.205085], [-73.217567, 41.205677], [-73.216781, 41.206367], [-73.215733, 41.207155], [-73.214686, 41.207746], [-73.213638, 41.208141], [-73.21259, 41.208338], [-73.211543, 41.208338], [-73.210495, 41.208535], [-73.209447, 41.208929], [-73.208138, 41.209717], [-73.205781, 41.211491]], "type": "LineString"}}, {"type": "Feature", "properties": {}, "geometry": {"coordinates": [[-73.138731, 41.203607], [-73.138731, 41.205184]], "type": "LineString"}}, {"type": "Feature", "properties": {}, "geometry": {"coordinates": [[-73.136636, 41.203607], [-73.138731, 41.203607]], "type": "LineString"}}, {"type": "Feature", "properties": {}, "geometry": {"coordinates": [[-73.132445, 41.203607], [-73.136636, 41.203607]], "type": "LineString"}}, {"type": "Feature", "properties": {}, "geometry": {"coordinates": [[-73.13035, 41.203607], [-73.132445, 41.203607]], "type": "LineString"}}, {"type": "Feature", "properties": {}, "geometry": {"coordinates": [[-73.13035, 41.203607], [-73.126159, 41.206761]], "type": "LineString"}}, {"type": "Feature", "properties": {}, "geometry": {"coordinates": [[-73.406929, 41.20203], [-73.409025, 41.20203]], "type": "LineString"}}, {"type": "Feature", "properties": {}, "geometry": {"coordinates": [[-73.406929, 41.20203], [-73.406929, 41.203607]], "type": "LineString"}}, {"type": "Feature", "properties": {}, "geometry": {"coordinates": [[-73.218352, 41.20203], [-73.220448, 41.20203]], "type": "LineString"}}, {"type": "Feature", "properties": {}, "geometry": {"coordinates": [[-73.218352, 41.20203], [-73.218352, 41.203607]], "type": "LineString"}}, {"type": "Feature", "properties": {}, "geometry": {"coordinates": [[-73.13035, 41.20203], [-73.13035, 41.203607]], "type": "LineString"}}, {"type": "Feature", "properties": {}, "geometry": {"coordinates": [[-73.23721, 41.200453], [-73.23721, 41.203114], [-73.237734, 41.204888], [-73.238782, 41.206662], [-73.240353, 41.208732], [-73.242448, 41.211097], [-73.24402, 41.213265], [-73.245067, 41.215236], [-73.245591, 41.21701], [-73.245591, 41.218586], [-73.245722, 41.219867], [-73.245984, 41.220852], [-73.246508, 41.221641], [-73.247687, 41.222527]], "type": "LineString"}}, {"type": "Feature", "properties": {}, "geometry": {"coordinates": [[-73.398548, 41.198876], [-73.406929, 41.20203]], "type": "LineString"}}, {"type": "Feature", "properties": {}, "geometry": {"coordinates": [[-73.396453, 41.198876], [-73.398548, 41.198876]], "type": "LineString"}}, {"type": "Feature", "properties": {}, "geometry": {"coordinates": [[-73.396453, 41.198876], [-73.394096, 41.202424], [-73.392524, 41.204001], [-73.390953, 41.20479], [-73.389119, 41.205184], [-73.387024, 41.205184], [-73.385322, 41.205282], [-73.384012, 41.20548], [-73.382964, 41.205874], [-73.381786, 41.206761]], "type": "LineString"}}, {"type": "Feature", "properties": {}, "geometry": {"coordinates": [[-73.186923, 41.198876], [-73.183387, 41.202424], [-73.181816, 41.204297], [-73.18103, 41.205677], [-73.180637, 41.206958], [-73.180637, 41.208141], [-73.180244, 41.209619], [-73.179458, 41.211393], [-73.177887, 41.214053], [-73.174351, 41.219374]], "type": "LineString"}}, {"type": "Feature", "properties": {}, "geometry": {"coordinates": [[-73.396453, 41.197299], [-73.396453, 41.198876]], "type": "LineString"}}, {"type": "Feature", "properties": {}, "geometry": {"coordinates": [[-73.358737, 41.197299], [-73.35638, 41.199073], [-73.355333, 41.200157], [-73.354809, 41.201143], [-73.354547, 41.202227], [-73.354547, 41.20341], [-73.354285, 41.204494], [-73.353761, 41.20548], [-73.352975, 41.206367], [-73.351928, 41.207155], [-73.351011, 41.208042], [-73.350225, 41.209027], [-73.34944, 41.210407], [-73.348261, 41.213068]], "type": "LineString"}}, {"type": "Feature", "properties": {}, "geometry": {"coordinates": [[-73.233019, 41.197299], [-73.23721, 41.200453]], "type": "LineString"}}, {"type": "Feature", "properties": {}, "geometry": {"coordinates": [[-73.233019, 41.197299], [-73.220448, 41.20203]], "type": "LineString"}}, {"type": "Feature", "properties": {}, "geometry": {"coordinates": [[-73.189018, 41.197299], [-73.205781, 41.211491]], "type": "LineString"}}, {"type": "Feature", "properties": {}, "geometry": {"coordinates": [[-73.186923, 41.197299], [-73.189018, 41.197299]], "type": "LineString"}}, {"type": "Feature", "properties": {}, "geometry": {"coordinates": [[-73.186923, 41.197299], [-73.186923, 41.198876]], "type": "LineString"}}, {"type": "Feature", "properties": {}, "geometry": {"coordinates": [[-73.168065, 41.197299], [-73.164529, 41.202621], [-73.162434, 41.205282], [-73.160601, 41.207056], [-73.158636, 41.208535], [-73.156541, 41.209717], [-73.15497, 41.210801], [-73.153922, 41.211787], [-73.153398, 41.212674], [-73.153398, 41.213462], [-73.153267, 41.214152], [-73.153005, 41.214743], [-73.152612, 41.215236], [-73.152089, 41.21563], [-73.151696, 41.21632], [-73.151434, 41.217305], [-73.151303, 41.218586], [-73.151303, 41.220163], [-73.151041, 41.221542], [-73.150517, 41.222724], [-73.149469, 41.223907], [-73.147112, 41.22568]], "type": "LineString"}}, {"type": "Feature", "properties": {}, "geometry": {"coordinates": [[-73.388072, 41.195722], [-73.391608, 41.195722], [-73.39331, 41.19582], [-73.394358, 41.196018], [-73.395274, 41.196412], [-73.396453, 41.197299]], "type": "LineString"}}, {"type": "Feature", "properties": {}, "geometry": {"coordinates": [[-73.17016, 41.195722], [-73.178411, 41.195722], [-73.182208, 41.19582], [-73.184304, 41.196018], [-73.185744, 41.196412], [-73.186923, 41.197299]], "type": "LineString"}}, {"type": "Feature", "properties": {}, "geometry": {"coordinates": [[-73.168065, 41.195722], [-73.17016, 41.195722]], "type": "LineString"}}, {"type": "Feature", "properties": {}, "geometry": {"coordinates": [[-73.168065, 41.195722], [-73.168065, 41.197299]], "type": "LineString"}}, {"type": "Feature", "properties": {}, "geometry": {"coordinates": [[-73.421596, 41.194145], [-73.429978, 41.197299]], "type": "LineString"}}, {"type": "Feature", "properties": {}, "geometry": {"coordinates": [[-73.419501, 41.194145], [-73.421596, 41.194145]], "type": "LineString"}}, {"type": "Feature", "properties": {}, "geometry": {"coordinates": [[-73.419501, 41.194145], [-73.409025, 41.20203]], "type": "LineString"}}, {"type": "Feature", "properties": {}, "geometry": {"coordinates": [[-73.233019, 41.194145], [-73.233019, 41.197299]], "type": "LineString"}}, {"type": "Feature", "properties": {}, "geometry": {"coordinates": [[-73.421596, 41.192568], [-73.421596, 41.194145]], "type": "LineString"}}, {"type": "Feature", "properties": {}, "geometry": {"coordinates": [[-73.365023, 41.192568], [-73.370916, 41.196116], [-73.373667, 41.197989], [-73.375238, 41.199369], [-73.376286, 41.20065], [-73.376809, 41.201833], [-73.377464, 41.202917], [-73.37825, 41.203903], [-73.379429, 41.204987], [-73.381786, 41.206761]], "type": "LineString"}}, {"type": "Feature", "properties": {}, "geometry": {"coordinates": [[-73.365023, 41.192568], [-73.358737, 41.197299]], "type": "LineString"}}, {"type": "Feature", "properties": {}, "geometry": {"coordinates": [[-73.163875, 41.192568], [-73.168065, 41.195722]], "type": "LineString"}}, {"type": "Feature", "properties": {}, "geometry": {"coordinates": [[-73.161779, 41.192568], [-73.163875, 41.192568]], "type": "LineString"}}, {"type": "Feature", "properties": {}, "geometry": {"coordinates": [[-73.161779, 41.192568], [-73.158243, 41.192568], [-73.155624, 41.193258], [-73.152743, 41.194638], [-73.14816, 41.197398], [-73.138731, 41.203607]], "type": "LineString"}}, {"type": "Feature", "properties": {}, "geometry": {"coordinates": [[-73.163875, 41.19099], [-73.163875, 41.192568]], "type": "LineString"}}, {"type": "Feature", "properties": {}, "geometry": {"coordinates": [[-73.421596, 41.189413], [-73.421596, 41.192568]], "type": "LineString"}}, {"type": "Feature", "properties": {}, "geometry": {"coordinates": [[-73.291688, 41.189413], [-73.292866, 41.1903], [-73.29339, 41.190892], [-73.293652, 41.191483], [-73.293783, 41.19237], [-73.293783, 41.194145]], "type": "LineString"}}, {"type": "Feature", "properties": {}, "geometry": {"coordinates": [[-73.289593, 41.189413], [-73.291688, 41.189413]], "type": "LineString"}}, {"type": "Feature", "properties": {}, "geometry": {"coordinates": [[-73.289593, 41.189413], [-73.286057, 41.192962], [-73.283961, 41.194736], [-73.282128, 41.195919], [-73.280164, 41.196905], [-73.278068, 41.197693], [-73.275973, 41.198777], [-73.273878, 41.200157], [-73.271259, 41.202326], [-73.266544, 41.206761]], "type": "LineString"}}, {"type": "Feature", "properties": {}, "geometry": {"coordinates": [[-73.421596, 41.187836], [-73.421596, 41.189413]], "type": "LineString"}}, {"type": "Feature", "properties": {}, "geometry": {"coordinates": [[-73.419501, 41.187836], [-73.421596, 41.187836]], "type": "LineString"}}, {"type": "Feature", "properties": {}, "geometry": {"coordinates": [[-73.291688, 41.187836], [-73.291688, 41.189413]], "type": "LineString"}}, {"type": "Feature", "properties": {}, "geometry": {"coordinates": [[-73.20159, 41.187836], [-73.218352, 41.20203]], "type": "LineString"}}, {"type": "Feature", "properties": {}, "geometry": {"coordinates": [[-73.199495, 41.187836], [-73.20159, 41.187836]], "type": "LineString"}}, {"type": "Feature", "properties": {}, "geometry": {"coordinates": [[-73.197399, 41.187836], [-73.199495, 41.187836]], "type": "LineString"}}, {"type": "Feature", "properties": {}, "geometry": {"coordinates": [[-73.195304, 41.187836], [-73.197399, 41.187836]], "type": "LineString"}}, {"type": "Feature", "properties": {}, "geometry": {"coordinates": [[-73.195304, 41.187836], [-73.192947, 41.18961], [-73.191899, 41.190695], [-73.191375, 41.19168], [-73.191113, 41.192765], [-73.191113, 41.193948], [-73.190983, 41.194933], [-73.190721, 41.195722], [-73.190197, 41.196412], [-73.189018, 41.197299]], "type": "LineString"}}, {"type": "Feature", "properties": {}, "geometry": {"coordinates": [[-73.415311, 41.186259], [-73.419501, 41.187836]], "type": "LineString"}}, {"type": "Feature", "properties": {}, "geometry": {"coordinates": [[-73.415311, 41.186259], [-73.411775, 41.18892], [-73.40981, 41.190202], [-73.408239, 41.19099], [-73.406667, 41.191582], [-73.405096, 41.191976], [-73.403525, 41.192568], [-73.401953, 41.193356], [-73.399989, 41.194638], [-73.396453, 41.197299]], "type": "LineString"}}, {"type": "Feature", "properties": {}, "geometry": {"coordinates": [[-73.249782, 41.186259], [-73.249782, 41.189807], [-73.248996, 41.191878], [-73.247425, 41.193652], [-73.244282, 41.196018], [-73.23721, 41.200453]], "type": "LineString"}}, {"type": "Feature", "properties": {}, "geometry": {"coordinates": [[-73.20159, 41.186259], [-73.20159, 41.187836]], "type": "LineString"}}, {"type": "Feature", "properties": {}, "geometry": {"coordinates": [[-73.195304, 41.186259], [-73.195304, 41.187836]], "type": "LineString"}}, {"type": "Feature", "properties": {}, "geometry": {"coordinates": [[-73.128254, 41.186259], [-73.128254, 41.192469], [-73.128385, 41.195328], [-73.128647, 41.196905], [-73.12904, 41.19789], [-73.129564, 41.198285], [-73.129957, 41.198777], [-73.130219, 41.199369], [-73.13035, 41.200256], [-73.13035, 41.20203]], "type": "LineString"}}, {"type": "Feature", "properties": {}, "geometry": {"coordinates": [[-73.350356, 41.184681], [-73.350356, 41.186456], [-73.350618, 41.187639], [-73.351142, 41.188822], [-73.351928, 41.190202], [-73.352975, 41.191779], [-73.354023, 41.193159], [-73.355071, 41.194342], [-73.35638, 41.195525], [-73.358737, 41.197299]], "type": "LineString"}}, {"type": "Feature", "properties": {}, "geometry": {"coordinates": [[-73.295878, 41.184681], [-73.299414, 41.187343], [-73.301248, 41.188526], [-73.302557, 41.189117], [-73.303736, 41.189413], [-73.304784, 41.189413], [-73.3057, 41.189315], [-73.306486, 41.189117], [-73.307272, 41.188723], [-73.30845, 41.187836]], "type": "LineString"}}, {"type": "Feature", "properties": {}, "geometry": {"coordinates": [[-73.295878, 41.184681], [-73.291688, 41.187836]], "type": "LineString"}}, {"type": "Feature", "properties": {}, "geometry": {"coordinates": [[-73.128254, 41.184681], [-73.13035, 41.184681]], "type": "LineString"}}, {"type": "Feature", "properties": {}, "geometry": {"coordinates": [[-73.128254, 41.184681], [-73.128254, 41.186259]], "type": "LineString"}}, {"type": "Feature", "properties": {}, "geometry": {"coordinates": [[-73.126159, 41.184681], [-73.128254, 41.184681]], "type": "LineString"}}, {"type": "Feature", "properties": {}, "geometry": {"coordinates": [[-73.121969, 41.184681], [-73.126159, 41.184681]], "type": "LineString"}}, {"type": "Feature", "properties": {}, "geometry": {"coordinates": [[-73.350356, 41.183104], [-73.352452, 41.183104]], "type": "LineString"}}, {"type": "Feature", "properties": {}, "geometry": {"coordinates": [[-73.350356, 41.183104], [-73.350356, 41.184681]], "type": "LineString"}}, {"type": "Feature", "properties": {}, "geometry": {"coordinates": [[-73.295878, 41.183104], [-73.295878, 41.184681]], "type": "LineString"}}, {"type": "Feature", "properties": {}, "geometry": {"coordinates": [[-73.128254, 41.183104], [-73.128254, 41.184681]], "type": "LineString"}}, {"type": "Feature", "properties": {}, "geometry": {"coordinates": [[-73.360833, 41.181526], [-73.364369, 41.18685], [-73.365809, 41.189315], [-73.366333, 41.190695], [-73.366202, 41.19168], [-73.365023, 41.192568]], "type": "LineString"}}, {"type": "Feature", "properties": {}, "geometry": {"coordinates": [[-73.358737, 41.181526], [-73.360833, 41.181526]], "type": "LineString"}}, {"type": "Feature", "properties": {}, "geometry": {"coordinates": [[-73.358737, 41.181526], [-73.35638, 41.181526], [-73.355202, 41.181625], [-73.354416, 41.181822], [-73.35363, 41.182216], [-73.352452, 41.183104]], "type": "LineString"}}, {"type": "Feature", "properties": {}, "geometry": {"coordinates": [[-73.163875, 41.181526], [-73.163875, 41.19099]], "type": "LineString"}}, {"type": "Feature", "properties": {}, "geometry": {"coordinates": [[-73.413215, 41.179949], [-73.415311, 41.186259]], "type": "LineString"}}, {"type": "Feature", "properties": {}, "geometry": {"coordinates": [[-73.360833, 41.179949], [-73.360833, 41.181526]], "type": "LineString"}}, {"type": "Feature", "properties": {}, "geometry": {"coordinates": [[-73.34407, 41.179949], [-73.345249, 41.179949], [-73.346035, 41.180146], [-73.34682, 41.18054], [-73.347999, 41.181329], [-73.350356, 41.183104]], "type": "LineString"}}, {"type": "Feature", "properties": {}, "geometry": {"coordinates": [[-73.233019, 41.179949], [-73.236555, 41.182611], [-73.238651, 41.183794], [-73.240484, 41.184385], [-73.242448, 41.184681], [-73.244544, 41.184681], [-73.246246, 41.18478], [-73.247556, 41.184977], [-73.248603, 41.185371], [-73.249782, 41.186259]], "type": "LineString"}}, {"type": "Feature", "properties": {}, "geometry": {"coordinates": [[-73.209971, 41.179949], [-73.21115, 41.180836], [-73.21259, 41.181231], [-73.214686, 41.181428], [-73.217567, 41.181526], [-73.221233, 41.181526], [-73.224114, 41.181428], [-73.22621, 41.181231], [-73.227519, 41.180935], [-73.228043, 41.18054], [-73.228698, 41.180245], [-73.229484, 41.180047], [-73.230662, 41.179949], [-73.233019, 41.179949]], "type": "LineString"}}, {"type": "Feature", "properties": {}, "geometry": {"coordinates": [[-73.209971, 41.179949], [-73.20159, 41.186259]], "type": "LineString"}}, {"type": "Feature", "properties": {}, "geometry": {"coordinates": [[-73.438359, 41.178371], [-73.433644, 41.181033], [-73.431418, 41.182414], [-73.430109, 41.1834], [-73.429192, 41.184287], [-73.428668, 41.185076], [-73.428013, 41.185667], [-73.427228, 41.186061], [-73.426311, 41.186259], [-73.425263, 41.186259], [-73.424347, 41.186357], [-73.423561, 41.186554], [-73.422775, 41.186949], [-73.421596, 41.187836]], "type": "LineString"}}, {"type": "Feature", "properties": {}, "geometry": {"coordinates": [[-73.360833, 41.178371], [-73.360833, 41.179949]], "type": "LineString"}}, {"type": "Feature", "properties": {}, "geometry": {"coordinates": [[-73.235115, 41.178371], [-73.233019, 41.179949]], "type": "LineString"}}, {"type": "Feature", "properties": {}, "geometry": {"coordinates": [[-73.209971, 41.178371], [-73.209971, 41.179949]], "type": "LineString"}}, {"type": "Feature", "properties": {}, "geometry": {"coordinates": [[-73.239305, 41.176794], [-73.235115, 41.178371]], "type": "LineString"}}, {"type": "Feature", "properties": {}, "geometry": {"coordinates": [[-73.147112, 41.176794], [-73.145934, 41.177681], [-73.14541, 41.178273], [-73.145148, 41.178864], [-73.145017, 41.179554], [-73.145017, 41.180343], [-73.144755, 41.181132], [-73.144231, 41.181921], [-73.143445, 41.182709], [-73.142398, 41.183498], [-73.140957, 41.18409], [-73.139124, 41.184484], [-73.136243, 41.184681], [-73.13035, 41.184681]], "type": "LineString"}}, {"type": "Feature", "properties": {}, "geometry": {"coordinates": [[-73.128254, 41.176794], [-73.128254, 41.183104]], "type": "LineString"}}, {"type": "Feature", "properties": {}, "geometry": {"coordinates": [[-73.436264, 41.175216], [-73.438359, 41.178371]], "type": "LineString"}}, {"type": "Feature", "properties": {}, "geometry": {"coordinates": [[-73.149207, 41.175216], [-73.153398, 41.176794]], "type": "LineString"}}, {"type": "Feature", "properties": {}, "geometry": {"coordinates": [[-73.149207, 41.175216], [-73.147112, 41.176794]], "type": "LineString"}}, {"type": "Feature", "properties": {}, "geometry": {"coordinates": [[-73.147112, 41.176794], [-73.145934, 41.175906], [-73.144493, 41.175512], [-73.142398, 41.175315], [-73.139517, 41.175216], [-73.13585, 41.175216], [-73.132969, 41.175315], [-73.130874, 41.175512], [-73.129433, 41.175906], [-73.128254, 41.176794]], "type": "LineString"}}, {"type": "Feature", "properties": {}, "geometry": {"coordinates": [[-73.189018, 41.173639], [-73.189018, 41.177188], [-73.189411, 41.17916], [-73.190197, 41.180738], [-73.191768, 41.182709], [-73.195304, 41.186259]], "type": "LineString"}}, {"type": "Feature", "properties": {}, "geometry": {"coordinates": [[-73.149207, 41.172061], [-73.149207, 41.175216]], "type": "LineString"}}, {"type": "Feature", "properties": {}, "geometry": {"coordinates": [[-73.459312, 41.170483], [-73.461407, 41.172061]], "type": "LineString"}}, {"type": "Feature", "properties": {}, "geometry": {"coordinates": [[-73.459312, 41.170483], [-73.455776, 41.170483], [-73.453681, 41.170976], [-73.451847, 41.171962], [-73.449883, 41.173441], [-73.447788, 41.175413], [-73.445823, 41.176892], [-73.44399, 41.177878], [-73.441895, 41.178371], [-73.438359, 41.178371]], "type": "LineString"}}, {"type": "Feature", "properties": {}, "geometry": {"coordinates": [[-73.333594, 41.168905], [-73.334772, 41.169793], [-73.335558, 41.170187], [-73.336344, 41.170385], [-73.337523, 41.170483], [-73.33988, 41.170483]], "type": "LineString"}}, {"type": "Feature", "properties": {}, "geometry": {"coordinates": [[-73.333594, 41.168905], [-73.331237, 41.17068], [-73.329796, 41.171568], [-73.328487, 41.172159], [-73.327046, 41.172653], [-73.325475, 41.173047], [-73.324034, 41.17354], [-73.322725, 41.174132], [-73.321546, 41.174822], [-73.320498, 41.175611], [-73.319713, 41.176301], [-73.319189, 41.176892], [-73.318927, 41.177484], [-73.318927, 41.178371]], "type": "LineString"}}, {"type": "Feature", "properties": {}, "geometry": {"coordinates": [[-73.258163, 41.167328], [-73.27283, 41.173639]], "type": "LineString"}}, {"type": "Feature", "properties": {}, "geometry": {"coordinates": [[-73.258163, 41.167328], [-73.256984, 41.168215], [-73.256461, 41.169201], [-73.256199, 41.170582], [-73.256068, 41.172455], [-73.256068, 41.174822], [-73.255675, 41.17709], [-73.254889, 41.179259], [-73.253318, 41.181822], [-73.249782, 41.186259]], "type": "LineString"}}, {"type": "Feature", "properties": {}, "geometry": {"coordinates": [[-73.226734, 41.16575], [-73.229091, 41.167525], [-73.230138, 41.168708], [-73.230662, 41.169892], [-73.230924, 41.171272], [-73.230924, 41.17285], [-73.231186, 41.17423], [-73.23171, 41.175413], [-73.232758, 41.176597], [-73.235115, 41.178371]], "type": "LineString"}}, {"type": "Feature", "properties": {}, "geometry": {"coordinates": [[-73.226734, 41.16575], [-73.223198, 41.166637], [-73.221364, 41.167229], [-73.220055, 41.167821], [-73.218614, 41.168708], [-73.216257, 41.170483]], "type": "LineString"}}, {"type": "Feature", "properties": {}, "geometry": {"coordinates": [[-73.417406, 41.164172], [-73.417406, 41.16861], [-73.417275, 41.170779], [-73.417013, 41.172159], [-73.416489, 41.173441], [-73.415311, 41.175216]], "type": "LineString"}}, {"type": "Feature", "properties": {}, "geometry": {"coordinates": [[-73.417406, 41.164172], [-73.416227, 41.163284], [-73.415442, 41.16289], [-73.414656, 41.162693], [-73.413739, 41.162594], [-73.412691, 41.162594], [-73.411775, 41.162693], [-73.410989, 41.16289], [-73.410203, 41.163284], [-73.409025, 41.164172]], "type": "LineString"}}, {"type": "Feature", "properties": {}, "geometry": {"coordinates": [[-73.115683, 41.162594], [-73.116861, 41.167032], [-73.11804, 41.169398], [-73.119611, 41.171173], [-73.122361, 41.173244], [-73.128254, 41.176794]], "type": "LineString"}}, {"type": "Feature", "properties": {}, "geometry": {"coordinates": [[-73.124064, 41.161016], [-73.120528, 41.161016], [-73.118826, 41.161115], [-73.117778, 41.161312], [-73.116861, 41.161707], [-73.115683, 41.162594]], "type": "LineString"}}, {"type": "Feature", "properties": {}, "geometry": {"coordinates": [[-73.111492, 41.161016], [-73.115683, 41.162594]], "type": "LineString"}}, {"type": "Feature", "properties": {}, "geometry": {"coordinates": [[-73.425787, 41.153126], [-73.426966, 41.154901], [-73.426835, 41.156184], [-73.425787, 41.157564], [-73.423299, 41.159734], [-73.417406, 41.164172]], "type": "LineString"}}, {"type": "Feature", "properties": {}, "geometry": {"coordinates": [[-73.260258, 41.151548], [-73.262616, 41.153323], [-73.264187, 41.154112], [-73.265759, 41.154507], [-73.267592, 41.154704], [-73.269687, 41.154704], [-73.271521, 41.154605], [-73.273092, 41.154408], [-73.274664, 41.154014], [-73.277021, 41.153126]], "type": "LineString"}}, {"type": "Feature", "properties": {}, "geometry": {"coordinates": [[-73.258163, 41.151548], [-73.260258, 41.151548]], "type": "LineString"}}, {"type": "Feature", "properties": {}, "geometry": {"coordinates": [[-73.258163, 41.151548], [-73.256984, 41.152435], [-73.256461, 41.153619], [-73.256199, 41.155394], [-73.256068, 41.15786], [-73.256068, 41.161016], [-73.256199, 41.163482], [-73.256461, 41.165257], [-73.256984, 41.16644], [-73.258163, 41.167328]], "type": "LineString"}}, {"type": "Feature", "properties": {}, "geometry": {"coordinates": [[-73.488646, 41.14997], [-73.489825, 41.150857], [-73.49061, 41.151252], [-73.491396, 41.151449], [-73.492575, 41.151548], [-73.494932, 41.151548]], "type": "LineString"}}, {"type": "Feature", "properties": {}, "geometry": {"coordinates": [[-73.488646, 41.14997], [-73.480396, 41.157071], [-73.476205, 41.160227], [-73.473324, 41.161805], [-73.470836, 41.162594], [-73.468741, 41.162594], [-73.466776, 41.163087], [-73.464943, 41.164073], [-73.462848, 41.166046], [-73.459312, 41.170483]], "type": "LineString"}}, {"type": "Feature", "properties": {}, "geometry": {"coordinates": [[-73.442549, 41.14997], [-73.442549, 41.151745], [-73.442811, 41.152633], [-73.443335, 41.153225], [-73.444383, 41.153816], [-73.44674, 41.154704]], "type": "LineString"}}, {"type": "Feature", "properties": {}, "geometry": {"coordinates": [[-73.365023, 41.14997], [-73.367381, 41.15352], [-73.368428, 41.155394], [-73.368952, 41.156775], [-73.369214, 41.158057], [-73.369214, 41.159241], [-73.369476, 41.160227], [-73.37, 41.161016], [-73.371047, 41.161707], [-73.373405, 41.162594]], "type": "LineString"}}, {"type": "Feature", "properties": {}, "geometry": {"coordinates": [[-73.256068, 41.14997], [-73.258163, 41.151548]], "type": "LineString"}}, {"type": "Feature", "properties": {}, "geometry": {"coordinates": [[-73.253972, 41.14997], [-73.256068, 41.14997]], "type": "LineString"}}, {"type": "Feature", "properties": {}, "geometry": {"coordinates": [[-73.253972, 41.14997], [-73.244544, 41.15352], [-73.239698, 41.15569], [-73.236293, 41.157663], [-73.232627, 41.160424], [-73.226734, 41.16575]], "type": "LineString"}}, {"type": "Feature", "properties": {}, "geometry": {"coordinates": [[-73.365023, 41.148391], [-73.365023, 41.14997]], "type": "LineString"}}, {"type": "Feature", "properties": {}, "geometry": {"coordinates": [[-73.362928, 41.148391], [-73.365023, 41.148391]], "type": "LineString"}}, {"type": "Feature", "properties": {}, "geometry": {"coordinates": [[-73.323117, 41.148391], [-73.324296, 41.149279], [-73.32482, 41.149871], [-73.325082, 41.150463], [-73.325213, 41.151153], [-73.325213, 41.151942], [-73.325475, 41.152929], [-73.325998, 41.154112], [-73.326784, 41.155493], [-73.327832, 41.157071], [-73.328879, 41.158452], [-73.329927, 41.159635], [-73.330975, 41.160622], [-73.332022, 41.161411], [-73.332808, 41.162397], [-73.333332, 41.16358], [-73.333594, 41.165355], [-73.333594, 41.168905]], "type": "LineString"}}, {"type": "Feature", "properties": {}, "geometry": {"coordinates": [[-73.253972, 41.148391], [-73.253972, 41.14997]], "type": "LineString"}}, {"type": "Feature", "properties": {}, "geometry": {"coordinates": [[-73.488646, 41.146813], [-73.488646, 41.14997]], "type": "LineString"}}, {"type": "Feature", "properties": {}, "geometry": {"coordinates": [[-73.350356, 41.145235], [-73.352714, 41.145235], [-73.354285, 41.145432], [-73.355856, 41.145827], [-73.358214, 41.146616], [-73.362928, 41.148391]], "type": "LineString"}}, {"type": "Feature", "properties": {}, "geometry": {"coordinates": [[-73.316831, 41.145235], [-73.323117, 41.148391]], "type": "LineString"}}, {"type": "Feature", "properties": {}, "geometry": {"coordinates": [[-73.419501, 41.142078], [-73.421596, 41.142078]], "type": "LineString"}}, {"type": "Feature", "properties": {}, "geometry": {"coordinates": [[-73.419501, 41.142078], [-73.418323, 41.142966], [-73.417799, 41.143558], [-73.417537, 41.14415], [-73.417406, 41.145037], [-73.417406, 41.146813]], "type": "LineString"}}, {"type": "Feature", "properties": {}, "geometry": {"coordinates": [[-73.34407, 41.143656], [-73.341713, 41.142769], [-73.340273, 41.142374], [-73.338963, 41.142177], [-73.337523, 41.142078], [-73.335951, 41.142078], [-73.334118, 41.142473], [-73.332022, 41.143262], [-73.32901, 41.14484], [-73.323117, 41.148391]], "type": "LineString"}}, {"type": "Feature", "properties": {}, "geometry": {"coordinates": [[-73.306355, 41.142078], [-73.309891, 41.143854], [-73.311724, 41.144643], [-73.313034, 41.145037], [-73.314474, 41.145235], [-73.316831, 41.145235]], "type": "LineString"}}, {"type": "Feature", "properties": {}, "geometry": {"coordinates": [[-73.306355, 41.142078], [-73.292212, 41.142078], [-73.285795, 41.142177], [-73.28239, 41.142374], [-73.280426, 41.14267], [-73.279902, 41.143065], [-73.278854, 41.143459], [-73.277283, 41.143854], [-73.275187, 41.144248], [-73.272568, 41.144643], [-73.27008, 41.145333], [-73.267723, 41.14632], [-73.264973, 41.147997], [-73.260258, 41.151548]], "type": "LineString"}}, {"type": "Feature", "properties": {}, "geometry": {"coordinates": [[-73.30845, 41.137343], [-73.30845, 41.139118], [-73.308319, 41.140006], [-73.308057, 41.140598], [-73.307534, 41.14119], [-73.306355, 41.142078]], "type": "LineString"}}, {"type": "Feature", "properties": {}, "geometry": {"coordinates": [[-73.245591, 41.137343], [-73.24677, 41.137343], [-73.247556, 41.13754], [-73.248341, 41.137935], [-73.249258, 41.138526], [-73.250306, 41.139316], [-73.251222, 41.140105], [-73.252008, 41.140894], [-73.252663, 41.141683], [-73.253187, 41.142473], [-73.25358, 41.14336], [-73.253842, 41.144347], [-73.253972, 41.145728], [-73.253972, 41.148391]], "type": "LineString"}}, {"type": "Feature", "properties": {}, "geometry": {"coordinates": [[-73.494932, 41.135764], [-73.494932, 41.139316], [-73.494539, 41.14119], [-73.493753, 41.142571], [-73.492182, 41.14415], [-73.488646, 41.146813]], "type": "LineString"}}, {"type": "Feature", "properties": {}, "geometry": {"coordinates": [[-73.388072, 41.132607], [-73.388072, 41.137343]], "type": "LineString"}}, {"type": "Feature", "properties": {}, "geometry": {"coordinates": [[-73.473979, 41.131028], [-73.476336, 41.133692], [-73.477384, 41.135073], [-73.477908, 41.13606], [-73.47817, 41.136948], [-73.47817, 41.137737], [-73.478824, 41.138822], [-73.480134, 41.140204], [-73.482753, 41.142374], [-73.488646, 41.146813]], "type": "LineString"}}, {"type": "Feature", "properties": {}, "geometry": {"coordinates": [[-73.471884, 41.131028], [-73.473979, 41.131028]], "type": "LineString"}}, {"type": "Feature", "properties": {}, "geometry": {"coordinates": [[-73.388072, 41.131028], [-73.388072, 41.132607]], "type": "LineString"}}, {"type": "Feature", "properties": {}, "geometry": {"coordinates": [[-73.385976, 41.131028], [-73.388072, 41.131028]], "type": "LineString"}}, {"type": "Feature", "properties": {}, "geometry": {"coordinates": [[-73.37969, 41.131028], [-73.385976, 41.131028]], "type": "LineString"}}, {"type": "Feature", "properties": {}, "geometry": {"coordinates": [[-73.37969, 41.131028], [-73.372619, 41.135468], [-73.369476, 41.137935], [-73.367904, 41.139908], [-73.367119, 41.141881], [-73.367119, 41.143854], [-73.366988, 41.145432], [-73.366726, 41.146616], [-73.366202, 41.147504], [-73.365023, 41.148391]], "type": "LineString"}}, {"type": "Feature", "properties": {}, "geometry": {"coordinates": [[-73.436264, 41.12945], [-73.436264, 41.134777], [-73.436395, 41.137244], [-73.436656, 41.138625], [-73.437049, 41.139513], [-73.437573, 41.139908], [-73.437966, 41.140401], [-73.438228, 41.140993], [-73.438359, 41.141881], [-73.438359, 41.143656]], "type": "LineString"}}, {"type": "Feature", "properties": {}, "geometry": {"coordinates": [[-73.318927, 41.12945], [-73.320105, 41.130338], [-73.320629, 41.131423], [-73.320891, 41.133002], [-73.321022, 41.135172], [-73.321022, 41.137935], [-73.32076, 41.140204], [-73.320236, 41.141979], [-73.319189, 41.143459], [-73.316831, 41.145235]], "type": "LineString"}}, {"type": "Feature", "properties": {}, "geometry": {"coordinates": [[-73.316831, 41.12945], [-73.318927, 41.12945]], "type": "LineString"}}, {"type": "Feature", "properties": {}, "geometry": {"coordinates": [[-73.476074, 41.127871], [-73.473979, 41.131028]], "type": "LineString"}}, {"type": "Feature", "properties": {}, "geometry": {"coordinates": [[-73.440454, 41.127871], [-73.44674, 41.132607]], "type": "LineString"}}, {"type": "Feature", "properties": {}, "geometry": {"coordinates": [[-73.438359, 41.127871], [-73.440454, 41.127871]], "type": "LineString"}}, {"type": "Feature", "properties": {}, "geometry": {"coordinates": [[-73.438359, 41.127871], [-73.436264, 41.12945]], "type": "LineString"}}, {"type": "Feature", "properties": {}, "geometry": {"coordinates": [[-73.415311, 41.127871], [-73.415311, 41.129647], [-73.415442, 41.130535], [-73.415703, 41.131127], [-73.416096, 41.13162], [-73.41662, 41.132015], [-73.417013, 41.132804], [-73.417275, 41.133988], [-73.417406, 41.135567], [-73.417406, 41.13754], [-73.417537, 41.139118], [-73.417799, 41.140302], [-73.418323, 41.14119], [-73.419501, 41.142078]], "type": "LineString"}}, {"type": "Feature", "properties": {}, "geometry": {"coordinates": [[-73.440454, 41.126292], [-73.440454, 41.127871]], "type": "LineString"}}, {"type": "Feature", "properties": {}, "geometry": {"coordinates": [[-73.417406, 41.126292], [-73.418584, 41.12718], [-73.420025, 41.127575], [-73.42212, 41.127772], [-73.425001, 41.127871], [-73.428668, 41.127871], [-73.431549, 41.127969], [-73.433644, 41.128167], [-73.435085, 41.128561], [-73.436264, 41.12945]], "type": "LineString"}}, {"type": "Feature", "properties": {}, "geometry": {"coordinates": [[-73.415311, 41.126292], [-73.417406, 41.126292]], "type": "LineString"}}, {"type": "Feature", "properties": {}, "geometry": {"coordinates": [[-73.415311, 41.126292], [-73.415311, 41.127871]], "type": "LineString"}}, {"type": "Feature", "properties": {}, "geometry": {"coordinates": [[-73.321022, 41.126292], [-73.318927, 41.12945]], "type": "LineString"}}, {"type": "Feature", "properties": {}, "geometry": {"coordinates": [[-73.629031, 41.124713], [-73.63021, 41.125601], [-73.630734, 41.126193], [-73.630996, 41.126785], [-73.631126, 41.127476], [-73.631126, 41.128265], [-73.631388, 41.129055], [-73.631912, 41.129844], [-73.632698, 41.130634], [-73.633746, 41.131423], [-73.634662, 41.132508], [-73.635448, 41.13389], [-73.636103, 41.135567], [-73.636627, 41.13754], [-73.63715, 41.139118], [-73.637674, 41.140302], [-73.638329, 41.14119], [-73.639508, 41.142078]], "type": "LineString"}}, {"type": "Feature", "properties": {}, "geometry": {"coordinates": [[-73.417406, 41.124713], [-73.417406, 41.126292]], "type": "LineString"}}, {"type": "Feature", "properties": {}, "geometry": {"coordinates": [[-73.400643, 41.124713], [-73.407715, 41.124713], [-73.410989, 41.124812], [-73.412822, 41.125009], [-73.414132, 41.125404], [-73.415311, 41.126292]], "type": "LineString"}}, {"type": "Feature", "properties": {}, "geometry": {"coordinates": [[-73.398548, 41.124713], [-73.400643, 41.124713]], "type": "LineString"}}, {"type": "Feature", "properties": {}, "geometry": {"coordinates": [[-73.398548, 41.124713], [-73.388072, 41.131028]], "type": "LineString"}}, {"type": "Feature", "properties": {}, "geometry": {"coordinates": [[-73.398548, 41.123134], [-73.398548, 41.124713]], "type": "LineString"}}, {"type": "Feature", "properties": {}, "geometry": {"coordinates": [[-73.373405, 41.123134], [-73.374583, 41.124022], [-73.375107, 41.124615], [-73.375369, 41.125207], [-73.3755, 41.125897], [-73.3755, 41.126687], [-73.375762, 41.127476], [-73.376286, 41.128265], [-73.377333, 41.129252], [-73.37969, 41.131028]], "type": "LineString"}}, {"type": "Feature", "properties": {}, "geometry": {"coordinates": [[-73.371309, 41.123134], [-73.373405, 41.123134]], "type": "LineString"}}, {"type": "Feature", "properties": {}, "geometry": {"coordinates": [[-73.369214, 41.123134], [-73.371309, 41.123134]], "type": "LineString"}}, {"type": "Feature", "properties": {}, "geometry": {"coordinates": [[-73.448835, 41.121555], [-73.440454, 41.126292]], "type": "LineString"}}, {"type": "Feature", "properties": {}, "geometry": {"coordinates": [[-73.373405, 41.121555], [-73.373405, 41.123134]], "type": "LineString"}}, {"type": "Feature", "properties": {}, "geometry": {"coordinates": [[-73.398548, 41.116819], [-73.398548, 41.123134]], "type": "LineString"}}, {"type": "Feature", "properties": {}, "geometry": {"coordinates": [[-73.541029, 41.11524], [-73.543386, 41.117904], [-73.544433, 41.119384], [-73.544957, 41.120569], [-73.545219, 41.121753], [-73.545219, 41.122937], [-73.54535, 41.124022], [-73.545612, 41.125009], [-73.546005, 41.125897], [-73.546529, 41.126687], [-73.547707, 41.127772], [-73.549541, 41.129154], [-73.552029, 41.130831], [-73.555172, 41.132804], [-73.557398, 41.134679], [-73.558708, 41.136455], [-73.55897, 41.138526], [-73.557791, 41.142078]], "type": "LineString"}}, {"type": "Feature", "properties": {}, "geometry": {"coordinates": [[-73.398548, 41.11524], [-73.398548, 41.116819]], "type": "LineString"}}, {"type": "Feature", "properties": {}, "geometry": {"coordinates": [[-73.396453, 41.11524], [-73.398548, 41.11524]], "type": "LineString"}}, {"type": "Feature", "properties": {}, "geometry": {"coordinates": [[-73.396453, 41.11524], [-73.389381, 41.11524], [-73.386107, 41.115338], [-73.384274, 41.115536], [-73.383095, 41.115832], [-73.382572, 41.116226], [-73.381917, 41.116523], [-73.381131, 41.11672], [-73.380214, 41.116819], [-73.379167, 41.116819], [-73.378119, 41.117115], [-73.377071, 41.117707], [-73.375762, 41.118891], [-73.373405, 41.121555]], "type": "LineString"}}, {"type": "Feature", "properties": {}, "geometry": {"coordinates": [[-73.729606, 41.113661], [-73.729606, 41.114549], [-73.730129, 41.115338], [-73.731177, 41.116325], [-73.732749, 41.117608], [-73.734844, 41.119187], [-73.736415, 41.120569], [-73.737463, 41.121753], [-73.737987, 41.12274], [-73.737987, 41.123529], [-73.73838, 41.124516], [-73.739165, 41.1257], [-73.740344, 41.127081], [-73.741915, 41.12866], [-73.743094, 41.129943], [-73.74388, 41.13093], [-73.744273, 41.13162], [-73.744273, 41.132015], [-73.744666, 41.132607], [-73.745451, 41.133396], [-73.74663, 41.134383], [-73.748201, 41.135567], [-73.74938, 41.137047], [-73.750166, 41.138822], [-73.750559, 41.140894], [-73.750559, 41.143262], [-73.75069, 41.145136], [-73.750951, 41.146517], [-73.751344, 41.147405], [-73.751868, 41.147799], [-73.752392, 41.148589], [-73.752916, 41.149772], [-73.75344, 41.15135], [-73.753963, 41.153323], [-73.75488, 41.155197], [-73.75619, 41.156973], [-73.757892, 41.158649], [-73.759987, 41.160227], [-73.762607, 41.16072], [-73.76575, 41.160129], [-73.769416, 41.158452], [-73.773607, 41.15569], [-73.77675, 41.152435], [-73.778845, 41.148687], [-73.779893, 41.144446], [-73.779893, 41.13971], [-73.779762, 41.13606], [-73.7795, 41.133495], [-73.778976, 41.131916], [-73.777797, 41.131028]], "type": "LineString"}}, {"type": "Feature", "properties": {}, "geometry": {"coordinates": [[-73.654175, 41.113661], [-73.65627, 41.11524]], "type": "LineString"}}, {"type": "Feature", "properties": {}, "geometry": {"coordinates": [[-73.654175, 41.113661], [-73.650639, 41.115437], [-73.648151, 41.116325], [-73.645532, 41.116917], [-73.642389, 41.117411], [-73.638722, 41.117806], [-73.63571, 41.118496], [-73.633353, 41.119483], [-73.631388, 41.121161], [-73.629031, 41.124713]], "type": "LineString"}}, {"type": "Feature", "properties": {}, "geometry": {"coordinates": [[-73.597602, 41.113661], [-73.599959, 41.114549], [-73.601268, 41.114845], [-73.602316, 41.114845], [-73.603364, 41.114647], [-73.604411, 41.114253], [-73.605721, 41.113957], [-73.607292, 41.113759], [-73.609126, 41.113661], [-73.611221, 41.113661], [-73.613055, 41.113858], [-73.614626, 41.114253], [-73.615936, 41.114845], [-73.616983, 41.115634], [-73.617769, 41.116424], [-73.618293, 41.117213], [-73.618555, 41.118003], [-73.618555, 41.118792], [-73.618817, 41.119582], [-73.61934, 41.120371], [-73.620126, 41.121161], [-73.621174, 41.12195], [-73.622221, 41.122542], [-73.623269, 41.122937], [-73.624317, 41.123134], [-73.625364, 41.123134], [-73.626281, 41.123233], [-73.627067, 41.12343], [-73.627853, 41.123825], [-73.629031, 41.124713]], "type": "LineString"}}, {"type": "Feature", "properties": {}, "geometry": {"coordinates": [[-73.541029, 41.113661], [-73.541029, 41.11524]], "type": "LineString"}}, {"type": "Feature", "properties": {}, "geometry": {"coordinates": [[-73.538933, 41.113661], [-73.541029, 41.113661]], "type": "LineString"}}, {"type": "Feature", "properties": {}, "geometry": {"coordinates": [[-73.561982, 41.110502], [-73.566696, 41.114055], [-73.568791, 41.11593], [-73.569839, 41.117312], [-73.570363, 41.118595], [-73.570363, 41.119779], [-73.570494, 41.120766], [-73.570756, 41.121555], [-73.571149, 41.122148], [-73.571672, 41.122542], [-73.572065, 41.123134], [-73.572327, 41.123924], [-73.572458, 41.124911], [-73.572458, 41.126095], [-73.572589, 41.12718], [-73.572851, 41.128167], [-73.573244, 41.129055], [-73.573768, 41.129844], [-73.574553, 41.130732], [-73.575601, 41.131719], [-73.576911, 41.132804], [-73.578482, 41.133988], [-73.579792, 41.134876], [-73.580839, 41.135468], [-73.581625, 41.135764], [-73.582149, 41.135764], [-73.582935, 41.136159], [-73.583982, 41.136948], [-73.585292, 41.138132], [-73.586863, 41.13971], [-73.588042, 41.141585], [-73.588828, 41.143755], [-73.58922, 41.146221], [-73.58922, 41.148983], [-73.589351, 41.151153], [-73.589613, 41.152731], [-73.590137, 41.153816], [-73.591316, 41.154704]], "type": "LineString"}}, {"type": "Feature", "properties": {}, "geometry": {"coordinates": [[-73.561982, 41.108923], [-73.561982, 41.110502]], "type": "LineString"}}, {"type": "Feature", "properties": {}, "geometry": {"coordinates": [[-73.559886, 41.108923], [-73.561982, 41.108923]], "type": "LineString"}}, {"type": "Feature", "properties": {}, "geometry": {"coordinates": [[-73.402739, 41.108923], [-73.402739, 41.1107], [-73.402477, 41.111687], [-73.401953, 41.112476], [-73.400905, 41.113463], [-73.398548, 41.11524]], "type": "LineString"}}, {"type": "Feature", "properties": {}, "geometry": {"coordinates": [[-73.559886, 41.108923], [-73.558708, 41.108035], [-73.55766, 41.10764], [-73.55635, 41.107443], [-73.554648, 41.107344], [-73.552553, 41.107344], [-73.550457, 41.107739], [-73.548362, 41.108528], [-73.545743, 41.110107], [-73.541029, 41.113661]], "type": "LineString"}}, {"type": "Feature", "properties": {}, "geometry": {"coordinates": [[-73.484455, 41.107344], [-73.484455, 41.11445], [-73.484194, 41.117806], [-73.48367, 41.119779], [-73.482884, 41.121161], [-73.481836, 41.12195], [-73.481051, 41.122641], [-73.480527, 41.123233], [-73.480265, 41.123825], [-73.480265, 41.124713]], "type": "LineString"}}, {"type": "Feature", "properties": {}, "geometry": {"coordinates": [[-73.427882, 41.107344], [-73.438359, 41.107344]], "type": "LineString"}}, {"type": "Feature", "properties": {}, "geometry": {"coordinates": [[-73.425787, 41.107344], [-73.427882, 41.107344]], "type": "LineString"}}, {"type": "Feature", "properties": {}, "geometry": {"coordinates": [[-73.425787, 41.107344], [-73.42343, 41.110009], [-73.422382, 41.111785], [-73.421858, 41.113562], [-73.421596, 41.115634], [-73.421596, 41.118003], [-73.421335, 41.119977], [-73.420811, 41.121555], [-73.419763, 41.122937], [-73.417406, 41.124713]], "type": "LineString"}}, {"type": "Feature", "properties": {}, "geometry": {"coordinates": [[-73.402739, 41.107344], [-73.404834, 41.107344]], "type": "LineString"}}, {"type": "Feature", "properties": {}, "geometry": {"coordinates": [[-73.402739, 41.107344], [-73.402739, 41.108923]], "type": "LineString"}}, {"type": "Feature", "properties": {}, "geometry": {"coordinates": [[-73.484455, 41.105765], [-73.484455, 41.107344]], "type": "LineString"}}, {"type": "Feature", "properties": {}, "geometry": {"coordinates": [[-73.48236, 41.105765], [-73.484455, 41.105765]], "type": "LineString"}}, {"type": "Feature", "properties": {}, "geometry": {"coordinates": [[-73.480265, 41.105765], [-73.48236, 41.105765]], "type": "LineString"}}, {"type": "Feature", "properties": {}, "geometry": {"coordinates": [[-73.425787, 41.105765], [-73.425787, 41.107344]], "type": "LineString"}}, {"type": "Feature", "properties": {}, "geometry": {"coordinates": [[-73.398548, 41.104185], [-73.402739, 41.107344]], "type": "LineString"}}, {"type": "Feature", "properties": {}, "geometry": {"coordinates": [[-73.448835, 41.102606], [-73.450931, 41.104185]], "type": "LineString"}}, {"type": "Feature", "properties": {}, "geometry": {"coordinates": [[-73.442549, 41.102606], [-73.448835, 41.102606]], "type": "LineString"}}, {"type": "Feature", "properties": {}, "geometry": {"coordinates": [[-73.423692, 41.102606], [-73.425787, 41.105765]], "type": "LineString"}}, {"type": "Feature", "properties": {}, "geometry": {"coordinates": [[-73.421596, 41.102606], [-73.423692, 41.102606]], "type": "LineString"}}, {"type": "Feature", "properties": {}, "geometry": {"coordinates": [[-73.421596, 41.102606], [-73.416882, 41.103494], [-73.414656, 41.103988], [-73.413346, 41.104383], [-73.41243, 41.104778], [-73.411906, 41.105172], [-73.411251, 41.105468], [-73.410465, 41.105666], [-73.409549, 41.105765], [-73.408501, 41.105765], [-73.407584, 41.105863], [-73.406798, 41.106061], [-73.406013, 41.106456], [-73.404834, 41.107344]], "type": "LineString"}}, {"type": "Feature", "properties": {}, "geometry": {"coordinates": [[-73.398548, 41.102606], [-73.398548, 41.104185]], "type": "LineString"}}, {"type": "Feature", "properties": {}, "geometry": {"coordinates": [[-73.647889, 41.101027], [-73.651425, 41.106357], [-73.652996, 41.108923], [-73.653782, 41.110502], [-73.654175, 41.111884], [-73.654175, 41.113661]], "type": "LineString"}}, {"type": "Feature", "properties": {}, "geometry": {"coordinates": [[-73.423692, 41.101027], [-73.423692, 41.102606]], "type": "LineString"}}, {"type": "Feature", "properties": {}, "geometry": {"coordinates": [[-73.652079, 41.099447], [-73.647889, 41.101027]], "type": "LineString"}}, {"type": "Feature", "properties": {}, "geometry": {"coordinates": [[-73.645794, 41.099447], [-73.647889, 41.101027]], "type": "LineString"}}, {"type": "Feature", "properties": {}, "geometry": {"coordinates": [[-73.643698, 41.099447], [-73.645794, 41.099447]], "type": "LineString"}}, {"type": "Feature", "properties": {}, "geometry": {"coordinates": [[-73.641603, 41.099447], [-73.643698, 41.099447]], "type": "LineString"}}, {"type": "Feature", "properties": {}, "geometry": {"coordinates": [[-73.72332, 41.097868], [-73.72751, 41.104185]], "type": "LineString"}}, {"type": "Feature", "properties": {}, "geometry": {"coordinates": [[-73.645794, 41.097868], [-73.645794, 41.099447]], "type": "LineString"}}, {"type": "Feature", "properties": {}, "geometry": {"coordinates": [[-73.459312, 41.094709], [-73.448835, 41.102606]], "type": "LineString"}}, {"type": "Feature", "properties": {}, "geometry": {"coordinates": [[-73.547314, 41.093129], [-73.547314, 41.099447]], "type": "LineString"}}, {"type": "Feature", "properties": {}, "geometry": {"coordinates": [[-73.534743, 41.093129], [-73.533564, 41.094018], [-73.53304, 41.095104], [-73.532778, 41.096683], [-73.532647, 41.098855], [-73.532647, 41.101619], [-73.532516, 41.10379], [-73.532255, 41.10537], [-73.531862, 41.106357], [-73.531338, 41.106752], [-73.530945, 41.107245], [-73.530683, 41.107837], [-73.530552, 41.108528], [-73.530552, 41.109318], [-73.530814, 41.110107], [-73.531338, 41.110897], [-73.532124, 41.111687], [-73.533171, 41.112476], [-73.534219, 41.113068], [-73.535267, 41.113463], [-73.536576, 41.113661], [-73.538933, 41.113661]], "type": "LineString"}}, {"type": "Feature", "properties": {}, "geometry": {"coordinates": [[-73.429978, 41.093129], [-73.432073, 41.093129]], "type": "LineString"}}, {"type": "Feature", "properties": {}, "geometry": {"coordinates": [[-73.427882, 41.093129], [-73.429978, 41.093129]], "type": "LineString"}}, {"type": "Feature", "properties": {}, "geometry": {"coordinates": [[-73.427882, 41.093129], [-73.426704, 41.094018], [-73.42618, 41.094709], [-73.425918, 41.095498], [-73.425787, 41.096486], [-73.425787, 41.09767], [-73.425656, 41.098657], [-73.425394, 41.099447], [-73.42487, 41.100138], [-73.423692, 41.101027]], "type": "LineString"}}, {"type": "Feature", "properties": {}, "geometry": {"coordinates": [[-73.547314, 41.09155], [-73.547314, 41.093129]], "type": "LineString"}}, {"type": "Feature", "properties": {}, "geometry": {"coordinates": [[-73.545219, 41.09155], [-73.547314, 41.09155]], "type": "LineString"}}, {"type": "Feature", "properties": {}, "geometry": {"coordinates": [[-73.536838, 41.09155], [-73.545219, 41.09155]], "type": "LineString"}}, {"type": "Feature", "properties": {}, "geometry": {"coordinates": [[-73.534743, 41.09155], [-73.536838, 41.09155]], "type": "LineString"}}, {"type": "Feature", "properties": {}, "geometry": {"coordinates": [[-73.534743, 41.09155], [-73.534743, 41.093129]], "type": "LineString"}}, {"type": "Feature", "properties": {}, "geometry": {"coordinates": [[-73.427882, 41.09155], [-73.427882, 41.093129]], "type": "LineString"}}, {"type": "Feature", "properties": {}, "geometry": {"coordinates": [[-73.484455, 41.08997], [-73.485634, 41.091747], [-73.486158, 41.093228], [-73.48642, 41.095005], [-73.486551, 41.097275], [-73.486551, 41.100039], [-73.48642, 41.102211], [-73.486158, 41.10379], [-73.485634, 41.104876], [-73.484455, 41.105765]], "type": "LineString"}}, {"type": "Feature", "properties": {}, "geometry": {"coordinates": [[-73.467693, 41.08997], [-73.469788, 41.09155]], "type": "LineString"}}, {"type": "Feature", "properties": {}, "geometry": {"coordinates": [[-73.461407, 41.08997], [-73.467693, 41.08997]], "type": "LineString"}}, {"type": "Feature", "properties": {}, "geometry": {"coordinates": [[-73.689795, 41.08839], [-73.689795, 41.092833], [-73.689664, 41.094906], [-73.689402, 41.096091], [-73.689009, 41.096881], [-73.688485, 41.097275], [-73.686914, 41.097572], [-73.684295, 41.097769], [-73.680628, 41.097868], [-73.675914, 41.097868], [-73.672247, 41.097966], [-73.669628, 41.098164], [-73.667925, 41.098559], [-73.666747, 41.099447]], "type": "LineString"}}, {"type": "Feature", "properties": {}, "geometry": {"coordinates": [[-73.528457, 41.08839], [-73.534743, 41.09155]], "type": "LineString"}}, {"type": "Feature", "properties": {}, "geometry": {"coordinates": [[-73.526361, 41.08839], [-73.528457, 41.08839]], "type": "LineString"}}, {"type": "Feature", "properties": {}, "geometry": {"coordinates": [[-73.524266, 41.08839], [-73.526361, 41.08839]], "type": "LineString"}}, {"type": "Feature", "properties": {}, "geometry": {"coordinates": [[-73.524266, 41.08839], [-73.521909, 41.090167], [-73.520861, 41.091253], [-73.520338, 41.092241], [-73.520076, 41.093623], [-73.520076, 41.096288]], "type": "LineString"}}, {"type": "Feature", "properties": {}, "geometry": {"coordinates": [[-73.5536, 41.08681], [-73.558315, 41.090365], [-73.56041, 41.092241], [-73.561458, 41.093623], [-73.561982, 41.094906], [-73.561982, 41.096091], [-73.562113, 41.097078], [-73.562374, 41.097868], [-73.562767, 41.09846], [-73.563291, 41.098855], [-73.563684, 41.099645], [-73.563946, 41.100829], [-73.564077, 41.102409], [-73.564077, 41.104383], [-73.563946, 41.105962], [-73.563684, 41.107146], [-73.56316, 41.108035], [-73.561982, 41.108923]], "type": "LineString"}}, {"type": "Feature", "properties": {}, "geometry": {"coordinates": [[-73.5536, 41.08681], [-73.547314, 41.09155]], "type": "LineString"}}, {"type": "Feature", "properties": {}, "geometry": {"coordinates": [[-73.524266, 41.08681], [-73.524266, 41.08839]], "type": "LineString"}}, {"type": "Feature", "properties": {}, "geometry": {"coordinates": [[-73.473979, 41.08681], [-73.475158, 41.087699], [-73.476074, 41.088094], [-73.477122, 41.088291], [-73.478432, 41.08839], [-73.480003, 41.08839], [-73.481313, 41.088489], [-73.48236, 41.088686], [-73.483277, 41.089081], [-73.484455, 41.08997]], "type": "LineString"}}, {"type": "Feature", "properties": {}, "geometry": {"coordinates": [[-73.471884, 41.08681], [-73.473979, 41.08681]], "type": "LineString"}}, {"type": "Feature", "properties": {}, "geometry": {"coordinates": [[-73.471884, 41.08681], [-73.467693, 41.08997]], "type": "LineString"}}, {"type": "Feature", "properties": {}, "geometry": {"coordinates": [[-73.471884, 41.085231], [-73.471884, 41.08681]], "type": "LineString"}}, {"type": "Feature", "properties": {}, "geometry": {"coordinates": [[-73.641603, 41.083651], [-73.64396, 41.085428], [-73.645008, 41.086909], [-73.645532, 41.088686], [-73.645794, 41.091648], [-73.645794, 41.097868]], "type": "LineString"}}, {"type": "Feature", "properties": {}, "geometry": {"coordinates": [[-73.639508, 41.083651], [-73.641603, 41.083651]], "type": "LineString"}}, {"type": "Feature", "properties": {}, "geometry": {"coordinates": [[-73.5536, 41.083651], [-73.5536, 41.08681]], "type": "LineString"}}, {"type": "Feature", "properties": {}, "geometry": {"coordinates": [[-73.702367, 41.082071], [-73.707081, 41.084737], [-73.709307, 41.086119], [-73.710617, 41.087107], [-73.711665, 41.088193], [-73.712843, 41.08997]], "type": "LineString"}}, {"type": "Feature", "properties": {}, "geometry": {"coordinates": [[-73.700271, 41.082071], [-73.702367, 41.082071]], "type": "LineString"}}, {"type": "Feature", "properties": {}, "geometry": {"coordinates": [[-73.700271, 41.082071], [-73.689795, 41.08839]], "type": "LineString"}}, {"type": "Feature", "properties": {}, "geometry": {"coordinates": [[-73.679318, 41.082071], [-73.680497, 41.082071], [-73.681545, 41.082466], [-73.682854, 41.083256], [-73.68508, 41.084836], [-73.689795, 41.08839]], "type": "LineString"}}, {"type": "Feature", "properties": {}, "geometry": {"coordinates": [[-73.641603, 41.082071], [-73.641603, 41.083651]], "type": "LineString"}}, {"type": "Feature", "properties": {}, "geometry": {"coordinates": [[-73.494932, 41.082071], [-73.497027, 41.082071]], "type": "LineString"}}, {"type": "Feature", "properties": {}, "geometry": {"coordinates": [[-73.494932, 41.082071], [-73.492575, 41.08296], [-73.491134, 41.08375], [-73.489825, 41.084737], [-73.487991, 41.086416], [-73.484455, 41.08997]], "type": "LineString"}}, {"type": "Feature", "properties": {}, "geometry": {"coordinates": [[-73.471884, 41.082071], [-73.471884, 41.085231]], "type": "LineString"}}, {"type": "Feature", "properties": {}, "geometry": {"coordinates": [[-73.700271, 41.080491], [-73.700271, 41.082071]], "type": "LineString"}}, {"type": "Feature", "properties": {}, "geometry": {"coordinates": [[-73.641603, 41.080491], [-73.641603, 41.082071]], "type": "LineString"}}, {"type": "Feature", "properties": {}, "geometry": {"coordinates": [[-73.601792, 41.080491], [-73.602971, 41.08138], [-73.603495, 41.082071], [-73.603757, 41.082861], [-73.603888, 41.083848], [-73.603888, 41.085033], [-73.603757, 41.086021], [-73.603495, 41.08681], [-73.603102, 41.087403], [-73.602578, 41.087798], [-73.602185, 41.088588], [-73.601923, 41.089772], [-73.601792, 41.091352], [-73.601792, 41.093327], [-73.601399, 41.095104], [-73.600614, 41.096683], [-73.599435, 41.098065], [-73.597864, 41.09925], [-73.596554, 41.100138], [-73.595506, 41.10073], [-73.59459, 41.101027], [-73.593411, 41.101027]], "type": "LineString"}}, {"type": "Feature", "properties": {}, "geometry": {"coordinates": [[-73.51798, 41.080491], [-73.524266, 41.08681]], "type": "LineString"}}, {"type": "Feature", "properties": {}, "geometry": {"coordinates": [[-73.51798, 41.080491], [-73.515623, 41.080491], [-73.514183, 41.080689], [-73.512873, 41.081084], [-73.511432, 41.081676], [-73.509861, 41.082466], [-73.508551, 41.08296], [-73.507504, 41.083157], [-73.506718, 41.083058], [-73.506194, 41.082664], [-73.505278, 41.082367], [-73.503968, 41.08217], [-73.501742, 41.082071], [-73.497027, 41.082071]], "type": "LineString"}}, {"type": "Feature", "properties": {}, "geometry": {"coordinates": [[-73.494932, 41.080491], [-73.494932, 41.082071]], "type": "LineString"}}, {"type": "Feature", "properties": {}, "geometry": {"coordinates": [[-73.463502, 41.080491], [-73.467038, 41.080491], [-73.468741, 41.08059], [-73.469788, 41.080787], [-73.470705, 41.081182], [-73.471884, 41.082071]], "type": "LineString"}}, {"type": "Feature", "properties": {}, "geometry": {"coordinates": [[-73.601792, 41.078911], [-73.601792, 41.080491]], "type": "LineString"}}, {"type": "Feature", "properties": {}, "geometry": {"coordinates": [[-73.599697, 41.078911], [-73.601792, 41.078911]], "type": "LineString"}}, {"type": "Feature", "properties": {}, "geometry": {"coordinates": [[-73.494932, 41.078911], [-73.494932, 41.080491]], "type": "LineString"}}, {"type": "Feature", "properties": {}, "geometry": {"coordinates": [[-73.538933, 41.072591], [-73.541291, 41.074369], [-73.542469, 41.075159], [-73.543255, 41.075554], [-73.54391, 41.075751], [-73.544433, 41.075751], [-73.54535, 41.076245], [-73.54666, 41.077233], [-73.548886, 41.079208], [-73.5536, 41.083651]], "type": "LineString"}}, {"type": "Feature", "properties": {}, "geometry": {"coordinates": [[-73.536838, 41.072591], [-73.538933, 41.072591]], "type": "LineString"}}, {"type": "Feature", "properties": {}, "geometry": {"coordinates": [[-73.536838, 41.072591], [-73.534481, 41.074369], [-73.533433, 41.075751], [-73.532909, 41.077331], [-73.532647, 41.079306], [-73.532647, 41.081676], [-73.532385, 41.083651], [-73.531862, 41.085231], [-73.530814, 41.086613], [-73.528457, 41.08839]], "type": "LineString"}}, {"type": "Feature", "properties": {}, "geometry": {"coordinates": [[-73.536838, 41.071011], [-73.536838, 41.072591]], "type": "LineString"}}, {"type": "Feature", "properties": {}, "geometry": {"coordinates": [[-73.520076, 41.071011], [-73.520076, 41.075455], [-73.519945, 41.077529], [-73.519683, 41.078714], [-73.519159, 41.079603], [-73.51798, 41.080491]], "type": "LineString"}}, {"type": "Feature", "properties": {}, "geometry": {"coordinates": [[-73.442549, 41.071011], [-73.444645, 41.071011]], "type": "LineString"}}, {"type": "Feature", "properties": {}, "geometry": {"coordinates": [[-73.442549, 41.071011], [-73.437835, 41.072789], [-73.43574, 41.073974], [-73.434692, 41.075159], [-73.434168, 41.076541], [-73.434168, 41.078121], [-73.433906, 41.079504], [-73.433383, 41.080689], [-73.432597, 41.081676], [-73.431549, 41.082466], [-73.430632, 41.083552], [-73.429847, 41.084935], [-73.429061, 41.087107], [-73.427882, 41.09155]], "type": "LineString"}}, {"type": "Feature", "properties": {}, "geometry": {"coordinates": [[-73.520076, 41.069431], [-73.522171, 41.069431]], "type": "LineString"}}, {"type": "Feature", "properties": {}, "geometry": {"coordinates": [[-73.520076, 41.069431], [-73.520076, 41.071011]], "type": "LineString"}}, {"type": "Feature", "properties": {}, "geometry": {"coordinates": [[-73.442549, 41.069431], [-73.442549, 41.071011]], "type": "LineString"}}, {"type": "Feature", "properties": {}, "geometry": {"coordinates": [[-73.616459, 41.067851], [-73.618817, 41.069629], [-73.619864, 41.070616], [-73.620388, 41.071406], [-73.62065, 41.072196], [-73.62065, 41.072986], [-73.620912, 41.073776], [-73.621436, 41.074566], [-73.622221, 41.075356], [-73.623269, 41.076146], [-73.624317, 41.076739], [-73.625364, 41.077134], [-73.626412, 41.077331], [-73.62746, 41.077331], [-73.628638, 41.077726], [-73.629948, 41.078516], [-73.631388, 41.079701], [-73.63296, 41.081281], [-73.6344, 41.082466], [-73.63571, 41.083256], [-73.63715, 41.083651], [-73.639508, 41.083651]], "type": "LineString"}}, {"type": "Feature", "properties": {}, "geometry": {"coordinates": [[-73.614364, 41.067851], [-73.616459, 41.067851]], "type": "LineString"}}, {"type": "Feature", "properties": {}, "geometry": {"coordinates": [[-73.614364, 41.067851], [-73.60965, 41.069629], [-73.607423, 41.070814], [-73.606114, 41.071999], [-73.605197, 41.073381], [-73.604673, 41.074961], [-73.60415, 41.076245], [-73.603626, 41.077233], [-73.602971, 41.078023], [-73.601792, 41.078911]], "type": "LineString"}}, {"type": "Feature", "properties": {}, "geometry": {"coordinates": [[-73.616459, 41.066271], [-73.616459, 41.067851]], "type": "LineString"}}, {"type": "Feature", "properties": {}, "geometry": {"coordinates": [[-73.578744, 41.066271], [-73.578744, 41.070715], [-73.578875, 41.072789], [-73.579137, 41.073974], [-73.57953, 41.074764], [-73.580054, 41.075159], [-73.580708, 41.075455], [-73.581494, 41.075653], [-73.582411, 41.075751], [-73.583458, 41.075751], [-73.584506, 41.075949], [-73.585554, 41.076344], [-73.586601, 41.076936], [-73.587649, 41.077726], [-73.58909, 41.078319], [-73.590923, 41.078714], [-73.593804, 41.078911], [-73.599697, 41.078911]], "type": "LineString"}}, {"type": "Feature", "properties": {}, "geometry": {"coordinates": [[-73.580839, 41.06469], [-73.582935, 41.06469]], "type": "LineString"}}, {"type": "Feature", "properties": {}, "geometry": {"coordinates": [[-73.578744, 41.06469], [-73.580839, 41.06469]], "type": "LineString"}}, {"type": "Feature", "properties": {}, "geometry": {"coordinates": [[-73.578744, 41.06469], [-73.578744, 41.066271]], "type": "LineString"}}, {"type": "Feature", "properties": {}, "geometry": {"coordinates": [[-73.561982, 41.06469], [-73.560803, 41.065579], [-73.560279, 41.066567], [-73.560017, 41.06795], [-73.559886, 41.069826], [-73.559886, 41.072196], [-73.559755, 41.074073], [-73.559493, 41.075455], [-73.559101, 41.076344], [-73.558577, 41.076739], [-73.558184, 41.077233], [-73.557922, 41.077825], [-73.557791, 41.078516], [-73.557791, 41.079306], [-73.557529, 41.080096], [-73.557005, 41.080886], [-73.555958, 41.081874], [-73.5536, 41.083651]], "type": "LineString"}}, {"type": "Feature", "properties": {}, "geometry": {"coordinates": [[-73.534743, 41.06469], [-73.535921, 41.065579], [-73.536445, 41.066271], [-73.536707, 41.067061], [-73.536838, 41.068345], [-73.536838, 41.071011]], "type": "LineString"}}, {"type": "Feature", "properties": {}, "geometry": {"coordinates": [[-73.528457, 41.06469], [-73.534743, 41.06469]], "type": "LineString"}}, {"type": "Feature", "properties": {}, "geometry": {"coordinates": [[-73.528457, 41.06469], [-73.522171, 41.069431]], "type": "LineString"}}, {"type": "Feature", "properties": {}, "geometry": {"coordinates": [[-73.578744, 41.06469], [-73.577565, 41.063802], [-73.576125, 41.063505], [-73.57403, 41.063505], [-73.570232, 41.063802], [-73.561982, 41.06469]], "type": "LineString"}}, {"type": "Feature", "properties": {}, "geometry": {"coordinates": [[-73.511694, 41.06311], [-73.520076, 41.069431]], "type": "LineString"}}, {"type": "Feature", "properties": {}, "geometry": {"coordinates": [[-73.509599, 41.06311], [-73.511694, 41.06311]], "type": "LineString"}}, {"type": "Feature", "properties": {}, "geometry": {"coordinates": [[-73.509599, 41.06311], [-73.50842, 41.063999], [-73.506718, 41.064394], [-73.504099, 41.064592], [-73.500432, 41.06469], [-73.495718, 41.06469], [-73.49192, 41.064789], [-73.489039, 41.064987], [-73.487075, 41.065283], [-73.486027, 41.065678], [-73.484979, 41.066172], [-73.483932, 41.066765], [-73.482884, 41.067456], [-73.481836, 41.068246], [-73.480527, 41.069629], [-73.478955, 41.071604], [-73.476598, 41.074961], [-73.471884, 41.082071]], "type": "LineString"}}, {"type": "Feature", "properties": {}, "geometry": {"coordinates": [[-73.511694, 41.06153], [-73.511694, 41.06311]], "type": "LineString"}}, {"type": "Feature", "properties": {}, "geometry": {"coordinates": [[-73.6877, 41.059949], [-73.693593, 41.063505], [-73.696212, 41.065678], [-73.697521, 41.067653], [-73.698176, 41.069826], [-73.698176, 41.072196], [-73.698307, 41.074073], [-73.698569, 41.075455], [-73.698962, 41.076344], [-73.699486, 41.076739], [-73.699879, 41.077233], [-73.70014, 41.077825], [-73.700271, 41.078714], [-73.700271, 41.080491]], "type": "LineString"}}, {"type": "Feature", "properties": {}, "geometry": {"coordinates": [[-73.6877, 41.059949], [-73.685342, 41.061727], [-73.684164, 41.062518], [-73.683378, 41.062913], [-73.682592, 41.06311], [-73.681414, 41.06311]], "type": "LineString"}}, {"type": "Feature", "properties": {}, "geometry": {"coordinates": [[-73.511694, 41.058369], [-73.511694, 41.06153]], "type": "LineString"}}, {"type": "Feature", "properties": {}, "geometry": {"coordinates": [[-73.538933, 41.056789], [-73.538933, 41.058567], [-73.538671, 41.059653], [-73.538148, 41.060641], [-73.5371, 41.062024], [-73.534743, 41.06469]], "type": "LineString"}}, {"type": "Feature", "properties": {}, "geometry": {"coordinates": [[-73.51379, 41.056789], [-73.516147, 41.056789], [-73.517849, 41.057283], [-73.519683, 41.05827], [-73.522564, 41.060246], [-73.528457, 41.06469]], "type": "LineString"}}, {"type": "Feature", "properties": {}, "geometry": {"coordinates": [[-73.511694, 41.056789], [-73.51379, 41.056789]], "type": "LineString"}}, {"type": "Feature", "properties": {}, "geometry": {"coordinates": [[-73.511694, 41.056789], [-73.511694, 41.058369]], "type": "LineString"}}, {"type": "Feature", "properties": {}, "geometry": {"coordinates": [[-73.54941, 41.055208], [-73.561982, 41.06469]], "type": "LineString"}}, {"type": "Feature", "properties": {}, "geometry": {"coordinates": [[-73.541029, 41.055208], [-73.54941, 41.055208]], "type": "LineString"}}, {"type": "Feature", "properties": {}, "geometry": {"coordinates": [[-73.538933, 41.055208], [-73.541029, 41.055208]], "type": "LineString"}}, {"type": "Feature", "properties": {}, "geometry": {"coordinates": [[-73.538933, 41.055208], [-73.538933, 41.056789]], "type": "LineString"}}, {"type": "Feature", "properties": {}, "geometry": {"coordinates": [[-73.507504, 41.055208], [-73.511694, 41.056789]], "type": "LineString"}}, {"type": "Feature", "properties": {}, "geometry": {"coordinates": [[-73.5536, 41.052047], [-73.54941, 41.055208]], "type": "LineString"}}, {"type": "Feature", "properties": {}, "geometry": {"coordinates": [[-73.570363, 41.050466], [-73.572458, 41.050466]], "type": "LineString"}}, {"type": "Feature", "properties": {}, "geometry": {"coordinates": [[-73.570363, 41.050466], [-73.568006, 41.052245], [-73.566303, 41.053035], [-73.56447, 41.05343], [-73.562244, 41.053628], [-73.559624, 41.053628], [-73.557529, 41.053529], [-73.555958, 41.053331], [-73.554779, 41.052936], [-73.5536, 41.052047]], "type": "LineString"}}, {"type": "Feature", "properties": {}, "geometry": {"coordinates": [[-73.5536, 41.050466], [-73.5536, 41.052047]], "type": "LineString"}}, {"type": "Feature", "properties": {}, "geometry": {"coordinates": [[-73.748463, 41.048886], [-73.743749, 41.052442], [-73.741654, 41.054122], [-73.740606, 41.055109], [-73.740082, 41.055801], [-73.740082, 41.056196], [-73.739689, 41.05669], [-73.738903, 41.057283], [-73.737725, 41.057974], [-73.736153, 41.058764], [-73.734975, 41.059456], [-73.734189, 41.060048], [-73.733796, 41.060641], [-73.733796, 41.06153]], "type": "LineString"}}, {"type": "Feature", "properties": {}, "geometry": {"coordinates": [[-73.574553, 41.048886], [-73.572458, 41.050466]], "type": "LineString"}}, {"type": "Feature", "properties": {}, "geometry": {"coordinates": [[-73.570363, 41.048886], [-73.570363, 41.050466]], "type": "LineString"}}, {"type": "Feature", "properties": {}, "geometry": {"coordinates": [[-73.528457, 41.047305], [-73.538933, 41.055208]], "type": "LineString"}}, {"type": "Feature", "properties": {}, "geometry": {"coordinates": [[-73.528457, 41.047305], [-73.526361, 41.048886]], "type": "LineString"}}, {"type": "Feature", "properties": {}, "geometry": {"coordinates": [[-73.710748, 41.044144], [-73.715462, 41.0477], [-73.717558, 41.049676], [-73.718605, 41.051257], [-73.719129, 41.052837], [-73.719129, 41.054418], [-73.71926, 41.055702], [-73.719522, 41.05669], [-73.720046, 41.05748], [-73.721224, 41.058369]], "type": "LineString"}}, {"type": "Feature", "properties": {}, "geometry": {"coordinates": [[-73.710748, 41.044144], [-73.70014, 41.044144], [-73.695033, 41.04444], [-73.69189, 41.045033], [-73.689533, 41.045922], [-73.687962, 41.047108], [-73.686783, 41.048589], [-73.685997, 41.050368], [-73.685604, 41.052442], [-73.685604, 41.054813], [-73.685735, 41.05669], [-73.685997, 41.058073], [-73.686521, 41.05906], [-73.6877, 41.059949]], "type": "LineString"}}, {"type": "Feature", "properties": {}, "geometry": {"coordinates": [[-73.528457, 41.044144], [-73.528457, 41.047305]], "type": "LineString"}}, {"type": "Feature", "properties": {}, "geometry": {"coordinates": [[-73.62065, 41.042563], [-73.621829, 41.043452], [-73.622221, 41.043946], [-73.622221, 41.044341], [-73.62196, 41.044737], [-73.621436, 41.045132], [-73.621043, 41.045922], [-73.620781, 41.047108], [-73.62065, 41.048688], [-73.62065, 41.050664], [-73.620519, 41.052245], [-73.620257, 41.05343], [-73.619864, 41.05422], [-73.61934, 41.054615], [-73.618817, 41.055603], [-73.618293, 41.057184], [-73.617638, 41.060048], [-73.616459, 41.066271]], "type": "LineString"}}, {"type": "Feature", "properties": {}, "geometry": {"coordinates": [[-73.568267, 41.042563], [-73.569446, 41.043452], [-73.56997, 41.044144], [-73.570232, 41.044934], [-73.570363, 41.046218], [-73.570363, 41.048886]], "type": "LineString"}}, {"type": "Feature", "properties": {}, "geometry": {"coordinates": [[-73.566172, 41.042563], [-73.568267, 41.042563]], "type": "LineString"}}, {"type": "Feature", "properties": {}, "geometry": {"coordinates": [[-73.564077, 41.042563], [-73.566172, 41.042563]], "type": "LineString"}}, {"type": "Feature", "properties": {}, "geometry": {"coordinates": [[-73.62065, 41.042563], [-73.614757, 41.042563], [-73.612007, 41.042464], [-73.610435, 41.042267], [-73.609388, 41.04197], [-73.608864, 41.041575], [-73.60834, 41.041377], [-73.607816, 41.041377], [-73.607292, 41.041575], [-73.606769, 41.04197], [-73.605983, 41.042267], [-73.604935, 41.042464], [-73.603233, 41.042563], [-73.599697, 41.042563]], "type": "LineString"}}, {"type": "Feature", "properties": {}, "geometry": {"coordinates": [[-73.568267, 41.040982], [-73.568267, 41.042563]], "type": "LineString"}}, {"type": "Feature", "properties": {}, "geometry": {"coordinates": [[-73.737987, 41.036239], [-73.740344, 41.037129], [-73.741915, 41.037425], [-73.743487, 41.037425], [-73.74532, 41.037228], [-73.747416, 41.036832], [-73.749511, 41.036832], [-73.751606, 41.037228], [-73.754225, 41.038314], [-73.75894, 41.040982]], "type": "LineString"}}, {"type": "Feature", "properties": {}, "geometry": {"coordinates": [[-73.631126, 41.034658], [-73.633484, 41.036437], [-73.635317, 41.037524], [-73.637412, 41.038512], [-73.640032, 41.039599], [-73.643174, 41.040785], [-73.646056, 41.041674], [-73.648675, 41.042267], [-73.651032, 41.042563], [-73.653127, 41.042563], [-73.65483, 41.042662], [-73.656139, 41.042859], [-73.657056, 41.043156], [-73.65758, 41.043551], [-73.658627, 41.043847], [-73.660199, 41.044045], [-73.662294, 41.044144], [-73.664913, 41.044144], [-73.667139, 41.044045], [-73.668973, 41.043847], [-73.670675, 41.043452], [-73.673032, 41.042563]], "type": "LineString"}}, {"type": "Feature", "properties": {}, "geometry": {"coordinates": [[-73.629031, 41.034658], [-73.631126, 41.034658]], "type": "LineString"}}, {"type": "Feature", "properties": {}, "geometry": {"coordinates": [[-73.629031, 41.034658], [-73.62065, 41.042563]], "type": "LineString"}}, {"type": "Feature", "properties": {}, "geometry": {"coordinates": [[-73.629031, 41.033077], [-73.629031, 41.034658]], "type": "LineString"}}, {"type": "Feature", "properties": {}, "geometry": {"coordinates": [[-73.629031, 41.031496], [-73.631126, 41.031496]], "type": "LineString"}}, {"type": "Feature", "properties": {}, "geometry": {"coordinates": [[-73.629031, 41.031496], [-73.629031, 41.033077]], "type": "LineString"}}, {"type": "Feature", "properties": {}, "geometry": {"coordinates": [[-73.608078, 41.026753], [-73.605983, 41.029915]], "type": "LineString"}}, {"type": "Feature", "properties": {}, "geometry": {"coordinates": [[-73.710748, 41.025172], [-73.713105, 41.02873], [-73.714022, 41.030409], [-73.714284, 41.031398], [-73.714153, 41.032089], [-73.713629, 41.032485], [-73.713236, 41.033374], [-73.712974, 41.034757], [-73.712843, 41.036635], [-73.712843, 41.039006], [-73.712712, 41.040883], [-73.71245, 41.042267], [-73.711927, 41.043255], [-73.710748, 41.044144]], "type": "LineString"}}, {"type": "Feature", "properties": {}, "geometry": {"coordinates": [[-73.629031, 41.031496], [-73.624317, 41.027939], [-73.622091, 41.026457], [-73.620781, 41.025864], [-73.619864, 41.025765], [-73.61934, 41.02616], [-73.618293, 41.026457], [-73.616721, 41.026654], [-73.613971, 41.026753], [-73.608078, 41.026753]], "type": "LineString"}}, {"type": "Feature", "properties": {}, "geometry": {"coordinates": [[-73.605983, 41.025172], [-73.608078, 41.026753]], "type": "LineString"}}, {"type": "Feature", "properties": {}, "geometry": {"coordinates": [[-73.710748, 41.023591], [-73.710748, 41.025172]], "type": "LineString"}}, {"type": "Feature", "properties": {}, "geometry": {"coordinates": [[-73.708653, 41.023591], [-73.710748, 41.023591]], "type": "LineString"}}, {"type": "Feature", "properties": {}, "geometry": {"coordinates": [[-73.714938, 41.022009], [-73.710748, 41.023591]], "type": "LineString"}}, {"type": "Feature", "properties": {}, "geometry": {"coordinates": [[-73.706557, 41.022009], [-73.708653, 41.023591]], "type": "LineString"}}, {"type": "Feature", "properties": {}, "geometry": {"coordinates": [[-73.649984, 41.022009], [-73.647627, 41.022009], [-73.645663, 41.022602], [-73.643305, 41.023788], [-73.639377, 41.02616], [-73.631126, 41.031496]], "type": "LineString"}}, {"type": "Feature", "properties": {}, "geometry": {"coordinates": [[-73.704462, 41.020428], [-73.706557, 41.022009]], "type": "LineString"}}, {"type": "Feature", "properties": {}, "geometry": {"coordinates": [[-73.668842, 41.009358], [-73.670021, 41.010247], [-73.670937, 41.010643], [-73.671985, 41.010841], [-73.673294, 41.010939], [-73.674866, 41.010939], [-73.676306, 41.011137], [-73.677616, 41.011532], [-73.678795, 41.012126], [-73.679842, 41.012916], [-73.680628, 41.014201], [-73.681152, 41.01598], [-73.681414, 41.018254], [-73.681414, 41.021021], [-73.681676, 41.023294], [-73.682199, 41.025073], [-73.682985, 41.026358], [-73.684033, 41.027148], [-73.685211, 41.027544], [-73.686521, 41.027544], [-73.687962, 41.027148], [-73.689533, 41.026358], [-73.691235, 41.025765], [-73.693069, 41.02537], [-73.695033, 41.025172], [-73.697128, 41.025172], [-73.699093, 41.024974], [-73.700926, 41.024579], [-73.703021, 41.023788], [-73.706557, 41.022009]], "type": "LineString"}}, {"type": "Feature", "properties": {}, "geometry": {"coordinates": [[-73.666747, 41.009358], [-73.668842, 41.009358]], "type": "LineString"}}, {"type": "Feature", "properties": {}, "geometry": {"coordinates": [[-73.666747, 41.009358], [-73.663211, 41.012916], [-73.661377, 41.014597], [-73.660068, 41.015585], [-73.658627, 41.016376], [-73.65627, 41.017265]], "type": "LineString"}}, {"type": "Feature", "properties": {}, "geometry": {"coordinates": [[-73.668842, 41.007776], [-73.668842, 41.009358]], "type": "LineString"}}, {"type": "Feature", "properties": {}, "geometry": {"coordinates": [[-73.719129, 41.003031], [-73.72332, 41.003031]], "type": "LineString"}}, {"type": "Feature", "properties": {}, "geometry": {"coordinates": [[-73.719129, 41.003031], [-73.716772, 41.0057], [-73.715462, 41.006985], [-73.714415, 41.007776], [-73.713367, 41.008369], [-73.712319, 41.008765], [-73.710879, 41.009061], [-73.709045, 41.009259], [-73.706819, 41.009358], [-73.7042, 41.009358], [-73.702105, 41.009555], [-73.700533, 41.009951], [-73.699355, 41.010742], [-73.698176, 41.012521]], "type": "LineString"}}, {"type": "Feature", "properties": {}, "geometry": {"coordinates": [[-73.668842, 41.001449], [-73.668842, 41.007776]], "type": "LineString"}}, {"type": "Feature", "properties": {}, "geometry": {"coordinates": [[-73.6877, 40.984047], [-73.689795, 40.984047]], "type": "LineString"}}, {"type": "Feature", "properties": {}, "geometry": {"coordinates": [[-73.685604, 40.984047], [-73.6877, 40.984047]], "type": "LineString"}}, {"type": "Feature", "properties": {}, "geometry": {"coordinates": [[-73.685604, 40.984047], [-73.685604, 40.98563]], "type": "LineString"}}, {"type": "Feature", "properties": {}, "geometry": {"coordinates": [[-73.683509, 40.982465], [-73.685604, 40.984047]], "type": "LineString"}}, {"type": "Feature", "properties": {}, "geometry": {"coordinates": [[-73.681414, 40.982465], [-73.683509, 40.982465]], "type": "LineString"}}, {"type": "Feature", "properties": {}, "geometry": {"coordinates": [[-73.679318, 40.982465], [-73.681414, 40.982465]], "type": "LineString"}}, {"type": "Feature", "properties": {}, "geometry": {"coordinates": [[-73.683509, 40.980883], [-73.683509, 40.982465]], "type": "LineString"}}, {"type": "Feature", "properties": {}, "geometry": {"coordinates": [[-73.683509, 40.979301], [-73.683509, 40.980883]], "type": "LineString"}}, {"type": "Feature", "properties": {}, "geometry": {"coordinates": [[-73.698176, 40.976136], [-73.700271, 40.976136]], "type": "LineString"}}, {"type": "Feature", "properties": {}, "geometry": {"coordinates": [[-73.696081, 40.976136], [-73.698176, 40.976136]], "type": "LineString"}}, {"type": "Feature", "properties": {}, "geometry": {"coordinates": [[-73.696081, 40.976136], [-73.694902, 40.977026], [-73.694378, 40.977619], [-73.694116, 40.978213], [-73.693985, 40.979103], [-73.693985, 40.980883]], "type": "LineString"}}, {"type": "Feature", "properties": {}, "geometry": {"coordinates": [[-73.706557, 40.974553], [-73.707736, 40.974553], [-73.708522, 40.974751], [-73.709307, 40.975147], [-73.710224, 40.97574], [-73.711272, 40.976531], [-73.711927, 40.977224], [-73.712188, 40.977817], [-73.712057, 40.978312], [-73.711534, 40.978707], [-73.711141, 40.979301], [-73.710879, 40.980092], [-73.710748, 40.981081], [-73.710748, 40.982267], [-73.710617, 40.983256], [-73.710355, 40.984047], [-73.709962, 40.984641], [-73.709438, 40.985036], [-73.709176, 40.985432], [-73.709176, 40.985827], [-73.709438, 40.986223], [-73.709962, 40.986618], [-73.710355, 40.987311], [-73.710617, 40.988299], [-73.710748, 40.989585], [-73.710748, 40.991167], [-73.711272, 40.992947], [-73.712319, 40.994924], [-73.714415, 40.997692], [-73.719129, 41.003031]], "type": "LineString"}}, {"type": "Feature", "properties": {}, "geometry": {"coordinates": [[-73.696081, 40.974553], [-73.696081, 40.976136]], "type": "LineString"}}, {"type": "Feature", "properties": {}, "geometry": {"coordinates": [[-73.689795, 40.966641], [-73.689795, 40.968421], [-73.690188, 40.969509], [-73.690974, 40.970498], [-73.692545, 40.971883], [-73.696081, 40.974553]], "type": "LineString"}}]}