{
"type": "FeatureCollection",
"name": "southern_telecom",
"xy_coordinate_resolution": 1e-06,
"features": [
{ "type": "Feature", "properties": { "map_file": "MontgomerySTI.pdf", "map_url": "https://www.southern-telecom.com/content/dam/southern-telecom/pdfs/MontgomerySTI.pdf", "pdf_layer": "Other_4", "pen_color": "#0000FF" }, "geometry": { "type": "LineString", "coordinates": [ [ -86.267663, 32.364159 ], [ -86.266671, 32.364974 ], [ -86.265692, 32.364148 ], [ -86.264718, 32.364963 ] ] } },
{ "type": "Feature", "properties": { "map_file": "MontgomerySTI.pdf", "map_url": "https://www.southern-telecom.com/content/dam/southern-telecom/pdfs/MontgomerySTI.pdf", "pdf_layer": "Overall_Other_2", "pen_color": "#0000FF" }, "geometry": { "type": "LineString", "coordinates": [ [ -86.299812, 32.381322 ], [ -86.299843, 32.382143 ] ] } },
{ "type": "Feature", "properties": { "map_file": "MontgomerySTI.pdf", "map_url": "https://www.southern-telecom.com/content/dam/southern-telecom/pdfs/MontgomerySTI.pdf", "pdf_layer": "Overall_Other_2", "pen_color": "#0000FF" }, "geometry": { "type": "LineString", "coordinates": [ [ -86.300036, 32.381181 ], [ -86.298232, 32.381266 ], [ -86.296837, 32.38129 ], [ -86.296641, 32.377785 ], [ -86.296194, 32.377814 ] ] } },
{ "type": "Feature", "properties": { "map_file": "MontgomerySTI.pdf", "map_url": "https://www.southern-telecom.com/content/dam/southern-telecom/pdfs/MontgomerySTI.pdf", "pdf_layer": "Overall_Other_2", "pen_color": "#0000FF" }, "geometry": { "type": "LineString", "coordinates": [ [ -86.299843, 32.382143 ], [ -86.30161, 32.382105 ], [ -86.30164, 32.383084 ], [ -86.301668, 32.384236 ], [ -86.303454, 32.384199 ], [ -86.305296, 32.384177 ], [ -86.305255, 32.382157 ], [ -86.306298, 32.381973 ], [ -86.30629, 32.380616 ], [ -86.306141, 32.380615 ], [ -86.306141, 32.380663 ], [ -86.30616, 32.380663 ] ] } },
{ "type": "Feature", "properties": { "map_file": "MontgomerySTI.pdf", "map_url": "https://www.southern-telecom.com/content/dam/southern-telecom/pdfs/MontgomerySTI.pdf", "pdf_layer": "Overall_Other_2", "pen_color": "#0000FF" }, "geometry": { "type": "LineString", "coordinates": [ [ -86.279456, 32.387157 ], [ -86.279121, 32.387123 ], [ -86.278973, 32.387075 ] ] } },
{ "type": "Feature", "properties": { "map_file": "MontgomerySTI.pdf", "map_url": "https://www.southern-telecom.com/content/dam/southern-telecom/pdfs/MontgomerySTI.pdf", "pdf_layer": "Overall_Other_2", "pen_color": "#0000FF" }, "geometry": { "type": "LineString", "coordinates": [ [ -86.308856, 32.375833 ], [ -86.308782, 32.375833 ] ] } },
{ "type": "Feature", "properties": { "map_file": "MontgomerySTI.pdf", "map_url": "https://www.southern-telecom.com/content/dam/southern-telecom/pdfs/MontgomerySTI.pdf", "pdf_layer": "Overall_Other_2", "pen_color": "#0000FF" }, "geometry": { "type": "LineString", "coordinates": [ [ -86.303298, 32.375455 ], [ -86.303112, 32.375454 ], [ -86.303129, 32.375707 ] ] } },
{ "type": "Feature", "properties": { "map_file": "MontgomerySTI.pdf", "map_url": "https://www.southern-telecom.com/content/dam/southern-telecom/pdfs/MontgomerySTI.pdf", "pdf_layer": "Overall_Other_2", "pen_color": "#0000FF" }, "geometry": { "type": "LineString", "coordinates": [ [ -86.3077, 32.376221 ], [ -86.308332, 32.37624 ], [ -86.308574, 32.376242 ] ] } },
{ "type": "Feature", "properties": { "map_file": "MontgomerySTI.pdf", "map_url": "https://www.southern-telecom.com/content/dam/southern-telecom/pdfs/MontgomerySTI.pdf", "pdf_layer": "Overall_Other_2", "pen_color": "#0000FF" }, "geometry": { "type": "LineString", "coordinates": [ [ -86.308574, 32.376242 ], [ -86.308891, 32.376086 ], [ -86.30893, 32.375944 ], [ -86.308949, 32.375833 ], [ -86.308856, 32.375833 ] ] } },
{ "type": "Feature", "properties": { "map_file": "MontgomerySTI.pdf", "map_url": "https://www.southern-telecom.com/content/dam/southern-telecom/pdfs/MontgomerySTI.pdf", "pdf_layer": "Overall_Other_2", "pen_color": "#0000FF" }, "geometry": { "type": "LineString", "coordinates": [ [ -86.306248, 32.378849 ], [ -86.306215, 32.378328 ] ] } },
{ "type": "Feature", "properties": { "map_file": "MontgomerySTI.pdf", "map_url": "https://www.southern-telecom.com/content/dam/southern-telecom/pdfs/MontgomerySTI.pdf", "pdf_layer": "Overall_Other_2", "pen_color": "#0000FF" }, "geometry": { "type": "LineString", "coordinates": [ [ -86.306248, 32.378849 ], [ -86.30628, 32.379527 ] ] } },
{ "type": "Feature", "properties": { "map_file": "MontgomerySTI.pdf", "map_url": "https://www.southern-telecom.com/content/dam/southern-telecom/pdfs/MontgomerySTI.pdf", "pdf_layer": "Overall_Other_2", "pen_color": "#0000FF" }, "geometry": { "type": "LineString", "coordinates": [ [ -86.305462, 32.377077 ], [ -86.305462, 32.377029 ] ] } },
{ "type": "Feature", "properties": { "map_file": "MontgomerySTI.pdf", "map_url": "https://www.southern-telecom.com/content/dam/southern-telecom/pdfs/MontgomerySTI.pdf", "pdf_layer": "Overall_Other_2", "pen_color": "#0000FF" }, "geometry": { "type": "LineString", "coordinates": [ [ -86.305462, 32.377077 ], [ -86.305443, 32.377077 ], [ -86.305443, 32.377029 ], [ -86.305462, 32.377029 ] ] } },
{ "type": "Feature", "properties": { "map_file": "MontgomerySTI.pdf", "map_url": "https://www.southern-telecom.com/content/dam/southern-telecom/pdfs/MontgomerySTI.pdf", "pdf_layer": "Overall_Other_2", "pen_color": "#0000FF" }, "geometry": { "type": "LineString", "coordinates": [ [ -86.259732, 32.40852 ], [ -86.259249, 32.408438 ], [ -86.259009, 32.408248 ], [ -86.25841, 32.408718 ], [ -86.258373, 32.408702 ] ] } },
{ "type": "Feature", "properties": { "map_file": "MontgomerySTI.pdf", "map_url": "https://www.southern-telecom.com/content/dam/southern-telecom/pdfs/MontgomerySTI.pdf", "pdf_layer": "Overall_Other_2", "pen_color": "#0000FF" }, "geometry": { "type": "LineString", "coordinates": [ [ -86.278323, 32.386882 ], [ -86.278174, 32.386913 ], [ -86.278056, 32.387796 ], [ -86.277386, 32.387808 ], [ -86.276419, 32.387818 ], [ -86.275487, 32.38797 ], [ -86.273999, 32.387978 ], [ -86.27266, 32.388033 ], [ -86.272687, 32.389264 ], [ -86.272716, 32.390322 ], [ -86.272743, 32.391505 ], [ -86.272771, 32.392736 ], [ -86.272781, 32.393731 ], [ -86.272827, 32.394914 ], [ -86.272857, 32.395861 ], [ -86.272884, 32.39714 ], [ -86.27284, 32.398039 ], [ -86.272647, 32.398874 ], [ -86.27206, 32.400118 ], [ -86.271515, 32.400793 ], [ -86.270652, 32.401672 ], [ -86.269458, 32.402138 ], [ -86.268354, 32.402984 ], [ -86.267268, 32.403846 ], [ -86.266219, 32.404708 ], [ -86.264891, 32.405599 ], [ -86.263862, 32.406272 ], [ -86.262852, 32.406913 ], [ -86.261487, 32.407789 ], [ -86.260234, 32.408586 ], [ -86.259732, 32.40852 ] ] } },
{ "type": "Feature", "properties": { "map_file": "MontgomerySTI.pdf", "map_url": "https://www.southern-telecom.com/content/dam/southern-telecom/pdfs/MontgomerySTI.pdf", "pdf_layer": "Overall_Other_2", "pen_color": "#0000FF" }, "geometry": { "type": "LineString", "coordinates": [ [ -86.299812, 32.381322 ], [ -86.29944, 32.381336 ], [ -86.299437, 32.381683 ], [ -86.298786, 32.381711 ] ] } },
{ "type": "Feature", "properties": { "map_file": "MontgomerySTI.pdf", "map_url": "https://www.southern-telecom.com/content/dam/southern-telecom/pdfs/MontgomerySTI.pdf", "pdf_layer": "Overall_Other_2", "pen_color": "#0000FF" }, "geometry": { "type": "LineString", "coordinates": [ [ -86.3062, 32.377854 ], [ -86.306182, 32.377665 ], [ -86.306203, 32.37746 ], [ -86.305496, 32.377487 ], [ -86.305462, 32.377077 ] ] } },
{ "type": "Feature", "properties": { "map_file": "MontgomerySTI.pdf", "map_url": "https://www.southern-telecom.com/content/dam/southern-telecom/pdfs/MontgomerySTI.pdf", "pdf_layer": "Overall_Other_2", "pen_color": "#0000FF" }, "geometry": { "type": "LineString", "coordinates": [ [ -86.3062, 32.377854 ], [ -86.306215, 32.378328 ] ] } },
{ "type": "Feature", "properties": { "map_file": "MontgomerySTI.pdf", "map_url": "https://www.southern-telecom.com/content/dam/southern-telecom/pdfs/MontgomerySTI.pdf", "pdf_layer": "Overall_Other_2", "pen_color": "#0000FF" }, "geometry": { "type": "LineString", "coordinates": [ [ -86.298786, 32.381711 ], [ -86.298451, 32.381741 ], [ -86.298083, 32.381249 ], [ -86.297172, 32.381244 ], [ -86.296014, 32.381806 ], [ -86.29493, 32.38251 ], [ -86.294148, 32.3826 ], [ -86.292658, 32.382908 ], [ -86.291018, 32.383246 ], [ -86.289584, 32.383522 ], [ -86.288056, 32.38386 ], [ -86.286508, 32.384372 ], [ -86.285258, 32.38487 ], [ -86.284027, 32.385352 ], [ -86.282777, 32.385866 ], [ -86.281752, 32.386128 ], [ -86.280445, 32.386705 ], [ -86.279456, 32.387157 ] ] } },
{ "type": "Feature", "properties": { "map_file": "MontgomerySTI.pdf", "map_url": "https://www.southern-telecom.com/content/dam/southern-telecom/pdfs/MontgomerySTI.pdf", "pdf_layer": "Overall_Other_2", "pen_color": "#0000FF" }, "geometry": { "type": "LineString", "coordinates": [ [ -86.293618, 32.419524 ], [ -86.293641, 32.419035 ], [ -86.293546, 32.416826 ], [ -86.292448, 32.416851 ], [ -86.291462, 32.416845 ], [ -86.290122, 32.416854 ], [ -86.289322, 32.416849 ], [ -86.28869, 32.416861 ], [ -86.287815, 32.416841 ], [ -86.287828, 32.41763 ], [ -86.28699, 32.417641 ], [ -86.28619, 32.417636 ], [ -86.285446, 32.417648 ], [ -86.285055, 32.41763 ], [ -86.284255, 32.417609 ], [ -86.283641, 32.417622 ], [ -86.282804, 32.417633 ], [ -86.282803, 32.417759 ], [ -86.282833, 32.41869 ], [ -86.282845, 32.419448 ], [ -86.282859, 32.420079 ] ] } },
{ "type": "Feature", "properties": { "map_file": "MontgomerySTI.pdf", "map_url": "https://www.southern-telecom.com/content/dam/southern-telecom/pdfs/MontgomerySTI.pdf", "pdf_layer": "Overall_Other_2", "pen_color": "#0000FF" }, "geometry": { "type": "LineString", "coordinates": [ [ -86.30616, 32.380647 ], [ -86.306234, 32.380647 ], [ -86.306234, 32.380711 ], [ -86.306363, 32.380853 ], [ -86.30633, 32.380317 ], [ -86.306315, 32.379812 ], [ -86.30628, 32.379527 ] ] } },
{ "type": "Feature", "properties": { "map_file": "MontgomerySTI.pdf", "map_url": "https://www.southern-telecom.com/content/dam/southern-telecom/pdfs/MontgomerySTI.pdf", "pdf_layer": "Overall_Other_2", "pen_color": "#0000FF" }, "geometry": { "type": "LineString", "coordinates": [ [ -86.3077, 32.376221 ], [ -86.307402, 32.376219 ], [ -86.306807, 32.376232 ], [ -86.306137, 32.37626 ], [ -86.305579, 32.376288 ], [ -86.305577, 32.376557 ], [ -86.305592, 32.377077 ], [ -86.305462, 32.377077 ] ] } },
{ "type": "Feature", "properties": { "map_file": "MontgomerySTI.pdf", "map_url": "https://www.southern-telecom.com/content/dam/southern-telecom/pdfs/MontgomerySTI.pdf", "pdf_layer": "Overall_Other_2", "pen_color": "#0000FF" }, "geometry": { "type": "LineString", "coordinates": [ [ -86.298786, 32.381711 ], [ -86.298769, 32.381553 ], [ -86.298806, 32.381506 ] ] } },
{ "type": "Feature", "properties": { "map_file": "MontgomerySTI.pdf", "map_url": "https://www.southern-telecom.com/content/dam/southern-telecom/pdfs/MontgomerySTI.pdf", "pdf_layer": "Overall_Other_2", "pen_color": "#0000FF" }, "geometry": { "type": "LineString", "coordinates": [ [ -86.278323, 32.386882 ], [ -86.278825, 32.386901 ], [ -86.27888, 32.387027 ], [ -86.278973, 32.387075 ] ] } },
{ "type": "Feature", "properties": { "map_file": "MontgomerySTI.pdf", "map_url": "https://www.southern-telecom.com/content/dam/southern-telecom/pdfs/MontgomerySTI.pdf", "pdf_layer": "Overall_Other_2", "pen_color": "#0000FF" }, "geometry": { "type": "LineString", "coordinates": [ [ -86.257392, 32.410274 ], [ -86.258159, 32.409805 ], [ -86.259224, 32.409196 ], [ -86.258541, 32.40856 ], [ -86.258373, 32.408702 ] ] } },
{ "type": "Feature", "properties": { "map_file": "MontgomerySTI.pdf", "map_url": "https://www.southern-telecom.com/content/dam/southern-telecom/pdfs/MontgomerySTI.pdf", "pdf_layer": "Overall_Other_2", "pen_color": "#0000FF" }, "geometry": { "type": "LineString", "coordinates": [ [ -86.258565, 32.414778 ], [ -86.258275, 32.413782 ], [ -86.257836, 32.412896 ], [ -86.25758, 32.412374 ], [ -86.257268, 32.411804 ], [ -86.257145, 32.410983 ], [ -86.257484, 32.410369 ], [ -86.257392, 32.410274 ] ] } },
{ "type": "Feature", "properties": { "map_file": "MontgomerySTI.pdf", "map_url": "https://www.southern-telecom.com/content/dam/southern-telecom/pdfs/MontgomerySTI.pdf", "pdf_layer": "Overall_Other_2", "pen_color": "#0000FF" }, "geometry": { "type": "LineString", "coordinates": [ [ -86.305462, 32.377077 ], [ -86.305537, 32.377014 ], [ -86.305523, 32.376414 ], [ -86.305505, 32.376335 ], [ -86.305281, 32.376334 ], [ -86.304872, 32.376348 ], [ -86.303514, 32.376466 ], [ -86.303702, 32.376152 ], [ -86.303685, 32.375931 ], [ -86.303408, 32.375724 ], [ -86.303391, 32.375456 ], [ -86.303298, 32.375455 ] ] } },
{ "type": "Feature", "properties": { "map_file": "MontgomerySTI.pdf", "map_url": "https://www.southern-telecom.com/content/dam/southern-telecom/pdfs/MontgomerySTI.pdf", "pdf_layer": "Overall_Other_2", "pen_color": "#0000FF" }, "geometry": { "type": "LineString", "coordinates": [ [ -86.282859, 32.420079 ], [ -86.2847, 32.420168 ], [ -86.284545, 32.420972 ], [ -86.284294, 32.422202 ], [ -86.284275, 32.422249 ], [ -86.284182, 32.422233 ], [ -86.284199, 32.422375 ], [ -86.28412, 32.422911 ], [ -86.283151, 32.423126 ], [ -86.282238, 32.423279 ], [ -86.281325, 32.423416 ], [ -86.281035, 32.424771 ], [ -86.280978, 32.424976 ], [ -86.280921, 32.425134 ] ] } },
{ "type": "Feature", "properties": { "map_file": "MontgomerySTI.pdf", "map_url": "https://www.southern-telecom.com/content/dam/southern-telecom/pdfs/MontgomerySTI.pdf", "pdf_layer": "Overall_Other_2", "pen_color": "#0000FF" }, "geometry": { "type": "LineString", "coordinates": [ [ -86.280921, 32.425134 ], [ -86.280084, 32.425129 ], [ -86.27919, 32.42514 ], [ -86.278334, 32.42515 ], [ -86.277422, 32.425161 ], [ -86.276548, 32.425172 ], [ -86.276571, 32.424651 ], [ -86.276593, 32.424194 ], [ -86.276074, 32.423922 ], [ -86.275277, 32.423476 ], [ -86.2738, 32.422031 ], [ -86.273007, 32.421254 ], [ -86.272397, 32.420682 ], [ -86.271825, 32.420111 ], [ -86.271234, 32.419523 ], [ -86.270643, 32.418967 ], [ -86.270052, 32.418396 ], [ -86.26948, 32.41784 ], [ -86.268889, 32.417269 ], [ -86.268095, 32.416507 ], [ -86.267726, 32.416157 ], [ -86.267135, 32.41557 ], [ -86.266545, 32.415014 ], [ -86.265954, 32.414443 ], [ -86.265344, 32.413918 ], [ -86.264974, 32.413711 ], [ -86.264751, 32.413678 ], [ -86.264135, 32.41388 ], [ -86.263053, 32.414284 ], [ -86.261934, 32.414624 ], [ -86.260795, 32.415012 ], [ -86.259624, 32.414879 ], [ -86.258565, 32.414778 ] ] } },
{ "type": "Feature", "properties": { "map_file": "MontgomerySTI.pdf", "map_url": "https://www.southern-telecom.com/content/dam/southern-telecom/pdfs/MontgomerySTI.pdf", "pdf_layer": "Overall_Other_2", "pen_color": "#0000FF" }, "geometry": { "type": "LineString", "coordinates": [ [ -86.279456, 32.387157 ], [ -86.27912, 32.387281 ], [ -86.27899, 32.387217 ], [ -86.278844, 32.386869 ], [ -86.278323, 32.386882 ] ] } },
{ "type": "Feature", "properties": { "map_file": "MontgomerySTI.pdf", "map_url": "https://www.southern-telecom.com/content/dam/southern-telecom/pdfs/MontgomerySTI.pdf", "pdf_layer": "Overall_Other_2", "pen_color": "#0000FF" }, "geometry": { "type": "LineString", "coordinates": [ [ -86.30616, 32.380584 ], [ -86.306123, 32.380584 ], [ -86.305937, 32.380614 ], [ -86.305935, 32.380867 ], [ -86.305841, 32.380945 ], [ -86.306305, 32.381121 ], [ -86.306317, 32.381989 ], [ -86.305274, 32.382157 ], [ -86.305367, 32.38705 ], [ -86.305323, 32.38787 ], [ -86.304892, 32.388294 ], [ -86.304807, 32.389619 ], [ -86.304766, 32.390203 ], [ -86.30466, 32.391906 ], [ -86.304547, 32.392064 ], [ -86.30391, 32.39266 ], [ -86.303799, 32.392517 ], [ -86.303559, 32.392342 ], [ -86.302629, 32.39229 ], [ -86.302586, 32.393 ], [ -86.302884, 32.393001 ] ] } },
{ "type": "Feature", "properties": { "map_file": "MontgomerySTI.pdf", "map_url": "https://www.southern-telecom.com/content/dam/southern-telecom/pdfs/MontgomerySTI.pdf", "pdf_layer": "Overall_Other_2", "pen_color": "#0000FF" }, "geometry": { "type": "LineString", "coordinates": [ [ -86.300036, 32.381181 ], [ -86.299812, 32.381322 ] ] } },
{ "type": "Feature", "properties": { "map_file": "Tuscaloosa.pdf", "map_url": "https://www.southern-telecom.com/content/dam/southern-telecom/pdfs/Tuscaloosa.pdf", "pdf_layer": "Other_4", "pen_color": "#0000FF" }, "geometry": { "type": "LineString", "coordinates": [ [ -87.483416, 33.153002 ], [ -87.481299, 33.154764 ], [ -87.479164, 33.153018 ], [ -87.477047, 33.154781 ] ] } },
{ "type": "Feature", "properties": { "map_file": "Tuscaloosa.pdf", "map_url": "https://www.southern-telecom.com/content/dam/southern-telecom/pdfs/Tuscaloosa.pdf", "pdf_layer": "Overall_Other_2", "pen_color": "#0000FF" }, "geometry": { "type": "LineString", "coordinates": [ [ -87.561678, 33.235507 ], [ -87.561118, 33.235847 ], [ -87.560355, 33.235851 ], [ -87.560283, 33.237066 ], [ -87.558034, 33.237008 ], [ -87.553976, 33.236621 ], [ -87.547262, 33.2352 ], [ -87.544086, 33.234472 ], [ -87.538578, 33.233146 ], [ -87.535518, 33.231776 ], [ -87.533131, 33.228749 ], [ -87.532287, 33.228584 ], [ -87.530643, 33.228929 ], [ -87.527513, 33.229246 ], [ -87.524307, 33.230238 ], [ -87.516501, 33.233948 ], [ -87.51358, 33.235782 ], [ -87.506357, 33.24347 ], [ -87.500918, 33.247204 ], [ -87.497754, 33.248667 ], [ -87.495392, 33.249891 ], [ -87.490865, 33.251866 ], [ -87.482046, 33.247413 ], [ -87.478502, 33.245402 ], [ -87.476931, 33.244497 ], [ -87.474602, 33.244472 ], [ -87.471745, 33.243369 ], [ -87.472494, 33.240836 ], [ -87.471583, 33.235745 ], [ -87.472945, 33.235065 ] ] } },
{ "type": "Feature", "properties": { "map_file": "Tuscaloosa.pdf", "map_url": "https://www.southern-telecom.com/content/dam/southern-telecom/pdfs/Tuscaloosa.pdf", "pdf_layer": "Overall_Other_2", "pen_color": "#0000FF" }, "geometry": { "type": "LineString", "coordinates": [ [ -87.472053, 33.233381 ], [ -87.472093, 33.233381 ], [ -87.472093, 33.233415 ], [ -87.472093, 33.233415 ] ] } },
{ "type": "Feature", "properties": { "map_file": "Tuscaloosa.pdf", "map_url": "https://www.southern-telecom.com/content/dam/southern-telecom/pdfs/Tuscaloosa.pdf", "pdf_layer": "Overall_Other_2", "pen_color": "#0000FF" }, "geometry": { "type": "LineString", "coordinates": [ [ -87.574378, 33.200596 ], [ -87.574462, 33.201169 ], [ -87.574544, 33.201338 ], [ -87.574625, 33.201472 ], [ -87.574705, 33.201404 ], [ -87.574704, 33.201371 ], [ -87.574624, 33.201371 ] ] } },
{ "type": "Feature", "properties": { "map_file": "Tuscaloosa.pdf", "map_url": "https://www.southern-telecom.com/content/dam/southern-telecom/pdfs/Tuscaloosa.pdf", "pdf_layer": "Overall_Other_2", "pen_color": "#0000FF" }, "geometry": { "type": "LineString", "coordinates": [ [ -87.472053, 33.233381 ], [ -87.472333, 33.233346 ], [ -87.472895, 33.23331 ] ] } },
{ "type": "Feature", "properties": { "map_file": "Tuscaloosa.pdf", "map_url": "https://www.southern-telecom.com/content/dam/southern-telecom/pdfs/Tuscaloosa.pdf", "pdf_layer": "Overall_Other_2", "pen_color": "#0000FF" }, "geometry": { "type": "LineString", "coordinates": [ [ -87.560592, 33.210038 ], [ -87.560547, 33.209263 ], [ -87.560585, 33.208959 ], [ -87.560583, 33.208588 ] ] } },
{ "type": "Feature", "properties": { "map_file": "Tuscaloosa.pdf", "map_url": "https://www.southern-telecom.com/content/dam/southern-telecom/pdfs/Tuscaloosa.pdf", "pdf_layer": "Overall_Other_2", "pen_color": "#0000FF" }, "geometry": { "type": "LineString", "coordinates": [ [ -87.560583, 33.208588 ], [ -87.560541, 33.208284 ], [ -87.560539, 33.207947 ], [ -87.559656, 33.207917 ], [ -87.559774, 33.207545 ], [ -87.559771, 33.207174 ] ] } },
{ "type": "Feature", "properties": { "map_file": "Tuscaloosa.pdf", "map_url": "https://www.southern-telecom.com/content/dam/southern-telecom/pdfs/Tuscaloosa.pdf", "pdf_layer": "Overall_Other_2", "pen_color": "#0000FF" }, "geometry": { "type": "LineString", "coordinates": [ [ -87.472377, 33.233987 ], [ -87.472337, 33.233987 ], [ -87.472337, 33.233987 ] ] } },
{ "type": "Feature", "properties": { "map_file": "Tuscaloosa.pdf", "map_url": "https://www.southern-telecom.com/content/dam/southern-telecom/pdfs/Tuscaloosa.pdf", "pdf_layer": "Overall_Other_2", "pen_color": "#0000FF" }, "geometry": { "type": "LineString", "coordinates": [ [ -87.472337, 33.233987 ], [ -87.472257, 33.233988 ], [ -87.472133, 33.233448 ], [ -87.472013, 33.233449 ], [ -87.472012, 33.233381 ], [ -87.472053, 33.233381 ] ] } },
{ "type": "Feature", "properties": { "map_file": "Tuscaloosa.pdf", "map_url": "https://www.southern-telecom.com/content/dam/southern-telecom/pdfs/Tuscaloosa.pdf", "pdf_layer": "Overall_Other_2", "pen_color": "#0000FF" }, "geometry": { "type": "LineString", "coordinates": [ [ -87.575307, 33.201469 ], [ -87.574665, 33.201506 ], [ -87.574785, 33.201404 ], [ -87.574744, 33.201303 ], [ -87.574664, 33.201303 ] ] } },
{ "type": "Feature", "properties": { "map_file": "Tuscaloosa.pdf", "map_url": "https://www.southern-telecom.com/content/dam/southern-telecom/pdfs/Tuscaloosa.pdf", "pdf_layer": "Overall_Other_2", "pen_color": "#0000FF" }, "geometry": { "type": "LineString", "coordinates": [ [ -87.566628, 33.21244 ], [ -87.566628, 33.212373 ], [ -87.566828, 33.212305 ], [ -87.566747, 33.212103 ] ] } },
{ "type": "Feature", "properties": { "map_file": "Tuscaloosa.pdf", "map_url": "https://www.southern-telecom.com/content/dam/southern-telecom/pdfs/Tuscaloosa.pdf", "pdf_layer": "Overall_Other_2", "pen_color": "#0000FF" }, "geometry": { "type": "LineString", "coordinates": [ [ -87.566747, 33.212103 ], [ -87.566666, 33.212103 ], [ -87.566627, 33.212272 ], [ -87.563423, 33.213265 ], [ -87.562341, 33.213607 ], [ -87.562179, 33.213338 ], [ -87.562015, 33.2129 ], [ -87.562094, 33.212697 ], [ -87.561728, 33.211889 ], [ -87.560606, 33.212198 ], [ -87.560645, 33.211928 ], [ -87.560599, 33.211084 ], [ -87.560592, 33.210038 ] ] } },
{ "type": "Feature", "properties": { "map_file": "Tuscaloosa.pdf", "map_url": "https://www.southern-telecom.com/content/dam/southern-telecom/pdfs/Tuscaloosa.pdf", "pdf_layer": "Overall_Other_2", "pen_color": "#0000FF" }, "geometry": { "type": "LineString", "coordinates": [ [ -87.559843, 33.231129 ], [ -87.561167, 33.230988 ], [ -87.560877, 33.229471 ], [ -87.560738, 33.226638 ], [ -87.560569, 33.225357 ], [ -87.560561, 33.223973 ], [ -87.560349, 33.222253 ], [ -87.560344, 33.221444 ], [ -87.560379, 33.220634 ], [ -87.560672, 33.216246 ], [ -87.560666, 33.215268 ], [ -87.560662, 33.214627 ], [ -87.56074, 33.214255 ], [ -87.566628, 33.21244 ] ] } },
{ "type": "Feature", "properties": { "map_file": "Tuscaloosa.pdf", "map_url": "https://www.southern-telecom.com/content/dam/southern-telecom/pdfs/Tuscaloosa.pdf", "pdf_layer": "Overall_Other_2", "pen_color": "#0000FF" }, "geometry": { "type": "LineString", "coordinates": [ [ -87.566628, 33.21244 ], [ -87.56695, 33.212507 ], [ -87.568473, 33.212095 ], [ -87.569153, 33.21172 ], [ -87.569632, 33.211415 ], [ -87.569913, 33.211312 ], [ -87.570354, 33.211243 ], [ -87.569616, 33.208884 ], [ -87.570657, 33.208542 ], [ -87.569311, 33.205174 ], [ -87.576042, 33.203321 ], [ -87.575307, 33.201469 ] ] } },
{ "type": "Feature", "properties": { "map_file": "Tuscaloosa.pdf", "map_url": "https://www.southern-telecom.com/content/dam/southern-telecom/pdfs/Tuscaloosa.pdf", "pdf_layer": "Overall_Other_2", "pen_color": "#0000FF" }, "geometry": { "type": "LineString", "coordinates": [ [ -87.472053, 33.233381 ], [ -87.472053, 33.233415 ], [ -87.472093, 33.233415 ] ] } },
{ "type": "Feature", "properties": { "map_file": "Tuscaloosa.pdf", "map_url": "https://www.southern-telecom.com/content/dam/southern-telecom/pdfs/Tuscaloosa.pdf", "pdf_layer": "Overall_Other_2", "pen_color": "#0000FF" }, "geometry": { "type": "LineString", "coordinates": [ [ -87.472377, 33.233987 ], [ -87.472377, 33.233954 ], [ -87.472337, 33.233954 ], [ -87.472337, 33.233987 ] ] } },
{ "type": "Feature", "properties": { "map_file": "Tuscaloosa.pdf", "map_url": "https://www.southern-telecom.com/content/dam/southern-telecom/pdfs/Tuscaloosa.pdf", "pdf_layer": "Overall_Other_2", "pen_color": "#0000FF" }, "geometry": { "type": "LineString", "coordinates": [ [ -87.472337, 33.233987 ], [ -87.472503, 33.235066 ], [ -87.471982, 33.235136 ], [ -87.471942, 33.23517 ] ] } },
{ "type": "Feature", "properties": { "map_file": "JacksonvilleSTI.pdf", "map_url": "https://www.southern-telecom.com/content/dam/southern-telecom/pdfs/JacksonvilleSTI.pdf", "pdf_layer": "Jacksonville_STI_Fiber", "pen_color": "#FF0000" }, "geometry": { "type": "LineString", "coordinates": [ [ -81.662823, 30.342417 ], [ -81.662823, 30.342417 ] ] } },
{ "type": "Feature", "properties": { "map_file": "JacksonvilleSTI.pdf", "map_url": "https://www.southern-telecom.com/content/dam/southern-telecom/pdfs/JacksonvilleSTI.pdf", "pdf_layer": "Jacksonville_STI_Fiber", "pen_color": "#FF0000" }, "geometry": { "type": "LineString", "coordinates": [ [ -81.662766, 30.343077 ], [ -81.662766, 30.343018 ], [ -81.662766, 30.342949 ], [ -81.662755, 30.342821 ], [ -81.662743, 30.342791 ] ] } },
{ "type": "Feature", "properties": { "map_file": "JacksonvilleSTI.pdf", "map_url": "https://www.southern-telecom.com/content/dam/southern-telecom/pdfs/JacksonvilleSTI.pdf", "pdf_layer": "Jacksonville_STI_Fiber", "pen_color": "#FF0000" }, "geometry": { "type": "LineString", "coordinates": [ [ -81.66401, 30.343934 ], [ -81.663542, 30.343776 ], [ -81.663462, 30.343756 ], [ -81.662857, 30.343549 ], [ -81.662755, 30.34352 ], [ -81.662709, 30.34351 ], [ -81.662709, 30.343471 ], [ -81.662743, 30.343303 ], [ -81.662755, 30.343185 ] ] } },
{ "type": "Feature", "properties": { "map_file": "JacksonvilleSTI.pdf", "map_url": "https://www.southern-telecom.com/content/dam/southern-telecom/pdfs/JacksonvilleSTI.pdf", "pdf_layer": "Jacksonville_STI_Fiber", "pen_color": "#FF0000" }, "geometry": { "type": "LineString", "coordinates": [ [ -81.662823, 30.342417 ], [ -81.662823, 30.342427 ], [ -81.662812, 30.342466 ], [ -81.6628, 30.342505 ], [ -81.662777, 30.342555 ], [ -81.662766, 30.342584 ], [ -81.662766, 30.342594 ], [ -81.662755, 30.342604 ], [ -81.662755, 30.342624 ], [ -81.662755, 30.342663 ], [ -81.662755, 30.342702 ], [ -81.662755, 30.342742 ], [ -81.662755, 30.342781 ], [ -81.662755, 30.342811 ], [ -81.662755, 30.34283 ], [ -81.662766, 30.342909 ], [ -81.662766, 30.342998 ], [ -81.662766, 30.343027 ], [ -81.662766, 30.343067 ] ] } },
{ "type": "Feature", "properties": { "map_file": "JacksonvilleSTI.pdf", "map_url": "https://www.southern-telecom.com/content/dam/southern-telecom/pdfs/JacksonvilleSTI.pdf", "pdf_layer": "Jacksonville_STI_Fiber", "pen_color": "#FF0000" }, "geometry": { "type": "LineString", "coordinates": [ [ -81.662766, 30.343067 ], [ -81.66272, 30.343057 ], [ -81.662675, 30.343037 ], [ -81.662572, 30.343008 ], [ -81.662458, 30.342968 ], [ -81.662389, 30.342949 ], [ -81.662332, 30.342929 ], [ -81.662321, 30.342929 ], [ -81.662287, 30.342919 ], [ -81.662207, 30.342899 ], [ -81.662195, 30.342899 ], [ -81.662138, 30.342889 ], [ -81.662024, 30.34286 ], [ -81.661933, 30.34284 ], [ -81.66183, 30.34283 ], [ -81.661773, 30.342811 ], [ -81.661659, 30.342791 ], [ -81.661545, 30.342771 ], [ -81.661454, 30.342752 ], [ -81.661351, 30.342732 ], [ -81.661317, 30.342732 ], [ -81.661305, 30.342732 ], [ -81.661203, 30.342712 ], [ -81.661066, 30.342683 ], [ -81.660974, 30.342673 ], [ -81.660963, 30.342663 ], [ -81.660974, 30.342653 ], [ -81.660997, 30.342574 ] ] } },
{ "type": "Feature", "properties": { "map_file": "JacksonvilleSTI.pdf", "map_url": "https://www.southern-telecom.com/content/dam/southern-telecom/pdfs/JacksonvilleSTI.pdf", "pdf_layer": "Jacksonville_STI_Fiber", "pen_color": "#FF0000" }, "geometry": { "type": "LineString", "coordinates": [ [ -81.660997, 30.342574 ], [ -81.661032, 30.342496 ] ] } },
{ "type": "Feature", "properties": { "map_file": "JacksonvilleSTI.pdf", "map_url": "https://www.southern-telecom.com/content/dam/southern-telecom/pdfs/JacksonvilleSTI.pdf", "pdf_layer": "Jacksonville_STI_Fiber", "pen_color": "#FF0000" }, "geometry": { "type": "LineString", "coordinates": [ [ -81.661077, 30.342446 ], [ -81.661089, 30.342446 ], [ -81.661317, 30.342496 ], [ -81.661283, 30.342604 ], [ -81.661283, 30.342614 ], [ -81.661271, 30.342614 ] ] } },
{ "type": "Feature", "properties": { "map_file": "JacksonvilleSTI.pdf", "map_url": "https://www.southern-telecom.com/content/dam/southern-telecom/pdfs/JacksonvilleSTI.pdf", "pdf_layer": "Jacksonville_STI_Fiber", "pen_color": "#FF0000" }, "geometry": { "type": "LineString", "coordinates": [ [ -81.661248, 30.342574 ], [ -81.661283, 30.342584 ], [ -81.661283, 30.342555 ], [ -81.661294, 30.342555 ], [ -81.66118, 30.342535 ], [ -81.661283, 30.342239 ], [ -81.661534, 30.342239 ], [ -81.661545, 30.342259 ], [ -81.661534, 30.342318 ], [ -81.661534, 30.342318 ] ] } },
{ "type": "Feature", "properties": { "map_file": "JacksonvilleSTI.pdf", "map_url": "https://www.southern-telecom.com/content/dam/southern-telecom/pdfs/JacksonvilleSTI.pdf", "pdf_layer": "Jacksonville_STI_Fiber", "pen_color": "#FF0000" }, "geometry": { "type": "LineString", "coordinates": [ [ -81.662743, 30.342791 ], [ -81.662755, 30.342683 ], [ -81.662755, 30.342614 ], [ -81.662755, 30.342604 ], [ -81.662755, 30.342594 ], [ -81.662823, 30.342417 ] ] } },
{ "type": "Feature", "properties": { "map_file": "JacksonvilleSTI.pdf", "map_url": "https://www.southern-telecom.com/content/dam/southern-telecom/pdfs/JacksonvilleSTI.pdf", "pdf_layer": "Jacksonville_STI_Fiber", "pen_color": "#FF0000" }, "geometry": { "type": "LineString", "coordinates": [ [ -81.661556, 30.342318 ], [ -81.661556, 30.342308 ], [ -81.661397, 30.342279 ], [ -81.661408, 30.342259 ] ] } },
{ "type": "Feature", "properties": { "map_file": "JacksonvilleSTI.pdf", "map_url": "https://www.southern-telecom.com/content/dam/southern-telecom/pdfs/JacksonvilleSTI.pdf", "pdf_layer": "Jacksonville_STI_Fiber", "pen_color": "#FF0000" }, "geometry": { "type": "LineString", "coordinates": [ [ -81.661408, 30.342259 ], [ -81.661408, 30.342249 ], [ -81.661556, 30.342249 ], [ -81.661591, 30.342249 ], [ -81.661682, 30.342259 ], [ -81.662116, 30.342348 ], [ -81.662161, 30.34221 ], [ -81.662173, 30.34217 ], [ -81.662207, 30.342121 ], [ -81.662241, 30.342082 ], [ -81.662253, 30.342082 ], [ -81.662253, 30.342072 ] ] } },
{ "type": "Feature", "properties": { "map_file": "JacksonvilleSTI.pdf", "map_url": "https://www.southern-telecom.com/content/dam/southern-telecom/pdfs/JacksonvilleSTI.pdf", "pdf_layer": "Jacksonville_STI_Fiber", "pen_color": "#FF0000" }, "geometry": { "type": "LineString", "coordinates": [ [ -81.662253, 30.342072 ], [ -81.662218, 30.342072 ], [ -81.662218, 30.342082 ], [ -81.662207, 30.342072 ], [ -81.662173, 30.342072 ], [ -81.661933, 30.342052 ], [ -81.66191, 30.342052 ], [ -81.661887, 30.342042 ], [ -81.661842, 30.342033 ], [ -81.661819, 30.342023 ], [ -81.661796, 30.341993 ], [ -81.661785, 30.341983 ], [ -81.661728, 30.341905 ] ] } },
{ "type": "Feature", "properties": { "map_file": "JacksonvilleSTI.pdf", "map_url": "https://www.southern-telecom.com/content/dam/southern-telecom/pdfs/JacksonvilleSTI.pdf", "pdf_layer": "Jacksonville_STI_Fiber", "pen_color": "#FF0000" }, "geometry": { "type": "LineString", "coordinates": [ [ -81.661728, 30.341905 ], [ -81.661728, 30.341905 ] ] } },
{ "type": "Feature", "properties": { "map_file": "JacksonvilleSTI.pdf", "map_url": "https://www.southern-telecom.com/content/dam/southern-telecom/pdfs/JacksonvilleSTI.pdf", "pdf_layer": "Jacksonville_STI_Fiber", "pen_color": "#FF0000" }, "geometry": { "type": "LineString", "coordinates": [ [ -81.661728, 30.341905 ], [ -81.661054, 30.341038 ] ] } },
{ "type": "Feature", "properties": { "map_file": "JacksonvilleSTI.pdf", "map_url": "https://www.southern-telecom.com/content/dam/southern-telecom/pdfs/JacksonvilleSTI.pdf", "pdf_layer": "Jacksonville_STI_Fiber", "pen_color": "#FF0000" }, "geometry": { "type": "LineString", "coordinates": [ [ -81.661054, 30.341038 ], [ -81.661054, 30.341038 ] ] } },
{ "type": "Feature", "properties": { "map_file": "JacksonvilleSTI.pdf", "map_url": "https://www.southern-telecom.com/content/dam/southern-telecom/pdfs/JacksonvilleSTI.pdf", "pdf_layer": "Jacksonville_STI_Fiber", "pen_color": "#FF0000" }, "geometry": { "type": "LineString", "coordinates": [ [ -81.661054, 30.341038 ], [ -81.661054, 30.341038 ] ] } },
{ "type": "Feature", "properties": { "map_file": "JacksonvilleSTI.pdf", "map_url": "https://www.southern-telecom.com/content/dam/southern-telecom/pdfs/JacksonvilleSTI.pdf", "pdf_layer": "Jacksonville_STI_Fiber", "pen_color": "#FF0000" }, "geometry": { "type": "LineString", "coordinates": [ [ -81.661054, 30.341038 ], [ -81.661054, 30.341038 ] ] } },
{ "type": "Feature", "properties": { "map_file": "JacksonvilleSTI.pdf", "map_url": "https://www.southern-telecom.com/content/dam/southern-telecom/pdfs/JacksonvilleSTI.pdf", "pdf_layer": "Jacksonville_STI_Fiber", "pen_color": "#FF0000" }, "geometry": { "type": "LineString", "coordinates": [ [ -81.661054, 30.341038 ], [ -81.660997, 30.340979 ], [ -81.660963, 30.340939 ], [ -81.660895, 30.34089 ], [ -81.66086, 30.340861 ] ] } },
{ "type": "Feature", "properties": { "map_file": "JacksonvilleSTI.pdf", "map_url": "https://www.southern-telecom.com/content/dam/southern-telecom/pdfs/JacksonvilleSTI.pdf", "pdf_layer": "Jacksonville_STI_Fiber", "pen_color": "#FF0000" }, "geometry": { "type": "LineString", "coordinates": [ [ -81.66086, 30.340861 ], [ -81.660427, 30.340624 ], [ -81.660256, 30.340535 ], [ -81.660062, 30.340417 ] ] } },
{ "type": "Feature", "properties": { "map_file": "JacksonvilleSTI.pdf", "map_url": "https://www.southern-telecom.com/content/dam/southern-telecom/pdfs/JacksonvilleSTI.pdf", "pdf_layer": "Jacksonville_STI_Fiber", "pen_color": "#FF0000" }, "geometry": { "type": "LineString", "coordinates": [ [ -81.660062, 30.340417 ], [ -81.660016, 30.340388 ], [ -81.65997, 30.340358 ], [ -81.659902, 30.34025 ], [ -81.659868, 30.34021 ] ] } },
{ "type": "Feature", "properties": { "map_file": "JacksonvilleSTI.pdf", "map_url": "https://www.southern-telecom.com/content/dam/southern-telecom/pdfs/JacksonvilleSTI.pdf", "pdf_layer": "Jacksonville_STI_Fiber", "pen_color": "#FF0000" }, "geometry": { "type": "LineString", "coordinates": [ [ -81.659868, 30.34021 ], [ -81.659502, 30.339777 ], [ -81.659023, 30.339206 ] ] } },
{ "type": "Feature", "properties": { "map_file": "JacksonvilleSTI.pdf", "map_url": "https://www.southern-telecom.com/content/dam/southern-telecom/pdfs/JacksonvilleSTI.pdf", "pdf_layer": "Jacksonville_STI_Fiber", "pen_color": "#FF0000" }, "geometry": { "type": "LineString", "coordinates": [ [ -81.659023, 30.339206 ], [ -81.658521, 30.338595 ], [ -81.657996, 30.337935 ] ] } },
{ "type": "Feature", "properties": { "map_file": "JacksonvilleSTI.pdf", "map_url": "https://www.southern-telecom.com/content/dam/southern-telecom/pdfs/JacksonvilleSTI.pdf", "pdf_layer": "Jacksonville_STI_Fiber", "pen_color": "#FF0000" }, "geometry": { "type": "LineString", "coordinates": [ [ -81.657996, 30.337935 ], [ -81.657597, 30.337443 ], [ -81.657026, 30.336753 ] ] } },
{ "type": "Feature", "properties": { "map_file": "JacksonvilleSTI.pdf", "map_url": "https://www.southern-telecom.com/content/dam/southern-telecom/pdfs/JacksonvilleSTI.pdf", "pdf_layer": "Jacksonville_STI_Fiber", "pen_color": "#FF0000" }, "geometry": { "type": "LineString", "coordinates": [ [ -81.657026, 30.336753 ], [ -81.656832, 30.336507 ], [ -81.656604, 30.336231 ] ] } },
{ "type": "Feature", "properties": { "map_file": "JacksonvilleSTI.pdf", "map_url": "https://www.southern-telecom.com/content/dam/southern-telecom/pdfs/JacksonvilleSTI.pdf", "pdf_layer": "Jacksonville_STI_Fiber", "pen_color": "#FF0000" }, "geometry": { "type": "LineString", "coordinates": [ [ -81.656604, 30.336231 ], [ -81.656342, 30.335906 ], [ -81.656045, 30.335561 ] ] } },
{ "type": "Feature", "properties": { "map_file": "JacksonvilleSTI.pdf", "map_url": "https://www.southern-telecom.com/content/dam/southern-telecom/pdfs/JacksonvilleSTI.pdf", "pdf_layer": "Jacksonville_STI_Fiber", "pen_color": "#FF0000" }, "geometry": { "type": "LineString", "coordinates": [ [ -81.656045, 30.335561 ], [ -81.655577, 30.33498 ] ] } },
{ "type": "Feature", "properties": { "map_file": "JacksonvilleSTI.pdf", "map_url": "https://www.southern-telecom.com/content/dam/southern-telecom/pdfs/JacksonvilleSTI.pdf", "pdf_layer": "Jacksonville_STI_Fiber", "pen_color": "#FF0000" }, "geometry": { "type": "LineString", "coordinates": [ [ -81.661032, 30.342496 ], [ -81.661043, 30.342456 ], [ -81.661066, 30.342446 ], [ -81.661077, 30.342446 ] ] } },
{ "type": "Feature", "properties": { "map_file": "JacksonvilleSTI.pdf", "map_url": "https://www.southern-telecom.com/content/dam/southern-telecom/pdfs/JacksonvilleSTI.pdf", "pdf_layer": "Jacksonville_STI_Fiber", "pen_color": "#FF0000" }, "geometry": { "type": "LineString", "coordinates": [ [ -81.660997, 30.342574 ], [ -81.66102, 30.342574 ] ] } },
{ "type": "Feature", "properties": { "map_file": "JacksonvilleSTI.pdf", "map_url": "https://www.southern-telecom.com/content/dam/southern-telecom/pdfs/JacksonvilleSTI.pdf", "pdf_layer": "Jacksonville_STI_Fiber", "pen_color": "#FF0000" }, "geometry": { "type": "LineString", "coordinates": [ [ -81.661032, 30.342496 ], [ -81.661054, 30.342505 ] ] } },
{ "type": "Feature", "properties": { "map_file": "JacksonvilleSTI.pdf", "map_url": "https://www.southern-telecom.com/content/dam/southern-telecom/pdfs/JacksonvilleSTI.pdf", "pdf_layer": "Jacksonville_STI_Fiber", "pen_color": "#FF0000" }, "geometry": { "type": "LineString", "coordinates": [ [ -81.661271, 30.342614 ], [ -81.661271, 30.342604 ], [ -81.661271, 30.342594 ], [ -81.66126, 30.342584 ] ] } },
{ "type": "Feature", "properties": { "map_file": "JacksonvilleSTI.pdf", "map_url": "https://www.southern-telecom.com/content/dam/southern-telecom/pdfs/JacksonvilleSTI.pdf", "pdf_layer": "Jacksonville_STI_Fiber", "pen_color": "#FF0000" }, "geometry": { "type": "LineString", "coordinates": [ [ -81.662823, 30.342417 ], [ -81.662823, 30.342397 ], [ -81.66264, 30.342358 ], [ -81.662526, 30.342338 ], [ -81.662195, 30.342269 ], [ -81.662116, 30.342249 ], [ -81.662127, 30.34222 ], [ -81.66207, 30.3422 ], [ -81.661933, 30.34217 ], [ -81.661785, 30.342141 ], [ -81.661728, 30.342131 ], [ -81.661739, 30.342092 ], [ -81.661728, 30.341974 ], [ -81.661705, 30.341944 ], [ -81.661671, 30.341924 ], [ -81.661648, 30.341905 ], [ -81.661613, 30.341855 ], [ -81.661591, 30.341826 ], [ -81.661568, 30.341816 ], [ -81.661522, 30.341747 ], [ -81.661454, 30.341658 ], [ -81.661385, 30.34157 ], [ -81.661271, 30.341412 ], [ -81.661226, 30.341353 ], [ -81.661203, 30.341323 ], [ -81.661203, 30.341284 ], [ -81.661134, 30.341304 ], [ -81.661089, 30.341304 ], [ -81.660997, 30.341304 ], [ -81.660997, 30.341195 ], [ -81.661009, 30.341117 ], [ -81.660986, 30.341097 ], [ -81.660974, 30.341087 ], [ -81.66078, 30.341087 ], [ -81.660256, 30.341087 ], [ -81.660244, 30.341087 ], [ -81.660233, 30.341077 ], [ -81.660233, 30.34091 ], [ -81.660221, 30.340772 ], [ -81.660221, 30.340673 ], [ -81.660221, 30.340664 ], [ -81.660221, 30.340644 ], [ -81.660199, 30.340624 ], [ -81.660176, 30.340614 ], [ -81.660119, 30.340595 ], [ -81.660005, 30.340545 ], [ -81.65989, 30.340496 ], [ -81.659731, 30.340427 ], [ -81.659605, 30.340358 ], [ -81.659582, 30.340348 ], [ -81.65956, 30.340329 ], [ -81.65948, 30.340279 ], [ -81.659445, 30.34024 ], [ -81.659388, 30.340201 ], [ -81.6594, 30.340181 ], [ -81.659388, 30.340171 ], [ -81.659366, 30.340151 ], [ -81.659343, 30.340112 ], [ -81.659308, 30.340053 ], [ -81.659263, 30.339984 ], [ -81.659229, 30.339925 ], [ -81.659172, 30.339846 ], [ -81.65908, 30.339718 ], [ -81.659012, 30.33961 ], [ -81.658966, 30.339551 ], [ -81.658909, 30.339452 ], [ -81.658852, 30.339363 ], [ -81.658806, 30.339275 ], [ -81.658761, 30.339216 ], [ -81.658669, 30.339058 ], [ -81.658601, 30.33894 ], [ -81.658567, 30.33891 ], [ -81.658544, 30.338861 ], [ -81.658498, 30.338822 ], [ -81.658453, 30.338763 ], [ -81.658396, 30.338703 ], [ -81.658339, 30.338654 ], [ -81.65827, 30.338585 ], [ -81.658179, 30.338497 ], [ -81.658099, 30.338428 ], [ -81.658065, 30.338388 ], [ -81.658019, 30.338339 ], [ -81.657973, 30.33828 ], [ -81.657905, 30.338211 ], [ -81.657825, 30.338112 ], [ -81.657779, 30.338044 ], [ -81.657734, 30.337984 ], [ -81.657631, 30.337866 ], [ -81.657585, 30.337807 ], [ -81.657506, 30.337718 ], [ -81.657346, 30.337531 ], [ -81.657289, 30.337443 ], [ -81.65722, 30.337374 ], [ -81.657026, 30.337127 ], [ -81.656958, 30.337049 ], [ -81.656775, 30.336822 ], [ -81.656741, 30.336773 ], [ -81.656741, 30.336763 ], [ -81.656764, 30.336753 ] ] } },
{ "type": "Feature", "properties": { "map_file": "JacksonvilleSTI.pdf", "map_url": "https://www.southern-telecom.com/content/dam/southern-telecom/pdfs/JacksonvilleSTI.pdf", "pdf_layer": "Jacksonville_STI_Fiber", "pen_color": "#FF0000" }, "geometry": { "type": "LineString", "coordinates": [ [ -81.661271, 30.342614 ], [ -81.661271, 30.342604 ], [ -81.661271, 30.342594 ], [ -81.661283, 30.342584 ], [ -81.661248, 30.342584 ] ] } },
{ "type": "Feature", "properties": { "map_file": "JacksonvilleSTI.pdf", "map_url": "https://www.southern-telecom.com/content/dam/southern-telecom/pdfs/JacksonvilleSTI.pdf", "pdf_layer": "Jacksonville_STI_Fiber", "pen_color": "#FF0000" }, "geometry": { "type": "LineString", "coordinates": [ [ -81.662755, 30.343185 ], [ -81.662766, 30.343077 ] ] } },
{ "type": "Feature", "properties": { "map_file": "JacksonvilleSTI.pdf", "map_url": "https://www.southern-telecom.com/content/dam/southern-telecom/pdfs/JacksonvilleSTI.pdf", "pdf_layer": "Other_3", "pen_color": "#FF0000" }, "geometry": { "type": "LineString", "coordinates": [ [ -81.677349, 30.316303 ], [ -81.676859, 30.316726 ], [ -81.676379, 30.316303 ], [ -81.675889, 30.316726 ] ] } },
{ "type": "Feature", "properties": { "map_file": "JacksonvilleSTI.pdf", "map_url": "https://www.southern-telecom.com/content/dam/southern-telecom/pdfs/JacksonvilleSTI.pdf", "pdf_layer": "New_Data_Frame_Cable_selection", "pen_color": "#FF0000" }, "geometry": { "type": "LineString", "coordinates": [ [ -81.676459, 30.329809 ], [ -81.676459, 30.329809 ] ] } },
{ "type": "Feature", "properties": { "map_file": "JacksonvilleSTI.pdf", "map_url": "https://www.southern-telecom.com/content/dam/southern-telecom/pdfs/JacksonvilleSTI.pdf", "pdf_layer": "New_Data_Frame_Cable_selection", "pen_color": "#FF0000" }, "geometry": { "type": "LineString", "coordinates": [ [ -81.675946, 30.336507 ], [ -81.675946, 30.335985 ], [ -81.675889, 30.335236 ], [ -81.675797, 30.333956 ], [ -81.675786, 30.333621 ] ] } },
{ "type": "Feature", "properties": { "map_file": "JacksonvilleSTI.pdf", "map_url": "https://www.southern-telecom.com/content/dam/southern-telecom/pdfs/JacksonvilleSTI.pdf", "pdf_layer": "New_Data_Frame_Cable_selection", "pen_color": "#FF0000" }, "geometry": { "type": "LineString", "coordinates": [ [ -81.679141, 30.342289 ], [ -81.676699, 30.341323 ], [ -81.675843, 30.341028 ], [ -81.675421, 30.3409 ], [ -81.675489, 30.340526 ], [ -81.675695, 30.338822 ], [ -81.675843, 30.33763 ] ] } },
{ "type": "Feature", "properties": { "map_file": "JacksonvilleSTI.pdf", "map_url": "https://www.southern-telecom.com/content/dam/southern-telecom/pdfs/JacksonvilleSTI.pdf", "pdf_layer": "New_Data_Frame_Cable_selection", "pen_color": "#FF0000" }, "geometry": { "type": "LineString", "coordinates": [ [ -81.676459, 30.329809 ], [ -81.676425, 30.329966 ], [ -81.676322, 30.330301 ], [ -81.676185, 30.330725 ], [ -81.676014, 30.331267 ], [ -81.675923, 30.331542 ], [ -81.675889, 30.331651 ], [ -81.675866, 30.331789 ], [ -81.675866, 30.331927 ], [ -81.675843, 30.332321 ], [ -81.675843, 30.332734 ], [ -81.675832, 30.333178 ], [ -81.67582, 30.333552 ], [ -81.675809, 30.333828 ], [ -81.675832, 30.334035 ], [ -81.675889, 30.334813 ], [ -81.675957, 30.335778 ], [ -81.675969, 30.336064 ], [ -81.675969, 30.336507 ] ] } },
{ "type": "Feature", "properties": { "map_file": "JacksonvilleSTI.pdf", "map_url": "https://www.southern-telecom.com/content/dam/southern-telecom/pdfs/JacksonvilleSTI.pdf", "pdf_layer": "New_Data_Frame_Cable_selection", "pen_color": "#FF0000" }, "geometry": { "type": "LineString", "coordinates": [ [ -81.675969, 30.336507 ], [ -81.675957, 30.336487 ], [ -81.675512, 30.33631 ], [ -81.675101, 30.336162 ], [ -81.674246, 30.335837 ], [ -81.673253, 30.335473 ], [ -81.672602, 30.335236 ], [ -81.672157, 30.335059 ], [ -81.671998, 30.33501 ], [ -81.671712, 30.334921 ], [ -81.671016, 30.334754 ], [ -81.670982, 30.334763 ], [ -81.670446, 30.334635 ], [ -81.66943, 30.334389 ], [ -81.668597, 30.334202 ], [ -81.667775, 30.334015 ], [ -81.667239, 30.333897 ], [ -81.666246, 30.33368 ], [ -81.665242, 30.333463 ], [ -81.664455, 30.333286 ], [ -81.663576, 30.333099 ], [ -81.663222, 30.33302 ], [ -81.663188, 30.33303 ], [ -81.662275, 30.332833 ], [ -81.661066, 30.332577 ], [ -81.660199, 30.332409 ], [ -81.660176, 30.332399 ], [ -81.660153, 30.33239 ], [ -81.660164, 30.33237 ], [ -81.660256, 30.332281 ], [ -81.660484, 30.331434 ] ] } },
{ "type": "Feature", "properties": { "map_file": "JacksonvilleSTI.pdf", "map_url": "https://www.southern-telecom.com/content/dam/southern-telecom/pdfs/JacksonvilleSTI.pdf", "pdf_layer": "New_Data_Frame_Cable_selection", "pen_color": "#FF0000" }, "geometry": { "type": "LineString", "coordinates": [ [ -81.660484, 30.331434 ], [ -81.660712, 30.330666 ] ] } },
{ "type": "Feature", "properties": { "map_file": "JacksonvilleSTI.pdf", "map_url": "https://www.southern-telecom.com/content/dam/southern-telecom/pdfs/JacksonvilleSTI.pdf", "pdf_layer": "New_Data_Frame_Cable_selection", "pen_color": "#FF0000" }, "geometry": { "type": "LineString", "coordinates": [ [ -81.661168, 30.330163 ], [ -81.661203, 30.330173 ], [ -81.663245, 30.330636 ], [ -81.662937, 30.33171 ], [ -81.662892, 30.331818 ], [ -81.662857, 30.331808 ] ] } },
{ "type": "Feature", "properties": { "map_file": "JacksonvilleSTI.pdf", "map_url": "https://www.southern-telecom.com/content/dam/southern-telecom/pdfs/JacksonvilleSTI.pdf", "pdf_layer": "New_Data_Frame_Cable_selection", "pen_color": "#FF0000" }, "geometry": { "type": "LineString", "coordinates": [ [ -81.662663, 30.331454 ], [ -81.662914, 30.331503 ], [ -81.662983, 30.331276 ], [ -81.663028, 30.331247 ], [ -81.662001, 30.33103 ], [ -81.662903, 30.328016 ], [ -81.665117, 30.328036 ], [ -81.665276, 30.328203 ], [ -81.665094, 30.328843 ], [ -81.665174, 30.328863 ] ] } },
{ "type": "Feature", "properties": { "map_file": "JacksonvilleSTI.pdf", "map_url": "https://www.southern-telecom.com/content/dam/southern-telecom/pdfs/JacksonvilleSTI.pdf", "pdf_layer": "New_Data_Frame_Cable_selection", "pen_color": "#FF0000" }, "geometry": { "type": "LineString", "coordinates": [ [ -81.675786, 30.333621 ], [ -81.67582, 30.332518 ], [ -81.675843, 30.331887 ], [ -81.675854, 30.331749 ], [ -81.675889, 30.331611 ], [ -81.676459, 30.329809 ] ] } },
{ "type": "Feature", "properties": { "map_file": "JacksonvilleSTI.pdf", "map_url": "https://www.southern-telecom.com/content/dam/southern-telecom/pdfs/JacksonvilleSTI.pdf", "pdf_layer": "New_Data_Frame_Cable_selection", "pen_color": "#FF0000" }, "geometry": { "type": "LineString", "coordinates": [ [ -81.665322, 30.328893 ], [ -81.665345, 30.328804 ], [ -81.663941, 30.328479 ], [ -81.66401, 30.328272 ] ] } },
{ "type": "Feature", "properties": { "map_file": "JacksonvilleSTI.pdf", "map_url": "https://www.southern-telecom.com/content/dam/southern-telecom/pdfs/JacksonvilleSTI.pdf", "pdf_layer": "New_Data_Frame_Cable_selection", "pen_color": "#FF0000" }, "geometry": { "type": "LineString", "coordinates": [ [ -81.66401, 30.328272 ], [ -81.664033, 30.328154 ], [ -81.665299, 30.328154 ], [ -81.66563, 30.328193 ], [ -81.666452, 30.328282 ], [ -81.670195, 30.329109 ], [ -81.670674, 30.327711 ], [ -81.670777, 30.327366 ], [ -81.67105, 30.326873 ], [ -81.671381, 30.32644 ], [ -81.671461, 30.32642 ], [ -81.671473, 30.326381 ] ] } },
{ "type": "Feature", "properties": { "map_file": "JacksonvilleSTI.pdf", "map_url": "https://www.southern-telecom.com/content/dam/southern-telecom/pdfs/JacksonvilleSTI.pdf", "pdf_layer": "New_Data_Frame_Cable_selection", "pen_color": "#FF0000" }, "geometry": { "type": "LineString", "coordinates": [ [ -81.671473, 30.326381 ], [ -81.671187, 30.326331 ], [ -81.671176, 30.32641 ], [ -81.671062, 30.326391 ], [ -81.670731, 30.326361 ], [ -81.668597, 30.326125 ], [ -81.668494, 30.326154 ], [ -81.668255, 30.326105 ], [ -81.66789, 30.325977 ], [ -81.667639, 30.325819 ], [ -81.66741, 30.325553 ], [ -81.667353, 30.325484 ], [ -81.666828, 30.324686 ] ] } },
{ "type": "Feature", "properties": { "map_file": "JacksonvilleSTI.pdf", "map_url": "https://www.southern-telecom.com/content/dam/southern-telecom/pdfs/JacksonvilleSTI.pdf", "pdf_layer": "New_Data_Frame_Cable_selection", "pen_color": "#FF0000" }, "geometry": { "type": "LineString", "coordinates": [ [ -81.666828, 30.324686 ], [ -81.666806, 30.324667 ] ] } },
{ "type": "Feature", "properties": { "map_file": "JacksonvilleSTI.pdf", "map_url": "https://www.southern-telecom.com/content/dam/southern-telecom/pdfs/JacksonvilleSTI.pdf", "pdf_layer": "New_Data_Frame_Cable_selection", "pen_color": "#FF0000" }, "geometry": { "type": "LineString", "coordinates": [ [ -81.666806, 30.324667 ], [ -81.660929, 30.31584 ] ] } },
{ "type": "Feature", "properties": { "map_file": "JacksonvilleSTI.pdf", "map_url": "https://www.southern-telecom.com/content/dam/southern-telecom/pdfs/JacksonvilleSTI.pdf", "pdf_layer": "New_Data_Frame_Cable_selection", "pen_color": "#FF0000" }, "geometry": { "type": "LineString", "coordinates": [ [ -81.660929, 30.31584 ], [ -81.660929, 30.31583 ] ] } },
{ "type": "Feature", "properties": { "map_file": "JacksonvilleSTI.pdf", "map_url": "https://www.southern-telecom.com/content/dam/southern-telecom/pdfs/JacksonvilleSTI.pdf", "pdf_layer": "New_Data_Frame_Cable_selection", "pen_color": "#FF0000" }, "geometry": { "type": "LineString", "coordinates": [ [ -81.660929, 30.31583 ], [ -81.660917, 30.31582 ] ] } },
{ "type": "Feature", "properties": { "map_file": "JacksonvilleSTI.pdf", "map_url": "https://www.southern-telecom.com/content/dam/southern-telecom/pdfs/JacksonvilleSTI.pdf", "pdf_layer": "New_Data_Frame_Cable_selection", "pen_color": "#FF0000" }, "geometry": { "type": "LineString", "coordinates": [ [ -81.660917, 30.31582 ], [ -81.660917, 30.31581 ] ] } },
{ "type": "Feature", "properties": { "map_file": "JacksonvilleSTI.pdf", "map_url": "https://www.southern-telecom.com/content/dam/southern-telecom/pdfs/JacksonvilleSTI.pdf", "pdf_layer": "New_Data_Frame_Cable_selection", "pen_color": "#FF0000" }, "geometry": { "type": "LineString", "coordinates": [ [ -81.660917, 30.31581 ], [ -81.660495, 30.315258 ], [ -81.660096, 30.314844 ], [ -81.659651, 30.314421 ] ] } },
{ "type": "Feature", "properties": { "map_file": "JacksonvilleSTI.pdf", "map_url": "https://www.southern-telecom.com/content/dam/southern-telecom/pdfs/JacksonvilleSTI.pdf", "pdf_layer": "New_Data_Frame_Cable_selection", "pen_color": "#FF0000" }, "geometry": { "type": "LineString", "coordinates": [ [ -81.660712, 30.330666 ], [ -81.660826, 30.330301 ], [ -81.661066, 30.330144 ], [ -81.661168, 30.330163 ] ] } },
{ "type": "Feature", "properties": { "map_file": "JacksonvilleSTI.pdf", "map_url": "https://www.southern-telecom.com/content/dam/southern-telecom/pdfs/JacksonvilleSTI.pdf", "pdf_layer": "New_Data_Frame_Cable_selection", "pen_color": "#FF0000" }, "geometry": { "type": "LineString", "coordinates": [ [ -81.660484, 30.331434 ], [ -81.660689, 30.331483 ] ] } },
{ "type": "Feature", "properties": { "map_file": "JacksonvilleSTI.pdf", "map_url": "https://www.southern-telecom.com/content/dam/southern-telecom/pdfs/JacksonvilleSTI.pdf", "pdf_layer": "New_Data_Frame_Cable_selection", "pen_color": "#FF0000" }, "geometry": { "type": "LineString", "coordinates": [ [ -81.660712, 30.330666 ], [ -81.660963, 30.330715 ] ] } },
{ "type": "Feature", "properties": { "map_file": "JacksonvilleSTI.pdf", "map_url": "https://www.southern-telecom.com/content/dam/southern-telecom/pdfs/JacksonvilleSTI.pdf", "pdf_layer": "New_Data_Frame_Cable_selection", "pen_color": "#FF0000" }, "geometry": { "type": "LineString", "coordinates": [ [ -81.662857, 30.331808 ], [ -81.662846, 30.331799 ], [ -81.662869, 30.331739 ], [ -81.662846, 30.331739 ], [ -81.66288, 30.331631 ], [ -81.662709, 30.331602 ] ] } },
{ "type": "Feature", "properties": { "map_file": "JacksonvilleSTI.pdf", "map_url": "https://www.southern-telecom.com/content/dam/southern-telecom/pdfs/JacksonvilleSTI.pdf", "pdf_layer": "New_Data_Frame_Cable_selection", "pen_color": "#FF0000" }, "geometry": { "type": "LineString", "coordinates": [ [ -81.676459, 30.329809 ], [ -81.676448, 30.329622 ], [ -81.674862, 30.329267 ], [ -81.673846, 30.32904 ], [ -81.670959, 30.32838 ], [ -81.670217, 30.328164 ], [ -81.670332, 30.327829 ], [ -81.669875, 30.327671 ], [ -81.668631, 30.327336 ], [ -81.667387, 30.327021 ], [ -81.666851, 30.326932 ], [ -81.666965, 30.326538 ], [ -81.666828, 30.325307 ], [ -81.666634, 30.3251 ], [ -81.666372, 30.324903 ], [ -81.666144, 30.324617 ], [ -81.665801, 30.324125 ], [ -81.665619, 30.323839 ], [ -81.665482, 30.323711 ], [ -81.665048, 30.323061 ], [ -81.664478, 30.322194 ], [ -81.66385, 30.321258 ], [ -81.6628, 30.319672 ], [ -81.662424, 30.319101 ], [ -81.662275, 30.318795 ], [ -81.662264, 30.318401 ], [ -81.661671, 30.318529 ], [ -81.661226, 30.318529 ], [ -81.660438, 30.318519 ], [ -81.660472, 30.317485 ], [ -81.660507, 30.316638 ], [ -81.660358, 30.316431 ], [ -81.660267, 30.316391 ], [ -81.658544, 30.316362 ], [ -81.653968, 30.316391 ], [ -81.65382, 30.316352 ], [ -81.653717, 30.316253 ], [ -81.653706, 30.314549 ], [ -81.653694, 30.314421 ] ] } },
{ "type": "Feature", "properties": { "map_file": "JacksonvilleSTI.pdf", "map_url": "https://www.southern-telecom.com/content/dam/southern-telecom/pdfs/JacksonvilleSTI.pdf", "pdf_layer": "New_Data_Frame_Cable_selection", "pen_color": "#FF0000" }, "geometry": { "type": "LineString", "coordinates": [ [ -81.662857, 30.331808 ], [ -81.662892, 30.33171 ], [ -81.66288, 30.33169 ], [ -81.662914, 30.331572 ], [ -81.66264, 30.331513 ] ] } },
{ "type": "Feature", "properties": { "map_file": "JacksonvilleSTI.pdf", "map_url": "https://www.southern-telecom.com/content/dam/southern-telecom/pdfs/JacksonvilleSTI.pdf", "pdf_layer": "New_Data_Frame_Cable_selection", "pen_color": "#FF0000" }, "geometry": { "type": "LineString", "coordinates": [ [ -81.675843, 30.33763 ], [ -81.675946, 30.336507 ] ] } },
{ "type": "Feature", "properties": { "map_file": "Eastern GeorgiaSTI.pdf", "map_url": "https://www.southern-telecom.com/content/dam/southern-telecom/pdfs/Eastern%20GeorgiaSTI.pdf", "pdf_layer": "Other_2", "pen_color": "#38A800" }, "geometry": { "type": "LineString", "coordinates": [ [ -82.487402, 32.033748 ], [ -82.43531, 32.032359 ] ] } },
{ "type": "Feature", "properties": { "map_file": "Eastern GeorgiaSTI.pdf", "map_url": "https://www.southern-telecom.com/content/dam/southern-telecom/pdfs/Eastern%20GeorgiaSTI.pdf", "pdf_layer": "Layers_STI_Fiber", "pen_color": "#38A800" }, "geometry": { "type": "LineString", "coordinates": [ [ -81.995356, 33.074172 ], [ -81.994788, 33.074617 ], [ -81.993084, 33.075953 ], [ -81.991987, 33.07592 ], [ -81.991419, 33.076365 ], [ -81.990871, 33.076349 ], [ -81.989206, 33.076761 ], [ -81.988638, 33.077206 ], [ -81.98807, 33.077652 ], [ -81.987463, 33.07902 ], [ -81.986875, 33.079927 ], [ -81.986836, 33.08085 ], [ -81.986229, 33.082219 ], [ -81.98621, 33.08268 ], [ -81.986171, 33.083603 ], [ -81.98668, 33.084543 ], [ -81.987738, 33.085499 ], [ -81.988268, 33.085977 ], [ -81.993068, 33.089356 ], [ -81.994126, 33.090312 ], [ -81.994656, 33.09079 ], [ -81.994636, 33.091252 ], [ -81.995578, 33.094977 ], [ -81.9955, 33.096824 ], [ -81.998087, 33.100599 ], [ -81.998578, 33.102 ], [ -81.999617, 33.103417 ], [ -82.000146, 33.103895 ], [ -82.001224, 33.10439 ], [ -82.001204, 33.104851 ], [ -82.002302, 33.104884 ], [ -82.00285, 33.1049 ], [ -82.003948, 33.104933 ], [ -82.005613, 33.10452 ], [ -82.00671, 33.104553 ], [ -82.010022, 33.104189 ], [ -82.011687, 33.103777 ], [ -82.016076, 33.103907 ], [ -82.019917, 33.104021 ], [ -82.022112, 33.104086 ], [ -82.023758, 33.104135 ], [ -82.024816, 33.105091 ], [ -82.025894, 33.105585 ], [ -82.026385, 33.106986 ], [ -82.029407, 33.113546 ], [ -82.031448, 33.117304 ] ] } },
{ "type": "Feature", "properties": { "map_file": "Eastern GeorgiaSTI.pdf", "map_url": "https://www.southern-telecom.com/content/dam/southern-telecom/pdfs/Eastern%20GeorgiaSTI.pdf", "pdf_layer": "Layers_STI_Fiber", "pen_color": "#38A800" }, "geometry": { "type": "LineString", "coordinates": [ [ -81.923983, 32.80486 ], [ -81.92453, 32.804876 ], [ -81.925077, 32.804893 ], [ -81.925623, 32.80491 ], [ -81.925604, 32.805371 ], [ -81.926151, 32.805388 ], [ -81.92617, 32.804926 ], [ -81.926717, 32.804943 ], [ -81.927264, 32.80496 ], [ -81.927811, 32.804976 ], [ -81.928358, 32.804993 ], [ -81.928378, 32.804531 ], [ -81.928358, 32.804993 ], [ -81.928905, 32.80501 ], [ -81.929452, 32.805026 ], [ -81.929999, 32.805043 ], [ -81.930546, 32.80506 ], [ -81.931093, 32.805076 ], [ -81.93164, 32.805093 ], [ -81.932187, 32.805109 ], [ -81.932734, 32.805126 ], [ -81.93328, 32.805143 ], [ -81.933827, 32.805159 ], [ -81.934394, 32.804714 ], [ -81.934941, 32.804731 ], [ -81.935488, 32.804748 ], [ -81.936035, 32.804764 ], [ -81.936582, 32.804781 ], [ -81.937129, 32.804797 ], [ -81.937676, 32.804814 ], [ -81.938222, 32.804831 ], [ -81.938769, 32.804847 ], [ -81.939316, 32.804864 ], [ -81.939297, 32.805326 ], [ -81.939277, 32.805787 ], [ -81.939257, 32.806249 ], [ -81.940351, 32.806282 ], [ -81.940898, 32.806299 ], [ -81.941445, 32.806315 ], [ -81.941425, 32.806777 ], [ -81.941406, 32.807238 ], [ -81.941386, 32.8077 ], [ -81.941366, 32.808162 ], [ -81.941347, 32.808623 ], [ -81.941327, 32.809085 ], [ -81.941347, 32.808623 ], [ -81.9408, 32.808607 ], [ -81.94078, 32.809068 ], [ -81.940233, 32.809052 ], [ -81.940214, 32.809513 ], [ -81.940194, 32.809975 ], [ -81.940174, 32.810437 ], [ -81.940155, 32.810898 ], [ -81.940135, 32.81136 ], [ -81.939588, 32.811343 ], [ -81.939041, 32.811327 ], [ -81.938494, 32.81131 ], [ -81.938474, 32.811772 ], [ -81.938455, 32.812233 ], [ -81.938435, 32.812695 ], [ -81.938415, 32.813157 ], [ -81.938396, 32.813618 ], [ -81.938376, 32.81408 ], [ -81.938356, 32.814541 ], [ -81.938337, 32.815003 ], [ -81.938883, 32.81502 ], [ -81.938864, 32.815481 ], [ -81.938844, 32.815943 ], [ -81.938824, 32.816405 ], [ -81.938805, 32.816866 ], [ -81.938785, 32.817328 ], [ -81.938765, 32.817789 ], [ -81.939293, 32.818268 ], [ -81.939273, 32.818729 ], [ -81.939253, 32.819191 ], [ -81.939741, 32.820592 ], [ -81.939722, 32.821054 ], [ -81.939702, 32.821516 ], [ -81.939682, 32.821977 ], [ -81.939663, 32.822439 ], [ -81.94021, 32.822456 ], [ -81.94019, 32.822917 ], [ -81.94017, 32.823379 ], [ -81.940151, 32.82384 ], [ -81.940131, 32.824302 ], [ -81.940111, 32.824764 ], [ -81.940658, 32.82478 ], [ -81.940639, 32.825242 ], [ -81.940619, 32.825704 ], [ -81.940599, 32.826165 ], [ -81.94058, 32.826627 ], [ -81.941146, 32.826182 ], [ -81.941693, 32.826198 ], [ -81.942241, 32.826215 ], [ -81.942788, 32.826232 ], [ -81.943335, 32.826248 ], [ -81.943882, 32.826265 ], [ -81.944429, 32.826281 ], [ -81.944995, 32.825836 ], [ -81.945542, 32.825853 ], [ -81.94609, 32.825869 ], [ -81.946637, 32.825886 ], [ -81.947184, 32.825903 ], [ -81.947164, 32.826364 ], [ -81.947144, 32.826826 ], [ -81.947125, 32.827287 ], [ -81.947672, 32.827304 ], [ -81.947652, 32.827766 ], [ -81.947633, 32.828227 ], [ -81.947613, 32.828689 ], [ -81.947593, 32.82915 ], [ -81.947574, 32.829612 ], [ -81.948121, 32.829629 ], [ -81.948101, 32.83009 ], [ -81.948081, 32.830552 ], [ -81.948062, 32.831014 ], [ -81.948042, 32.831475 ], [ -81.948022, 32.831937 ], [ -81.94857, 32.831953 ], [ -81.94855, 32.832415 ], [ -81.94853, 32.832877 ], [ -81.948511, 32.833338 ], [ -81.948491, 32.8338 ], [ -81.948471, 32.834262 ], [ -81.949018, 32.834278 ], [ -81.948999, 32.83474 ], [ -81.948979, 32.835201 ], [ -81.94896, 32.835663 ], [ -81.94894, 32.836125 ], [ -81.94892, 32.836586 ], [ -81.949448, 32.837064 ], [ -81.949428, 32.837526 ], [ -81.949409, 32.837988 ], [ -81.949389, 32.838449 ], [ -81.949369, 32.838911 ], [ -81.949897, 32.839389 ], [ -81.949877, 32.839851 ], [ -81.949858, 32.840312 ], [ -81.949838, 32.840774 ], [ -81.949818, 32.841236 ], [ -81.950365, 32.841252 ], [ -81.950346, 32.841714 ], [ -81.950326, 32.842175 ], [ -81.950307, 32.842637 ], [ -81.950287, 32.843099 ], [ -81.950834, 32.843115 ], [ -81.950814, 32.843577 ], [ -81.950795, 32.844039 ], [ -81.951322, 32.844517 ], [ -81.951303, 32.844978 ], [ -81.951283, 32.84544 ], [ -81.95183, 32.845456 ], [ -81.951811, 32.845918 ], [ -81.951791, 32.84638 ], [ -81.952319, 32.846858 ], [ -81.952299, 32.84732 ], [ -81.952279, 32.847781 ], [ -81.952826, 32.847798 ], [ -81.952807, 32.848259 ], [ -81.952787, 32.848721 ], [ -81.953334, 32.848738 ], [ -81.953315, 32.849199 ], [ -81.953295, 32.849661 ], [ -81.953823, 32.850139 ], [ -81.953803, 32.850601 ], [ -81.953784, 32.851062 ], [ -81.954331, 32.851079 ], [ -81.954311, 32.85154 ], [ -81.954292, 32.852002 ], [ -81.954839, 32.852019 ], [ -81.954819, 32.85248 ], [ -81.9548, 32.852942 ], [ -81.955327, 32.85342 ], [ -81.955308, 32.853882 ], [ -81.955288, 32.854343 ], [ -81.955835, 32.85436 ], [ -81.955816, 32.854821 ], [ -81.955796, 32.855283 ], [ -81.956324, 32.855761 ], [ -81.956304, 32.856223 ], [ -81.956832, 32.856701 ], [ -81.956812, 32.857163 ], [ -81.956792, 32.857624 ], [ -81.95734, 32.857641 ], [ -81.95732, 32.858102 ], [ -81.9573, 32.858564 ], [ -81.957281, 32.859026 ], [ -81.957828, 32.859042 ], [ -81.957808, 32.859504 ], [ -81.957789, 32.859965 ], [ -81.958317, 32.860444 ], [ -81.958297, 32.860905 ], [ -81.958825, 32.861383 ], [ -81.958805, 32.861845 ], [ -81.958785, 32.862307 ], [ -81.959313, 32.862785 ], [ -81.959293, 32.863246 ], [ -81.959274, 32.863708 ], [ -81.959254, 32.86417 ], [ -81.959782, 32.864648 ], [ -81.959762, 32.865109 ], [ -81.959743, 32.865571 ], [ -81.959723, 32.866033 ], [ -81.960271, 32.866049 ], [ -81.960251, 32.866511 ], [ -81.960231, 32.866972 ], [ -81.960212, 32.867434 ], [ -81.960192, 32.867896 ], [ -81.960739, 32.867912 ], [ -81.96072, 32.868374 ], [ -81.9607, 32.868835 ], [ -81.960681, 32.869297 ], [ -81.961208, 32.869775 ], [ -81.961189, 32.870237 ], [ -81.961169, 32.870698 ], [ -81.96115, 32.87116 ], [ -81.961677, 32.871638 ], [ -81.961658, 32.8721 ], [ -81.961638, 32.872561 ], [ -81.961619, 32.873023 ], [ -81.962166, 32.87304 ], [ -81.962146, 32.873501 ], [ -81.962127, 32.873963 ], [ -81.962107, 32.874424 ], [ -81.962088, 32.874886 ], [ -81.962635, 32.874903 ], [ -81.962615, 32.875364 ], [ -81.962596, 32.875826 ], [ -81.962576, 32.876288 ], [ -81.962557, 32.876749 ], [ -81.963104, 32.876766 ], [ -81.963085, 32.877227 ], [ -81.963065, 32.877689 ], [ -81.963045, 32.878151 ], [ -81.963026, 32.878612 ], [ -81.963573, 32.878629 ], [ -81.963554, 32.87909 ], [ -81.963534, 32.879552 ], [ -81.963514, 32.880014 ], [ -81.963495, 32.880475 ], [ -81.964042, 32.880492 ], [ -81.964023, 32.880953 ], [ -81.964003, 32.881415 ], [ -81.963984, 32.881877 ], [ -81.964511, 32.882355 ], [ -81.964492, 32.882816 ], [ -81.964472, 32.883278 ], [ -81.964453, 32.88374 ], [ -81.964433, 32.884201 ], [ -81.96498, 32.884218 ], [ -81.964961, 32.884679 ], [ -81.964941, 32.885141 ], [ -81.964922, 32.885603 ], [ -81.96545, 32.886081 ], [ -81.96543, 32.886542 ], [ -81.96541, 32.887004 ], [ -81.965391, 32.887466 ], [ -81.965919, 32.887944 ], [ -81.965899, 32.888405 ], [ -81.96588, 32.888867 ], [ -81.96586, 32.889329 ], [ -81.966407, 32.889345 ], [ -81.966388, 32.889807 ], [ -81.966368, 32.890268 ], [ -81.966349, 32.89073 ], [ -81.966329, 32.891192 ], [ -81.966877, 32.891208 ], [ -81.966857, 32.89167 ], [ -81.966838, 32.892131 ], [ -81.966818, 32.892593 ], [ -81.966798, 32.893055 ], [ -81.967346, 32.893071 ], [ -81.967326, 32.893533 ], [ -81.967307, 32.893994 ], [ -81.967287, 32.894456 ], [ -81.967815, 32.894934 ], [ -81.967796, 32.895396 ], [ -81.967776, 32.895857 ], [ -81.967756, 32.896319 ], [ -81.968284, 32.896797 ], [ -81.968265, 32.897259 ], [ -81.968245, 32.89772 ], [ -81.968226, 32.898182 ], [ -81.968754, 32.89866 ], [ -81.968734, 32.899122 ], [ -81.968714, 32.899583 ], [ -81.968695, 32.900045 ], [ -81.968675, 32.900506 ], [ -81.968656, 32.900968 ], [ -81.968636, 32.90143 ], [ -81.968617, 32.901891 ], [ -81.968597, 32.902353 ], [ -81.968578, 32.902815 ], [ -81.968558, 32.903276 ], [ -81.968539, 32.903738 ], [ -81.968519, 32.904199 ], [ -81.968499, 32.904661 ], [ -81.96848, 32.905123 ], [ -81.967913, 32.905568 ], [ -81.967893, 32.90603 ], [ -81.967874, 32.906491 ], [ -81.967854, 32.906953 ], [ -81.967287, 32.907398 ], [ -81.967268, 32.90786 ], [ -81.967248, 32.908321 ], [ -81.967228, 32.908783 ], [ -81.967209, 32.909244 ], [ -81.966661, 32.909228 ], [ -81.966642, 32.90969 ], [ -81.966622, 32.910151 ], [ -81.966603, 32.910613 ], [ -81.966583, 32.911074 ], [ -81.966036, 32.911058 ], [ -81.966016, 32.91152 ], [ -81.965996, 32.911981 ], [ -81.965977, 32.912443 ], [ -81.965957, 32.912904 ], [ -81.96539, 32.91335 ], [ -81.965371, 32.913811 ], [ -81.965351, 32.914273 ], [ -81.965331, 32.914734 ], [ -81.965312, 32.915196 ], [ -81.964764, 32.91518 ], [ -81.964745, 32.915641 ], [ -81.964725, 32.916103 ], [ -81.964706, 32.916564 ], [ -81.964686, 32.917026 ], [ -81.964119, 32.917471 ], [ -81.964099, 32.917933 ], [ -81.96408, 32.918394 ], [ -81.96406, 32.918856 ], [ -81.964041, 32.919318 ], [ -81.964021, 32.919779 ], [ -81.964001, 32.920241 ], [ -81.963982, 32.920703 ], [ -81.963962, 32.921164 ], [ -81.963943, 32.921626 ], [ -81.963923, 32.922087 ], [ -81.964451, 32.922566 ], [ -81.96539, 32.926292 ], [ -81.96537, 32.926753 ], [ -81.965898, 32.927231 ], [ -81.965879, 32.927693 ], [ -81.965859, 32.928154 ], [ -81.966387, 32.928633 ], [ -81.966368, 32.929094 ], [ -81.966348, 32.929556 ], [ -81.966328, 32.930017 ], [ -81.966876, 32.930034 ], [ -81.966857, 32.930496 ], [ -81.966837, 32.930957 ], [ -81.966817, 32.931419 ], [ -81.967345, 32.931897 ], [ -81.967326, 32.932359 ], [ -81.967306, 32.93282 ], [ -81.967287, 32.933282 ], [ -81.967815, 32.93376 ], [ -81.967795, 32.934222 ], [ -81.967776, 32.934683 ], [ -81.967756, 32.935145 ], [ -81.967737, 32.935606 ], [ -81.968284, 32.935623 ], [ -81.968265, 32.936085 ], [ -81.968245, 32.936546 ], [ -81.968226, 32.937008 ], [ -81.968206, 32.937469 ], [ -81.968187, 32.937931 ], [ -81.968734, 32.937947 ], [ -81.968715, 32.938409 ], [ -81.968695, 32.938871 ], [ -81.968676, 32.939332 ], [ -81.968656, 32.939794 ], [ -81.969184, 32.940272 ], [ -81.969165, 32.940734 ], [ -81.969145, 32.941195 ], [ -81.969125, 32.941657 ], [ -81.969106, 32.942119 ], [ -81.969654, 32.942135 ], [ -81.969634, 32.942597 ], [ -81.969615, 32.943058 ], [ -81.969595, 32.94352 ], [ -81.969575, 32.943982 ], [ -81.970104, 32.94446 ], [ -81.970084, 32.944921 ], [ -81.970065, 32.945383 ], [ -81.970045, 32.945845 ], [ -81.970025, 32.946306 ], [ -81.970554, 32.946784 ], [ -81.970534, 32.947246 ], [ -81.970515, 32.947707 ], [ -81.970495, 32.948169 ], [ -81.970475, 32.948631 ], [ -81.971023, 32.948647 ], [ -81.971004, 32.949109 ], [ -81.970984, 32.94957 ], [ -81.971512, 32.950049 ], [ -81.971493, 32.95051 ], [ -81.971473, 32.950972 ], [ -81.972021, 32.950988 ], [ -81.972001, 32.95145 ], [ -81.971982, 32.951911 ], [ -81.97253, 32.951928 ], [ -81.97251, 32.95239 ], [ -81.972491, 32.952851 ], [ -81.973038, 32.952868 ], [ -81.973019, 32.953329 ], [ -81.972999, 32.953791 ], [ -81.973547, 32.953807 ], [ -81.973528, 32.954269 ], [ -81.973508, 32.954731 ], [ -81.974056, 32.954747 ], [ -81.974036, 32.955209 ], [ -81.974017, 32.95567 ], [ -81.974564, 32.955687 ], [ -81.974545, 32.956148 ], [ -81.974525, 32.95661 ], [ -81.975073, 32.956626 ], [ -81.975054, 32.957088 ], [ -81.975034, 32.95755 ], [ -81.975562, 32.958028 ], [ -81.975543, 32.958489 ], [ -81.975523, 32.958951 ], [ -81.976071, 32.958968 ], [ -81.976052, 32.959429 ], [ -81.976032, 32.959891 ], [ -81.976013, 32.960352 ], [ -81.97656, 32.960369 ], [ -81.976541, 32.96083 ], [ -81.976521, 32.961292 ], [ -81.976502, 32.961754 ], [ -81.97705, 32.96177 ], [ -81.97703, 32.962232 ], [ -81.977011, 32.962693 ], [ -81.976991, 32.963155 ], [ -81.977519, 32.963633 ], [ -81.9775, 32.964095 ], [ -81.97748, 32.964556 ], [ -81.978009, 32.965034 ], [ -81.977989, 32.965496 ], [ -81.97797, 32.965958 ], [ -81.97795, 32.966419 ], [ -81.978498, 32.966436 ], [ -81.978479, 32.966897 ], [ -81.978459, 32.967359 ], [ -81.97844, 32.967821 ], [ -81.978968, 32.968299 ], [ -81.978948, 32.96876 ], [ -81.978929, 32.969222 ], [ -81.979457, 32.9697 ], [ -81.979438, 32.970162 ], [ -81.979418, 32.970623 ], [ -81.979399, 32.971085 ], [ -81.979947, 32.971101 ], [ -81.979927, 32.971563 ], [ -81.979908, 32.972024 ], [ -81.979888, 32.972486 ], [ -81.979868, 32.972948 ], [ -81.979849, 32.973409 ], [ -81.979829, 32.973871 ], [ -81.97981, 32.974333 ], [ -81.97979, 32.974794 ], [ -81.980319, 32.975272 ], [ -81.980299, 32.975734 ], [ -81.98028, 32.976196 ], [ -81.98026, 32.976657 ], [ -81.980241, 32.977119 ], [ -81.980221, 32.97758 ], [ -81.980202, 32.978042 ], [ -81.980182, 32.978504 ], [ -81.980163, 32.978965 ], [ -81.980143, 32.979427 ], [ -81.980124, 32.979888 ], [ -81.980104, 32.98035 ], [ -81.980085, 32.980812 ], [ -81.980065, 32.981273 ], [ -81.980046, 32.981735 ], [ -81.980026, 32.982197 ], [ -81.980007, 32.982658 ], [ -81.979987, 32.98312 ], [ -81.979968, 32.983581 ], [ -81.979948, 32.984043 ], [ -81.979929, 32.984505 ], [ -81.979909, 32.984966 ], [ -81.97989, 32.985428 ], [ -81.97987, 32.98589 ], [ -81.979851, 32.986351 ], [ -81.979831, 32.986813 ], [ -81.979812, 32.987274 ], [ -81.979792, 32.987736 ], [ -81.979773, 32.988198 ], [ -81.979753, 32.988659 ], [ -81.979733, 32.989121 ], [ -81.979714, 32.989583 ], [ -81.979694, 32.990044 ], [ -81.980242, 32.990061 ], [ -81.980223, 32.990522 ], [ -81.980203, 32.990984 ], [ -81.980184, 32.991445 ], [ -81.980164, 32.991907 ], [ -81.980145, 32.992369 ], [ -81.980125, 32.99283 ], [ -81.980106, 32.993292 ], [ -81.980086, 32.993754 ], [ -81.980067, 32.994215 ], [ -81.980047, 32.994677 ], [ -81.980028, 32.995138 ], [ -81.980008, 32.9956 ], [ -81.979989, 32.996062 ], [ -81.979969, 32.996523 ], [ -81.97995, 32.996985 ], [ -81.97993, 32.997447 ], [ -81.979911, 32.997908 ], [ -81.979891, 32.99837 ], [ -81.979872, 32.998831 ], [ -81.979852, 32.999293 ], [ -81.979833, 32.999755 ], [ -81.979813, 33.000216 ], [ -81.979794, 33.000678 ], [ -81.979774, 33.001139 ], [ -81.979755, 33.001601 ], [ -81.979735, 33.002063 ], [ -81.979716, 33.002524 ], [ -81.979696, 33.002986 ], [ -81.979677, 33.003448 ], [ -81.979657, 33.003909 ], [ -81.979637, 33.004371 ], [ -81.979618, 33.004832 ], [ -81.979598, 33.005294 ], [ -81.980127, 33.005772 ], [ -81.980107, 33.006234 ], [ -81.980088, 33.006695 ], [ -81.980068, 33.007157 ], [ -81.980049, 33.007619 ], [ -81.980029, 33.00808 ], [ -81.98001, 33.008542 ], [ -81.97999, 33.009003 ], [ -81.979971, 33.009465 ], [ -81.979951, 33.009927 ], [ -81.979932, 33.010388 ], [ -81.979912, 33.01085 ], [ -81.979893, 33.011312 ], [ -81.979873, 33.011773 ], [ -81.979854, 33.012235 ], [ -81.979834, 33.012696 ], [ -81.979815, 33.013158 ], [ -81.979795, 33.01362 ], [ -81.979776, 33.014081 ], [ -81.979756, 33.014543 ], [ -81.979737, 33.015005 ], [ -81.979717, 33.015466 ], [ -81.979698, 33.015928 ], [ -81.980246, 33.015944 ], [ -81.980226, 33.016406 ], [ -81.980207, 33.016867 ], [ -81.980187, 33.017329 ], [ -81.980716, 33.017807 ], [ -81.980696, 33.018269 ], [ -81.980677, 33.01873 ], [ -81.981205, 33.019208 ], [ -81.981186, 33.01967 ], [ -81.981166, 33.020132 ], [ -81.981715, 33.020148 ], [ -81.981695, 33.02061 ], [ -81.981676, 33.021071 ], [ -81.982204, 33.021549 ], [ -81.982185, 33.022011 ], [ -81.982165, 33.022473 ], [ -81.982694, 33.022951 ], [ -81.982674, 33.023412 ], [ -81.982655, 33.023874 ], [ -81.983203, 33.02389 ], [ -81.983184, 33.024352 ], [ -81.983164, 33.024814 ], [ -81.983145, 33.025275 ], [ -81.983693, 33.025292 ], [ -81.983673, 33.025753 ], [ -81.983654, 33.026215 ], [ -81.984182, 33.026693 ], [ -81.984163, 33.027155 ], [ -81.984143, 33.027616 ], [ -81.984692, 33.027633 ], [ -81.984672, 33.028094 ], [ -81.984653, 33.028556 ], [ -81.985181, 33.029034 ], [ -81.985162, 33.029496 ], [ -81.985142, 33.029957 ], [ -81.985691, 33.029974 ], [ -81.985671, 33.030435 ], [ -81.985652, 33.030897 ], [ -81.985632, 33.031358 ], [ -81.98618, 33.031375 ], [ -81.986161, 33.031836 ], [ -81.986141, 33.032298 ], [ -81.986122, 33.03276 ], [ -81.98667, 33.032776 ], [ -81.986651, 33.033238 ], [ -81.986631, 33.033699 ], [ -81.98716, 33.034177 ], [ -81.98714, 33.034639 ], [ -81.987121, 33.035101 ], [ -81.987669, 33.035117 ], [ -81.98765, 33.035579 ], [ -81.98763, 33.03604 ], [ -81.988159, 33.036518 ], [ -81.98814, 33.03698 ], [ -81.98812, 33.037442 ], [ -81.988649, 33.03792 ], [ -81.988629, 33.038381 ], [ -81.98861, 33.038843 ], [ -81.989158, 33.038859 ], [ -81.989139, 33.039321 ], [ -81.989119, 33.039782 ], [ -81.9891, 33.040244 ], [ -81.989648, 33.04026 ], [ -81.989629, 33.040722 ], [ -81.989609, 33.041184 ], [ -81.990138, 33.041662 ], [ -81.990118, 33.042123 ], [ -81.990099, 33.042585 ], [ -81.990647, 33.042601 ], [ -81.990628, 33.043063 ], [ -81.990608, 33.043525 ], [ -81.991137, 33.044003 ], [ -81.991118, 33.044464 ], [ -81.991098, 33.044926 ], [ -81.991647, 33.044942 ], [ -81.991627, 33.045404 ], [ -81.991608, 33.045865 ], [ -81.991588, 33.046327 ], [ -81.992136, 33.046344 ], [ -81.992117, 33.046805 ], [ -81.992098, 33.047267 ], [ -81.992626, 33.047745 ], [ -81.992607, 33.048206 ], [ -81.992587, 33.048668 ], [ -81.993136, 33.048684 ], [ -81.993116, 33.049146 ], [ -81.993097, 33.049608 ], [ -81.993626, 33.050086 ], [ -81.993606, 33.050547 ], [ -81.994135, 33.051025 ], [ -81.994116, 33.051487 ], [ -81.994645, 33.051965 ], [ -81.995174, 33.052443 ], [ -81.995154, 33.052904 ], [ -81.995702, 33.052921 ], [ -81.995683, 33.053382 ], [ -81.996231, 33.053399 ], [ -81.99676, 33.053877 ], [ -81.997289, 33.054355 ], [ -81.996741, 33.054338 ], [ -81.996721, 33.0548 ], [ -81.996702, 33.055262 ], [ -81.996154, 33.055245 ], [ -81.996134, 33.055707 ], [ -81.996115, 33.056169 ], [ -81.996095, 33.05663 ], [ -81.996076, 33.057092 ], [ -81.996624, 33.057108 ], [ -81.996605, 33.05757 ], [ -81.996585, 33.058031 ], [ -81.997114, 33.058509 ], [ -81.997095, 33.058971 ], [ -81.997075, 33.059433 ], [ -81.997624, 33.059449 ], [ -81.997604, 33.059911 ], [ -81.997585, 33.060372 ], [ -81.998114, 33.06085 ], [ -81.998094, 33.061312 ], [ -81.998075, 33.061773 ], [ -81.998623, 33.06179 ], [ -81.998604, 33.062251 ], [ -81.998585, 33.062713 ], [ -81.999133, 33.062729 ], [ -81.999113, 33.063191 ], [ -81.999094, 33.063653 ], [ -81.999642, 33.063669 ], [ -81.999623, 33.064131 ], [ -81.999604, 33.064592 ], [ -82.000152, 33.064609 ], [ -82.000133, 33.06507 ], [ -82.000113, 33.065532 ], [ -82.000642, 33.06601 ], [ -82.000623, 33.066471 ], [ -82.001152, 33.066949 ], [ -82.001132, 33.067411 ], [ -82.001113, 33.067873 ], [ -82.001661, 33.067889 ], [ -82.001642, 33.068351 ], [ -82.002171, 33.068829 ], [ -82.002152, 33.06929 ], [ -82.002681, 33.069768 ], [ -82.002661, 33.07023 ], [ -82.002642, 33.070692 ], [ -82.00319, 33.070708 ], [ -82.003171, 33.071169 ], [ -82.003151, 33.071631 ], [ -82.0037, 33.071647 ], [ -82.00419, 33.073049 ], [ -82.004171, 33.07351 ], [ -82.004719, 33.073527 ], [ -82.0047, 33.073988 ], [ -82.00468, 33.07445 ], [ -82.005229, 33.074466 ], [ -82.005209, 33.074928 ], [ -82.00519, 33.075389 ], [ -82.005719, 33.075867 ], [ -82.0057, 33.076329 ], [ -82.006248, 33.076345 ], [ -82.006229, 33.076807 ], [ -82.006209, 33.077269 ], [ -82.006739, 33.077747 ], [ -82.006719, 33.078208 ], [ -82.0067, 33.07867 ], [ -82.006151, 33.078653 ], [ -82.006171, 33.078192 ], [ -82.005622, 33.078175 ], [ -82.005074, 33.078159 ], [ -82.005093, 33.077698 ], [ -82.004544, 33.077681 ], [ -82.003467, 33.077187 ], [ -82.002918, 33.077171 ], [ -82.00237, 33.077154 ], [ -82.002389, 33.076693 ], [ -82.001841, 33.076676 ], [ -82.001292, 33.07666 ], [ -82.001312, 33.076198 ], [ -82.000763, 33.076182 ], [ -81.998608, 33.075193 ], [ -81.997531, 33.074699 ], [ -81.996982, 33.074683 ], [ -81.996434, 33.074666 ], [ -81.996453, 33.074205 ], [ -81.995905, 33.074188 ], [ -81.995356, 33.074172 ] ] } },
{ "type": "Feature", "properties": { "map_file": "Eastern GeorgiaSTI.pdf", "map_url": "https://www.southern-telecom.com/content/dam/southern-telecom/pdfs/Eastern%20GeorgiaSTI.pdf", "pdf_layer": "Layers_STI_Fiber", "pen_color": "#38A800" }, "geometry": { "type": "LineString", "coordinates": [ [ -81.710833, 32.588325 ], [ -81.710854, 32.587863 ], [ -81.709237, 32.587349 ], [ -81.708084, 32.588699 ], [ -81.70693, 32.590049 ], [ -81.706343, 32.590954 ], [ -81.706322, 32.591416 ], [ -81.706868, 32.591433 ], [ -81.707414, 32.591451 ], [ -81.707959, 32.591468 ], [ -81.708505, 32.591486 ], [ -81.708484, 32.591948 ], [ -81.70903, 32.591965 ], [ -81.709576, 32.591983 ], [ -81.709555, 32.592444 ], [ -81.710101, 32.592462 ], [ -81.710646, 32.592479 ], [ -81.710625, 32.592941 ], [ -81.711171, 32.592959 ], [ -81.711717, 32.592976 ], [ -81.711696, 32.593438 ], [ -81.712242, 32.593455 ], [ -81.712787, 32.593473 ], [ -81.712767, 32.593934 ], [ -81.713312, 32.593952 ], [ -81.713858, 32.593969 ], [ -81.713837, 32.594431 ], [ -81.714383, 32.594449 ], [ -81.714908, 32.594928 ], [ -81.715454, 32.594945 ], [ -81.715999, 32.594963 ], [ -81.715979, 32.595424 ], [ -81.716524, 32.595442 ], [ -81.71707, 32.595459 ], [ -81.717049, 32.595921 ], [ -81.717595, 32.595938 ], [ -81.718141, 32.595956 ], [ -81.71812, 32.596418 ], [ -81.718666, 32.596435 ], [ -81.719211, 32.596453 ], [ -81.719191, 32.596914 ], [ -81.719736, 32.596932 ], [ -81.720282, 32.596949 ], [ -81.720261, 32.597411 ], [ -81.720807, 32.597428 ], [ -81.721353, 32.597446 ], [ -81.721332, 32.597907 ], [ -81.721878, 32.597925 ], [ -81.722424, 32.597942 ], [ -81.722403, 32.598404 ], [ -81.722949, 32.598422 ], [ -81.723494, 32.598439 ], [ -81.723474, 32.598901 ], [ -81.724019, 32.598918 ], [ -81.724565, 32.598936 ], [ -81.724544, 32.599397 ], [ -81.72509, 32.599415 ], [ -81.725636, 32.599432 ], [ -81.725615, 32.599894 ], [ -81.726161, 32.599911 ], [ -81.726707, 32.599929 ], [ -81.726686, 32.60039 ], [ -81.727232, 32.600408 ], [ -81.727777, 32.600425 ], [ -81.727757, 32.600887 ], [ -81.728302, 32.600904 ], [ -81.728848, 32.600922 ], [ -81.728828, 32.601383 ], [ -81.729373, 32.601401 ], [ -81.729919, 32.601418 ], [ -81.729898, 32.60188 ], [ -81.730444, 32.601897 ], [ -81.73099, 32.601915 ], [ -81.731515, 32.602394 ], [ -81.732061, 32.602411 ], [ -81.73204, 32.602873 ], [ -81.732586, 32.60289 ], [ -81.733131, 32.602908 ], [ -81.733111, 32.60337 ], [ -81.733657, 32.603387 ], [ -81.733636, 32.603849 ], [ -81.734182, 32.603866 ], [ -81.734707, 32.604345 ], [ -81.734686, 32.604807 ], [ -81.735232, 32.604824 ], [ -81.735211, 32.605286 ], [ -81.735757, 32.605303 ], [ -81.736282, 32.605782 ], [ -81.736828, 32.6058 ], [ -81.736807, 32.606261 ], [ -81.737353, 32.606279 ], [ -81.737332, 32.60674 ], [ -81.737878, 32.606758 ], [ -81.737858, 32.607219 ], [ -81.738403, 32.607237 ], [ -81.738383, 32.607698 ], [ -81.738929, 32.607716 ], [ -81.739454, 32.608195 ], [ -81.739999, 32.608212 ], [ -81.739979, 32.608674 ], [ -81.740525, 32.608691 ], [ -81.740504, 32.609153 ], [ -81.74105, 32.60917 ], [ -81.741029, 32.609632 ], [ -81.741575, 32.609649 ], [ -81.7421, 32.610128 ], [ -81.742625, 32.610607 ], [ -81.743171, 32.610625 ], [ -81.743151, 32.611086 ], [ -81.743696, 32.611104 ], [ -81.743676, 32.611565 ], [ -81.744222, 32.611583 ], [ -81.744201, 32.612044 ], [ -81.744747, 32.612062 ], [ -81.744726, 32.612524 ], [ -81.745272, 32.612541 ], [ -81.745251, 32.613003 ], [ -81.745797, 32.61302 ], [ -81.745777, 32.613482 ], [ -81.746323, 32.613499 ], [ -81.746302, 32.613961 ], [ -81.746848, 32.613978 ], [ -81.746827, 32.61444 ], [ -81.747373, 32.614457 ], [ -81.747352, 32.614919 ], [ -81.747898, 32.614936 ], [ -81.747878, 32.615398 ], [ -81.748423, 32.615415 ], [ -81.748403, 32.615877 ], [ -81.748949, 32.615894 ], [ -81.748928, 32.616356 ], [ -81.749474, 32.616373 ], [ -81.749999, 32.616852 ], [ -81.749979, 32.617314 ], [ -81.750525, 32.617331 ], [ -81.750504, 32.617793 ], [ -81.75105, 32.61781 ], [ -81.751575, 32.618289 ], [ -81.752121, 32.618306 ], [ -81.7521, 32.618768 ], [ -81.752626, 32.619247 ], [ -81.753151, 32.619726 ], [ -81.753676, 32.620205 ], [ -81.753656, 32.620666 ], [ -81.754202, 32.620684 ], [ -81.754181, 32.621145 ], [ -81.754727, 32.621163 ], [ -81.754706, 32.621624 ], [ -81.755252, 32.621642 ], [ -81.755232, 32.622103 ], [ -81.755778, 32.622121 ], [ -81.755757, 32.622582 ], [ -81.756303, 32.6226 ], [ -81.756282, 32.623061 ], [ -81.756828, 32.623079 ], [ -81.756808, 32.62354 ], [ -81.757354, 32.623558 ], [ -81.757879, 32.624037 ], [ -81.757858, 32.624498 ], [ -81.758404, 32.624515 ], [ -81.758384, 32.624977 ], [ -81.75893, 32.624994 ], [ -81.759455, 32.625473 ], [ -81.75998, 32.625952 ], [ -81.760506, 32.626431 ], [ -81.761031, 32.62691 ], [ -81.761557, 32.627389 ], [ -81.762082, 32.627868 ], [ -81.762607, 32.628347 ], [ -81.763133, 32.628826 ], [ -81.763658, 32.629305 ], [ -81.764204, 32.629322 ], [ -81.764184, 32.629784 ], [ -81.764729, 32.629801 ], [ -81.764709, 32.630263 ], [ -81.765255, 32.63028 ], [ -81.765801, 32.630297 ], [ -81.76578, 32.630759 ], [ -81.766326, 32.630776 ], [ -81.766872, 32.630794 ], [ -81.767418, 32.630811 ], [ -81.767964, 32.630828 ], [ -81.76851, 32.630846 ], [ -81.769035, 32.631324 ], [ -81.769581, 32.631342 ], [ -81.770127, 32.631359 ], [ -81.770673, 32.631376 ], [ -81.770652, 32.631838 ], [ -81.771198, 32.631855 ], [ -81.771744, 32.631873 ], [ -81.771724, 32.632334 ], [ -81.77227, 32.632351 ], [ -81.772816, 32.632369 ], [ -81.772795, 32.63283 ], [ -81.773341, 32.632848 ], [ -81.773887, 32.632865 ], [ -81.773867, 32.633327 ], [ -81.774413, 32.633344 ], [ -81.774938, 32.633823 ], [ -81.775484, 32.63384 ], [ -81.775463, 32.634302 ], [ -81.776009, 32.634319 ], [ -81.776555, 32.634336 ], [ -81.776535, 32.634798 ], [ -81.777081, 32.634815 ], [ -81.777627, 32.634832 ], [ -81.777606, 32.635294 ], [ -81.778152, 32.635311 ], [ -81.778698, 32.635328 ], [ -81.778678, 32.63579 ], [ -81.779224, 32.635807 ], [ -81.77977, 32.635825 ], [ -81.779749, 32.636286 ], [ -81.780295, 32.636303 ], [ -81.780821, 32.636782 ], [ -81.781367, 32.6368 ], [ -81.781346, 32.637261 ], [ -81.781892, 32.637278 ], [ -81.782438, 32.637296 ], [ -81.782418, 32.637757 ], [ -81.782964, 32.637775 ], [ -81.782943, 32.638236 ], [ -81.783489, 32.638253 ], [ -81.783469, 32.638715 ], [ -81.784015, 32.638732 ], [ -81.78454, 32.639211 ], [ -81.785086, 32.639228 ], [ -81.785066, 32.63969 ], [ -81.785612, 32.639707 ], [ -81.785592, 32.640169 ], [ -81.786137, 32.640186 ], [ -81.786117, 32.640648 ], [ -81.786663, 32.640665 ], [ -81.786643, 32.641126 ], [ -81.787189, 32.641144 ], [ -81.787168, 32.641605 ], [ -81.787714, 32.641623 ], [ -81.787694, 32.642084 ], [ -81.78824, 32.642101 ], [ -81.788219, 32.642563 ], [ -81.788765, 32.64258 ], [ -81.788745, 32.643042 ], [ -81.789291, 32.643059 ], [ -81.789271, 32.643521 ], [ -81.789817, 32.643538 ], [ -81.789796, 32.643999 ], [ -81.790342, 32.644017 ], [ -81.790322, 32.644478 ], [ -81.790868, 32.644496 ], [ -81.790848, 32.644957 ], [ -81.791394, 32.644974 ], [ -81.791373, 32.645436 ], [ -81.791353, 32.645898 ], [ -81.791899, 32.645915 ], [ -81.791878, 32.646376 ], [ -81.791858, 32.646838 ], [ -81.792404, 32.646855 ], [ -81.792384, 32.647317 ], [ -81.79293, 32.647334 ], [ -81.792909, 32.647796 ], [ -81.792889, 32.648257 ], [ -81.793435, 32.648274 ], [ -81.793415, 32.648736 ], [ -81.79394, 32.649215 ], [ -81.79392, 32.649677 ], [ -81.794466, 32.649694 ], [ -81.794446, 32.650155 ], [ -81.794992, 32.650173 ], [ -81.794971, 32.650634 ], [ -81.795517, 32.650651 ], [ -81.795497, 32.651113 ], [ -81.796043, 32.65113 ], [ -81.796589, 32.651147 ], [ -81.796569, 32.651609 ], [ -81.797115, 32.651626 ], [ -81.797095, 32.652088 ], [ -81.797641, 32.652105 ], [ -81.798187, 32.652122 ], [ -81.798712, 32.652601 ], [ -81.799258, 32.652618 ], [ -81.799238, 32.65308 ], [ -81.799784, 32.653097 ], [ -81.80033, 32.653114 ], [ -81.80031, 32.653576 ], [ -81.800856, 32.653593 ], [ -81.801402, 32.65361 ], [ -81.801382, 32.654072 ], [ -81.801928, 32.654089 ], [ -81.802474, 32.654106 ], [ -81.802453, 32.654568 ], [ -81.802999, 32.654585 ], [ -81.803545, 32.654602 ], [ -81.803525, 32.655064 ], [ -81.804071, 32.655081 ], [ -81.804617, 32.655098 ], [ -81.804597, 32.655559 ], [ -81.805143, 32.655577 ], [ -81.805689, 32.655594 ], [ -81.805669, 32.656055 ], [ -81.806215, 32.656073 ], [ -81.806761, 32.65609 ], [ -81.806741, 32.656551 ], [ -81.807287, 32.656568 ], [ -81.807833, 32.656586 ], [ -81.807812, 32.657047 ], [ -81.808358, 32.657064 ], [ -81.808904, 32.657081 ], [ -81.808884, 32.657543 ], [ -81.80943, 32.65756 ], [ -81.809976, 32.657577 ], [ -81.809956, 32.658039 ], [ -81.810502, 32.658056 ], [ -81.811048, 32.658073 ], [ -81.811028, 32.658535 ], [ -81.811574, 32.658552 ], [ -81.811554, 32.659014 ], [ -81.8121, 32.659031 ], [ -81.812646, 32.659048 ], [ -81.812626, 32.659509 ], [ -81.813172, 32.659527 ], [ -81.813698, 32.660005 ], [ -81.814244, 32.660022 ], [ -81.814223, 32.660484 ], [ -81.814769, 32.660501 ], [ -81.815316, 32.660518 ], [ -81.815295, 32.66098 ], [ -81.815841, 32.660997 ], [ -81.816367, 32.661476 ], [ -81.816913, 32.661493 ], [ -81.816893, 32.661954 ], [ -81.817439, 32.661972 ], [ -81.817965, 32.66245 ], [ -81.818491, 32.662929 ], [ -81.819017, 32.663408 ], [ -81.818997, 32.663869 ], [ -81.819543, 32.663886 ], [ -81.819522, 32.664348 ], [ -81.820069, 32.664365 ], [ -81.820048, 32.664827 ], [ -81.820594, 32.664844 ], [ -81.820574, 32.665305 ], [ -81.82112, 32.665323 ], [ -81.8211, 32.665784 ], [ -81.821646, 32.665801 ], [ -81.821626, 32.666263 ], [ -81.822172, 32.66628 ], [ -81.822152, 32.666742 ], [ -81.822678, 32.66722 ], [ -81.822658, 32.667682 ], [ -81.823204, 32.667699 ], [ -81.823183, 32.668161 ], [ -81.82373, 32.668178 ], [ -81.823709, 32.668639 ], [ -81.824256, 32.668656 ], [ -81.824235, 32.669118 ], [ -81.824781, 32.669135 ], [ -81.824802, 32.668673 ], [ -81.824781, 32.669135 ], [ -81.824761, 32.669597 ], [ -81.825307, 32.669614 ], [ -81.825287, 32.670075 ], [ -81.825833, 32.670092 ], [ -81.825813, 32.670554 ], [ -81.826359, 32.670571 ], [ -81.826339, 32.671033 ], [ -81.826885, 32.67105 ], [ -81.826865, 32.671511 ], [ -81.827411, 32.671529 ], [ -81.827391, 32.67199 ], [ -81.827937, 32.672007 ], [ -81.827917, 32.672469 ], [ -81.827897, 32.67293 ], [ -81.828443, 32.672947 ], [ -81.828423, 32.673409 ], [ -81.828949, 32.673888 ], [ -81.828929, 32.674349 ], [ -81.829475, 32.674366 ], [ -81.829455, 32.674828 ], [ -81.829434, 32.67529 ], [ -81.829981, 32.675307 ], [ -81.82996, 32.675768 ], [ -81.830486, 32.676247 ], [ -81.830466, 32.676709 ], [ -81.831012, 32.676726 ], [ -81.830992, 32.677187 ], [ -81.830972, 32.677649 ], [ -81.831518, 32.677666 ], [ -81.831498, 32.678128 ], [ -81.832024, 32.678606 ], [ -81.832004, 32.679068 ], [ -81.83255, 32.679085 ], [ -81.83253, 32.679547 ], [ -81.833076, 32.679564 ], [ -81.833056, 32.680025 ], [ -81.833602, 32.680042 ], [ -81.833582, 32.680504 ], [ -81.834128, 32.680521 ], [ -81.834654, 32.681 ], [ -81.834634, 32.681461 ], [ -81.83518, 32.681478 ], [ -81.83516, 32.68194 ], [ -81.835706, 32.681957 ], [ -81.836232, 32.682436 ], [ -81.836779, 32.682453 ], [ -81.836758, 32.682914 ], [ -81.837305, 32.682931 ], [ -81.837285, 32.683393 ], [ -81.837831, 32.68341 ], [ -81.838357, 32.683888 ], [ -81.838903, 32.683905 ], [ -81.838883, 32.684367 ], [ -81.839429, 32.684384 ], [ -81.839409, 32.684846 ], [ -81.839955, 32.684863 ], [ -81.840501, 32.68488 ], [ -81.840481, 32.685341 ], [ -81.841028, 32.685358 ], [ -81.841007, 32.68582 ], [ -81.841554, 32.685837 ], [ -81.84208, 32.686316 ], [ -81.842626, 32.686333 ], [ -81.842606, 32.686794 ], [ -81.843152, 32.686811 ], [ -81.843132, 32.687273 ], [ -81.843678, 32.68729 ], [ -81.844204, 32.687768 ], [ -81.844184, 32.68823 ], [ -81.844731, 32.688247 ], [ -81.84471, 32.688709 ], [ -81.845257, 32.688726 ], [ -81.845237, 32.689187 ], [ -81.845783, 32.689204 ], [ -81.845763, 32.689666 ], [ -81.846289, 32.690145 ], [ -81.846269, 32.690606 ], [ -81.846815, 32.690623 ], [ -81.846795, 32.691085 ], [ -81.847341, 32.691102 ], [ -81.847321, 32.691563 ], [ -81.847867, 32.69158 ], [ -81.847847, 32.692042 ], [ -81.847827, 32.692504 ], [ -81.848373, 32.692521 ], [ -81.848353, 32.692982 ], [ -81.84888, 32.693461 ], [ -81.848859, 32.693922 ], [ -81.849386, 32.694401 ], [ -81.849366, 32.694863 ], [ -81.849912, 32.69488 ], [ -81.849892, 32.695341 ], [ -81.849872, 32.695803 ], [ -81.850418, 32.69582 ], [ -81.850398, 32.696281 ], [ -81.850944, 32.696298 ], [ -81.850924, 32.69676 ], [ -81.850904, 32.697222 ], [ -81.85145, 32.697239 ], [ -81.85143, 32.6977 ], [ -81.851977, 32.697717 ], [ -81.851956, 32.698179 ], [ -81.851936, 32.69864 ], [ -81.852483, 32.698657 ], [ -81.852463, 32.699119 ], [ -81.853009, 32.699136 ], [ -81.852989, 32.699598 ], [ -81.852969, 32.700059 ], [ -81.853515, 32.700076 ], [ -81.853495, 32.700538 ], [ -81.854041, 32.700555 ], [ -81.854021, 32.701016 ], [ -81.854548, 32.701495 ], [ -81.854528, 32.701957 ], [ -81.855074, 32.701974 ], [ -81.855054, 32.702435 ], [ -81.857685, 32.704828 ], [ -81.857665, 32.70529 ], [ -81.858191, 32.705768 ], [ -81.858718, 32.706247 ], [ -81.858698, 32.706708 ], [ -81.859244, 32.706725 ], [ -81.859224, 32.707187 ], [ -81.85977, 32.707204 ], [ -81.85975, 32.707665 ], [ -81.860297, 32.707682 ], [ -81.860843, 32.707699 ], [ -81.860823, 32.708161 ], [ -81.861369, 32.708178 ], [ -81.861916, 32.708195 ], [ -81.863535, 32.708707 ], [ -81.867299, 32.71021 ], [ -81.868918, 32.710723 ], [ -81.869465, 32.71074 ], [ -81.870011, 32.710756 ], [ -81.870538, 32.711235 ], [ -81.871084, 32.711252 ], [ -81.87163, 32.711269 ], [ -81.872157, 32.711747 ], [ -81.872703, 32.711764 ], [ -81.872683, 32.712226 ], [ -81.87323, 32.712243 ], [ -81.873776, 32.712259 ], [ -81.874302, 32.712738 ], [ -81.874849, 32.712755 ], [ -81.875375, 32.713233 ], [ -81.875355, 32.713695 ], [ -81.875335, 32.714157 ], [ -81.875315, 32.714618 ], [ -81.875295, 32.71508 ], [ -81.875275, 32.715541 ], [ -81.875255, 32.716003 ], [ -81.875802, 32.71602 ], [ -81.875782, 32.716482 ], [ -81.875762, 32.716943 ], [ -81.875742, 32.717405 ], [ -81.875722, 32.717866 ], [ -81.875702, 32.718328 ], [ -81.875682, 32.71879 ], [ -81.875662, 32.719251 ], [ -81.875642, 32.719713 ], [ -81.875622, 32.720175 ], [ -81.875602, 32.720636 ], [ -81.875582, 32.721098 ], [ -81.875036, 32.721081 ], [ -81.875016, 32.721543 ], [ -81.874996, 32.722004 ], [ -81.874429, 32.722449 ], [ -81.87441, 32.722911 ], [ -81.87439, 32.723372 ], [ -81.873843, 32.723355 ], [ -81.873823, 32.723817 ], [ -81.873803, 32.724279 ], [ -81.873237, 32.724723 ], [ -81.873217, 32.725185 ], [ -81.873197, 32.725647 ], [ -81.873177, 32.726108 ], [ -81.873157, 32.72657 ], [ -81.873137, 32.727031 ], [ -81.873117, 32.727493 ], [ -81.873097, 32.727955 ], [ -81.873077, 32.728416 ], [ -81.873603, 32.728895 ], [ -81.873583, 32.729356 ], [ -81.873563, 32.729818 ], [ -81.873544, 32.73028 ], [ -81.873524, 32.730741 ], [ -81.87407, 32.730758 ], [ -81.87405, 32.73122 ], [ -81.87403, 32.731681 ], [ -81.87401, 32.732143 ], [ -81.87399, 32.732605 ], [ -81.87397, 32.733066 ], [ -81.87395, 32.733528 ], [ -81.87393, 32.73399 ], [ -81.87391, 32.734451 ], [ -81.87389, 32.734913 ], [ -81.87387, 32.735374 ], [ -81.87385, 32.735836 ], [ -81.874377, 32.736315 ], [ -81.874357, 32.736776 ], [ -81.874337, 32.737238 ], [ -81.874317, 32.737699 ], [ -81.874863, 32.737716 ], [ -81.874844, 32.738178 ], [ -81.874824, 32.73864 ], [ -81.87537, 32.738656 ], [ -81.87535, 32.739118 ], [ -81.87533, 32.73958 ], [ -81.875877, 32.739597 ], [ -81.875857, 32.740058 ], [ -81.875837, 32.74052 ], [ -81.876383, 32.740537 ], [ -81.876363, 32.740998 ], [ -81.87691, 32.741015 ], [ -81.87689, 32.741477 ], [ -81.877436, 32.741494 ], [ -81.877417, 32.741955 ], [ -81.877963, 32.741972 ], [ -81.877943, 32.742434 ], [ -81.87849, 32.742451 ], [ -81.87847, 32.742912 ], [ -81.879016, 32.742929 ], [ -81.878996, 32.743391 ], [ -81.879543, 32.743407 ], [ -81.880089, 32.743424 ], [ -81.88007, 32.743886 ], [ -81.880616, 32.743903 ], [ -81.880596, 32.744364 ], [ -81.881143, 32.744381 ], [ -81.881123, 32.744843 ], [ -81.881669, 32.74486 ], [ -81.881649, 32.745321 ], [ -81.882196, 32.745338 ], [ -81.882723, 32.745817 ], [ -81.882703, 32.746278 ], [ -81.883249, 32.746295 ], [ -81.883229, 32.746757 ], [ -81.883776, 32.746774 ], [ -81.883756, 32.747235 ], [ -81.883736, 32.747697 ], [ -81.884283, 32.747714 ], [ -81.884263, 32.748175 ], [ -81.884809, 32.748192 ], [ -81.884789, 32.748654 ], [ -81.884769, 32.749115 ], [ -81.885316, 32.749132 ], [ -81.885296, 32.749594 ], [ -81.885276, 32.750055 ], [ -81.885823, 32.750072 ], [ -81.885803, 32.750534 ], [ -81.885783, 32.750995 ], [ -81.88633, 32.751012 ], [ -81.88631, 32.751474 ], [ -81.88629, 32.751936 ], [ -81.886836, 32.751952 ], [ -81.886816, 32.752414 ], [ -81.886797, 32.752876 ], [ -81.887343, 32.752892 ], [ -81.887323, 32.753354 ], [ -81.887303, 32.753816 ], [ -81.88785, 32.753833 ], [ -81.88783, 32.754294 ], [ -81.88781, 32.754756 ], [ -81.888357, 32.754773 ], [ -81.888337, 32.755234 ], [ -81.888317, 32.755696 ], [ -81.888864, 32.755713 ], [ -81.888844, 32.756174 ], [ -81.888824, 32.756636 ], [ -81.889351, 32.757114 ], [ -81.889331, 32.757576 ], [ -81.889837, 32.758516 ], [ -81.890384, 32.758533 ], [ -81.890364, 32.758994 ], [ -81.890344, 32.759456 ], [ -81.890891, 32.759473 ], [ -81.890871, 32.759934 ], [ -81.890851, 32.760396 ], [ -81.891378, 32.760875 ], [ -81.891358, 32.761336 ], [ -81.891905, 32.761353 ], [ -81.891885, 32.761815 ], [ -81.891865, 32.762276 ], [ -81.892392, 32.762755 ], [ -81.892372, 32.763216 ], [ -81.892919, 32.763233 ], [ -81.892899, 32.763695 ], [ -81.892879, 32.764156 ], [ -81.893425, 32.764173 ], [ -81.893406, 32.764635 ], [ -81.893386, 32.765096 ], [ -81.893912, 32.765575 ], [ -81.893893, 32.766036 ], [ -81.894439, 32.766053 ], [ -81.894419, 32.766515 ], [ -81.8944, 32.766976 ], [ -81.894946, 32.766993 ], [ -81.894926, 32.767455 ], [ -81.894906, 32.767916 ], [ -81.895433, 32.768395 ], [ -81.895413, 32.768856 ], [ -81.89596, 32.768873 ], [ -81.89594, 32.769335 ], [ -81.89592, 32.769796 ], [ -81.896467, 32.769813 ], [ -81.896447, 32.770275 ], [ -81.896427, 32.770737 ], [ -81.896974, 32.770753 ], [ -81.896954, 32.771215 ], [ -81.896934, 32.771677 ], [ -81.897481, 32.771693 ], [ -81.897461, 32.772155 ], [ -81.897441, 32.772617 ], [ -81.897988, 32.772633 ], [ -81.897968, 32.773095 ], [ -81.898495, 32.773573 ], [ -81.898475, 32.774035 ], [ -81.899022, 32.774052 ], [ -81.899002, 32.774513 ], [ -81.899549, 32.77453 ], [ -81.899529, 32.774992 ], [ -81.900076, 32.775009 ], [ -81.900056, 32.77547 ], [ -81.900603, 32.775487 ], [ -81.900583, 32.775949 ], [ -81.90113, 32.775965 ], [ -81.90111, 32.776427 ], [ -81.901656, 32.776444 ], [ -81.901637, 32.776905 ], [ -81.902183, 32.776922 ], [ -81.902164, 32.777384 ], [ -81.90271, 32.7774 ], [ -81.90269, 32.777862 ], [ -81.903237, 32.777879 ], [ -81.903764, 32.778357 ], [ -81.904291, 32.778836 ], [ -81.904818, 32.779314 ], [ -81.905345, 32.779792 ], [ -81.905892, 32.779809 ], [ -81.905872, 32.780271 ], [ -81.906399, 32.780749 ], [ -81.906926, 32.781227 ], [ -81.907453, 32.781706 ], [ -81.907433, 32.782167 ], [ -81.90798, 32.782184 ], [ -81.90796, 32.782646 ], [ -81.908487, 32.783124 ], [ -81.908467, 32.783586 ], [ -81.909014, 32.783602 ], [ -81.908994, 32.784064 ], [ -81.908974, 32.784526 ], [ -81.909521, 32.784542 ], [ -81.909501, 32.785004 ], [ -81.910028, 32.785482 ], [ -81.910008, 32.785944 ], [ -81.910535, 32.786422 ], [ -81.910516, 32.786884 ], [ -81.911043, 32.787362 ], [ -81.911023, 32.787824 ], [ -81.91155, 32.788302 ], [ -81.91153, 32.788764 ], [ -81.912057, 32.789242 ], [ -81.912037, 32.789704 ], [ -81.912564, 32.790182 ], [ -81.912545, 32.790644 ], [ -81.913072, 32.791122 ], [ -81.913052, 32.791584 ], [ -81.913579, 32.792062 ], [ -81.913559, 32.792524 ], [ -81.914086, 32.793002 ], [ -81.914066, 32.793464 ], [ -81.914046, 32.793925 ], [ -81.914593, 32.793942 ], [ -81.914574, 32.794404 ], [ -81.914554, 32.794865 ], [ -81.914534, 32.795327 ], [ -81.914514, 32.795789 ], [ -81.914494, 32.79625 ], [ -81.914475, 32.796712 ], [ -81.914455, 32.797173 ], [ -81.914435, 32.797635 ], [ -81.914415, 32.798097 ], [ -81.914395, 32.798558 ], [ -81.914376, 32.79902 ], [ -81.914356, 32.799482 ], [ -81.914336, 32.799943 ], [ -81.914316, 32.800405 ], [ -81.914296, 32.800866 ], [ -81.914277, 32.801328 ], [ -81.914257, 32.80179 ], [ -81.914237, 32.802251 ], [ -81.914197, 32.803175 ], [ -81.914744, 32.803191 ], [ -81.914725, 32.803653 ], [ -81.914705, 32.804115 ], [ -81.915252, 32.804131 ], [ -81.915799, 32.804148 ], [ -81.916346, 32.804165 ], [ -81.916892, 32.804181 ], [ -81.917986, 32.804215 ], [ -81.918533, 32.804231 ], [ -81.918513, 32.804693 ], [ -81.91906, 32.80471 ], [ -81.919607, 32.804726 ], [ -81.920701, 32.80476 ], [ -81.921248, 32.804776 ], [ -81.922342, 32.80481 ], [ -81.922889, 32.804826 ], [ -81.923436, 32.804843 ], [ -81.923983, 32.80486 ] ] } },
{ "type": "Feature", "properties": { "map_file": "Eastern GeorgiaSTI.pdf", "map_url": "https://www.southern-telecom.com/content/dam/southern-telecom/pdfs/Eastern%20GeorgiaSTI.pdf", "pdf_layer": "Layers_STI_Fiber", "pen_color": "#38A800" }, "geometry": { "type": "LineString", "coordinates": [ [ -81.529311, 32.520417 ], [ -81.529333, 32.519956 ], [ -81.529878, 32.519974 ], [ -81.529856, 32.520436 ], [ -81.530925, 32.520934 ], [ -81.53147, 32.520952 ], [ -81.532016, 32.52097 ], [ -81.531994, 32.521432 ], [ -81.532539, 32.52145 ], [ -81.533085, 32.521468 ], [ -81.533063, 32.52193 ], [ -81.533608, 32.521948 ], [ -81.534677, 32.522446 ], [ -81.535222, 32.522465 ], [ -81.535201, 32.522926 ], [ -81.535746, 32.522944 ], [ -81.536291, 32.522963 ], [ -81.53627, 32.523424 ], [ -81.536815, 32.523443 ], [ -81.53736, 32.523461 ], [ -81.537339, 32.523922 ], [ -81.537884, 32.523941 ], [ -81.538408, 32.52442 ], [ -81.538953, 32.524439 ], [ -81.539477, 32.524919 ], [ -81.540022, 32.524937 ], [ -81.540545, 32.525417 ], [ -81.541091, 32.525435 ], [ -81.541614, 32.525915 ], [ -81.54216, 32.525933 ], [ -81.542683, 32.526413 ], [ -81.543229, 32.526431 ], [ -81.543207, 32.526892 ], [ -81.543752, 32.526911 ], [ -81.544298, 32.526929 ], [ -81.544821, 32.527409 ], [ -81.54589, 32.527907 ], [ -81.546436, 32.527925 ], [ -81.546414, 32.528387 ], [ -81.54696, 32.528405 ], [ -81.547505, 32.528423 ], [ -81.547483, 32.528885 ], [ -81.548029, 32.528903 ], [ -81.548574, 32.528921 ], [ -81.548552, 32.529383 ], [ -81.549098, 32.529401 ], [ -81.549643, 32.529419 ], [ -81.549621, 32.529881 ], [ -81.550167, 32.529899 ], [ -81.550712, 32.529917 ], [ -81.55069, 32.530379 ], [ -81.551236, 32.530397 ], [ -81.551781, 32.530415 ], [ -81.55176, 32.530877 ], [ -81.552305, 32.530895 ], [ -81.55285, 32.530913 ], [ -81.552829, 32.531374 ], [ -81.553374, 32.531393 ], [ -81.553919, 32.531411 ], [ -81.553898, 32.531872 ], [ -81.554443, 32.531891 ], [ -81.554988, 32.531909 ], [ -81.554967, 32.53237 ], [ -81.555512, 32.532389 ], [ -81.556057, 32.532407 ], [ -81.556036, 32.532868 ], [ -81.556581, 32.532886 ], [ -81.557127, 32.532905 ], [ -81.557105, 32.533366 ], [ -81.55765, 32.533384 ], [ -81.558196, 32.533403 ], [ -81.558174, 32.533864 ], [ -81.55872, 32.533882 ], [ -81.559265, 32.5339 ], [ -81.55981, 32.533919 ], [ -81.560356, 32.533937 ], [ -81.560334, 32.534398 ], [ -81.560879, 32.534417 ], [ -81.561425, 32.534435 ], [ -81.56197, 32.534453 ], [ -81.562515, 32.534471 ], [ -81.563061, 32.534489 ], [ -81.563606, 32.534507 ], [ -81.564151, 32.534525 ], [ -81.564697, 32.534544 ], [ -81.564675, 32.535005 ], [ -81.56522, 32.535023 ], [ -81.565766, 32.535041 ], [ -81.566311, 32.53506 ], [ -81.566856, 32.535078 ], [ -81.567402, 32.535096 ], [ -81.567947, 32.535114 ], [ -81.568471, 32.535594 ], [ -81.569016, 32.535612 ], [ -81.569562, 32.53563 ], [ -81.56954, 32.536091 ], [ -81.570086, 32.53611 ], [ -81.570064, 32.536571 ], [ -81.570609, 32.536589 ], [ -81.571133, 32.537069 ], [ -81.571679, 32.537087 ], [ -81.571657, 32.537549 ], [ -81.572203, 32.537567 ], [ -81.572181, 32.538028 ], [ -81.572727, 32.538046 ], [ -81.573251, 32.538526 ], [ -81.573796, 32.538544 ], [ -81.573774, 32.539006 ], [ -81.57432, 32.539024 ], [ -81.574865, 32.539042 ], [ -81.574844, 32.539504 ], [ -81.575389, 32.539522 ], [ -81.575368, 32.539983 ], [ -81.575913, 32.540001 ], [ -81.576458, 32.54002 ], [ -81.576437, 32.540481 ], [ -81.576982, 32.540499 ], [ -81.577506, 32.540979 ], [ -81.578052, 32.540997 ], [ -81.578576, 32.541477 ], [ -81.579121, 32.541495 ], [ -81.5791, 32.541956 ], [ -81.579645, 32.541974 ], [ -81.58019, 32.541992 ], [ -81.580169, 32.542454 ], [ -81.580715, 32.542472 ], [ -81.581239, 32.542952 ], [ -81.581784, 32.54297 ], [ -81.581763, 32.543431 ], [ -81.582308, 32.543449 ], [ -81.582853, 32.543468 ], [ -81.582832, 32.543929 ], [ -81.583377, 32.543947 ], [ -81.583901, 32.544427 ], [ -81.584447, 32.544445 ], [ -81.584425, 32.544906 ], [ -81.584971, 32.544925 ], [ -81.585516, 32.544943 ], [ -81.585495, 32.545404 ], [ -81.58604, 32.545422 ], [ -81.586564, 32.545902 ], [ -81.58711, 32.54592 ], [ -81.587088, 32.546382 ], [ -81.587634, 32.5464 ], [ -81.588179, 32.546418 ], [ -81.588703, 32.546897 ], [ -81.589249, 32.546915 ], [ -81.589773, 32.547395 ], [ -81.590318, 32.547413 ], [ -81.590842, 32.547893 ], [ -81.591387, 32.547911 ], [ -81.591366, 32.548372 ], [ -81.591912, 32.54839 ], [ -81.592457, 32.548408 ], [ -81.592436, 32.54887 ], [ -81.592981, 32.548888 ], [ -81.593526, 32.548906 ], [ -81.593505, 32.549367 ], [ -81.594051, 32.549385 ], [ -81.594596, 32.549404 ], [ -81.594575, 32.549865 ], [ -81.59512, 32.549883 ], [ -81.595666, 32.549901 ], [ -81.595644, 32.550363 ], [ -81.59619, 32.550381 ], [ -81.596735, 32.550399 ], [ -81.596714, 32.55086 ], [ -81.597259, 32.550878 ], [ -81.597805, 32.550896 ], [ -81.597783, 32.551358 ], [ -81.598329, 32.551376 ], [ -81.598874, 32.551394 ], [ -81.598853, 32.551856 ], [ -81.599398, 32.551874 ], [ -81.599377, 32.552335 ], [ -81.599922, 32.552353 ], [ -81.600468, 32.552371 ], [ -81.600447, 32.552833 ], [ -81.600992, 32.552851 ], [ -81.601516, 32.55333 ], [ -81.602062, 32.553348 ], [ -81.60204, 32.55381 ], [ -81.602586, 32.553828 ], [ -81.603131, 32.553846 ], [ -81.60311, 32.554307 ], [ -81.603655, 32.554325 ], [ -81.60418, 32.554805 ], [ -81.604725, 32.554823 ], [ -81.604704, 32.555285 ], [ -81.605249, 32.555302 ], [ -81.605795, 32.55532 ], [ -81.606864, 32.555818 ], [ -81.60741, 32.555836 ], [ -81.607955, 32.555854 ], [ -81.608501, 32.555872 ], [ -81.609046, 32.55589 ], [ -81.609592, 32.555908 ], [ -81.610116, 32.556387 ], [ -81.610661, 32.556405 ], [ -81.611207, 32.556423 ], [ -81.611752, 32.556441 ], [ -81.612298, 32.556459 ], [ -81.612843, 32.556477 ], [ -81.613367, 32.556957 ], [ -81.613913, 32.556975 ], [ -81.614458, 32.556992 ], [ -81.615004, 32.55701 ], [ -81.615549, 32.557028 ], [ -81.616095, 32.557046 ], [ -81.616073, 32.557508 ], [ -81.616619, 32.557526 ], [ -81.617164, 32.557544 ], [ -81.61771, 32.557562 ], [ -81.618255, 32.55758 ], [ -81.618801, 32.557597 ], [ -81.618779, 32.558059 ], [ -81.619325, 32.558077 ], [ -81.61987, 32.558095 ], [ -81.620416, 32.558113 ], [ -81.620961, 32.558131 ], [ -81.62094, 32.558592 ], [ -81.621486, 32.55861 ], [ -81.622031, 32.558628 ], [ -81.622577, 32.558646 ], [ -81.623122, 32.558664 ], [ -81.623101, 32.559125 ], [ -81.623646, 32.559143 ], [ -81.624192, 32.559161 ], [ -81.624737, 32.559179 ], [ -81.625283, 32.559197 ], [ -81.625262, 32.559659 ], [ -81.625807, 32.559677 ], [ -81.626353, 32.559694 ], [ -81.626898, 32.559712 ], [ -81.627422, 32.560192 ], [ -81.627968, 32.56021 ], [ -81.628513, 32.560228 ], [ -81.629059, 32.560245 ], [ -81.629583, 32.560725 ], [ -81.630129, 32.560743 ], [ -81.630674, 32.560761 ], [ -81.63122, 32.560778 ], [ -81.631744, 32.561258 ], [ -81.632289, 32.561276 ], [ -81.632835, 32.561294 ], [ -81.63338, 32.561312 ], [ -81.633905, 32.561791 ], [ -81.63445, 32.561809 ], [ -81.634996, 32.561827 ], [ -81.635541, 32.561845 ], [ -81.636087, 32.561862 ], [ -81.636632, 32.56188 ], [ -81.636611, 32.562342 ], [ -81.637157, 32.56236 ], [ -81.637702, 32.562377 ], [ -81.638247, 32.562395 ], [ -81.638793, 32.562413 ], [ -81.639338, 32.562431 ], [ -81.639884, 32.562449 ], [ -81.640429, 32.562467 ], [ -81.640408, 32.562928 ], [ -81.640954, 32.562946 ], [ -81.641499, 32.562964 ], [ -81.642045, 32.562982 ], [ -81.64259, 32.563 ], [ -81.643136, 32.563017 ], [ -81.643681, 32.563035 ], [ -81.644227, 32.563053 ], [ -81.644206, 32.563515 ], [ -81.644751, 32.563532 ], [ -81.645297, 32.56355 ], [ -81.645842, 32.563568 ], [ -81.646388, 32.563586 ], [ -81.646933, 32.563604 ], [ -81.647479, 32.563621 ], [ -81.647458, 32.564083 ], [ -81.648003, 32.564101 ], [ -81.648549, 32.564119 ], [ -81.648528, 32.56458 ], [ -81.649073, 32.564598 ], [ -81.649619, 32.564616 ], [ -81.649598, 32.565077 ], [ -81.650143, 32.565095 ], [ -81.650122, 32.565557 ], [ -81.650668, 32.565575 ], [ -81.650647, 32.566036 ], [ -81.651192, 32.566054 ], [ -81.651171, 32.566516 ], [ -81.651717, 32.566533 ], [ -81.652241, 32.567013 ], [ -81.652787, 32.56703 ], [ -81.652766, 32.567492 ], [ -81.653311, 32.56751 ], [ -81.653857, 32.567528 ], [ -81.653836, 32.567989 ], [ -81.654381, 32.568007 ], [ -81.654906, 32.568486 ], [ -81.655451, 32.568504 ], [ -81.655976, 32.568984 ], [ -81.656521, 32.569001 ], [ -81.6565, 32.569463 ], [ -81.657046, 32.569481 ], [ -81.65757, 32.56996 ], [ -81.658116, 32.569978 ], [ -81.65864, 32.570457 ], [ -81.659186, 32.570475 ], [ -81.659731, 32.570493 ], [ -81.659711, 32.570954 ], [ -81.660256, 32.570972 ], [ -81.660802, 32.57099 ], [ -81.660781, 32.571451 ], [ -81.661326, 32.571469 ], [ -81.661872, 32.571487 ], [ -81.662396, 32.571966 ], [ -81.662942, 32.571984 ], [ -81.662921, 32.572445 ], [ -81.663466, 32.572463 ], [ -81.663445, 32.572925 ], [ -81.663991, 32.572943 ], [ -81.66397, 32.573404 ], [ -81.664516, 32.573422 ], [ -81.66504, 32.573901 ], [ -81.665565, 32.574381 ], [ -81.666089, 32.57486 ], [ -81.666635, 32.574878 ], [ -81.666614, 32.575339 ], [ -81.66716, 32.575357 ], [ -81.667139, 32.575818 ], [ -81.667684, 32.575836 ], [ -81.667663, 32.576298 ], [ -81.668209, 32.576316 ], [ -81.668188, 32.576777 ], [ -81.668734, 32.576795 ], [ -81.668713, 32.577256 ], [ -81.669258, 32.577274 ], [ -81.669237, 32.577736 ], [ -81.669783, 32.577753 ], [ -81.669762, 32.578215 ], [ -81.670307, 32.578233 ], [ -81.670287, 32.578694 ], [ -81.670832, 32.578712 ], [ -81.671357, 32.579191 ], [ -81.671902, 32.579209 ], [ -81.671881, 32.579671 ], [ -81.672427, 32.579688 ], [ -81.673497, 32.580185 ], [ -81.674043, 32.580203 ], [ -81.674589, 32.580221 ], [ -81.674568, 32.580682 ], [ -81.675113, 32.5807 ], [ -81.675659, 32.580718 ], [ -81.675638, 32.581179 ], [ -81.676184, 32.581197 ], [ -81.676729, 32.581215 ], [ -81.676708, 32.581676 ], [ -81.677254, 32.581694 ], [ -81.677799, 32.581712 ], [ -81.677779, 32.582173 ], [ -81.678324, 32.582191 ], [ -81.67887, 32.582209 ], [ -81.678849, 32.58267 ], [ -81.679394, 32.582688 ], [ -81.67994, 32.582706 ], [ -81.679919, 32.583167 ], [ -81.680465, 32.583185 ], [ -81.68101, 32.583202 ], [ -81.68099, 32.583664 ], [ -81.681535, 32.583682 ], [ -81.68206, 32.584161 ], [ -81.682606, 32.584179 ], [ -81.68313, 32.584658 ], [ -81.683676, 32.584676 ], [ -81.683655, 32.585137 ], [ -81.684201, 32.585155 ], [ -81.684746, 32.585172 ], [ -81.684725, 32.585634 ], [ -81.685271, 32.585652 ], [ -81.685817, 32.585669 ], [ -81.685796, 32.586131 ], [ -81.686341, 32.586149 ], [ -81.686887, 32.586166 ], [ -81.686866, 32.586628 ], [ -81.687412, 32.586645 ], [ -81.687958, 32.586663 ], [ -81.687937, 32.587125 ], [ -81.688482, 32.587142 ], [ -81.689007, 32.587622 ], [ -81.689553, 32.587639 ], [ -81.690078, 32.588118 ], [ -81.690623, 32.588136 ], [ -81.690602, 32.588598 ], [ -81.691148, 32.588615 ], [ -81.691694, 32.588633 ], [ -81.691673, 32.589095 ], [ -81.692218, 32.589112 ], [ -81.692764, 32.58913 ], [ -81.692743, 32.589591 ], [ -81.693289, 32.589609 ], [ -81.693835, 32.589627 ], [ -81.693814, 32.590088 ], [ -81.694359, 32.590106 ], [ -81.694905, 32.590123 ], [ -81.695451, 32.590141 ], [ -81.695996, 32.590159 ], [ -81.695976, 32.59062 ], [ -81.696521, 32.590638 ], [ -81.697067, 32.590655 ], [ -81.697613, 32.590673 ], [ -81.698158, 32.590691 ], [ -81.698704, 32.590708 ], [ -81.69925, 32.590726 ], [ -81.699795, 32.590743 ], [ -81.700341, 32.590761 ], [ -81.700887, 32.590779 ], [ -81.701432, 32.590796 ], [ -81.701978, 32.590814 ], [ -81.702524, 32.590831 ], [ -81.703069, 32.590849 ], [ -81.703615, 32.590866 ], [ -81.70416, 32.590884 ], [ -81.704706, 32.590902 ], [ -81.705252, 32.590919 ], [ -81.705797, 32.590937 ], [ -81.706343, 32.590954 ], [ -81.70691, 32.59051 ], [ -81.706951, 32.589587 ], [ -81.708084, 32.588699 ], [ -81.708105, 32.588237 ], [ -81.708671, 32.587793 ], [ -81.709237, 32.587349 ], [ -81.710854, 32.587863 ], [ -81.710833, 32.588325 ] ] } },
{ "type": "Feature", "properties": { "map_file": "Eastern GeorgiaSTI.pdf", "map_url": "https://www.southern-telecom.com/content/dam/southern-telecom/pdfs/Eastern%20GeorgiaSTI.pdf", "pdf_layer": "Layers_STI_Fiber", "pen_color": "#38A800" }, "geometry": { "type": "LineString", "coordinates": [ [ -81.368685, 32.217639 ], [ -81.368663, 32.2181 ], [ -81.368641, 32.218562 ], [ -81.368618, 32.219023 ], [ -81.369162, 32.219042 ], [ -81.36914, 32.219504 ], [ -81.369095, 32.220427 ], [ -81.369616, 32.220908 ], [ -81.369594, 32.221369 ], [ -81.369572, 32.221831 ], [ -81.369549, 32.222292 ], [ -81.370071, 32.222773 ], [ -81.370048, 32.223234 ], [ -81.370004, 32.224158 ], [ -81.370525, 32.224638 ], [ -81.370503, 32.2251 ], [ -81.37048, 32.225561 ], [ -81.370436, 32.226484 ], [ -81.369758, 32.229235 ], [ -81.369736, 32.229697 ], [ -81.369714, 32.230158 ], [ -81.369692, 32.23062 ], [ -81.370101, 32.233408 ], [ -81.36999, 32.235716 ], [ -81.369968, 32.236178 ], [ -81.369945, 32.236639 ], [ -81.369923, 32.237101 ], [ -81.369901, 32.237562 ], [ -81.369878, 32.238024 ], [ -81.369856, 32.238486 ], [ -81.369834, 32.238947 ], [ -81.370377, 32.238966 ], [ -81.370355, 32.239428 ], [ -81.370333, 32.239889 ], [ -81.370854, 32.24037 ], [ -81.370832, 32.240831 ], [ -81.371353, 32.241312 ], [ -81.372374, 32.242734 ], [ -81.372917, 32.242753 ], [ -81.372895, 32.243215 ], [ -81.373438, 32.243234 ], [ -81.373416, 32.243695 ], [ -81.373938, 32.244176 ], [ -81.374459, 32.244657 ], [ -81.374437, 32.245118 ], [ -81.37498, 32.245137 ], [ -81.374958, 32.245599 ], [ -81.375502, 32.245618 ], [ -81.375479, 32.246079 ], [ -81.376001, 32.24656 ], [ -81.376522, 32.24704 ], [ -81.3765, 32.247502 ], [ -81.377021, 32.247982 ], [ -81.376999, 32.248444 ], [ -81.37752, 32.248924 ], [ -81.378042, 32.249405 ], [ -81.378019, 32.249866 ], [ -81.377997, 32.250328 ], [ -81.378541, 32.250347 ], [ -81.378519, 32.250808 ], [ -81.37904, 32.251289 ], [ -81.379018, 32.25175 ], [ -81.379539, 32.252231 ], [ -81.379517, 32.252693 ], [ -81.380038, 32.253173 ], [ -81.380016, 32.253635 ], [ -81.380537, 32.254115 ], [ -81.380515, 32.254577 ], [ -81.381059, 32.254596 ], [ -81.381037, 32.255057 ], [ -81.381014, 32.255519 ], [ -81.381536, 32.255999 ], [ -81.381514, 32.256461 ], [ -81.382057, 32.25648 ], [ -81.382035, 32.256941 ], [ -81.382013, 32.257403 ], [ -81.382557, 32.257422 ], [ -81.382534, 32.257883 ], [ -81.382512, 32.258345 ], [ -81.383056, 32.258364 ], [ -81.383034, 32.258825 ], [ -81.383011, 32.259287 ], [ -81.383555, 32.259306 ], [ -81.384076, 32.259786 ], [ -81.384598, 32.260267 ], [ -81.385641, 32.261228 ], [ -81.385619, 32.261689 ], [ -81.386162, 32.261708 ], [ -81.38614, 32.26217 ], [ -81.386684, 32.262189 ], [ -81.386662, 32.26265 ], [ -81.387205, 32.262669 ], [ -81.387183, 32.263131 ], [ -81.387727, 32.26315 ], [ -81.387705, 32.263611 ], [ -81.388248, 32.26363 ], [ -81.388226, 32.264092 ], [ -81.38877, 32.264111 ], [ -81.388748, 32.264572 ], [ -81.388726, 32.265034 ], [ -81.388703, 32.265495 ], [ -81.389247, 32.265514 ], [ -81.389225, 32.265976 ], [ -81.389203, 32.266437 ], [ -81.389181, 32.266899 ], [ -81.389158, 32.267361 ], [ -81.389114, 32.268284 ], [ -81.389092, 32.268745 ], [ -81.389635, 32.268764 ], [ -81.390723, 32.268802 ], [ -81.390701, 32.269264 ], [ -81.390679, 32.269725 ], [ -81.3912, 32.270206 ], [ -81.391178, 32.270667 ], [ -81.391134, 32.27159 ], [ -81.391067, 32.272975 ], [ -81.391045, 32.273437 ], [ -81.391023, 32.273898 ], [ -81.391, 32.27436 ], [ -81.391544, 32.274379 ], [ -81.391522, 32.27484 ], [ -81.3915, 32.275302 ], [ -81.391478, 32.275764 ], [ -81.391433, 32.276687 ], [ -81.391888, 32.278552 ], [ -81.391866, 32.279014 ], [ -81.391822, 32.279937 ], [ -81.391777, 32.28086 ], [ -81.391644, 32.283629 ], [ -81.391622, 32.284091 ], [ -81.391577, 32.285014 ], [ -81.391533, 32.285937 ], [ -81.391489, 32.286861 ], [ -81.391944, 32.288726 ], [ -81.391899, 32.289649 ], [ -81.391877, 32.290111 ], [ -81.391833, 32.291034 ], [ -81.39181, 32.291495 ], [ -81.391744, 32.29288 ], [ -81.391722, 32.293342 ], [ -81.391699, 32.293803 ], [ -81.393897, 32.293417 ], [ -81.394985, 32.293455 ], [ -81.395529, 32.293474 ], [ -81.396073, 32.293492 ], [ -81.396617, 32.293511 ], [ -81.397161, 32.29353 ], [ -81.397705, 32.293549 ], [ -81.39877, 32.294048 ], [ -81.400402, 32.294105 ], [ -81.40149, 32.294142 ], [ -81.401468, 32.294604 ], [ -81.403099, 32.29466 ], [ -81.404731, 32.294717 ], [ -81.405797, 32.295216 ], [ -81.406341, 32.295235 ], [ -81.406885, 32.295253 ], [ -81.40795, 32.295753 ], [ -81.408472, 32.296233 ], [ -81.410582, 32.297693 ], [ -81.411125, 32.297712 ], [ -81.412169, 32.298672 ], [ -81.412713, 32.298691 ], [ -81.412691, 32.299153 ], [ -81.414301, 32.29967 ], [ -81.414279, 32.300132 ], [ -81.416932, 32.301611 ], [ -81.420108, 32.303569 ], [ -81.421695, 32.304549 ], [ -81.420563, 32.305435 ], [ -81.418799, 32.308148 ], [ -81.418233, 32.308591 ], [ -81.417667, 32.309034 ], [ -81.417623, 32.309957 ], [ -81.418078, 32.311822 ], [ -81.418556, 32.313225 ], [ -81.419078, 32.313706 ], [ -81.420078, 32.31559 ], [ -81.420056, 32.316051 ], [ -81.420534, 32.317455 ], [ -81.421555, 32.318877 ], [ -81.422033, 32.32028 ], [ -81.422011, 32.320742 ], [ -81.421989, 32.321204 ], [ -81.422511, 32.321684 ], [ -81.422989, 32.323087 ], [ -81.423511, 32.323568 ], [ -81.424011, 32.32451 ], [ -81.424467, 32.326375 ], [ -81.424445, 32.326836 ], [ -81.425467, 32.328259 ], [ -81.425445, 32.32872 ], [ -81.425423, 32.329182 ], [ -81.425945, 32.329662 ], [ -81.425923, 32.330124 ], [ -81.425857, 32.331508 ], [ -81.425813, 32.332432 ], [ -81.425725, 32.334278 ], [ -81.42568, 32.335201 ], [ -81.425658, 32.335663 ], [ -81.425636, 32.336124 ], [ -81.425614, 32.336586 ], [ -81.426114, 32.337528 ], [ -81.42607, 32.338451 ], [ -81.426548, 32.339855 ], [ -81.426982, 32.342181 ], [ -81.427482, 32.343123 ], [ -81.428461, 32.345468 ], [ -81.428939, 32.346872 ], [ -81.429417, 32.348275 ], [ -81.429373, 32.349199 ], [ -81.429895, 32.349679 ], [ -81.429873, 32.35014 ], [ -81.429851, 32.350602 ], [ -81.430373, 32.351082 ], [ -81.430895, 32.351563 ], [ -81.430873, 32.352024 ], [ -81.431396, 32.352504 ], [ -81.43194, 32.352523 ], [ -81.432462, 32.353003 ], [ -81.433506, 32.353964 ], [ -81.433484, 32.354426 ], [ -81.434029, 32.354444 ], [ -81.434529, 32.355386 ], [ -81.435073, 32.355405 ], [ -81.435051, 32.355866 ], [ -81.435595, 32.355885 ], [ -81.435573, 32.356347 ], [ -81.435551, 32.356808 ], [ -81.436074, 32.357288 ], [ -81.436052, 32.35775 ], [ -81.436552, 32.358692 ], [ -81.436508, 32.359615 ], [ -81.436464, 32.360538 ], [ -81.436942, 32.361942 ], [ -81.437443, 32.362884 ], [ -81.437421, 32.363345 ], [ -81.437399, 32.363807 ], [ -81.437943, 32.363825 ], [ -81.437921, 32.364287 ], [ -81.438443, 32.364767 ], [ -81.438421, 32.365229 ], [ -81.439444, 32.366651 ], [ -81.440489, 32.367611 ], [ -81.440989, 32.368553 ], [ -81.441511, 32.369034 ], [ -81.442034, 32.369514 ], [ -81.442578, 32.369532 ], [ -81.442556, 32.369994 ], [ -81.4431, 32.370013 ], [ -81.443623, 32.370493 ], [ -81.444712, 32.37053 ], [ -81.445756, 32.371491 ], [ -81.446301, 32.371509 ], [ -81.447368, 32.372008 ], [ -81.44789, 32.372488 ], [ -81.448434, 32.372507 ], [ -81.448957, 32.372987 ], [ -81.449501, 32.373006 ], [ -81.450546, 32.373966 ], [ -81.451591, 32.374926 ], [ -81.452135, 32.374945 ], [ -81.452658, 32.375425 ], [ -81.45318, 32.375905 ], [ -81.453703, 32.376386 ], [ -81.454203, 32.377327 ], [ -81.454726, 32.377808 ], [ -81.454704, 32.378269 ], [ -81.455226, 32.378749 ], [ -81.455749, 32.37923 ], [ -81.456816, 32.379728 ], [ -81.457338, 32.380208 ], [ -81.457316, 32.38067 ], [ -81.457861, 32.380689 ], [ -81.457839, 32.38115 ], [ -81.458383, 32.381169 ], [ -81.458906, 32.381649 ], [ -81.45945, 32.381668 ], [ -81.459994, 32.381686 ], [ -81.460539, 32.381705 ], [ -81.461083, 32.381723 ], [ -81.461606, 32.382203 ], [ -81.462695, 32.382241 ], [ -81.463239, 32.382259 ], [ -81.464306, 32.382758 ], [ -81.465373, 32.383256 ], [ -81.467529, 32.383792 ], [ -81.468073, 32.383811 ], [ -81.468052, 32.384272 ], [ -81.468596, 32.384291 ], [ -81.46914, 32.384309 ], [ -81.469119, 32.384771 ], [ -81.469663, 32.38479 ], [ -81.469641, 32.385251 ], [ -81.470186, 32.38527 ], [ -81.470164, 32.385731 ], [ -81.471231, 32.38623 ], [ -81.471732, 32.387172 ], [ -81.472777, 32.388132 ], [ -81.473822, 32.389092 ], [ -81.4738, 32.389554 ], [ -81.474345, 32.389572 ], [ -81.474323, 32.390034 ], [ -81.474846, 32.390514 ], [ -81.475368, 32.390994 ], [ -81.475891, 32.391474 ], [ -81.476413, 32.391954 ], [ -81.478003, 32.392933 ], [ -81.477982, 32.393394 ], [ -81.478526, 32.393413 ], [ -81.479049, 32.393893 ], [ -81.479571, 32.394373 ], [ -81.47955, 32.394835 ], [ -81.480094, 32.394853 ], [ -81.480617, 32.395333 ], [ -81.481684, 32.395832 ], [ -81.483274, 32.396811 ], [ -81.484886, 32.397328 ], [ -81.485953, 32.397826 ], [ -81.486497, 32.397844 ], [ -81.48702, 32.398325 ], [ -81.487565, 32.398343 ], [ -81.48861, 32.399303 ], [ -81.489155, 32.399322 ], [ -81.489699, 32.39934 ], [ -81.489678, 32.399802 ], [ -81.490222, 32.39982 ], [ -81.4902, 32.400282 ], [ -81.490723, 32.400762 ], [ -81.493315, 32.403623 ], [ -81.493816, 32.404565 ], [ -81.493272, 32.404547 ], [ -81.492139, 32.405433 ], [ -81.491573, 32.405876 ], [ -81.491028, 32.405858 ], [ -81.491007, 32.406319 ], [ -81.490462, 32.406301 ], [ -81.489874, 32.407206 ], [ -81.489831, 32.408129 ], [ -81.489264, 32.408572 ], [ -81.489242, 32.409034 ], [ -81.489221, 32.409495 ], [ -81.489199, 32.409957 ], [ -81.488654, 32.409938 ], [ -81.488633, 32.4104 ], [ -81.488611, 32.410861 ], [ -81.488567, 32.411785 ], [ -81.488524, 32.412708 ], [ -81.488437, 32.414554 ], [ -81.488415, 32.415016 ], [ -81.488393, 32.415477 ], [ -81.487849, 32.415459 ], [ -81.487282, 32.415902 ], [ -81.48726, 32.416364 ], [ -81.486716, 32.416345 ], [ -81.486149, 32.416788 ], [ -81.48506, 32.416752 ], [ -81.484494, 32.417195 ], [ -81.483927, 32.417638 ], [ -81.483906, 32.418099 ], [ -81.483361, 32.418081 ], [ -81.482795, 32.418524 ], [ -81.481683, 32.418949 ], [ -81.481662, 32.41941 ], [ -81.48164, 32.419872 ], [ -81.481618, 32.420333 ], [ -81.48103, 32.421238 ], [ -81.480986, 32.422161 ], [ -81.479221, 32.424875 ], [ -81.4792, 32.425337 ], [ -81.478655, 32.425319 ], [ -81.478633, 32.42578 ], [ -81.478611, 32.426242 ], [ -81.478067, 32.426223 ], [ -81.478045, 32.426685 ], [ -81.4775, 32.426666 ], [ -81.476934, 32.427109 ], [ -81.476389, 32.427091 ], [ -81.476367, 32.427553 ], [ -81.475822, 32.427534 ], [ -81.475801, 32.427996 ], [ -81.475779, 32.428457 ], [ -81.475212, 32.4289 ], [ -81.47519, 32.429362 ], [ -81.475735, 32.42938 ], [ -81.475713, 32.429842 ], [ -81.476258, 32.429861 ], [ -81.476236, 32.430322 ], [ -81.476781, 32.430341 ], [ -81.476759, 32.430802 ], [ -81.477304, 32.430821 ], [ -81.477848, 32.430839 ], [ -81.477827, 32.431301 ], [ -81.478872, 32.432261 ], [ -81.478851, 32.432723 ], [ -81.479395, 32.432741 ], [ -81.479374, 32.433203 ], [ -81.478829, 32.433184 ], [ -81.478807, 32.433646 ], [ -81.478785, 32.434107 ], [ -81.478197, 32.435012 ], [ -81.477543, 32.437302 ], [ -81.477521, 32.437763 ], [ -81.476955, 32.438206 ], [ -81.476933, 32.438668 ], [ -81.476344, 32.439573 ], [ -81.475168, 32.441382 ], [ -81.474013, 32.44273 ], [ -81.473991, 32.443191 ], [ -81.473402, 32.444096 ], [ -81.472225, 32.445905 ], [ -81.47046, 32.448619 ], [ -81.469871, 32.449524 ], [ -81.469283, 32.450429 ], [ -81.468694, 32.451333 ], [ -81.468106, 32.452238 ], [ -81.470154, 32.455082 ], [ -81.470655, 32.456023 ], [ -81.471156, 32.456965 ], [ -81.47218, 32.458387 ], [ -81.472681, 32.459328 ], [ -81.473204, 32.459809 ], [ -81.473727, 32.460289 ], [ -81.473706, 32.46075 ], [ -81.473684, 32.461212 ], [ -81.474229, 32.46123 ], [ -81.474207, 32.461692 ], [ -81.47473, 32.462172 ], [ -81.475231, 32.463114 ], [ -81.475754, 32.463594 ], [ -81.476255, 32.464535 ], [ -81.476233, 32.464997 ], [ -81.476756, 32.465477 ], [ -81.476735, 32.465939 ], [ -81.477258, 32.466419 ], [ -81.477781, 32.466899 ], [ -81.477759, 32.467361 ], [ -81.478282, 32.467841 ], [ -81.478805, 32.468321 ], [ -81.478783, 32.468782 ], [ -81.479285, 32.469724 ], [ -81.479808, 32.470204 ], [ -81.479786, 32.470666 ], [ -81.480309, 32.471146 ], [ -81.48081, 32.472087 ], [ -81.481333, 32.472567 ], [ -81.481835, 32.473509 ], [ -81.481813, 32.473971 ], [ -81.482358, 32.473989 ], [ -81.482859, 32.474931 ], [ -81.483339, 32.476334 ], [ -81.484887, 32.478236 ], [ -81.484865, 32.478697 ], [ -81.485911, 32.479658 ], [ -81.485889, 32.480119 ], [ -81.486413, 32.480599 ], [ -81.486391, 32.481061 ], [ -81.487939, 32.482963 ], [ -81.489465, 32.485326 ], [ -81.489443, 32.485787 ], [ -81.489988, 32.485806 ], [ -81.489966, 32.486267 ], [ -81.491492, 32.488631 ], [ -81.491471, 32.489092 ], [ -81.491994, 32.489572 ], [ -81.493542, 32.491474 ], [ -81.49352, 32.491936 ], [ -81.494545, 32.493357 ], [ -81.494523, 32.493819 ], [ -81.495047, 32.494299 ], [ -81.49557, 32.494779 ], [ -81.495548, 32.49524 ], [ -81.495527, 32.495702 ], [ -81.49605, 32.496182 ], [ -81.496573, 32.496662 ], [ -81.497053, 32.498065 ], [ -81.497598, 32.498084 ], [ -81.497576, 32.498545 ], [ -81.4981, 32.499025 ], [ -81.498601, 32.499967 ], [ -81.499125, 32.500447 ], [ -81.499648, 32.500927 ], [ -81.499626, 32.501388 ], [ -81.50015, 32.501868 ], [ -81.500673, 32.502348 ], [ -81.500652, 32.50281 ], [ -81.501175, 32.50329 ], [ -81.50172, 32.503308 ], [ -81.502745, 32.50473 ], [ -81.503269, 32.50521 ], [ -81.503792, 32.50569 ], [ -81.504315, 32.50617 ], [ -81.504839, 32.50665 ], [ -81.505886, 32.50761 ], [ -81.506933, 32.50857 ], [ -81.507478, 32.508588 ], [ -81.507456, 32.50905 ], [ -81.508525, 32.509548 ], [ -81.50907, 32.509566 ], [ -81.509048, 32.510028 ], [ -81.509593, 32.510046 ], [ -81.510138, 32.510065 ], [ -81.510117, 32.510526 ], [ -81.510662, 32.510544 ], [ -81.511185, 32.511024 ], [ -81.511731, 32.511043 ], [ -81.512276, 32.511061 ], [ -81.512254, 32.511523 ], [ -81.512799, 32.511541 ], [ -81.513323, 32.512021 ], [ -81.513846, 32.512501 ], [ -81.51437, 32.512981 ], [ -81.514915, 32.512999 ], [ -81.514893, 32.513461 ], [ -81.515439, 32.513479 ], [ -81.517052, 32.513996 ], [ -81.517031, 32.514457 ], [ -81.517576, 32.514476 ], [ -81.5181, 32.514956 ], [ -81.519168, 32.515454 ], [ -81.519713, 32.515472 ], [ -81.520237, 32.515952 ], [ -81.520782, 32.51597 ], [ -81.521327, 32.515989 ], [ -81.521306, 32.51645 ], [ -81.521851, 32.516468 ], [ -81.522396, 32.516487 ], [ -81.522375, 32.516948 ], [ -81.523465, 32.516985 ], [ -81.523443, 32.517447 ], [ -81.523989, 32.517465 ], [ -81.524534, 32.517483 ], [ -81.524512, 32.517945 ], [ -81.525057, 32.517963 ], [ -81.525603, 32.517981 ], [ -81.525581, 32.518443 ], [ -81.526126, 32.518461 ], [ -81.526671, 32.51848 ], [ -81.52665, 32.518941 ], [ -81.52774, 32.518978 ], [ -81.527719, 32.519439 ], [ -81.528264, 32.519458 ], [ -81.528809, 32.519476 ], [ -81.528787, 32.519937 ], [ -81.529333, 32.519956 ], [ -81.529311, 32.520417 ] ] } },
{ "type": "Feature", "properties": { "map_file": "Eastern GeorgiaSTI.pdf", "map_url": "https://www.southern-telecom.com/content/dam/southern-telecom/pdfs/Eastern%20GeorgiaSTI.pdf", "pdf_layer": "Layers_STI_Fiber", "pen_color": "#38A800" }, "geometry": { "type": "LineString", "coordinates": [ [ -81.23575, 32.241606 ], [ -81.236293, 32.241626 ], [ -81.23686, 32.241184 ], [ -81.236883, 32.240722 ], [ -81.237426, 32.240742 ], [ -81.237993, 32.2403 ], [ -81.238559, 32.239858 ], [ -81.239103, 32.239877 ], [ -81.239126, 32.239415 ], [ -81.240236, 32.238993 ], [ -81.240259, 32.238531 ], [ -81.240803, 32.238551 ], [ -81.241935, 32.237666 ], [ -81.242479, 32.237686 ], [ -81.242502, 32.237224 ], [ -81.243068, 32.236782 ], [ -81.243635, 32.23634 ], [ -81.244745, 32.235917 ], [ -81.244768, 32.235456 ], [ -81.245311, 32.235475 ], [ -81.245901, 32.234572 ], [ -81.246444, 32.234591 ], [ -81.246467, 32.23413 ], [ -81.247034, 32.233687 ], [ -81.248144, 32.233265 ], [ -81.248166, 32.232803 ], [ -81.24871, 32.232823 ], [ -81.249276, 32.23238 ], [ -81.24982, 32.2324 ], [ -81.249843, 32.231938 ], [ -81.250386, 32.231958 ], [ -81.250953, 32.231516 ], [ -81.251496, 32.231535 ], [ -81.252063, 32.231093 ], [ -81.252629, 32.230651 ], [ -81.253195, 32.230209 ], [ -81.253739, 32.230228 ], [ -81.253762, 32.229766 ], [ -81.254872, 32.229344 ], [ -81.254894, 32.228882 ], [ -81.256004, 32.228459 ], [ -81.257137, 32.227575 ], [ -81.25827, 32.226691 ], [ -81.259379, 32.226268 ], [ -81.259402, 32.225806 ], [ -81.260512, 32.225384 ], [ -81.260535, 32.224922 ], [ -81.261101, 32.22448 ], [ -81.261645, 32.224499 ], [ -81.262211, 32.224057 ], [ -81.262777, 32.223615 ], [ -81.263321, 32.223634 ], [ -81.263344, 32.223173 ], [ -81.262823, 32.222692 ], [ -81.262846, 32.22223 ], [ -81.262302, 32.222211 ], [ -81.262325, 32.221749 ], [ -81.261827, 32.220807 ], [ -81.261284, 32.220787 ], [ -81.261306, 32.220326 ], [ -81.260786, 32.219845 ], [ -81.260809, 32.219383 ], [ -81.261352, 32.219403 ], [ -81.262462, 32.21898 ], [ -81.262485, 32.218518 ], [ -81.263028, 32.218538 ], [ -81.263594, 32.218096 ], [ -81.264138, 32.218115 ], [ -81.264704, 32.217673 ], [ -81.26527, 32.21723 ], [ -81.265837, 32.216788 ], [ -81.26638, 32.216808 ], [ -81.266946, 32.216365 ], [ -81.267512, 32.215923 ], [ -81.268056, 32.215943 ], [ -81.268622, 32.2155 ], [ -81.269188, 32.215058 ], [ -81.270298, 32.214635 ], [ -81.270864, 32.214193 ], [ -81.271974, 32.21377 ], [ -81.27254, 32.213328 ], [ -81.273083, 32.213347 ], [ -81.27365, 32.212905 ], [ -81.274193, 32.212924 ], [ -81.276389, 32.21254 ], [ -81.276412, 32.212079 ], [ -81.276956, 32.212098 ], [ -81.277499, 32.212117 ], [ -81.278609, 32.211694 ], [ -81.279152, 32.211714 ], [ -81.279718, 32.211271 ], [ -81.280805, 32.21131 ], [ -81.281348, 32.211329 ], [ -81.281371, 32.210868 ], [ -81.281915, 32.210887 ], [ -81.282458, 32.210906 ], [ -81.282481, 32.210445 ], [ -81.283024, 32.210464 ], [ -81.28359, 32.210022 ], [ -81.283613, 32.20956 ], [ -81.285877, 32.207791 ], [ -81.286443, 32.207349 ], [ -81.286466, 32.206887 ], [ -81.287009, 32.206906 ], [ -81.287032, 32.206445 ], [ -81.287598, 32.206003 ], [ -81.287621, 32.205541 ], [ -81.287644, 32.205079 ], [ -81.287666, 32.204618 ], [ -81.287689, 32.204156 ], [ -81.287712, 32.203695 ], [ -81.287757, 32.202772 ], [ -81.28778, 32.20231 ], [ -81.287282, 32.201368 ], [ -81.287304, 32.200906 ], [ -81.287327, 32.200444 ], [ -81.28735, 32.199983 ] ] } },
{ "type": "Feature", "properties": { "map_file": "Eastern GeorgiaSTI.pdf", "map_url": "https://www.southern-telecom.com/content/dam/southern-telecom/pdfs/Eastern%20GeorgiaSTI.pdf", "pdf_layer": "Layers_STI_Fiber", "pen_color": "#38A800" }, "geometry": { "type": "LineString", "coordinates": [ [ -81.210353, 32.248554 ], [ -81.210874, 32.249036 ], [ -81.211915, 32.249998 ], [ -81.212435, 32.250479 ], [ -81.212458, 32.250017 ], [ -81.213002, 32.250037 ], [ -81.213546, 32.250057 ], [ -81.213569, 32.249595 ], [ -81.214112, 32.249615 ], [ -81.215223, 32.249192 ], [ -81.215246, 32.248731 ], [ -81.215789, 32.24875 ], [ -81.216356, 32.248308 ], [ -81.2169, 32.248328 ], [ -81.216923, 32.247866 ], [ -81.217466, 32.247886 ], [ -81.21801, 32.247905 ], [ -81.218554, 32.247925 ], [ -81.21912, 32.247483 ], [ -81.219664, 32.247502 ], [ -81.221861, 32.247119 ], [ -81.222948, 32.247158 ], [ -81.223492, 32.247178 ], [ -81.224059, 32.246736 ], [ -81.224602, 32.246755 ], [ -81.22569, 32.246794 ], [ -81.226233, 32.246814 ], [ -81.2268, 32.246372 ], [ -81.227343, 32.246391 ], [ -81.228454, 32.245969 ], [ -81.228997, 32.245988 ], [ -81.22902, 32.245526 ], [ -81.229564, 32.245546 ], [ -81.229587, 32.245084 ], [ -81.230674, 32.245123 ], [ -81.230697, 32.244662 ], [ -81.23124, 32.244681 ], [ -81.231807, 32.244239 ], [ -81.232351, 32.244259 ], [ -81.232917, 32.243817 ], [ -81.23294, 32.243355 ], [ -81.23405, 32.242933 ], [ -81.234617, 32.242491 ], [ -81.23516, 32.24251 ], [ -81.235727, 32.242068 ], [ -81.23575, 32.241606 ], [ -81.23575, 32.241606 ] ] } },
{ "type": "Feature", "properties": { "map_file": "Eastern GeorgiaSTI.pdf", "map_url": "https://www.southern-telecom.com/content/dam/southern-telecom/pdfs/Eastern%20GeorgiaSTI.pdf", "pdf_layer": "Layers_STI_Fiber", "pen_color": "#38A800" }, "geometry": { "type": "LineString", "coordinates": [ [ -81.28127, 32.279296 ], [ -81.281791, 32.279777 ], [ -81.281768, 32.280238 ], [ -81.281224, 32.280219 ], [ -81.281202, 32.280681 ], [ -81.281746, 32.2807 ], [ -81.281723, 32.281161 ], [ -81.2817, 32.281623 ], [ -81.281134, 32.282065 ], [ -81.281111, 32.282527 ], [ -81.281088, 32.282988 ], [ -81.281065, 32.28345 ], [ -81.281043, 32.283912 ], [ -81.280499, 32.283892 ], [ -81.280476, 32.284354 ], [ -81.279932, 32.284335 ], [ -81.278232, 32.285661 ], [ -81.277122, 32.286084 ], [ -81.276555, 32.286527 ], [ -81.276533, 32.286988 ], [ -81.275989, 32.286969 ], [ -81.275445, 32.286949 ], [ -81.274901, 32.28693 ], [ -81.274357, 32.286911 ], [ -81.274335, 32.287372 ], [ -81.273791, 32.287353 ], [ -81.272771, 32.28593 ], [ -81.271185, 32.284949 ], [ -81.269645, 32.283044 ], [ -81.268082, 32.281601 ], [ -81.267561, 32.281121 ], [ -81.26704, 32.28064 ], [ -81.266519, 32.280159 ], [ -81.264956, 32.278716 ], [ -81.264435, 32.278235 ], [ -81.263868, 32.278677 ], [ -81.263325, 32.278658 ], [ -81.262804, 32.278177 ], [ -81.262849, 32.277254 ], [ -81.262305, 32.277234 ], [ -81.262328, 32.276773 ], [ -81.261784, 32.276753 ], [ -81.261264, 32.276272 ], [ -81.260743, 32.275791 ], [ -81.260199, 32.275772 ], [ -81.259678, 32.275291 ], [ -81.259157, 32.27481 ], [ -81.258613, 32.274791 ], [ -81.258092, 32.27431 ], [ -81.258115, 32.273848 ], [ -81.257571, 32.273829 ], [ -81.255986, 32.272847 ], [ -81.255465, 32.272366 ], [ -81.254944, 32.271885 ], [ -81.252294, 32.270404 ], [ -81.25175, 32.270384 ], [ -81.250708, 32.269422 ], [ -81.250187, 32.268941 ], [ -81.249123, 32.268441 ], [ -81.248602, 32.26796 ], [ -81.247017, 32.266978 ], [ -81.245952, 32.266478 ], [ -81.245975, 32.266016 ], [ -81.245431, 32.265997 ], [ -81.24491, 32.265516 ], [ -81.243869, 32.264554 ], [ -81.243348, 32.264073 ], [ -81.242329, 32.262649 ], [ -81.241288, 32.261687 ], [ -81.240744, 32.261668 ], [ -81.240767, 32.261206 ], [ -81.240223, 32.261187 ], [ -81.240246, 32.260725 ], [ -81.239702, 32.260706 ], [ -81.238638, 32.260205 ], [ -81.237573, 32.259705 ], [ -81.237053, 32.259224 ], [ -81.236509, 32.259204 ], [ -81.236532, 32.258743 ], [ -81.235468, 32.258242 ], [ -81.234403, 32.257742 ], [ -81.236126, 32.255954 ], [ -81.23667, 32.255973 ], [ -81.236693, 32.255512 ], [ -81.237236, 32.255531 ], [ -81.237803, 32.255089 ], [ -81.238346, 32.255109 ], [ -81.240023, 32.254244 ], [ -81.241134, 32.253821 ], [ -81.240636, 32.252879 ], [ -81.240092, 32.252859 ], [ -81.239617, 32.251455 ], [ -81.239096, 32.250974 ], [ -81.24134, 32.249667 ], [ -81.241883, 32.249686 ], [ -81.241906, 32.249225 ], [ -81.241929, 32.248763 ], [ -81.240865, 32.248263 ], [ -81.240888, 32.247801 ], [ -81.240367, 32.24732 ], [ -81.239846, 32.246839 ], [ -81.238307, 32.244935 ], [ -81.23781, 32.243992 ], [ -81.236791, 32.242568 ], [ -81.236248, 32.242549 ], [ -81.236271, 32.242087 ], [ -81.23575, 32.241606 ], [ -81.23575, 32.241606 ] ] } },
{ "type": "Feature", "properties": { "map_file": "Eastern GeorgiaSTI.pdf", "map_url": "https://www.southern-telecom.com/content/dam/southern-telecom/pdfs/Eastern%20GeorgiaSTI.pdf", "pdf_layer": "Layers_STI_Fiber", "pen_color": "#38A800" }, "geometry": { "type": "LineString", "coordinates": [ [ -81.28735, 32.199983 ], [ -81.28787, 32.200464 ], [ -81.288414, 32.200483 ], [ -81.288934, 32.200964 ], [ -81.289478, 32.200983 ], [ -81.290044, 32.200541 ], [ -81.290587, 32.20056 ], [ -81.291131, 32.200579 ], [ -81.291153, 32.200118 ], [ -81.291697, 32.200137 ], [ -81.292738, 32.201099 ], [ -81.293304, 32.200656 ], [ -81.293304, 32.200656 ] ] } },
{ "type": "Feature", "properties": { "map_file": "Eastern GeorgiaSTI.pdf", "map_url": "https://www.southern-telecom.com/content/dam/southern-telecom/pdfs/Eastern%20GeorgiaSTI.pdf", "pdf_layer": "Layers_STI_Fiber", "pen_color": "#38A800" }, "geometry": { "type": "LineString", "coordinates": [ [ -81.281509, 32.197001 ], [ -81.281486, 32.197463 ], [ -81.28203, 32.197482 ], [ -81.283637, 32.198002 ], [ -81.284158, 32.198482 ], [ -81.284701, 32.198502 ], [ -81.285765, 32.199002 ], [ -81.28735, 32.199983 ] ] } },
{ "type": "Feature", "properties": { "map_file": "Eastern GeorgiaSTI.pdf", "map_url": "https://www.southern-telecom.com/content/dam/southern-telecom/pdfs/Eastern%20GeorgiaSTI.pdf", "pdf_layer": "Layers_STI_Fiber", "pen_color": "#38A800" }, "geometry": { "type": "LineString", "coordinates": [ [ -81.473706, 32.46075 ], [ -81.473139, 32.461193 ], [ -81.472594, 32.461175 ], [ -81.472616, 32.460713 ], [ -81.472049, 32.461156 ], [ -81.471504, 32.461138 ], [ -81.471526, 32.460676 ], [ -81.470981, 32.460658 ], [ -81.468802, 32.460584 ], [ -81.467712, 32.460547 ], [ -81.467167, 32.460528 ], [ -81.465554, 32.460011 ], [ -81.46392, 32.459955 ], [ -81.461195, 32.459862 ], [ -81.459038, 32.459326 ], [ -81.457948, 32.459289 ], [ -81.456858, 32.459252 ], [ -81.455769, 32.459215 ], [ -81.454134, 32.459159 ], [ -81.450887, 32.458586 ], [ -81.450342, 32.458567 ], [ -81.449797, 32.458549 ], [ -81.449252, 32.45853 ], [ -81.448729, 32.45805 ], [ -81.448185, 32.458031 ], [ -81.447117, 32.457533 ], [ -81.445504, 32.457015 ], [ -81.444959, 32.456997 ], [ -81.444415, 32.456978 ], [ -81.44387, 32.456959 ], [ -81.443325, 32.456941 ], [ -81.44278, 32.456922 ], [ -81.442235, 32.456903 ], [ -81.44169, 32.456885 ], [ -81.440601, 32.456847 ], [ -81.440056, 32.456829 ], [ -81.439511, 32.45681 ], [ -81.438944, 32.457253 ], [ -81.438399, 32.457234 ], [ -81.437855, 32.457216 ], [ -81.43731, 32.457197 ], [ -81.437288, 32.457659 ], [ -81.436743, 32.45764 ], [ -81.436721, 32.458102 ], [ -81.436154, 32.458545 ], [ -81.435609, 32.458526 ], [ -81.435587, 32.458988 ], [ -81.435042, 32.458969 ], [ -81.43502, 32.45943 ], [ -81.434475, 32.459412 ], [ -81.433908, 32.459855 ], [ -81.432797, 32.460279 ], [ -81.43223, 32.460722 ], [ -81.431685, 32.460703 ], [ -81.431118, 32.461146 ], [ -81.430573, 32.461127 ], [ -81.430551, 32.461589 ], [ -81.429461, 32.461552 ], [ -81.428894, 32.461994 ], [ -81.427238, 32.4624 ], [ -81.426671, 32.462843 ], [ -81.423335, 32.464115 ], [ -81.422223, 32.464539 ], [ -81.421678, 32.464521 ], [ -81.421111, 32.464964 ], [ -81.42, 32.465388 ], [ -81.419433, 32.465831 ], [ -81.418888, 32.465812 ], [ -81.418866, 32.466273 ], [ -81.418321, 32.466255 ], [ -81.418299, 32.466716 ], [ -81.417754, 32.466698 ], [ -81.416642, 32.467122 ], [ -81.416075, 32.467564 ], [ -81.416053, 32.468026 ], [ -81.415486, 32.468469 ], [ -81.414352, 32.469355 ], [ -81.412673, 32.470221 ], [ -81.412105, 32.470664 ], [ -81.411538, 32.471107 ], [ -81.410404, 32.471993 ], [ -81.409837, 32.472436 ], [ -81.409815, 32.472897 ], [ -81.41036, 32.472916 ], [ -81.410338, 32.473377 ], [ -81.410861, 32.473858 ], [ -81.411383, 32.474338 ], [ -81.411361, 32.4748 ], [ -81.411906, 32.474819 ], [ -81.411884, 32.47528 ], [ -81.411884, 32.47528 ] ] } },
{ "type": "Feature", "properties": { "map_file": "Eastern GeorgiaSTI.pdf", "map_url": "https://www.southern-telecom.com/content/dam/southern-telecom/pdfs/Eastern%20GeorgiaSTI.pdf", "pdf_layer": "Layers_STI_Fiber", "pen_color": "#38A800" }, "geometry": { "type": "LineString", "coordinates": [ [ -81.411095, 32.480339 ], [ -81.41055, 32.48032 ], [ -81.41005, 32.479378 ], [ -81.410595, 32.479397 ], [ -81.408526, 32.477014 ], [ -81.411884, 32.47528 ] ] } },
{ "type": "Feature", "properties": { "map_file": "Eastern GeorgiaSTI.pdf", "map_url": "https://www.southern-telecom.com/content/dam/southern-telecom/pdfs/Eastern%20GeorgiaSTI.pdf", "pdf_layer": "Layers_STI_Fiber", "pen_color": "#38A800" }, "geometry": { "type": "LineString", "coordinates": [ [ -81.633549, 32.557619 ], [ -81.63357, 32.557157 ], [ -81.634116, 32.557175 ], [ -81.634095, 32.557637 ], [ -81.634073, 32.558098 ], [ -81.634052, 32.55856 ], [ -81.633507, 32.558542 ], [ -81.633486, 32.559004 ], [ -81.63294, 32.558986 ], [ -81.632919, 32.559447 ], [ -81.632374, 32.559429 ], [ -81.632898, 32.559909 ], [ -81.632289, 32.561276 ] ] } },
{ "type": "Feature", "properties": { "map_file": "Eastern GeorgiaSTI.pdf", "map_url": "https://www.southern-telecom.com/content/dam/southern-telecom/pdfs/Eastern%20GeorgiaSTI.pdf", "pdf_layer": "Layers_STI_Fiber", "pen_color": "#38A800" }, "geometry": { "type": "LineString", "coordinates": [ [ -81.699795, 32.590743 ], [ -81.699795, 32.590743 ] ] } },
{ "type": "Feature", "properties": { "map_file": "Eastern GeorgiaSTI.pdf", "map_url": "https://www.southern-telecom.com/content/dam/southern-telecom/pdfs/Eastern%20GeorgiaSTI.pdf", "pdf_layer": "Layers_STI_Fiber", "pen_color": "#38A800" }, "geometry": { "type": "LineString", "coordinates": [ [ -81.740205, 32.603596 ], [ -81.739618, 32.604502 ], [ -81.737878, 32.606758 ] ] } },
{ "type": "Feature", "properties": { "map_file": "Eastern GeorgiaSTI.pdf", "map_url": "https://www.southern-telecom.com/content/dam/southern-telecom/pdfs/Eastern%20GeorgiaSTI.pdf", "pdf_layer": "Layers_STI_Fiber", "pen_color": "#38A800" }, "geometry": { "type": "LineString", "coordinates": [ [ -81.65984, 32.748473 ], [ -81.660387, 32.748491 ], [ -81.660408, 32.74803 ], [ -81.660429, 32.747568 ], [ -81.66045, 32.747106 ], [ -81.660471, 32.746645 ], [ -81.660492, 32.746183 ], [ -81.660513, 32.745722 ], [ -81.659966, 32.745704 ], [ -81.659987, 32.745242 ], [ -81.660008, 32.744781 ], [ -81.659462, 32.744763 ], [ -81.659483, 32.744301 ], [ -81.659504, 32.74384 ], [ -81.658978, 32.74336 ], [ -81.658999, 32.742899 ], [ -81.658474, 32.742419 ], [ -81.658495, 32.741958 ], [ -81.658516, 32.741496 ], [ -81.657969, 32.741479 ], [ -81.65799, 32.741017 ], [ -81.658011, 32.740555 ], [ -81.657465, 32.740538 ], [ -81.657486, 32.740076 ], [ -81.657507, 32.739614 ], [ -81.657528, 32.739153 ], [ -81.656981, 32.739135 ], [ -81.657002, 32.738673 ], [ -81.657023, 32.738212 ], [ -81.656498, 32.737733 ], [ -81.656519, 32.737271 ], [ -81.65654, 32.736809 ], [ -81.655993, 32.736792 ], [ -81.656014, 32.73633 ], [ -81.656035, 32.735868 ], [ -81.656057, 32.735407 ], [ -81.65551, 32.735389 ], [ -81.655531, 32.734927 ], [ -81.655552, 32.734466 ], [ -81.655573, 32.734004 ], [ -81.655027, 32.733987 ], [ -81.655048, 32.733525 ], [ -81.655069, 32.733063 ], [ -81.654543, 32.732584 ], [ -81.654564, 32.732122 ], [ -81.654585, 32.731661 ], [ -81.654606, 32.731199 ], [ -81.654627, 32.730738 ], [ -81.654081, 32.73072 ], [ -81.654102, 32.730258 ], [ -81.654123, 32.729797 ], [ -81.654669, 32.729814 ], [ -81.654691, 32.729353 ], [ -81.654712, 32.728891 ], [ -81.654733, 32.72843 ], [ -81.654754, 32.727968 ], [ -81.654775, 32.727506 ], [ -81.655321, 32.727524 ], [ -81.655868, 32.727542 ], [ -81.656414, 32.72756 ], [ -81.65696, 32.727578 ], [ -81.656981, 32.727116 ], [ -81.657528, 32.727134 ], [ -81.658074, 32.727151 ], [ -81.658621, 32.727169 ], [ -81.658642, 32.726708 ], [ -81.658095, 32.72669 ], [ -81.658116, 32.726228 ], [ -81.658137, 32.725767 ], [ -81.658158, 32.725305 ], [ -81.658179, 32.724843 ], [ -81.6582, 32.724382 ], [ -81.657654, 32.724364 ], [ -81.657675, 32.723903 ], [ -81.657696, 32.723441 ], [ -81.657717, 32.722979 ], [ -81.657738, 32.722518 ], [ -81.658284, 32.722536 ], [ -81.658305, 32.722074 ], [ -81.658326, 32.721612 ], [ -81.658894, 32.721169 ], [ -81.658915, 32.720707 ], [ -81.658368, 32.720689 ], [ -81.657822, 32.720671 ], [ -81.658368, 32.720689 ], [ -81.658389, 32.720228 ], [ -81.65841, 32.719766 ], [ -81.658978, 32.719322 ], [ -81.658999, 32.718861 ], [ -81.65902, 32.718399 ], [ -81.659566, 32.718417 ], [ -81.659587, 32.717955 ], [ -81.659608, 32.717494 ], [ -81.659629, 32.717032 ], [ -81.660176, 32.71705 ], [ -81.660197, 32.716588 ], [ -81.660218, 32.716126 ], [ -81.660239, 32.715665 ], [ -81.660785, 32.715683 ], [ -81.660806, 32.715221 ], [ -81.660827, 32.714759 ], [ -81.661394, 32.714316 ], [ -81.661415, 32.713854 ], [ -81.661436, 32.713392 ], [ -81.661983, 32.71341 ], [ -81.662004, 32.712949 ], [ -81.662025, 32.712487 ], [ -81.662046, 32.712025 ], [ -81.662592, 32.712043 ], [ -81.662613, 32.711582 ], [ -81.662634, 32.71112 ], [ -81.663201, 32.710676 ], [ -81.663222, 32.710214 ], [ -81.663243, 32.709753 ], [ -81.66379, 32.709771 ], [ -81.663811, 32.709309 ], [ -81.663832, 32.708847 ], [ -81.664399, 32.708404 ], [ -81.66442, 32.707942 ], [ -81.664441, 32.70748 ], [ -81.664987, 32.707498 ], [ -81.665008, 32.707037 ], [ -81.665029, 32.706575 ], [ -81.66505, 32.706113 ], [ -81.665596, 32.706131 ], [ -81.665617, 32.705669 ], [ -81.665638, 32.705208 ], [ -81.666206, 32.704764 ], [ -81.666227, 32.704302 ], [ -81.666248, 32.703841 ], [ -81.666794, 32.703859 ], [ -81.666815, 32.703397 ], [ -81.666836, 32.702935 ], [ -81.666857, 32.702474 ], [ -81.667403, 32.702491 ], [ -81.667424, 32.70203 ], [ -81.667445, 32.701568 ], [ -81.668012, 32.701124 ], [ -81.668033, 32.700663 ], [ -81.668054, 32.700201 ], [ -81.668601, 32.700219 ], [ -81.668621, 32.699757 ], [ -81.668642, 32.699296 ], [ -81.668663, 32.698834 ], [ -81.66921, 32.698852 ], [ -81.669231, 32.69839 ], [ -81.669252, 32.697929 ], [ -81.669273, 32.697467 ], [ -81.669819, 32.697485 ], [ -81.66984, 32.697023 ], [ -81.669861, 32.696562 ], [ -81.670407, 32.696579 ], [ -81.670428, 32.696118 ], [ -81.670449, 32.695656 ], [ -81.67047, 32.695195 ], [ -81.671016, 32.695212 ], [ -81.671037, 32.694751 ], [ -81.671058, 32.694289 ], [ -81.671625, 32.693845 ], [ -81.671646, 32.693384 ], [ -81.671667, 32.692922 ], [ -81.672213, 32.69294 ], [ -81.672234, 32.692478 ], [ -81.672255, 32.692016 ], [ -81.672822, 32.691573 ], [ -81.672843, 32.691111 ], [ -81.672864, 32.690649 ], [ -81.673431, 32.690205 ], [ -81.673452, 32.689744 ], [ -81.673473, 32.689282 ], [ -81.67404, 32.688838 ], [ -81.674061, 32.688377 ], [ -81.674082, 32.687915 ], [ -81.674628, 32.687933 ], [ -81.674649, 32.687471 ], [ -81.67467, 32.68701 ], [ -81.674691, 32.686548 ], [ -81.675237, 32.686566 ], [ -81.675258, 32.686104 ], [ -81.675279, 32.685643 ], [ -81.6753, 32.685181 ], [ -81.675846, 32.685199 ], [ -81.675867, 32.684737 ], [ -81.675888, 32.684275 ], [ -81.676455, 32.683831 ], [ -81.676476, 32.68337 ], [ -81.676497, 32.682908 ], [ -81.677043, 32.682926 ], [ -81.677064, 32.682464 ], [ -81.677085, 32.682003 ], [ -81.677106, 32.681541 ], [ -81.677652, 32.681559 ], [ -81.677673, 32.681097 ], [ -81.677694, 32.680636 ], [ -81.677715, 32.680174 ], [ -81.678261, 32.680192 ], [ -81.678282, 32.67973 ], [ -81.678303, 32.679269 ], [ -81.678849, 32.679286 ], [ -81.67887, 32.678825 ], [ -81.678891, 32.678363 ], [ -81.678912, 32.677901 ], [ -81.679458, 32.677919 ], [ -81.679479, 32.677458 ], [ -81.6795, 32.676996 ], [ -81.679521, 32.676534 ], [ -81.680067, 32.676552 ], [ -81.680088, 32.67609 ], [ -81.680109, 32.675629 ], [ -81.680655, 32.675646 ], [ -81.680676, 32.675185 ], [ -81.680697, 32.674723 ], [ -81.680717, 32.674262 ], [ -81.681264, 32.674279 ], [ -81.681284, 32.673818 ], [ -81.681305, 32.673356 ], [ -81.681872, 32.672912 ], [ -81.681893, 32.672451 ], [ -81.681914, 32.671989 ], [ -81.682481, 32.671545 ], [ -81.682502, 32.671083 ], [ -81.682523, 32.670622 ], [ -81.683069, 32.670639 ], [ -81.68309, 32.670178 ], [ -81.683111, 32.669716 ], [ -81.683132, 32.669255 ], [ -81.683678, 32.669272 ], [ -81.683699, 32.668811 ], [ -81.68372, 32.668349 ], [ -81.684286, 32.667905 ], [ -81.684307, 32.667444 ], [ -81.684328, 32.666982 ], [ -81.684874, 32.667 ], [ -81.684895, 32.666538 ], [ -81.684916, 32.666076 ], [ -81.684937, 32.665615 ], [ -81.685483, 32.665632 ], [ -81.685504, 32.665171 ], [ -81.685525, 32.664709 ], [ -81.686092, 32.664265 ], [ -81.686113, 32.663804 ], [ -81.686133, 32.663342 ], [ -81.6867, 32.662898 ], [ -81.686721, 32.662437 ], [ -81.686742, 32.661975 ], [ -81.687288, 32.661993 ], [ -81.687309, 32.661531 ], [ -81.68733, 32.661069 ], [ -81.687897, 32.660625 ], [ -81.687918, 32.660164 ], [ -81.687939, 32.659702 ], [ -81.688505, 32.659258 ], [ -81.688526, 32.658797 ], [ -81.688547, 32.658335 ], [ -81.689093, 32.658353 ], [ -81.689114, 32.657891 ], [ -81.689135, 32.657429 ], [ -81.689702, 32.656985 ], [ -81.689723, 32.656524 ], [ -81.689743, 32.656062 ], [ -81.690289, 32.65608 ], [ -81.69031, 32.655618 ], [ -81.690331, 32.655157 ], [ -81.690352, 32.654695 ], [ -81.690898, 32.654713 ], [ -81.690919, 32.654251 ], [ -81.69094, 32.65379 ], [ -81.690961, 32.653328 ], [ -81.691507, 32.653346 ], [ -81.691527, 32.652884 ], [ -81.691548, 32.652422 ], [ -81.692115, 32.651978 ], [ -81.692136, 32.651517 ], [ -81.692703, 32.651073 ], [ -81.692724, 32.650611 ], [ -81.692744, 32.65015 ], [ -81.692765, 32.649688 ], [ -81.693311, 32.649706 ], [ -81.693332, 32.649244 ], [ -81.693353, 32.648782 ], [ -81.69392, 32.648338 ], [ -81.693941, 32.647877 ], [ -81.693961, 32.647415 ], [ -81.694507, 32.647433 ], [ -81.694528, 32.646971 ], [ -81.694549, 32.64651 ], [ -81.69457, 32.646048 ], [ -81.694591, 32.645586 ], [ -81.695157, 32.645142 ], [ -81.695178, 32.644681 ], [ -81.695199, 32.644219 ], [ -81.69522, 32.643758 ], [ -81.695241, 32.643296 ], [ -81.695262, 32.642834 ], [ -81.695807, 32.642852 ], [ -81.695828, 32.64239 ], [ -81.695849, 32.641929 ], [ -81.69587, 32.641467 ], [ -81.695891, 32.641006 ], [ -81.695912, 32.640544 ], [ -81.696478, 32.6401 ], [ -81.696499, 32.639638 ], [ -81.69652, 32.639177 ], [ -81.696541, 32.638715 ], [ -81.696562, 32.638254 ], [ -81.696582, 32.637792 ], [ -81.697149, 32.637348 ], [ -81.69717, 32.636886 ], [ -81.697191, 32.636425 ], [ -81.697212, 32.635963 ], [ -81.697232, 32.635501 ], [ -81.697253, 32.63504 ], [ -81.697799, 32.635057 ], [ -81.69782, 32.634596 ], [ -81.697841, 32.634134 ], [ -81.697861, 32.633673 ], [ -81.697882, 32.633211 ], [ -81.697903, 32.632749 ], [ -81.69847, 32.632305 ], [ -81.698491, 32.631844 ], [ -81.698511, 32.631382 ], [ -81.698532, 32.630921 ], [ -81.698553, 32.630459 ], [ -81.698574, 32.629997 ], [ -81.69914, 32.629553 ], [ -81.699161, 32.629092 ], [ -81.699182, 32.62863 ], [ -81.699203, 32.628169 ], [ -81.699224, 32.627707 ], [ -81.699244, 32.627245 ], [ -81.69979, 32.627263 ], [ -81.699811, 32.626801 ], [ -81.699832, 32.62634 ], [ -81.699853, 32.625878 ], [ -81.699873, 32.625417 ], [ -81.699894, 32.624955 ], [ -81.699915, 32.624493 ], [ -81.700461, 32.624511 ], [ -81.700482, 32.624049 ], [ -81.700502, 32.623588 ], [ -81.700523, 32.623126 ], [ -81.700544, 32.622665 ], [ -81.700565, 32.622203 ], [ -81.701111, 32.62222 ], [ -81.701131, 32.621759 ], [ -81.701152, 32.621297 ], [ -81.701173, 32.620836 ], [ -81.701194, 32.620374 ], [ -81.701215, 32.619912 ], [ -81.701235, 32.619451 ], [ -81.701781, 32.619468 ], [ -81.701802, 32.619007 ], [ -81.701823, 32.618545 ], [ -81.701844, 32.618084 ], [ -81.701864, 32.617622 ], [ -81.701885, 32.61716 ], [ -81.702452, 32.616716 ], [ -81.702472, 32.616255 ], [ -81.702493, 32.615793 ], [ -81.702514, 32.615332 ], [ -81.702535, 32.61487 ], [ -81.702556, 32.614408 ], [ -81.703122, 32.613964 ], [ -81.703143, 32.613503 ], [ -81.703164, 32.613041 ], [ -81.703184, 32.612579 ], [ -81.703205, 32.612118 ], [ -81.703226, 32.611656 ], [ -81.703247, 32.611195 ], [ -81.703267, 32.610733 ], [ -81.703288, 32.610271 ], [ -81.703309, 32.60981 ], [ -81.70333, 32.609348 ], [ -81.703351, 32.608887 ], [ -81.703371, 32.608425 ], [ -81.703392, 32.607963 ], [ -81.703413, 32.607502 ], [ -81.703434, 32.60704 ], [ -81.703454, 32.606579 ], [ -81.703475, 32.606117 ], [ -81.70295, 32.605638 ], [ -81.702971, 32.605176 ], [ -81.702992, 32.604715 ], [ -81.703013, 32.604253 ], [ -81.703033, 32.603791 ], [ -81.703054, 32.60333 ], [ -81.703075, 32.602868 ], [ -81.703096, 32.602407 ], [ -81.703116, 32.601945 ], [ -81.703137, 32.601483 ], [ -81.703158, 32.601022 ], [ -81.703179, 32.60056 ], [ -81.703199, 32.600099 ], [ -81.70322, 32.599637 ], [ -81.703241, 32.599175 ], [ -81.703262, 32.598714 ], [ -81.703283, 32.598252 ], [ -81.703303, 32.59779 ], [ -81.703324, 32.597329 ], [ -81.703345, 32.596867 ], [ -81.703366, 32.596406 ], [ -81.703386, 32.595944 ], [ -81.703407, 32.595482 ], [ -81.703428, 32.595021 ], [ -81.703449, 32.594559 ], [ -81.703469, 32.594098 ], [ -81.70349, 32.593636 ], [ -81.703511, 32.593174 ], [ -81.703532, 32.592713 ], [ -81.703553, 32.592251 ], [ -81.703573, 32.59179 ], [ -81.704119, 32.591807 ], [ -81.70414, 32.591346 ], [ -81.70416, 32.590884 ] ] } },
{ "type": "Feature", "properties": { "map_file": "Eastern GeorgiaSTI.pdf", "map_url": "https://www.southern-telecom.com/content/dam/southern-telecom/pdfs/Eastern%20GeorgiaSTI.pdf", "pdf_layer": "Layers_STI_Fiber", "pen_color": "#38A800" }, "geometry": { "type": "LineString", "coordinates": [ [ -81.670836, 32.759462 ], [ -81.670289, 32.759444 ], [ -81.670268, 32.759906 ], [ -81.669721, 32.759888 ], [ -81.670247, 32.760368 ], [ -81.67071, 32.762232 ], [ -81.670163, 32.762214 ], [ -81.667935, 32.763066 ], [ -81.667472, 32.761202 ], [ -81.666484, 32.758859 ], [ -81.666505, 32.758397 ], [ -81.666, 32.757456 ], [ -81.665495, 32.756515 ], [ -81.665516, 32.756054 ], [ -81.665033, 32.754651 ], [ -81.665054, 32.75419 ], [ -81.665075, 32.753728 ], [ -81.664549, 32.753249 ], [ -81.66457, 32.752787 ], [ -81.664045, 32.752308 ], [ -81.664066, 32.751846 ], [ -81.663519, 32.751829 ], [ -81.66354, 32.751367 ], [ -81.663014, 32.750888 ], [ -81.663035, 32.750426 ], [ -81.663056, 32.749965 ], [ -81.663077, 32.749503 ], [ -81.663098, 32.749041 ], [ -81.662552, 32.749024 ], [ -81.661459, 32.748988 ], [ -81.66148, 32.748527 ], [ -81.660933, 32.748509 ], [ -81.65984, 32.748473 ] ] } },
{ "type": "Feature", "properties": { "map_file": "Eastern GeorgiaSTI.pdf", "map_url": "https://www.southern-telecom.com/content/dam/southern-telecom/pdfs/Eastern%20GeorgiaSTI.pdf", "pdf_layer": "Layers_STI_Fiber", "pen_color": "#38A800" }, "geometry": { "type": "LineString", "coordinates": [ [ -81.948477, 32.808377 ], [ -81.948418, 32.809762 ], [ -81.947733, 32.812977 ], [ -81.947596, 32.816208 ], [ -81.946912, 32.819423 ], [ -81.946833, 32.82127 ], [ -81.946813, 32.821731 ], [ -81.946754, 32.823116 ], [ -81.946735, 32.823578 ], [ -81.947184, 32.825903 ] ] } },
{ "type": "Feature", "properties": { "map_file": "Eastern GeorgiaSTI.pdf", "map_url": "https://www.southern-telecom.com/content/dam/southern-telecom/pdfs/Eastern%20GeorgiaSTI.pdf", "pdf_layer": "Layers_STI_Fiber", "pen_color": "#38A800" }, "geometry": { "type": "LineString", "coordinates": [ [ -81.988563, 32.81883 ], [ -81.988035, 32.818352 ], [ -81.988055, 32.81789 ], [ -81.988074, 32.817428 ], [ -81.98698, 32.817395 ], [ -81.982623, 32.816803 ], [ -81.980455, 32.816275 ], [ -81.979908, 32.816259 ], [ -81.978833, 32.815764 ], [ -81.977212, 32.815253 ], [ -81.975629, 32.813819 ], [ -81.974574, 32.812863 ], [ -81.971429, 32.809533 ], [ -81.970902, 32.809054 ], [ -81.969847, 32.808098 ], [ -81.967757, 32.805724 ], [ -81.967229, 32.805246 ], [ -81.964573, 32.803317 ], [ -81.963479, 32.803284 ], [ -81.959084, 32.803614 ], [ -81.957424, 32.804026 ], [ -81.954142, 32.803926 ], [ -81.948673, 32.803761 ], [ -81.94211, 32.803562 ], [ -81.939356, 32.803941 ], [ -81.939316, 32.804864 ] ] } },
{ "type": "Feature", "properties": { "map_file": "Eastern GeorgiaSTI.pdf", "map_url": "https://www.southern-telecom.com/content/dam/southern-telecom/pdfs/Eastern%20GeorgiaSTI.pdf", "pdf_layer": "Layers_STI_Fiber", "pen_color": "#38A800" }, "geometry": { "type": "LineString", "coordinates": [ [ -82.050198, 33.089201 ], [ -82.050785, 33.088294 ], [ -82.049158, 33.087784 ], [ -82.04861, 33.087768 ], [ -82.047532, 33.087274 ], [ -82.046983, 33.087258 ], [ -82.044827, 33.08627 ], [ -82.04373, 33.086238 ], [ -82.042123, 33.085266 ], [ -82.041593, 33.084788 ], [ -82.041045, 33.084772 ], [ -82.039948, 33.08474 ], [ -82.038283, 33.085153 ], [ -82.037128, 33.086505 ], [ -82.036483, 33.088797 ], [ -82.035309, 33.090611 ], [ -82.034722, 33.091518 ], [ -82.034115, 33.092887 ], [ -82.03296, 33.094239 ], [ -82.032373, 33.095146 ], [ -82.031786, 33.096053 ], [ -82.031199, 33.09696 ], [ -82.030612, 33.097867 ], [ -82.030044, 33.098313 ], [ -82.031141, 33.098345 ], [ -82.034924, 33.099844 ], [ -82.035982, 33.100799 ], [ -82.03708, 33.100832 ], [ -82.037609, 33.101309 ], [ -82.038668, 33.102265 ], [ -82.039727, 33.103221 ], [ -82.040256, 33.103699 ], [ -82.040786, 33.104176 ], [ -82.041315, 33.104654 ], [ -82.041276, 33.105577 ] ] } },
{ "type": "Feature", "properties": { "map_file": "Eastern GeorgiaSTI.pdf", "map_url": "https://www.southern-telecom.com/content/dam/southern-telecom/pdfs/Eastern%20GeorgiaSTI.pdf", "pdf_layer": "Layers_STI_Fiber", "pen_color": "#38A800" }, "geometry": { "type": "LineString", "coordinates": [ [ -81.881651, 33.024045 ], [ -81.885428, 33.025548 ], [ -81.889205, 33.02705 ], [ -81.892983, 33.028553 ], [ -81.896212, 33.030038 ], [ -81.898914, 33.031045 ], [ -81.901615, 33.032052 ], [ -81.904865, 33.033076 ], [ -81.908094, 33.034561 ], [ -81.910796, 33.035568 ], [ -81.914046, 33.036592 ], [ -81.916199, 33.037582 ], [ -81.918881, 33.03905 ], [ -81.922131, 33.040073 ], [ -81.925381, 33.041096 ], [ -81.928063, 33.042564 ], [ -81.931313, 33.043588 ], [ -81.934563, 33.044611 ], [ -81.937794, 33.046095 ], [ -81.938871, 33.04659 ], [ -81.939948, 33.047085 ], [ -81.941573, 33.047596 ], [ -81.943727, 33.048586 ], [ -81.944804, 33.049081 ], [ -81.945333, 33.049559 ], [ -81.945881, 33.049575 ], [ -81.946958, 33.05007 ], [ -81.947487, 33.050548 ], [ -81.948015, 33.051026 ], [ -81.949092, 33.051521 ], [ -81.949073, 33.051983 ], [ -81.95013, 33.052939 ], [ -81.950639, 33.053879 ], [ -81.952225, 33.055313 ], [ -81.95432, 33.057688 ], [ -81.954849, 33.058166 ], [ -81.954829, 33.058627 ], [ -81.955378, 33.058644 ], [ -81.955907, 33.059122 ], [ -81.956435, 33.0596 ], [ -81.958061, 33.060111 ], [ -81.960764, 33.061117 ], [ -81.963466, 33.062123 ], [ -81.965072, 33.063096 ], [ -81.967775, 33.064101 ], [ -81.970478, 33.065107 ], [ -81.973181, 33.066113 ], [ -81.974807, 33.066624 ], [ -81.975884, 33.067118 ], [ -81.976433, 33.067135 ], [ -81.976981, 33.067151 ], [ -81.976962, 33.067613 ], [ -81.97751, 33.067629 ], [ -81.978059, 33.067646 ], [ -81.978588, 33.068124 ], [ -81.979136, 33.06814 ], [ -81.979116, 33.068602 ], [ -81.979665, 33.068618 ], [ -81.980213, 33.068635 ], [ -81.980742, 33.069113 ], [ -81.981291, 33.069129 ], [ -81.981839, 33.069146 ], [ -81.983994, 33.070135 ], [ -81.98562, 33.070645 ], [ -81.986149, 33.071123 ], [ -81.986697, 33.07114 ], [ -81.987226, 33.071618 ], [ -81.987775, 33.071634 ], [ -81.988323, 33.071651 ], [ -81.988304, 33.072112 ], [ -81.988852, 33.072129 ], [ -81.991575, 33.072672 ], [ -81.99373, 33.073661 ], [ -81.995356, 33.074172 ] ] } },
{ "type": "Feature", "properties": { "map_file": "Eastern GeorgiaSTI.pdf", "map_url": "https://www.southern-telecom.com/content/dam/southern-telecom/pdfs/Eastern%20GeorgiaSTI.pdf", "pdf_layer": "Layers_STI_Fiber", "pen_color": "#38A800" }, "geometry": { "type": "LineString", "coordinates": [ [ -81.881063, 33.024951 ], [ -81.881611, 33.024968 ], [ -81.881651, 33.024045 ] ] } },
{ "type": "Feature", "properties": { "map_file": "Eastern GeorgiaSTI.pdf", "map_url": "https://www.southern-telecom.com/content/dam/southern-telecom/pdfs/Eastern%20GeorgiaSTI.pdf", "pdf_layer": "Layers_STI_Fiber", "pen_color": "#38A800" }, "geometry": { "type": "LineString", "coordinates": [ [ -81.767805, 32.967342 ], [ -81.767784, 32.967804 ], [ -81.768332, 32.967821 ], [ -81.76888, 32.967838 ], [ -81.76886, 32.9683 ], [ -81.769407, 32.968317 ], [ -81.769387, 32.968779 ], [ -81.769914, 32.969258 ], [ -81.769894, 32.969719 ], [ -81.770441, 32.969737 ], [ -81.770421, 32.970198 ], [ -81.770969, 32.970216 ], [ -81.770948, 32.970677 ], [ -81.770928, 32.971139 ], [ -81.771476, 32.971156 ], [ -81.771455, 32.971618 ], [ -81.771435, 32.972079 ], [ -81.771982, 32.972097 ], [ -81.771962, 32.972558 ], [ -81.771941, 32.97302 ], [ -81.772489, 32.973037 ], [ -81.772469, 32.973499 ], [ -81.772448, 32.97396 ], [ -81.772996, 32.973978 ], [ -81.772976, 32.974439 ], [ -81.772955, 32.974901 ], [ -81.773503, 32.974918 ], [ -81.773482, 32.97538 ], [ -81.77403, 32.975397 ], [ -81.77401, 32.975858 ], [ -81.774558, 32.975876 ], [ -81.774537, 32.976337 ], [ -81.775085, 32.976355 ], [ -81.775065, 32.976816 ], [ -81.775612, 32.976833 ], [ -81.775592, 32.977295 ], [ -81.77614, 32.977312 ], [ -81.776119, 32.977774 ], [ -81.776667, 32.977791 ], [ -81.777215, 32.977808 ], [ -81.777195, 32.97827 ], [ -81.777742, 32.978287 ], [ -81.777722, 32.978749 ], [ -81.777701, 32.97921 ], [ -81.777681, 32.979672 ], [ -81.778229, 32.979689 ], [ -81.778208, 32.980151 ], [ -81.778188, 32.980612 ], [ -81.778736, 32.98063 ], [ -81.778715, 32.981091 ], [ -81.779263, 32.981109 ], [ -81.779243, 32.98157 ], [ -81.77977, 32.982049 ], [ -81.780318, 32.982066 ], [ -81.780298, 32.982528 ], [ -81.780846, 32.982545 ], [ -81.781393, 32.982562 ], [ -81.781373, 32.983024 ], [ -81.781921, 32.983041 ], [ -81.782469, 32.983058 ], [ -81.782448, 32.98352 ], [ -81.782996, 32.983537 ], [ -81.783544, 32.983555 ], [ -81.783524, 32.984016 ], [ -81.784072, 32.984033 ], [ -81.78462, 32.984051 ], [ -81.784599, 32.984512 ], [ -81.785147, 32.984529 ], [ -81.785695, 32.984547 ], [ -81.785675, 32.985008 ], [ -81.786223, 32.985025 ], [ -81.78677, 32.985043 ], [ -81.787318, 32.98506 ], [ -81.787866, 32.985077 ], [ -81.787846, 32.985539 ], [ -81.788394, 32.985556 ], [ -81.788942, 32.985573 ], [ -81.788921, 32.986035 ], [ -81.788901, 32.986496 ], [ -81.78888, 32.986958 ], [ -81.78886, 32.98742 ], [ -81.789387, 32.987898 ], [ -81.789935, 32.987916 ], [ -81.790483, 32.987933 ], [ -81.790463, 32.988394 ], [ -81.791011, 32.988412 ], [ -81.791559, 32.988429 ], [ -81.792086, 32.988908 ], [ -81.792634, 32.988925 ], [ -81.793162, 32.989404 ], [ -81.79371, 32.989421 ], [ -81.794258, 32.989438 ], [ -81.794237, 32.9899 ], [ -81.794785, 32.989917 ], [ -81.795333, 32.989934 ], [ -81.795861, 32.990413 ], [ -81.796409, 32.99043 ], [ -81.796936, 32.990909 ], [ -81.797484, 32.990926 ], [ -81.798032, 32.990943 ], [ -81.798012, 32.991405 ], [ -81.79856, 32.991422 ], [ -81.799108, 32.991439 ], [ -81.799656, 32.991456 ], [ -81.799636, 32.991918 ], [ -81.800183, 32.991935 ], [ -81.800731, 32.991952 ], [ -81.800711, 32.992414 ], [ -81.801259, 32.992431 ], [ -81.801807, 32.992448 ], [ -81.801787, 32.99291 ], [ -81.802335, 32.992927 ], [ -81.802883, 32.992944 ], [ -81.80341, 32.993423 ], [ -81.803958, 32.99344 ], [ -81.804506, 32.993457 ], [ -81.804486, 32.993919 ], [ -81.805034, 32.993936 ], [ -81.808281, 32.994962 ], [ -81.808261, 32.995423 ], [ -81.808809, 32.995441 ], [ -81.809357, 32.995458 ], [ -81.809884, 32.995936 ], [ -81.810432, 32.995954 ], [ -81.81098, 32.995971 ], [ -81.81096, 32.996432 ], [ -81.811508, 32.996449 ], [ -81.812056, 32.996467 ], [ -81.812036, 32.996928 ], [ -81.812584, 32.996945 ], [ -81.813132, 32.996962 ], [ -81.813659, 32.997441 ], [ -81.814207, 32.997458 ], [ -81.816359, 32.99845 ], [ -81.816907, 32.998467 ], [ -81.817435, 32.998946 ], [ -81.821758, 33.000467 ], [ -81.822834, 33.000963 ], [ -81.823382, 33.00098 ], [ -81.823909, 33.001459 ], [ -81.824458, 33.001476 ], [ -81.825006, 33.001493 ], [ -81.824985, 33.001954 ], [ -81.825533, 33.001971 ], [ -81.827157, 33.002484 ], [ -81.827685, 33.002963 ], [ -81.828233, 33.00298 ], [ -81.828781, 33.002997 ], [ -81.828761, 33.003459 ], [ -81.829309, 33.003476 ], [ -81.829857, 33.003493 ], [ -81.830385, 33.003971 ], [ -81.832009, 33.004484 ], [ -81.832536, 33.004963 ], [ -81.833085, 33.00498 ], [ -81.833633, 33.004997 ], [ -81.833612, 33.005458 ], [ -81.83416, 33.005475 ], [ -81.834708, 33.005492 ], [ -81.835236, 33.005971 ], [ -81.835784, 33.005988 ], [ -81.836332, 33.006005 ], [ -81.836312, 33.006467 ], [ -81.83686, 33.006484 ], [ -81.837408, 33.006501 ], [ -81.837936, 33.006979 ], [ -81.838484, 33.006996 ], [ -81.841712, 33.008483 ], [ -81.84226, 33.0085 ], [ -81.842808, 33.008517 ], [ -81.842788, 33.008979 ], [ -81.843336, 33.008996 ], [ -81.843884, 33.009013 ], [ -81.843864, 33.009474 ], [ -81.844412, 33.009491 ], [ -81.84496, 33.009508 ], [ -81.845488, 33.009987 ], [ -81.846036, 33.010004 ], [ -81.846584, 33.010021 ], [ -81.846564, 33.010483 ], [ -81.847112, 33.0105 ], [ -81.84766, 33.010517 ], [ -81.848188, 33.010995 ], [ -81.848736, 33.011012 ], [ -81.849285, 33.011029 ], [ -81.849264, 33.011491 ], [ -81.849812, 33.011508 ], [ -81.850361, 33.011525 ], [ -81.85034, 33.011986 ], [ -81.850889, 33.012003 ], [ -81.851437, 33.01202 ], [ -81.851965, 33.012499 ], [ -81.852513, 33.012516 ], [ -81.853061, 33.012533 ], [ -81.853041, 33.012994 ], [ -81.853589, 33.013011 ], [ -81.854137, 33.013028 ], [ -81.854117, 33.01349 ], [ -81.854665, 33.013507 ], [ -81.855213, 33.013524 ], [ -81.855741, 33.014002 ], [ -81.856289, 33.014019 ], [ -81.856837, 33.014036 ], [ -81.856817, 33.014498 ], [ -81.857365, 33.014515 ], [ -81.857913, 33.014532 ], [ -81.857893, 33.014993 ], [ -81.858441, 33.01501 ], [ -81.858989, 33.015027 ], [ -81.859517, 33.015506 ], [ -81.860066, 33.015522 ], [ -81.860594, 33.016001 ], [ -81.861142, 33.016018 ], [ -81.86169, 33.016035 ], [ -81.862218, 33.016513 ], [ -81.862766, 33.01653 ], [ -81.863294, 33.017009 ], [ -81.863842, 33.017026 ], [ -81.86439, 33.017043 ], [ -81.86437, 33.017504 ], [ -81.864918, 33.017521 ], [ -81.865466, 33.017538 ], [ -81.866543, 33.018033 ], [ -81.870868, 33.019553 ], [ -81.874096, 33.021039 ], [ -81.877874, 33.022542 ], [ -81.881651, 33.024045 ] ] } },
{ "type": "Feature", "properties": { "map_file": "Eastern GeorgiaSTI.pdf", "map_url": "https://www.southern-telecom.com/content/dam/southern-telecom/pdfs/Eastern%20GeorgiaSTI.pdf", "pdf_layer": "Layers_STI_Fiber", "pen_color": "#38A800" }, "geometry": { "type": "LineString", "coordinates": [ [ -81.767805, 32.967342 ], [ -81.767784, 32.967804 ], [ -81.767237, 32.967787 ], [ -81.767216, 32.968248 ], [ -81.766668, 32.968231 ], [ -81.7661, 32.968675 ], [ -81.765552, 32.968658 ], [ -81.765531, 32.969119 ], [ -81.764984, 32.969102 ], [ -81.764415, 32.969546 ], [ -81.763867, 32.969529 ], [ -81.763299, 32.969973 ], [ -81.762751, 32.969956 ], [ -81.763299, 32.969973 ], [ -81.763278, 32.970435 ], [ -81.762731, 32.970418 ], [ -81.76271, 32.970879 ], [ -81.762689, 32.971341 ], [ -81.7621, 32.972247 ], [ -81.761511, 32.973153 ], [ -81.761491, 32.973614 ], [ -81.760922, 32.974058 ], [ -81.760333, 32.974964 ], [ -81.760313, 32.975426 ], [ -81.759724, 32.976332 ], [ -81.759155, 32.976776 ], [ -81.758546, 32.978143 ], [ -81.757936, 32.979511 ], [ -81.757915, 32.979972 ], [ -81.757285, 32.981801 ], [ -81.756696, 32.982707 ], [ -81.757244, 32.982724 ], [ -81.757792, 32.982742 ], [ -81.75834, 32.982759 ] ] } },
{ "type": "Feature", "properties": { "map_file": "Eastern GeorgiaSTI.pdf", "map_url": "https://www.southern-telecom.com/content/dam/southern-telecom/pdfs/Eastern%20GeorgiaSTI.pdf", "pdf_layer": "Layers_STI_Fiber", "pen_color": "#38A800" }, "geometry": { "type": "LineString", "coordinates": [ [ -81.997733, 33.095966 ], [ -81.998301, 33.095521 ], [ -81.999437, 33.09463 ], [ -81.998908, 33.094152 ], [ -81.998379, 33.093674 ], [ -81.99734, 33.092257 ], [ -81.996811, 33.091779 ], [ -81.996282, 33.091301 ], [ -81.995733, 33.091284 ], [ -81.995753, 33.090823 ], [ -81.995204, 33.090806 ], [ -81.994656, 33.09079 ], [ -81.994656, 33.09079 ] ] } },
{ "type": "Feature", "properties": { "map_file": "Eastern GeorgiaSTI.pdf", "map_url": "https://www.southern-telecom.com/content/dam/southern-telecom/pdfs/Eastern%20GeorgiaSTI.pdf", "pdf_layer": "Layers_STI_Fiber", "pen_color": "#38A800" }, "geometry": { "type": "LineString", "coordinates": [ [ -81.440063, 32.20485 ], [ -81.440085, 32.204388 ], [ -81.440107, 32.203927 ], [ -81.439563, 32.203908 ], [ -81.439585, 32.203446 ], [ -81.439607, 32.202985 ], [ -81.439629, 32.202523 ], [ -81.439651, 32.202062 ], [ -81.439108, 32.202043 ], [ -81.43913, 32.201581 ], [ -81.439152, 32.20112 ], [ -81.439174, 32.200658 ], [ -81.43863, 32.200639 ], [ -81.438652, 32.200178 ], [ -81.438674, 32.199716 ], [ -81.438696, 32.199255 ], [ -81.438718, 32.198793 ], [ -81.438175, 32.198774 ], [ -81.438197, 32.198313 ], [ -81.438218, 32.197851 ], [ -81.43824, 32.19739 ], [ -81.438262, 32.196928 ], [ -81.437719, 32.196909 ], [ -81.437176, 32.196891 ], [ -81.437198, 32.196429 ], [ -81.436654, 32.19641 ], [ -81.436111, 32.196392 ], [ -81.436133, 32.19593 ], [ -81.43559, 32.195912 ], [ -81.435046, 32.195893 ], [ -81.434503, 32.195874 ], [ -81.434525, 32.195413 ], [ -81.433981, 32.195394 ], [ -81.433438, 32.195375 ], [ -81.432895, 32.195357 ], [ -81.432373, 32.194876 ], [ -81.43183, 32.194858 ], [ -81.431287, 32.194839 ], [ -81.430743, 32.19482 ], [ -81.430765, 32.194359 ], [ -81.430222, 32.19434 ], [ -81.429679, 32.194321 ], [ -81.429135, 32.194303 ], [ -81.428592, 32.194284 ], [ -81.428614, 32.193822 ], [ -81.428071, 32.193804 ], [ -81.427527, 32.193785 ], [ -81.426984, 32.193766 ], [ -81.426462, 32.193286 ], [ -81.425919, 32.193267 ], [ -81.425376, 32.193248 ], [ -81.424832, 32.19323 ], [ -81.424854, 32.192768 ], [ -81.424311, 32.192749 ], [ -81.423768, 32.192731 ], [ -81.423224, 32.192712 ], [ -81.422681, 32.192693 ], [ -81.422703, 32.192232 ], [ -81.42216, 32.192213 ], [ -81.421616, 32.192194 ], [ -81.421073, 32.192176 ], [ -81.42053, 32.192157 ], [ -81.419986, 32.192138 ], [ -81.419443, 32.192119 ], [ -81.419465, 32.191658 ], [ -81.418922, 32.191639 ], [ -81.418379, 32.19162 ], [ -81.417835, 32.191602 ], [ -81.417292, 32.191583 ], [ -81.416749, 32.191564 ], [ -81.416205, 32.191545 ], [ -81.415662, 32.191527 ], [ -81.415119, 32.191508 ], [ -81.414032, 32.19147 ], [ -81.413489, 32.191452 ], [ -81.412402, 32.191414 ], [ -81.411315, 32.191376 ], [ -81.410772, 32.191358 ], [ -81.409685, 32.19132 ], [ -81.409142, 32.191301 ], [ -81.408599, 32.191283 ], [ -81.408055, 32.191264 ], [ -81.407512, 32.191245 ], [ -81.406969, 32.191226 ], [ -81.406447, 32.190746 ], [ -81.405904, 32.190727 ], [ -81.405383, 32.190247 ], [ -81.404862, 32.189766 ], [ -81.40434, 32.189286 ], [ -81.403819, 32.188806 ], [ -81.403298, 32.188325 ], [ -81.40332, 32.187864 ], [ -81.402799, 32.187383 ], [ -81.402278, 32.186903 ], [ -81.401779, 32.185961 ], [ -81.401235, 32.185942 ], [ -81.400714, 32.185462 ], [ -81.400736, 32.185 ], [ -81.400193, 32.184981 ], [ -81.400215, 32.18452 ], [ -81.399628, 32.185424 ], [ -81.399062, 32.185867 ], [ -81.39904, 32.186328 ], [ -81.398452, 32.187233 ], [ -81.397887, 32.187675 ], [ -81.397322, 32.188118 ], [ -81.397299, 32.18858 ], [ -81.396734, 32.189023 ], [ -81.396712, 32.189484 ], [ -81.396124, 32.190388 ], [ -81.395559, 32.190831 ], [ -81.394971, 32.191736 ], [ -81.394406, 32.192178 ], [ -81.394383, 32.19264 ], [ -81.393818, 32.193083 ], [ -81.393796, 32.193544 ], [ -81.39323, 32.193987 ], [ -81.393208, 32.194449 ], [ -81.392642, 32.194891 ], [ -81.39262, 32.195353 ], [ -81.392077, 32.195334 ], [ -81.392055, 32.195796 ], [ -81.392033, 32.196257 ], [ -81.391467, 32.1967 ], [ -81.391445, 32.197162 ], [ -81.391423, 32.197623 ], [ -81.391401, 32.198085 ], [ -81.391378, 32.198546 ], [ -81.391334, 32.19947 ], [ -81.391312, 32.199931 ], [ -81.391811, 32.200873 ], [ -81.391766, 32.201796 ], [ -81.391722, 32.202719 ], [ -81.3917, 32.203181 ], [ -81.391656, 32.204104 ], [ -81.391633, 32.204566 ], [ -81.391611, 32.205027 ], [ -81.391589, 32.205489 ], [ -81.39211, 32.205969 ], [ -81.392088, 32.206431 ], [ -81.392066, 32.206893 ], [ -81.392587, 32.207373 ], [ -81.392565, 32.207835 ], [ -81.392543, 32.208296 ], [ -81.393064, 32.208777 ], [ -81.393042, 32.209238 ], [ -81.393563, 32.209719 ], [ -81.392997, 32.210161 ], [ -81.392432, 32.210604 ], [ -81.39241, 32.211066 ], [ -81.391866, 32.211047 ], [ -81.391844, 32.211509 ], [ -81.391301, 32.21149 ], [ -81.390757, 32.211471 ], [ -81.390735, 32.211932 ], [ -81.390192, 32.211914 ], [ -81.389105, 32.211876 ], [ -81.388561, 32.211857 ], [ -81.387474, 32.211819 ], [ -81.386931, 32.2118 ], [ -81.386365, 32.212243 ], [ -81.385822, 32.212224 ], [ -81.385278, 32.212205 ], [ -81.384169, 32.212629 ], [ -81.383082, 32.212591 ], [ -81.381973, 32.213015 ], [ -81.381408, 32.213458 ], [ -81.380321, 32.21342 ], [ -81.379777, 32.213401 ], [ -81.378668, 32.213825 ], [ -81.378125, 32.213806 ], [ -81.377559, 32.214249 ], [ -81.377015, 32.21423 ], [ -81.375906, 32.214654 ], [ -81.375363, 32.214635 ], [ -81.374819, 32.214616 ], [ -81.374797, 32.215077 ], [ -81.374254, 32.215058 ], [ -81.373688, 32.215501 ], [ -81.373122, 32.215944 ], [ -81.372579, 32.215925 ], [ -81.372013, 32.216368 ], [ -81.37147, 32.216349 ], [ -81.371447, 32.21681 ], [ -81.370904, 32.216791 ], [ -81.370338, 32.217234 ], [ -81.369795, 32.217215 ], [ -81.368685, 32.217639 ], [ -81.368685, 32.217639 ] ] } },
{ "type": "Feature", "properties": { "map_file": "Eastern GeorgiaSTI.pdf", "map_url": "https://www.southern-telecom.com/content/dam/southern-telecom/pdfs/Eastern%20GeorgiaSTI.pdf", "pdf_layer": "Layers_STI_Fiber", "pen_color": "#38A800" }, "geometry": { "type": "LineString", "coordinates": [ [ -82.031448, 33.117304 ], [ -82.034211, 33.116924 ], [ -82.035327, 33.116494 ], [ -82.036463, 33.115604 ], [ -82.03707, 33.114235 ], [ -82.037108, 33.113312 ], [ -82.038966, 33.108282 ], [ -82.039534, 33.107837 ], [ -82.039553, 33.107375 ], [ -82.040689, 33.106485 ], [ -82.040709, 33.106023 ], [ -82.041276, 33.105577 ] ] } },
{ "type": "Feature", "properties": { "map_file": "Eastern GeorgiaSTI.pdf", "map_url": "https://www.southern-telecom.com/content/dam/southern-telecom/pdfs/Eastern%20GeorgiaSTI.pdf", "pdf_layer": "Layers_STI_Fiber", "pen_color": "#38A800" }, "geometry": { "type": "LineString", "coordinates": [ [ -81.210353, 32.248554 ], [ -81.208791, 32.247111 ], [ -81.206189, 32.244705 ], [ -81.204627, 32.243262 ], [ -81.203043, 32.24228 ], [ -81.201458, 32.241298 ] ] } },
{ "type": "Feature", "properties": { "map_file": "Eastern GeorgiaSTI.pdf", "map_url": "https://www.southern-telecom.com/content/dam/southern-telecom/pdfs/Eastern%20GeorgiaSTI.pdf", "pdf_layer": "Layers_STI_Fiber", "pen_color": "#38A800" }, "geometry": { "type": "LineString", "coordinates": [ [ -81.998087, 33.100599 ], [ -81.989721, 33.103584 ], [ -81.986939, 33.104425 ], [ -81.985254, 33.105299 ], [ -81.980748, 33.107938 ], [ -81.976221, 33.111038 ], [ -81.965561, 33.116264 ] ] } },
{ "type": "Feature", "properties": { "map_file": "Eastern GeorgiaSTI.pdf", "map_url": "https://www.southern-telecom.com/content/dam/southern-telecom/pdfs/Eastern%20GeorgiaSTI.pdf", "pdf_layer": "Layers_STI_Fiber", "pen_color": "#38A800" }, "geometry": { "type": "LineString", "coordinates": [ [ -81.293304, 32.200656 ], [ -81.292738, 32.201099 ], [ -81.291697, 32.200137 ], [ -81.292263, 32.199695 ], [ -81.292806, 32.199714 ], [ -81.292829, 32.199252 ], [ -81.293372, 32.199272 ], [ -81.293938, 32.198829 ], [ -81.294481, 32.198849 ], [ -81.294504, 32.198387 ], [ -81.295047, 32.198406 ], [ -81.295591, 32.198425 ], [ -81.295613, 32.197964 ], [ -81.296157, 32.197983 ], [ -81.296179, 32.197522 ], [ -81.296723, 32.197541 ], [ -81.297266, 32.19756 ], [ -81.297289, 32.197098 ], [ -81.297832, 32.197118 ], [ -81.298398, 32.196675 ], [ -81.298964, 32.196233 ], [ -81.299507, 32.196252 ], [ -81.29953, 32.195791 ], [ -81.300073, 32.19581 ], [ -81.300616, 32.195829 ], [ -81.300639, 32.195368 ], [ -81.301182, 32.195387 ], [ -81.301205, 32.194925 ], [ -81.301748, 32.194944 ], [ -81.302858, 32.194521 ], [ -81.303989, 32.193637 ], [ -81.305099, 32.193213 ], [ -81.305665, 32.192771 ], [ -81.306208, 32.19279 ], [ -81.306774, 32.192348 ], [ -81.307317, 32.192367 ], [ -81.30734, 32.191905 ], [ -81.308449, 32.191482 ], [ -81.309015, 32.19104 ], [ -81.309558, 32.191059 ], [ -81.310124, 32.190617 ], [ -81.310667, 32.190636 ], [ -81.31069, 32.190174 ], [ -81.311233, 32.190193 ], [ -81.311776, 32.190213 ], [ -81.311799, 32.189751 ], [ -81.312342, 32.18977 ], [ -81.312908, 32.189328 ], [ -81.313452, 32.189347 ], [ -81.313474, 32.188885 ], [ -81.314017, 32.188905 ], [ -81.31404, 32.188443 ], [ -81.314583, 32.188462 ], [ -81.315149, 32.18802 ], [ -81.315692, 32.188039 ], [ -81.316258, 32.187596 ], [ -81.316801, 32.187616 ], [ -81.316824, 32.187154 ], [ -81.317367, 32.187173 ], [ -81.317933, 32.186731 ], [ -81.318476, 32.18675 ], [ -81.318499, 32.186288 ], [ -81.319042, 32.186308 ], [ -81.319585, 32.186327 ], [ -81.319608, 32.185865 ], [ -81.320151, 32.185884 ], [ -81.320695, 32.185903 ], [ -81.321238, 32.185922 ], [ -81.321781, 32.185942 ], [ -81.321804, 32.18548 ], [ -81.322347, 32.185499 ], [ -81.32289, 32.185518 ], [ -81.323433, 32.185537 ], [ -81.323977, 32.185557 ], [ -81.32452, 32.185576 ], [ -81.325063, 32.185595 ], [ -81.325607, 32.185614 ], [ -81.326127, 32.186095 ], [ -81.326671, 32.186114 ], [ -81.327214, 32.186133 ], [ -81.327735, 32.186614 ], [ -81.328256, 32.187094 ], [ -81.328799, 32.187113 ], [ -81.32932, 32.187594 ], [ -81.329841, 32.188075 ], [ -81.330384, 32.188094 ], [ -81.330927, 32.188113 ], [ -81.331448, 32.188594 ], [ -81.331991, 32.188613 ], [ -81.332535, 32.188632 ], [ -81.333055, 32.189112 ], [ -81.334142, 32.189151 ], [ -81.334663, 32.189631 ], [ -81.335749, 32.189669 ], [ -81.33627, 32.19015 ], [ -81.336814, 32.190169 ], [ -81.337357, 32.190188 ], [ -81.337878, 32.190669 ], [ -81.338421, 32.190688 ], [ -81.338964, 32.190707 ], [ -81.339485, 32.191188 ], [ -81.340029, 32.191207 ], [ -81.340549, 32.191687 ], [ -81.341093, 32.191706 ], [ -81.34107, 32.192168 ], [ -81.341614, 32.192187 ], [ -81.342135, 32.192668 ], [ -81.342656, 32.193148 ], [ -81.343176, 32.193629 ], [ -81.343154, 32.19409 ], [ -81.343697, 32.19411 ], [ -81.343675, 32.194571 ], [ -81.344218, 32.19459 ], [ -81.344739, 32.195071 ], [ -81.344717, 32.195532 ], [ -81.34526, 32.195551 ], [ -81.345238, 32.196013 ], [ -81.345781, 32.196032 ], [ -81.345759, 32.196494 ], [ -81.346302, 32.196513 ], [ -81.34628, 32.196974 ], [ -81.346823, 32.196993 ], [ -81.346801, 32.197455 ], [ -81.347344, 32.197474 ], [ -81.347322, 32.197935 ], [ -81.347865, 32.197954 ], [ -81.347843, 32.198416 ], [ -81.348386, 32.198435 ], [ -81.348929, 32.198454 ], [ -81.348907, 32.198916 ], [ -81.34945, 32.198935 ], [ -81.349971, 32.199415 ], [ -81.350515, 32.199434 ], [ -81.351036, 32.199915 ], [ -81.351579, 32.199934 ], [ -81.351557, 32.200395 ], [ -81.3521, 32.200415 ], [ -81.352078, 32.200876 ], [ -81.352621, 32.200895 ], [ -81.353164, 32.200914 ], [ -81.353142, 32.201376 ], [ -81.353685, 32.201395 ], [ -81.354206, 32.201875 ], [ -81.35475, 32.201894 ], [ -81.355271, 32.202375 ], [ -81.355792, 32.202855 ], [ -81.356335, 32.202874 ], [ -81.356856, 32.203355 ], [ -81.357921, 32.203855 ], [ -81.358985, 32.204354 ], [ -81.358963, 32.204816 ], [ -81.359506, 32.204835 ], [ -81.359484, 32.205296 ], [ -81.360027, 32.205315 ], [ -81.360548, 32.205796 ], [ -81.361092, 32.205815 ], [ -81.361613, 32.206295 ], [ -81.36159, 32.206757 ], [ -81.362134, 32.206776 ], [ -81.362655, 32.207256 ], [ -81.363198, 32.207275 ], [ -81.363176, 32.207737 ], [ -81.363719, 32.207756 ], [ -81.363697, 32.208218 ], [ -81.36424, 32.208236 ], [ -81.364762, 32.208717 ], [ -81.364739, 32.209179 ], [ -81.36526, 32.209659 ], [ -81.365804, 32.209678 ], [ -81.365781, 32.21014 ], [ -81.366325, 32.210159 ], [ -81.366303, 32.21062 ], [ -81.36628, 32.211082 ], [ -81.366824, 32.211101 ], [ -81.366801, 32.211562 ], [ -81.366779, 32.212024 ], [ -81.3673, 32.212504 ], [ -81.367278, 32.212966 ], [ -81.367256, 32.213428 ], [ -81.367732, 32.214831 ], [ -81.36771, 32.215293 ], [ -81.368685, 32.217639 ], [ -81.368685, 32.217639 ] ] } },
{ "type": "Feature", "properties": { "map_file": "Eastern GeorgiaSTI.pdf", "map_url": "https://www.southern-telecom.com/content/dam/southern-telecom/pdfs/Eastern%20GeorgiaSTI.pdf", "pdf_layer": "Layers_Polylines", "pen_color": "#38A800" }, "geometry": { "type": "LineString", "coordinates": [ [ -81.440063, 32.20485 ], [ -81.440085, 32.204388 ], [ -81.439086, 32.202505 ], [ -81.439152, 32.20112 ], [ -81.438674, 32.199716 ], [ -81.438153, 32.199236 ], [ -81.438218, 32.197851 ], [ -81.437697, 32.197371 ], [ -81.43824, 32.19739 ], [ -81.441435, 32.198886 ], [ -81.441978, 32.198905 ], [ -81.444651, 32.199921 ], [ -81.446238, 32.2009 ], [ -81.447324, 32.200938 ], [ -81.451106, 32.20153 ], [ -81.45328, 32.201604 ], [ -81.454345, 32.202103 ], [ -81.45541, 32.202602 ], [ -81.459126, 32.204578 ], [ -81.462843, 32.206554 ], [ -81.464994, 32.20709 ], [ -81.466581, 32.208069 ], [ -81.467624, 32.209029 ], [ -81.472906, 32.212446 ], [ -81.474493, 32.213424 ], [ -81.47608, 32.214403 ], [ -81.477688, 32.21492 ], [ -81.481471, 32.215511 ], [ -81.486884, 32.216158 ], [ -81.49445, 32.217339 ], [ -81.499319, 32.217966 ], [ -81.500928, 32.218483 ], [ -81.502559, 32.218538 ], [ -81.503602, 32.219498 ], [ -81.504668, 32.219997 ], [ -81.506255, 32.220975 ], [ -81.507777, 32.223338 ], [ -81.511104, 32.222064 ], [ -81.513864, 32.221232 ], [ -81.514973, 32.220807 ], [ -81.516625, 32.220401 ], [ -81.519908, 32.220049 ], [ -81.525365, 32.219771 ], [ -81.529191, 32.219437 ], [ -81.530821, 32.219492 ], [ -81.531343, 32.219972 ], [ -81.531887, 32.21999 ], [ -81.532974, 32.220027 ], [ -81.535084, 32.221485 ], [ -81.538824, 32.222997 ], [ -81.541999, 32.224953 ], [ -81.54413, 32.225949 ], [ -81.546283, 32.226484 ], [ -81.54948, 32.227978 ], [ -81.554287, 32.229988 ], [ -81.558571, 32.231518 ], [ -81.560181, 32.232034 ], [ -81.56179, 32.232551 ], [ -81.562856, 32.233048 ], [ -81.563943, 32.233085 ], [ -81.565595, 32.232678 ], [ -81.566704, 32.232252 ], [ -81.5689, 32.231863 ], [ -81.569443, 32.231881 ], [ -81.571074, 32.231936 ], [ -81.575401, 32.232542 ], [ -81.583513, 32.233737 ], [ -81.587318, 32.233863 ], [ -81.594886, 32.235039 ], [ -81.599214, 32.235644 ], [ -81.600845, 32.235698 ], [ -81.602455, 32.236214 ], [ -81.602998, 32.236232 ], [ -81.607933, 32.23547 ], [ -81.615022, 32.235242 ], [ -81.621566, 32.234996 ], [ -81.624849, 32.234641 ], [ -81.625393, 32.234659 ], [ -81.627567, 32.234731 ], [ -81.632982, 32.235371 ], [ -81.636788, 32.235496 ], [ -81.642705, 32.237077 ], [ -81.645381, 32.23809 ], [ -81.646991, 32.238605 ], [ -81.649625, 32.24054 ], [ -81.654915, 32.243949 ], [ -81.657027, 32.245405 ], [ -81.658115, 32.245441 ], [ -81.658638, 32.24592 ], [ -81.661335, 32.246471 ], [ -81.666187, 32.247554 ], [ -81.667818, 32.247607 ], [ -81.668341, 32.248086 ], [ -81.669407, 32.248583 ], [ -81.671519, 32.250039 ], [ -81.672586, 32.250536 ], [ -81.673653, 32.251033 ], [ -81.67474, 32.251068 ], [ -81.6807, 32.251724 ], [ -81.683398, 32.252274 ], [ -81.684486, 32.25231 ], [ -81.690948, 32.253906 ], [ -81.693082, 32.2549 ], [ -81.695738, 32.256373 ], [ -81.699964, 32.259284 ], [ -81.702098, 32.260277 ], [ -81.703144, 32.261236 ], [ -81.705236, 32.263153 ], [ -81.706283, 32.264111 ], [ -81.70735, 32.264608 ], [ -81.710007, 32.26608 ], [ -81.711617, 32.266595 ], [ -81.712684, 32.267091 ], [ -81.714798, 32.268546 ], [ -81.715865, 32.269043 ], [ -81.716932, 32.26954 ], [ -81.717476, 32.269557 ], [ -81.718563, 32.269592 ], [ -81.719651, 32.269627 ], [ -81.720594, 32.272894 ], [ -81.721138, 32.272911 ], [ -81.721682, 32.272929 ], [ -81.722749, 32.273426 ], [ -81.7275, 32.276814 ], [ -81.731204, 32.279245 ], [ -81.731727, 32.279724 ], [ -81.732856, 32.278836 ], [ -81.737854, 32.276684 ], [ -81.746761, 32.272347 ], [ -81.753995, 32.268879 ], [ -81.758468, 32.266248 ], [ -81.760684, 32.265394 ], [ -81.760603, 32.267241 ], [ -81.759875, 32.271379 ], [ -81.759229, 32.273669 ], [ -81.758644, 32.274575 ], [ -81.757998, 32.276866 ], [ -81.757957, 32.27779 ], [ -81.757896, 32.279174 ], [ -81.757835, 32.280559 ], [ -81.757794, 32.281483 ], [ -81.757753, 32.282406 ], [ -81.758154, 32.285655 ], [ -81.758133, 32.286116 ], [ -81.758093, 32.28704 ], [ -81.757528, 32.287484 ], [ -81.756964, 32.287928 ], [ -81.758031, 32.288425 ], [ -81.759099, 32.288921 ], [ -81.761757, 32.290393 ], [ -81.767598, 32.293815 ], [ -81.770257, 32.295286 ], [ -81.771324, 32.295782 ], [ -81.772351, 32.297202 ], [ -81.773902, 32.2991 ], [ -81.778071, 32.303393 ], [ -81.781193, 32.306728 ], [ -81.783791, 32.309585 ], [ -81.788505, 32.313894 ], [ -81.791648, 32.316768 ], [ -81.796363, 32.321077 ], [ -81.80005, 32.323967 ], [ -81.806842, 32.330654 ], [ -81.808434, 32.331628 ], [ -81.810006, 32.333065 ], [ -81.811054, 32.334022 ], [ -81.812122, 32.334518 ], [ -81.81319, 32.335014 ], [ -81.816395, 32.336502 ], [ -81.822281, 32.338998 ], [ -81.828167, 32.341494 ], [ -81.830848, 32.342503 ], [ -81.832965, 32.343956 ], [ -81.836715, 32.34546 ], [ -81.845788, 32.349904 ], [ -81.850062, 32.351886 ], [ -81.852199, 32.352877 ], [ -81.854861, 32.354347 ], [ -81.859136, 32.356329 ], [ -81.861273, 32.35732 ], [ -81.861798, 32.357799 ], [ -81.863571, 32.354618 ], [ -81.864215, 32.352327 ], [ -81.865363, 32.350976 ], [ -81.865967, 32.349607 ], [ -81.866591, 32.347778 ], [ -81.86776, 32.345965 ], [ -81.868304, 32.345982 ], [ -81.868848, 32.345999 ], [ -81.868868, 32.345537 ], [ -81.869412, 32.345554 ], [ -81.869957, 32.345571 ], [ -81.870521, 32.345126 ], [ -81.871085, 32.344681 ], [ -81.871649, 32.344237 ], [ -81.872213, 32.343792 ], [ -81.873322, 32.343364 ], [ -81.87443, 32.342936 ], [ -81.875539, 32.342508 ], [ -81.877736, 32.342114 ], [ -81.8783, 32.341669 ], [ -81.881061, 32.34083 ], [ -81.882714, 32.340419 ], [ -81.883278, 32.339974 ], [ -81.884386, 32.339546 ], [ -81.883278, 32.339974 ], [ -81.882714, 32.340419 ], [ -81.881061, 32.34083 ], [ -81.882595, 32.343189 ], [ -81.883079, 32.344591 ], [ -81.883584, 32.345531 ], [ -81.884553, 32.348334 ], [ -81.884959, 32.351583 ], [ -81.885503, 32.3516 ], [ -81.887621, 32.353052 ], [ -81.887601, 32.353513 ], [ -81.887581, 32.353975 ], [ -81.888027, 32.3563 ], [ -81.888007, 32.356762 ], [ -81.888512, 32.357702 ], [ -81.887383, 32.358592 ], [ -81.886779, 32.35996 ], [ -81.886215, 32.360405 ], [ -81.886175, 32.361328 ], [ -81.886156, 32.36179 ], [ -81.885532, 32.363619 ], [ -81.889303, 32.36466 ], [ -81.89255, 32.365223 ], [ -81.894707, 32.365752 ], [ -81.896321, 32.366264 ], [ -81.89739, 32.366759 ], [ -81.898984, 32.367733 ], [ -81.902171, 32.36968 ], [ -81.903785, 32.370192 ], [ -81.905379, 32.371165 ], [ -81.906972, 32.372139 ], [ -81.908042, 32.372634 ], [ -81.908586, 32.372651 ], [ -81.910724, 32.373641 ], [ -81.914516, 32.37422 ], [ -81.917199, 32.375226 ], [ -81.918268, 32.375721 ], [ -81.920426, 32.37625 ], [ -81.92204, 32.376762 ], [ -81.923109, 32.377257 ], [ -81.925773, 32.378725 ], [ -81.927367, 32.379698 ], [ -81.928961, 32.380671 ], [ -81.93005, 32.380705 ], [ -81.930575, 32.381183 ] ] } },
{ "type": "Feature", "properties": { "map_file": "Eastern GeorgiaSTI.pdf", "map_url": "https://www.southern-telecom.com/content/dam/southern-telecom/pdfs/Eastern%20GeorgiaSTI.pdf", "pdf_layer": "Layers_Polylines", "pen_color": "#38A800" }, "geometry": { "type": "LineString", "coordinates": [ [ -81.930575, 32.381183 ], [ -81.93112, 32.3812 ], [ -81.931664, 32.381216 ], [ -81.933298, 32.381266 ], [ -81.940901, 32.38196 ], [ -81.945258, 32.382093 ], [ -81.946871, 32.382605 ], [ -81.947961, 32.382638 ], [ -81.94905, 32.382671 ], [ -81.951208, 32.383199 ], [ -81.955525, 32.384254 ], [ -81.958209, 32.38526 ], [ -81.96521, 32.387322 ], [ -81.966299, 32.387355 ], [ -81.967369, 32.387849 ], [ -81.968458, 32.387882 ], [ -81.969547, 32.387915 ], [ -81.970092, 32.387932 ], [ -81.973903, 32.388047 ], [ -81.975537, 32.388096 ], [ -81.977715, 32.388162 ], [ -81.979894, 32.388228 ], [ -81.984269, 32.387898 ], [ -81.993566, 32.387253 ], [ -81.996308, 32.386873 ], [ -81.997941, 32.386923 ], [ -81.999575, 32.386972 ], [ -82.001209, 32.387021 ], [ -82.002278, 32.387515 ], [ -82.004437, 32.388042 ], [ -82.006596, 32.388569 ], [ -82.008211, 32.38908 ], [ -82.009825, 32.38959 ], [ -82.010895, 32.390085 ], [ -82.013035, 32.391073 ], [ -82.015156, 32.392524 ], [ -82.017315, 32.39305 ], [ -82.018385, 32.393545 ], [ -82.021088, 32.394088 ], [ -82.022158, 32.394582 ], [ -82.023248, 32.394614 ], [ -82.030308, 32.395287 ], [ -82.040111, 32.395579 ], [ -82.044994, 32.396186 ], [ -82.047717, 32.396267 ], [ -82.050984, 32.396364 ], [ -82.053688, 32.396907 ], [ -82.056411, 32.396987 ], [ -82.059135, 32.397068 ], [ -82.060224, 32.3971 ], [ -82.061858, 32.397148 ], [ -82.064562, 32.397691 ], [ -82.064638, 32.395844 ], [ -82.062459, 32.39578 ], [ -82.062421, 32.396703 ], [ -82.061877, 32.396687 ] ] } },
{ "type": "Feature", "properties": { "map_file": "Eastern GeorgiaSTI.pdf", "map_url": "https://www.southern-telecom.com/content/dam/southern-telecom/pdfs/Eastern%20GeorgiaSTI.pdf", "pdf_layer": "Layers_Polylines", "pen_color": "#38A800" }, "geometry": { "type": "LineString", "coordinates": [ [ -82.405057, 32.231218 ], [ -82.405023, 32.232142 ], [ -82.405005, 32.232603 ], [ -82.405532, 32.23308 ], [ -82.405514, 32.233542 ], [ -82.406024, 32.23448 ], [ -82.406533, 32.235418 ], [ -82.406481, 32.236803 ], [ -82.406973, 32.238203 ], [ -82.407853, 32.243773 ], [ -82.408327, 32.245635 ], [ -82.409276, 32.249358 ], [ -82.409259, 32.24982 ], [ -82.409699, 32.252605 ], [ -82.40963, 32.254452 ], [ -82.409457, 32.259069 ], [ -82.408602, 32.267366 ], [ -82.408515, 32.269675 ], [ -82.407885, 32.271969 ], [ -82.407712, 32.276586 ], [ -82.40696, 32.282112 ], [ -82.406329, 32.284406 ], [ -82.405526, 32.291317 ], [ -82.405508, 32.291779 ], [ -82.404808, 32.29592 ], [ -82.404791, 32.296382 ], [ -82.404635, 32.300537 ], [ -82.403952, 32.304216 ], [ -82.406767, 32.31631 ], [ -82.406715, 32.317695 ], [ -82.406663, 32.31908 ], [ -82.406067, 32.320451 ], [ -82.406015, 32.321836 ], [ -82.405997, 32.322297 ], [ -82.405418, 32.323206 ], [ -82.405928, 32.324144 ], [ -82.405911, 32.324606 ], [ -82.405824, 32.326915 ], [ -82.406316, 32.328315 ], [ -82.406809, 32.329715 ], [ -82.407336, 32.330191 ], [ -82.407301, 32.331114 ], [ -82.407845, 32.331129 ], [ -82.408355, 32.332067 ], [ -82.408847, 32.333467 ], [ -82.409374, 32.333944 ], [ -82.409901, 32.33442 ], [ -82.409322, 32.335329 ], [ -82.409271, 32.336714 ], [ -82.409236, 32.337637 ], [ -82.409746, 32.338576 ], [ -82.410221, 32.340437 ], [ -82.410696, 32.342299 ], [ -82.410679, 32.34276 ], [ -82.410644, 32.343684 ], [ -82.41003, 32.345516 ], [ -82.409944, 32.347825 ], [ -82.409875, 32.349672 ], [ -82.409261, 32.351504 ], [ -82.408543, 32.356107 ], [ -82.408509, 32.35703 ], [ -82.408474, 32.357953 ], [ -82.408439, 32.358877 ], [ -82.408932, 32.360277 ], [ -82.408915, 32.360739 ], [ -82.409442, 32.361215 ], [ -82.409952, 32.362153 ], [ -82.409934, 32.362615 ], [ -82.410479, 32.362629 ], [ -82.410461, 32.363091 ], [ -82.410989, 32.363568 ], [ -82.410971, 32.364029 ], [ -82.410954, 32.364491 ], [ -82.411481, 32.364967 ], [ -82.410919, 32.365415 ], [ -82.410902, 32.365876 ], [ -82.410323, 32.366785 ], [ -82.409147, 32.369064 ], [ -82.408534, 32.370897 ], [ -82.407972, 32.371344 ], [ -82.407375, 32.372714 ], [ -82.406182, 32.375455 ], [ -82.405568, 32.377287 ], [ -82.405551, 32.377749 ], [ -82.404989, 32.378196 ], [ -82.404427, 32.378643 ], [ -82.403865, 32.37909 ], [ -82.402759, 32.379522 ], [ -82.402179, 32.380431 ], [ -82.401056, 32.381325 ], [ -82.399335, 32.38359 ], [ -82.397614, 32.385854 ], [ -82.397035, 32.386763 ], [ -82.39649, 32.386748 ], [ -82.395894, 32.388118 ], [ -82.395279, 32.389951 ], [ -82.394121, 32.391768 ], [ -82.394103, 32.39223 ], [ -82.394068, 32.393153 ], [ -82.393964, 32.395923 ], [ -82.389694, 32.393497 ], [ -82.373142, 32.384265 ], [ -82.361916, 32.378413 ], [ -82.352852, 32.373081 ], [ -82.350709, 32.372097 ], [ -82.342173, 32.367241 ], [ -82.341102, 32.36675 ], [ -82.340031, 32.366258 ], [ -82.338942, 32.366228 ], [ -82.337308, 32.366183 ], [ -82.33455, 32.367032 ], [ -82.327401, 32.368683 ], [ -82.325188, 32.369547 ], [ -82.324099, 32.369517 ], [ -82.323572, 32.36904 ], [ -82.323027, 32.369025 ], [ -82.322518, 32.368086 ], [ -82.322554, 32.367163 ], [ -82.322572, 32.366701 ], [ -82.322589, 32.36624 ], [ -82.322607, 32.365778 ], [ -82.322098, 32.364839 ], [ -82.321589, 32.363901 ], [ -82.320536, 32.362947 ], [ -82.320009, 32.362471 ], [ -82.318411, 32.361502 ], [ -82.315233, 32.359103 ], [ -82.312582, 32.357181 ], [ -82.312055, 32.356704 ], [ -82.311529, 32.356227 ], [ -82.310458, 32.355735 ], [ -82.309931, 32.355259 ], [ -82.308333, 32.35429 ], [ -82.30728, 32.353336 ], [ -82.306754, 32.352859 ], [ -82.306245, 32.351921 ], [ -82.305736, 32.350982 ], [ -82.304701, 32.349567 ], [ -82.30421, 32.348167 ], [ -82.303701, 32.347228 ], [ -82.303174, 32.346751 ], [ -82.30263, 32.346736 ], [ -82.302104, 32.346259 ], [ -82.302121, 32.345798 ], [ -82.30047, 32.346214 ], [ -82.298257, 32.347077 ], [ -82.297713, 32.347062 ], [ -82.296044, 32.34794 ], [ -82.295482, 32.348386 ], [ -82.293831, 32.348803 ], [ -82.292724, 32.349234 ], [ -82.28944, 32.349605 ], [ -82.2867, 32.34999 ], [ -82.286156, 32.349975 ], [ -82.285611, 32.34996 ], [ -82.285085, 32.349483 ], [ -82.28454, 32.349468 ], [ -82.283488, 32.348514 ], [ -82.282943, 32.348499 ], [ -82.281872, 32.348007 ], [ -82.280257, 32.347499 ], [ -82.27866, 32.34653 ], [ -82.278116, 32.346515 ], [ -82.277589, 32.346038 ], [ -82.2765, 32.346008 ], [ -82.275412, 32.345977 ], [ -82.273779, 32.345932 ], [ -82.27269, 32.345901 ], [ -82.271601, 32.345871 ], [ -82.269968, 32.345825 ], [ -82.268317, 32.346241 ], [ -82.267773, 32.346226 ], [ -82.26614, 32.34618 ], [ -82.265033, 32.346611 ], [ -82.264488, 32.346596 ], [ -82.262873, 32.346088 ], [ -82.261276, 32.345119 ], [ -82.260188, 32.345088 ], [ -82.259099, 32.345058 ], [ -82.258028, 32.344565 ], [ -82.256431, 32.343596 ], [ -82.255343, 32.343565 ], [ -82.253746, 32.342596 ], [ -82.253201, 32.342581 ], [ -82.252076, 32.343473 ], [ -82.248666, 32.347075 ], [ -82.248648, 32.347537 ], [ -82.247523, 32.34843 ], [ -82.244674, 32.351585 ], [ -82.241227, 32.35611 ], [ -82.239503, 32.358372 ], [ -82.237252, 32.360157 ], [ -82.231027, 32.36599 ], [ -82.229357, 32.366867 ], [ -82.229321, 32.367791 ], [ -82.228159, 32.369607 ], [ -82.227542, 32.371438 ], [ -82.226961, 32.372346 ], [ -82.221733, 32.380518 ], [ -82.221133, 32.381887 ], [ -82.220552, 32.382795 ], [ -82.21999, 32.383242 ], [ -82.219409, 32.384149 ], [ -82.218319, 32.384119 ], [ -82.214526, 32.383549 ], [ -82.213437, 32.383518 ], [ -82.208009, 32.382901 ], [ -82.200422, 32.38176 ], [ -82.18307, 32.379415 ], [ -82.177643, 32.378797 ], [ -82.174394, 32.378242 ], [ -82.166808, 32.377099 ], [ -82.162452, 32.376974 ], [ -82.16247, 32.376512 ], [ -82.160292, 32.376449 ], [ -82.159748, 32.376433 ], [ -82.159203, 32.376418 ], [ -82.158659, 32.376402 ], [ -82.157551, 32.376832 ], [ -82.156462, 32.376801 ], [ -82.15481, 32.377215 ], [ -82.153702, 32.377646 ], [ -82.12783, 32.383829 ], [ -82.122873, 32.385072 ], [ -82.103588, 32.390056 ], [ -82.098649, 32.390835 ], [ -82.093127, 32.392523 ], [ -82.082122, 32.394973 ], [ -82.078272, 32.395784 ], [ -82.07769, 32.396691 ], [ -82.076581, 32.397121 ], [ -82.076037, 32.397105 ], [ -82.074929, 32.397534 ], [ -82.07382, 32.397964 ], [ -82.073276, 32.397948 ], [ -82.072186, 32.397916 ], [ -82.071642, 32.3979 ], [ -82.069463, 32.397835 ], [ -82.06674, 32.397755 ], [ -82.065651, 32.397723 ], [ -82.065106, 32.397707 ], [ -82.064562, 32.397691 ], [ -82.064581, 32.397229 ], [ -82.064638, 32.395844 ], [ -82.062459, 32.39578 ], [ -82.062421, 32.396703 ], [ -82.061877, 32.396687 ] ] } },
{ "type": "Feature", "properties": { "map_file": "Eastern GeorgiaSTI.pdf", "map_url": "https://www.southern-telecom.com/content/dam/southern-telecom/pdfs/Eastern%20GeorgiaSTI.pdf", "pdf_layer": "Layers_Polylines", "pen_color": "#38A800" }, "geometry": { "type": "LineString", "coordinates": [ [ -82.405057, 32.231218 ], [ -82.402813, 32.233006 ], [ -82.400094, 32.232933 ], [ -82.39571, 32.233738 ], [ -82.395166, 32.233724 ], [ -82.388606, 32.23447 ], [ -82.387588, 32.232594 ], [ -82.386166, 32.227008 ], [ -82.384726, 32.221885 ] ] } },
{ "type": "Feature", "properties": { "map_file": "MaconSTI.pdf", "map_url": "https://www.southern-telecom.com/content/dam/southern-telecom/pdfs/MaconSTI.pdf", "pdf_layer": "Other_3", "pen_color": "#FF0000" }, "geometry": { "type": "LineString", "coordinates": [ [ -83.685007, 32.776356 ], [ -83.683987, 32.777201 ], [ -83.682983, 32.776356 ], [ -83.681964, 32.777201 ] ] } },
{ "type": "Feature", "properties": { "map_file": "MaconSTI.pdf", "map_url": "https://www.southern-telecom.com/content/dam/southern-telecom/pdfs/MaconSTI.pdf", "pdf_layer": "New_Data_Frame_STI_Fiber", "pen_color": "#FF0000" }, "geometry": { "type": "LineString", "coordinates": [ [ -83.635136, 32.840255 ], [ -83.634893, 32.840115 ], [ -83.634421, 32.839731 ], [ -83.633585, 32.839233 ], [ -83.63182, 32.838146 ], [ -83.631759, 32.838236 ], [ -83.632048, 32.838415 ], [ -83.631774, 32.838389 ], [ -83.630877, 32.837839 ] ] } },
{ "type": "Feature", "properties": { "map_file": "MaconSTI.pdf", "map_url": "https://www.southern-telecom.com/content/dam/southern-telecom/pdfs/MaconSTI.pdf", "pdf_layer": "New_Data_Frame_STI_Fiber", "pen_color": "#FF0000" }, "geometry": { "type": "LineString", "coordinates": [ [ -83.630877, 32.837839 ], [ -83.627667, 32.835871 ], [ -83.627514, 32.835538 ], [ -83.626145, 32.834746 ], [ -83.626084, 32.834656 ] ] } },
{ "type": "Feature", "properties": { "map_file": "MaconSTI.pdf", "map_url": "https://www.southern-telecom.com/content/dam/southern-telecom/pdfs/MaconSTI.pdf", "pdf_layer": "New_Data_Frame_STI_Fiber", "pen_color": "#FF0000" }, "geometry": { "type": "LineString", "coordinates": [ [ -83.674585, 32.819046 ], [ -83.674829, 32.819059 ], [ -83.674433, 32.820082 ], [ -83.674616, 32.820568 ], [ -83.674418, 32.826014 ], [ -83.672151, 32.825976 ], [ -83.670417, 32.825925 ], [ -83.669306, 32.825912 ], [ -83.668698, 32.825912 ], [ -83.667937, 32.825886 ], [ -83.667374, 32.825886 ], [ -83.666674, 32.825874 ], [ -83.666127, 32.825874 ], [ -83.665366, 32.825848 ], [ -83.664666, 32.825848 ], [ -83.663966, 32.825835 ], [ -83.662916, 32.825746 ], [ -83.662901, 32.826142 ] ] } },
{ "type": "Feature", "properties": { "map_file": "MaconSTI.pdf", "map_url": "https://www.southern-telecom.com/content/dam/southern-telecom/pdfs/MaconSTI.pdf", "pdf_layer": "New_Data_Frame_STI_Fiber", "pen_color": "#FF0000" }, "geometry": { "type": "LineString", "coordinates": [ [ -83.662901, 32.826142 ], [ -83.662901, 32.826155 ], [ -83.662597, 32.826334 ], [ -83.662612, 32.826666 ], [ -83.662597, 32.827165 ], [ -83.662597, 32.827651 ], [ -83.662597, 32.828111 ], [ -83.662582, 32.828456 ], [ -83.662567, 32.828993 ], [ -83.662551, 32.829594 ], [ -83.662551, 32.830195 ], [ -83.662536, 32.83054 ], [ -83.662536, 32.830949 ], [ -83.662506, 32.83201 ], [ -83.662475, 32.832509 ], [ -83.66246, 32.833276 ], [ -83.66246, 32.833544 ], [ -83.66246, 32.833953 ], [ -83.662445, 32.834618 ], [ -83.662414, 32.835142 ], [ -83.66243, 32.835896 ], [ -83.662369, 32.836165 ], [ -83.661456, 32.836126 ], [ -83.660619, 32.836101 ], [ -83.65998, 32.836088 ], [ -83.658946, 32.836063 ], [ -83.657866, 32.83605 ], [ -83.65639, 32.836024 ], [ -83.655051, 32.835999 ], [ -83.654199, 32.835973 ], [ -83.654001, 32.836037 ], [ -83.653773, 32.836114 ], [ -83.653438, 32.836536 ], [ -83.653073, 32.83697 ], [ -83.653575, 32.837136 ], [ -83.654306, 32.837545 ], [ -83.653895, 32.837891 ], [ -83.653545, 32.838197 ], [ -83.653104, 32.838581 ], [ -83.652875, 32.838594 ], [ -83.652024, 32.839412 ], [ -83.651613, 32.839795 ], [ -83.651613, 32.840038 ], [ -83.651354, 32.84037 ], [ -83.650943, 32.840907 ], [ -83.650198, 32.841892 ], [ -83.649985, 32.841904 ], [ -83.649635, 32.841687 ], [ -83.649133, 32.841329 ], [ -83.648555, 32.840895 ], [ -83.648266, 32.840664 ], [ -83.647612, 32.840179 ], [ -83.647216, 32.84014 ], [ -83.646592, 32.839719 ], [ -83.646425, 32.839552 ], [ -83.645999, 32.839041 ], [ -83.645756, 32.839348 ], [ -83.644721, 32.840588 ], [ -83.643991, 32.840498 ], [ -83.643306, 32.840345 ], [ -83.642728, 32.840192 ], [ -83.642637, 32.840153 ], [ -83.642561, 32.840307 ], [ -83.642454, 32.840562 ], [ -83.642256, 32.840562 ], [ -83.640811, 32.840652 ], [ -83.639609, 32.840703 ], [ -83.638605, 32.840754 ], [ -83.638468, 32.840524 ], [ -83.637981, 32.840946 ], [ -83.635578, 32.841022 ], [ -83.634634, 32.840843 ], [ -83.634726, 32.840332 ], [ -83.635045, 32.840332 ] ] } },
{ "type": "Feature", "properties": { "map_file": "MaconSTI.pdf", "map_url": "https://www.southern-telecom.com/content/dam/southern-telecom/pdfs/MaconSTI.pdf", "pdf_layer": "New_Data_Frame_STI_Fiber", "pen_color": "#FF0000" }, "geometry": { "type": "LineString", "coordinates": [ [ -83.646303, 32.816399 ], [ -83.646197, 32.816271 ], [ -83.646212, 32.815364 ], [ -83.646242, 32.814609 ], [ -83.646242, 32.814558 ] ] } },
{ "type": "Feature", "properties": { "map_file": "MaconSTI.pdf", "map_url": "https://www.southern-telecom.com/content/dam/southern-telecom/pdfs/MaconSTI.pdf", "pdf_layer": "New_Data_Frame_STI_Fiber", "pen_color": "#FF0000" }, "geometry": { "type": "LineString", "coordinates": [ [ -83.630633, 32.837916 ], [ -83.630572, 32.837865 ], [ -83.630572, 32.837788 ], [ -83.63115, 32.838185 ] ] } },
{ "type": "Feature", "properties": { "map_file": "MaconSTI.pdf", "map_url": "https://www.southern-telecom.com/content/dam/southern-telecom/pdfs/MaconSTI.pdf", "pdf_layer": "New_Data_Frame_STI_Fiber", "pen_color": "#FF0000" }, "geometry": { "type": "LineString", "coordinates": [ [ -83.63115, 32.838185 ], [ -83.631561, 32.838466 ], [ -83.631561, 32.838427 ], [ -83.631455, 32.838351 ] ] } },
{ "type": "Feature", "properties": { "map_file": "MaconSTI.pdf", "map_url": "https://www.southern-telecom.com/content/dam/southern-telecom/pdfs/MaconSTI.pdf", "pdf_layer": "New_Data_Frame_STI_Fiber", "pen_color": "#FF0000" }, "geometry": { "type": "LineString", "coordinates": [ [ -83.630877, 32.837839 ], [ -83.630846, 32.837839 ], [ -83.63077, 32.837788 ], [ -83.63074, 32.837801 ], [ -83.630633, 32.837916 ] ] } },
{ "type": "Feature", "properties": { "map_file": "MaconSTI.pdf", "map_url": "https://www.southern-telecom.com/content/dam/southern-telecom/pdfs/MaconSTI.pdf", "pdf_layer": "New_Data_Frame_STI_Fiber", "pen_color": "#FF0000" }, "geometry": { "type": "LineString", "coordinates": [ [ -83.645816, 32.811592 ], [ -83.645999, 32.811272 ] ] } },
{ "type": "Feature", "properties": { "map_file": "MaconSTI.pdf", "map_url": "https://www.southern-telecom.com/content/dam/southern-telecom/pdfs/MaconSTI.pdf", "pdf_layer": "New_Data_Frame_STI_Fiber", "pen_color": "#FF0000" }, "geometry": { "type": "LineString", "coordinates": [ [ -83.645999, 32.811272 ], [ -83.64644, 32.81039 ], [ -83.647018, 32.809264 ], [ -83.647231, 32.80883 ], [ -83.647399, 32.808484 ], [ -83.647551, 32.808305 ], [ -83.647657, 32.80796 ], [ -83.647703, 32.807883 ] ] } },
{ "type": "Feature", "properties": { "map_file": "MaconSTI.pdf", "map_url": "https://www.southern-telecom.com/content/dam/southern-telecom/pdfs/MaconSTI.pdf", "pdf_layer": "New_Data_Frame_STI_Fiber", "pen_color": "#FF0000" }, "geometry": { "type": "LineString", "coordinates": [ [ -83.647033, 32.816399 ], [ -83.646303, 32.816399 ] ] } },
{ "type": "Feature", "properties": { "map_file": "MaconSTI.pdf", "map_url": "https://www.southern-telecom.com/content/dam/southern-telecom/pdfs/MaconSTI.pdf", "pdf_layer": "New_Data_Frame_STI_Fiber", "pen_color": "#FF0000" }, "geometry": { "type": "LineString", "coordinates": [ [ -83.64253, 32.825516 ], [ -83.642804, 32.825145 ], [ -83.642819, 32.824927 ], [ -83.643139, 32.824557 ], [ -83.64326, 32.824467 ], [ -83.643899, 32.823585 ], [ -83.644204, 32.823214 ], [ -83.644736, 32.822754 ], [ -83.645299, 32.822358 ] ] } },
{ "type": "Feature", "properties": { "map_file": "MaconSTI.pdf", "map_url": "https://www.southern-telecom.com/content/dam/southern-telecom/pdfs/MaconSTI.pdf", "pdf_layer": "New_Data_Frame_STI_Fiber", "pen_color": "#FF0000" }, "geometry": { "type": "LineString", "coordinates": [ [ -83.647703, 32.807883 ], [ -83.648038, 32.807257 ], [ -83.648372, 32.806566 ], [ -83.648905, 32.805543 ], [ -83.649407, 32.80452 ], [ -83.649741, 32.803881 ] ] } },
{ "type": "Feature", "properties": { "map_file": "MaconSTI.pdf", "map_url": "https://www.southern-telecom.com/content/dam/southern-telecom/pdfs/MaconSTI.pdf", "pdf_layer": "New_Data_Frame_STI_Fiber", "pen_color": "#FF0000" }, "geometry": { "type": "LineString", "coordinates": [ [ -83.649741, 32.803881 ], [ -83.650015, 32.803292 ], [ -83.650487, 32.802384 ], [ -83.650883, 32.801604 ], [ -83.651202, 32.800927 ], [ -83.651506, 32.800287 ], [ -83.651658, 32.79998 ] ] } },
{ "type": "Feature", "properties": { "map_file": "MaconSTI.pdf", "map_url": "https://www.southern-telecom.com/content/dam/southern-telecom/pdfs/MaconSTI.pdf", "pdf_layer": "New_Data_Frame_STI_Fiber", "pen_color": "#FF0000" }, "geometry": { "type": "LineString", "coordinates": [ [ -83.651658, 32.79998 ], [ -83.651689, 32.799903 ], [ -83.651902, 32.799481 ], [ -83.651947, 32.799226 ], [ -83.652191, 32.798689 ], [ -83.652556, 32.797883 ], [ -83.652921, 32.797141 ] ] } },
{ "type": "Feature", "properties": { "map_file": "MaconSTI.pdf", "map_url": "https://www.southern-telecom.com/content/dam/southern-telecom/pdfs/MaconSTI.pdf", "pdf_layer": "New_Data_Frame_STI_Fiber", "pen_color": "#FF0000" }, "geometry": { "type": "LineString", "coordinates": [ [ -83.652921, 32.797141 ], [ -83.653317, 32.796284 ], [ -83.653743, 32.795376 ], [ -83.654077, 32.794673 ], [ -83.654899, 32.793023 ], [ -83.655036, 32.792754 ] ] } },
{ "type": "Feature", "properties": { "map_file": "MaconSTI.pdf", "map_url": "https://www.southern-telecom.com/content/dam/southern-telecom/pdfs/MaconSTI.pdf", "pdf_layer": "New_Data_Frame_STI_Fiber", "pen_color": "#FF0000" }, "geometry": { "type": "LineString", "coordinates": [ [ -83.655036, 32.792754 ], [ -83.655401, 32.792064 ], [ -83.655751, 32.791437 ], [ -83.65639, 32.790363 ], [ -83.656846, 32.789582 ], [ -83.657424, 32.788572 ] ] } },
{ "type": "Feature", "properties": { "map_file": "MaconSTI.pdf", "map_url": "https://www.southern-telecom.com/content/dam/southern-telecom/pdfs/MaconSTI.pdf", "pdf_layer": "New_Data_Frame_STI_Fiber", "pen_color": "#FF0000" }, "geometry": { "type": "LineString", "coordinates": [ [ -83.657424, 32.788572 ], [ -83.657835, 32.787689 ], [ -83.658276, 32.786705 ], [ -83.658352, 32.78627 ], [ -83.658489, 32.786001 ], [ -83.658581, 32.785553 ], [ -83.658718, 32.784939 ] ] } },
{ "type": "Feature", "properties": { "map_file": "MaconSTI.pdf", "map_url": "https://www.southern-telecom.com/content/dam/southern-telecom/pdfs/MaconSTI.pdf", "pdf_layer": "New_Data_Frame_STI_Fiber", "pen_color": "#FF0000" }, "geometry": { "type": "LineString", "coordinates": [ [ -83.629644, 32.821373 ], [ -83.629888, 32.821386 ], [ -83.630253, 32.820977 ], [ -83.63182, 32.819072 ], [ -83.632489, 32.819276 ], [ -83.633813, 32.820082 ], [ -83.633935, 32.82012 ] ] } },
{ "type": "Feature", "properties": { "map_file": "MaconSTI.pdf", "map_url": "https://www.southern-telecom.com/content/dam/southern-telecom/pdfs/MaconSTI.pdf", "pdf_layer": "New_Data_Frame_STI_Fiber", "pen_color": "#FF0000" }, "geometry": { "type": "LineString", "coordinates": [ [ -83.646242, 32.814558 ], [ -83.646242, 32.814341 ], [ -83.646242, 32.814123 ], [ -83.646258, 32.813893 ], [ -83.646273, 32.813663 ], [ -83.646288, 32.813471 ], [ -83.646288, 32.81342 ] ] } },
{ "type": "Feature", "properties": { "map_file": "MaconSTI.pdf", "map_url": "https://www.southern-telecom.com/content/dam/southern-telecom/pdfs/MaconSTI.pdf", "pdf_layer": "New_Data_Frame_STI_Fiber", "pen_color": "#FF0000" }, "geometry": { "type": "LineString", "coordinates": [ [ -83.658718, 32.784939 ], [ -83.658733, 32.78476 ], [ -83.658809, 32.784351 ], [ -83.658854, 32.783942 ], [ -83.658885, 32.783456 ], [ -83.658885, 32.783034 ], [ -83.6589, 32.782675 ], [ -83.658946, 32.781204 ] ] } },
{ "type": "Feature", "properties": { "map_file": "MaconSTI.pdf", "map_url": "https://www.southern-telecom.com/content/dam/southern-telecom/pdfs/MaconSTI.pdf", "pdf_layer": "New_Data_Frame_STI_Fiber", "pen_color": "#FF0000" }, "geometry": { "type": "LineString", "coordinates": [ [ -83.658946, 32.781204 ], [ -83.658961, 32.781025 ], [ -83.658109, 32.781013 ] ] } },
{ "type": "Feature", "properties": { "map_file": "MaconSTI.pdf", "map_url": "https://www.southern-telecom.com/content/dam/southern-telecom/pdfs/MaconSTI.pdf", "pdf_layer": "New_Data_Frame_STI_Fiber", "pen_color": "#FF0000" }, "geometry": { "type": "LineString", "coordinates": [ [ -83.658109, 32.781013 ], [ -83.658094, 32.781742 ], [ -83.657789, 32.781742 ], [ -83.657805, 32.781447 ] ] } },
{ "type": "Feature", "properties": { "map_file": "MaconSTI.pdf", "map_url": "https://www.southern-telecom.com/content/dam/southern-telecom/pdfs/MaconSTI.pdf", "pdf_layer": "New_Data_Frame_STI_Fiber", "pen_color": "#FF0000" }, "geometry": { "type": "LineString", "coordinates": [ [ -83.62578, 32.821053 ], [ -83.625841, 32.820926 ], [ -83.625871, 32.820874 ] ] } },
{ "type": "Feature", "properties": { "map_file": "MaconSTI.pdf", "map_url": "https://www.southern-telecom.com/content/dam/southern-telecom/pdfs/MaconSTI.pdf", "pdf_layer": "New_Data_Frame_STI_Fiber", "pen_color": "#FF0000" }, "geometry": { "type": "LineString", "coordinates": [ [ -83.625871, 32.820874 ], [ -83.625978, 32.820913 ], [ -83.626206, 32.820874 ], [ -83.62686, 32.82058 ], [ -83.62718, 32.820197 ], [ -83.627134, 32.819903 ], [ -83.627241, 32.819302 ], [ -83.626328, 32.8192 ], [ -83.626145, 32.820043 ], [ -83.625582, 32.819967 ], [ -83.625506, 32.819941 ] ] } },
{ "type": "Feature", "properties": { "map_file": "MaconSTI.pdf", "map_url": "https://www.southern-telecom.com/content/dam/southern-telecom/pdfs/MaconSTI.pdf", "pdf_layer": "New_Data_Frame_STI_Fiber", "pen_color": "#FF0000" }, "geometry": { "type": "LineString", "coordinates": [ [ -83.627164, 32.821066 ], [ -83.625871, 32.821041 ] ] } },
{ "type": "Feature", "properties": { "map_file": "MaconSTI.pdf", "map_url": "https://www.southern-telecom.com/content/dam/southern-telecom/pdfs/MaconSTI.pdf", "pdf_layer": "New_Data_Frame_STI_Fiber", "pen_color": "#FF0000" }, "geometry": { "type": "LineString", "coordinates": [ [ -83.627241, 32.821117 ], [ -83.627393, 32.821181 ], [ -83.626815, 32.821833 ], [ -83.627241, 32.822089 ], [ -83.627499, 32.822255 ], [ -83.62759, 32.822319 ], [ -83.628016, 32.822549 ], [ -83.628397, 32.822754 ], [ -83.628625, 32.822882 ], [ -83.629766, 32.821527 ], [ -83.629599, 32.821424 ], [ -83.629644, 32.821373 ] ] } },
{ "type": "Feature", "properties": { "map_file": "MaconSTI.pdf", "map_url": "https://www.southern-telecom.com/content/dam/southern-telecom/pdfs/MaconSTI.pdf", "pdf_layer": "New_Data_Frame_STI_Fiber", "pen_color": "#FF0000" }, "geometry": { "type": "LineString", "coordinates": [ [ -83.662506, 32.825733 ], [ -83.662856, 32.825579 ], [ -83.66284, 32.82526 ], [ -83.662825, 32.824889 ], [ -83.662825, 32.824646 ], [ -83.66281, 32.82439 ], [ -83.66278, 32.823879 ], [ -83.662795, 32.823419 ], [ -83.662795, 32.822997 ], [ -83.66281, 32.822562 ], [ -83.662825, 32.822127 ], [ -83.662825, 32.821769 ], [ -83.662901, 32.821322 ], [ -83.662916, 32.821105 ], [ -83.662932, 32.820708 ], [ -83.662947, 32.820516 ], [ -83.662977, 32.820107 ], [ -83.663221, 32.82012 ], [ -83.663799, 32.820133 ], [ -83.664194, 32.820133 ], [ -83.664773, 32.820146 ], [ -83.665107, 32.820158 ], [ -83.665396, 32.820158 ], [ -83.665777, 32.820158 ], [ -83.66605, 32.820146 ], [ -83.666553, 32.820158 ], [ -83.667283, 32.820158 ], [ -83.667876, 32.820146 ], [ -83.668637, 32.820146 ], [ -83.669337, 32.820133 ], [ -83.669717, 32.820133 ], [ -83.669854, 32.820146 ], [ -83.670265, 32.820146 ], [ -83.67066, 32.820146 ], [ -83.671314, 32.82012 ], [ -83.671573, 32.82012 ], [ -83.67168, 32.819558 ], [ -83.67168, 32.818842 ], [ -83.671634, 32.817857 ], [ -83.671603, 32.817384 ], [ -83.672212, 32.817307 ] ] } },
{ "type": "Feature", "properties": { "map_file": "MaconSTI.pdf", "map_url": "https://www.southern-telecom.com/content/dam/southern-telecom/pdfs/MaconSTI.pdf", "pdf_layer": "New_Data_Frame_STI_Fiber", "pen_color": "#FF0000" }, "geometry": { "type": "LineString", "coordinates": [ [ -83.672212, 32.817307 ], [ -83.67276, 32.817409 ], [ -83.673277, 32.817704 ] ] } },
{ "type": "Feature", "properties": { "map_file": "MaconSTI.pdf", "map_url": "https://www.southern-telecom.com/content/dam/southern-telecom/pdfs/MaconSTI.pdf", "pdf_layer": "New_Data_Frame_STI_Fiber", "pen_color": "#FF0000" }, "geometry": { "type": "LineString", "coordinates": [ [ -83.673277, 32.817704 ], [ -83.67352, 32.818726 ], [ -83.674205, 32.818739 ] ] } },
{ "type": "Feature", "properties": { "map_file": "MaconSTI.pdf", "map_url": "https://www.southern-telecom.com/content/dam/southern-telecom/pdfs/MaconSTI.pdf", "pdf_layer": "New_Data_Frame_STI_Fiber", "pen_color": "#FF0000" }, "geometry": { "type": "LineString", "coordinates": [ [ -83.67422, 32.819046 ], [ -83.674585, 32.819046 ] ] } },
{ "type": "Feature", "properties": { "map_file": "MaconSTI.pdf", "map_url": "https://www.southern-telecom.com/content/dam/southern-telecom/pdfs/MaconSTI.pdf", "pdf_layer": "New_Data_Frame_STI_Fiber", "pen_color": "#FF0000" }, "geometry": { "type": "LineString", "coordinates": [ [ -83.674205, 32.818739 ], [ -83.67419, 32.819008 ] ] } },
{ "type": "Feature", "properties": { "map_file": "MaconSTI.pdf", "map_url": "https://www.southern-telecom.com/content/dam/southern-telecom/pdfs/MaconSTI.pdf", "pdf_layer": "New_Data_Frame_STI_Fiber", "pen_color": "#FF0000" }, "geometry": { "type": "LineString", "coordinates": [ [ -83.627271, 32.821066 ], [ -83.627423, 32.821079 ], [ -83.62756, 32.82113 ], [ -83.627773, 32.821258 ], [ -83.628047, 32.821424 ], [ -83.628412, 32.821642 ], [ -83.629218, 32.82191 ], [ -83.628838, 32.822358 ], [ -83.629644, 32.822818 ], [ -83.630846, 32.823534 ], [ -83.631668, 32.824045 ], [ -83.632337, 32.824442 ], [ -83.632398, 32.824685 ], [ -83.63182, 32.825362 ], [ -83.631394, 32.825874 ], [ -83.631014, 32.826308 ], [ -83.630572, 32.826832 ], [ -83.630253, 32.827229 ], [ -83.629857, 32.827344 ], [ -83.62934, 32.827817 ], [ -83.628792, 32.828456 ], [ -83.628534, 32.828776 ], [ -83.62826, 32.829095 ], [ -83.628032, 32.829364 ], [ -83.627697, 32.82976 ], [ -83.62721, 32.830323 ], [ -83.626891, 32.830706 ], [ -83.62648, 32.831205 ], [ -83.626054, 32.831729 ], [ -83.625521, 32.832342 ] ] } },
{ "type": "Feature", "properties": { "map_file": "MaconSTI.pdf", "map_url": "https://www.southern-telecom.com/content/dam/southern-telecom/pdfs/MaconSTI.pdf", "pdf_layer": "New_Data_Frame_STI_Fiber", "pen_color": "#FF0000" }, "geometry": { "type": "LineString", "coordinates": [ [ -83.625521, 32.832342 ], [ -83.625658, 32.832509 ], [ -83.626373, 32.832943 ], [ -83.627119, 32.833378 ], [ -83.626084, 32.834656 ] ] } },
{ "type": "Feature", "properties": { "map_file": "MaconSTI.pdf", "map_url": "https://www.southern-telecom.com/content/dam/southern-telecom/pdfs/MaconSTI.pdf", "pdf_layer": "New_Data_Frame_STI_Fiber", "pen_color": "#FF0000" }, "geometry": { "type": "LineString", "coordinates": [ [ -83.629644, 32.821373 ], [ -83.630344, 32.821782 ], [ -83.63144, 32.820414 ], [ -83.632383, 32.819302 ], [ -83.633128, 32.819749 ], [ -83.633782, 32.820146 ], [ -83.634513, 32.82058 ], [ -83.635699, 32.821296 ], [ -83.636232, 32.821603 ], [ -83.636749, 32.822051 ], [ -83.638149, 32.822882 ], [ -83.640187, 32.824109 ], [ -83.640826, 32.824506 ], [ -83.641663, 32.825004 ], [ -83.64253, 32.825516 ] ] } },
{ "type": "Feature", "properties": { "map_file": "MaconSTI.pdf", "map_url": "https://www.southern-telecom.com/content/dam/southern-telecom/pdfs/MaconSTI.pdf", "pdf_layer": "New_Data_Frame_STI_Fiber", "pen_color": "#FF0000" }, "geometry": { "type": "LineString", "coordinates": [ [ -83.64253, 32.825516 ], [ -83.642774, 32.825234 ], [ -83.643169, 32.824761 ], [ -83.643519, 32.824327 ], [ -83.644036, 32.824736 ], [ -83.644812, 32.82517 ], [ -83.645101, 32.825669 ], [ -83.645847, 32.82604 ], [ -83.646744, 32.826449 ], [ -83.647246, 32.826602 ], [ -83.647764, 32.826692 ], [ -83.648311, 32.826717 ], [ -83.649422, 32.826283 ], [ -83.649909, 32.826104 ], [ -83.65067, 32.825822 ], [ -83.651369, 32.825541 ], [ -83.652084, 32.825567 ], [ -83.652723, 32.825592 ], [ -83.653956, 32.825618 ], [ -83.65531, 32.825592 ], [ -83.655949, 32.825605 ], [ -83.657653, 32.825656 ], [ -83.658398, 32.825682 ], [ -83.659417, 32.825695 ], [ -83.6603, 32.825707 ], [ -83.661426, 32.825707 ], [ -83.662506, 32.825733 ] ] } },
{ "type": "Feature", "properties": { "map_file": "MaconSTI.pdf", "map_url": "https://www.southern-telecom.com/content/dam/southern-telecom/pdfs/MaconSTI.pdf", "pdf_layer": "New_Data_Frame_STI_Fiber", "pen_color": "#FF0000" }, "geometry": { "type": "LineString", "coordinates": [ [ -83.648327, 32.819724 ], [ -83.648357, 32.81966 ], [ -83.648311, 32.817026 ], [ -83.648235, 32.816745 ], [ -83.648311, 32.816489 ], [ -83.648235, 32.816412 ], [ -83.647033, 32.816399 ] ] } },
{ "type": "Feature", "properties": { "map_file": "MaconSTI.pdf", "map_url": "https://www.southern-telecom.com/content/dam/southern-telecom/pdfs/MaconSTI.pdf", "pdf_layer": "New_Data_Frame_STI_Fiber", "pen_color": "#FF0000" }, "geometry": { "type": "LineString", "coordinates": [ [ -83.645299, 32.822358 ], [ -83.645679, 32.822089 ], [ -83.648114, 32.820274 ], [ -83.648357, 32.820031 ], [ -83.648311, 32.819813 ], [ -83.648327, 32.819724 ] ] } },
{ "type": "Feature", "properties": { "map_file": "MaconSTI.pdf", "map_url": "https://www.southern-telecom.com/content/dam/southern-telecom/pdfs/MaconSTI.pdf", "pdf_layer": "New_Data_Frame_STI_Fiber", "pen_color": "#FF0000" }, "geometry": { "type": "LineString", "coordinates": [ [ -83.625719, 32.821028 ], [ -83.625719, 32.820938 ], [ -83.62578, 32.820836 ], [ -83.625521, 32.820721 ], [ -83.625263, 32.820491 ], [ -83.625308, 32.820248 ], [ -83.625354, 32.820018 ], [ -83.625506, 32.819941 ] ] } },
{ "type": "Feature", "properties": { "map_file": "MaconSTI.pdf", "map_url": "https://www.southern-telecom.com/content/dam/southern-telecom/pdfs/MaconSTI.pdf", "pdf_layer": "New_Data_Frame_STI_Fiber", "pen_color": "#FF0000" }, "geometry": { "type": "LineString", "coordinates": [ [ -83.606337, 32.822447 ], [ -83.610703, 32.820491 ], [ -83.615024, 32.818535 ], [ -83.617245, 32.817525 ], [ -83.618006, 32.817972 ], [ -83.619908, 32.819084 ], [ -83.620775, 32.819609 ], [ -83.622463, 32.820107 ], [ -83.625506, 32.819941 ] ] } },
{ "type": "Feature", "properties": { "map_file": "MaconSTI.pdf", "map_url": "https://www.southern-telecom.com/content/dam/southern-telecom/pdfs/MaconSTI.pdf", "pdf_layer": "New_Data_Frame_STI_Fiber", "pen_color": "#FF0000" }, "geometry": { "type": "LineString", "coordinates": [ [ -83.625506, 32.819941 ], [ -83.625552, 32.819903 ], [ -83.622448, 32.820095 ], [ -83.621246, 32.819379 ], [ -83.617336, 32.817026 ], [ -83.610171, 32.820286 ], [ -83.607889, 32.821335 ], [ -83.606337, 32.822038 ] ] } },
{ "type": "Feature", "properties": { "map_file": "MaconSTI.pdf", "map_url": "https://www.southern-telecom.com/content/dam/southern-telecom/pdfs/MaconSTI.pdf", "pdf_layer": "New_Data_Frame_STI_Fiber", "pen_color": "#FF0000" }, "geometry": { "type": "LineString", "coordinates": [ [ -83.646288, 32.81342 ], [ -83.646288, 32.81319 ], [ -83.646258, 32.812985 ] ] } },
{ "type": "Feature", "properties": { "map_file": "MaconSTI.pdf", "map_url": "https://www.southern-telecom.com/content/dam/southern-telecom/pdfs/MaconSTI.pdf", "pdf_layer": "New_Data_Frame_STI_Fiber", "pen_color": "#FF0000" }, "geometry": { "type": "LineString", "coordinates": [ [ -83.646258, 32.812985 ], [ -83.646227, 32.812794 ], [ -83.64609, 32.812474 ], [ -83.645923, 32.812141 ], [ -83.645816, 32.811911 ], [ -83.645786, 32.811822 ], [ -83.645771, 32.811745 ], [ -83.645786, 32.811681 ], [ -83.645816, 32.811592 ] ] } },
{ "type": "Feature", "properties": { "map_file": "SavannahSTI.pdf", "map_url": "https://www.southern-telecom.com/content/dam/southern-telecom/pdfs/SavannahSTI.pdf", "pdf_layer": "Other_4", "pen_color": "#0000FF" }, "geometry": { "type": "LineString", "coordinates": [ [ -81.071189, 31.996303 ], [ -81.068595, 31.998283 ], [ -81.066272, 31.996073 ], [ -81.063724, 31.998055 ] ] } },
{ "type": "Feature", "properties": { "map_file": "SavannahSTI.pdf", "map_url": "https://www.southern-telecom.com/content/dam/southern-telecom/pdfs/SavannahSTI.pdf", "pdf_layer": "Overall_Other_2", "pen_color": "#0000FF" }, "geometry": { "type": "LineString", "coordinates": [ [ -81.180286, 32.149227 ], [ -81.180193, 32.149223 ], [ -81.180154, 32.149102 ], [ -81.179034, 32.146195 ] ] } },
{ "type": "Feature", "properties": { "map_file": "SavannahSTI.pdf", "map_url": "https://www.southern-telecom.com/content/dam/southern-telecom/pdfs/SavannahSTI.pdf", "pdf_layer": "Overall_Other_2", "pen_color": "#0000FF" }, "geometry": { "type": "LineString", "coordinates": [ [ -81.132668, 32.038435 ], [ -81.131926, 32.038401 ], [ -81.130399, 32.03825 ], [ -81.128743, 32.037935 ], [ -81.12815, 32.037749 ], [ -81.127652, 32.037528 ], [ -81.127156, 32.037267 ], [ -81.126243, 32.036986 ], [ -81.126405, 32.036637 ] ] } },
{ "type": "Feature", "properties": { "map_file": "SavannahSTI.pdf", "map_url": "https://www.southern-telecom.com/content/dam/southern-telecom/pdfs/SavannahSTI.pdf", "pdf_layer": "Overall_Other_2", "pen_color": "#0000FF" }, "geometry": { "type": "LineString", "coordinates": [ [ -81.098685, 32.060804 ], [ -81.097539, 32.060513 ], [ -81.096257, 32.060175 ], [ -81.095431, 32.059978 ], [ -81.094232, 32.059803 ], [ -81.09286, 32.059422 ], [ -81.091531, 32.059082 ], [ -81.091114, 32.059776 ], [ -81.09072, 32.060828 ], [ -81.090321, 32.06196 ], [ -81.089875, 32.063089 ], [ -81.089482, 32.064141 ], [ -81.089345, 32.064095 ], [ -81.089342, 32.064135 ] ] } },
{ "type": "Feature", "properties": { "map_file": "SavannahSTI.pdf", "map_url": "https://www.southern-telecom.com/content/dam/southern-telecom/pdfs/SavannahSTI.pdf", "pdf_layer": "Overall_Other_2", "pen_color": "#0000FF" }, "geometry": { "type": "LineString", "coordinates": [ [ -81.088754, 32.079018 ], [ -81.088571, 32.07897 ], [ -81.088514, 32.079126 ], [ -81.08934, 32.079323 ], [ -81.089227, 32.079635 ], [ -81.089113, 32.079947 ], [ -81.088951, 32.080296 ], [ -81.088721, 32.080246 ], [ -81.087852, 32.080007 ], [ -81.086889, 32.079764 ], [ -81.085744, 32.079472 ], [ -81.085011, 32.079279 ], [ -81.084691, 32.079185 ], [ -81.083912, 32.078989 ], [ -81.083909, 32.079029 ] ] } },
{ "type": "Feature", "properties": { "map_file": "SavannahSTI.pdf", "map_url": "https://www.southern-telecom.com/content/dam/southern-telecom/pdfs/SavannahSTI.pdf", "pdf_layer": "Overall_Other_2", "pen_color": "#0000FF" }, "geometry": { "type": "LineString", "coordinates": [ [ -81.123844, 32.096163 ], [ -81.123844, 32.096163 ] ] } },
{ "type": "Feature", "properties": { "map_file": "SavannahSTI.pdf", "map_url": "https://www.southern-telecom.com/content/dam/southern-telecom/pdfs/SavannahSTI.pdf", "pdf_layer": "Overall_Other_2", "pen_color": "#0000FF" }, "geometry": { "type": "LineString", "coordinates": [ [ -81.123844, 32.096163 ], [ -81.123893, 32.096126 ], [ -81.124033, 32.096133 ], [ -81.124077, 32.096174 ], [ -81.124996, 32.09709 ], [ -81.125696, 32.097796 ], [ -81.127034, 32.098731 ], [ -81.131512, 32.097908 ], [ -81.134142, 32.097594 ], [ -81.135362, 32.097453 ] ] } },
{ "type": "Feature", "properties": { "map_file": "SavannahSTI.pdf", "map_url": "https://www.southern-telecom.com/content/dam/southern-telecom/pdfs/SavannahSTI.pdf", "pdf_layer": "Overall_Other_2", "pen_color": "#0000FF" }, "geometry": { "type": "LineString", "coordinates": [ [ -81.123237, 32.095461 ], [ -81.123281, 32.095503 ] ] } },
{ "type": "Feature", "properties": { "map_file": "SavannahSTI.pdf", "map_url": "https://www.southern-telecom.com/content/dam/southern-telecom/pdfs/SavannahSTI.pdf", "pdf_layer": "Overall_Other_2", "pen_color": "#0000FF" }, "geometry": { "type": "LineString", "coordinates": [ [ -81.123281, 32.095503 ], [ -81.123328, 32.095505 ], [ -81.123371, 32.095547 ], [ -81.123539, 32.095832 ], [ -81.12371, 32.096078 ], [ -81.123803, 32.096082 ], [ -81.123844, 32.096163 ] ] } },
{ "type": "Feature", "properties": { "map_file": "SavannahSTI.pdf", "map_url": "https://www.southern-telecom.com/content/dam/southern-telecom/pdfs/SavannahSTI.pdf", "pdf_layer": "Overall_Other_2", "pen_color": "#0000FF" }, "geometry": { "type": "LineString", "coordinates": [ [ -81.096985, 32.084281 ], [ -81.097029, 32.084323 ], [ -81.097181, 32.084132 ], [ -81.096105, 32.083487 ], [ -81.095516, 32.083221 ], [ -81.095416, 32.083335 ] ] } },
{ "type": "Feature", "properties": { "map_file": "SavannahSTI.pdf", "map_url": "https://www.southern-telecom.com/content/dam/southern-telecom/pdfs/SavannahSTI.pdf", "pdf_layer": "Overall_Other_2", "pen_color": "#0000FF" }, "geometry": { "type": "LineString", "coordinates": [ [ -81.089252, 32.064091 ], [ -81.089342, 32.064135 ] ] } },
{ "type": "Feature", "properties": { "map_file": "SavannahSTI.pdf", "map_url": "https://www.southern-telecom.com/content/dam/southern-telecom/pdfs/SavannahSTI.pdf", "pdf_layer": "Overall_Other_2", "pen_color": "#0000FF" }, "geometry": { "type": "LineString", "coordinates": [ [ -81.089342, 32.064135 ], [ -81.089482, 32.064141 ], [ -81.089667, 32.06415 ], [ -81.090173, 32.064253 ], [ -81.091592, 32.064637 ], [ -81.091373, 32.065142 ], [ -81.091036, 32.066038 ], [ -81.090745, 32.066937 ], [ -81.090413, 32.067754 ], [ -81.090181, 32.068457 ], [ -81.089733, 32.069626 ], [ -81.089507, 32.07025 ], [ -81.089226, 32.07099 ], [ -81.089027, 32.071179 ], [ -81.088863, 32.071568 ], [ -81.088577, 32.072387 ], [ -81.088296, 32.073127 ], [ -81.088021, 32.073789 ], [ -81.087241, 32.073594 ], [ -81.086189, 32.073306 ], [ -81.086016, 32.073814 ], [ -81.08579, 32.074438 ], [ -81.085676, 32.07475 ], [ -81.085333, 32.075011 ], [ -81.085166, 32.07544 ], [ -81.085053, 32.075751 ], [ -81.085133, 32.075953 ], [ -81.085019, 32.076265 ], [ -81.084806, 32.076692 ], [ -81.084685, 32.077122 ], [ -81.084404, 32.077863 ], [ -81.084182, 32.078407 ], [ -81.084064, 32.078798 ], [ -81.083971, 32.078794 ], [ -81.083909, 32.079029 ] ] } },
{ "type": "Feature", "properties": { "map_file": "SavannahSTI.pdf", "map_url": "https://www.southern-telecom.com/content/dam/southern-telecom/pdfs/SavannahSTI.pdf", "pdf_layer": "Overall_Other_2", "pen_color": "#0000FF" }, "geometry": { "type": "LineString", "coordinates": [ [ -81.120567, 32.055798 ], [ -81.120614, 32.0558 ], [ -81.120608, 32.055879 ] ] } },
{ "type": "Feature", "properties": { "map_file": "SavannahSTI.pdf", "map_url": "https://www.southern-telecom.com/content/dam/southern-telecom/pdfs/SavannahSTI.pdf", "pdf_layer": "Overall_Other_2", "pen_color": "#0000FF" }, "geometry": { "type": "LineString", "coordinates": [ [ -81.120518, 32.055835 ], [ -81.120567, 32.055798 ] ] } },
{ "type": "Feature", "properties": { "map_file": "SavannahSTI.pdf", "map_url": "https://www.southern-telecom.com/content/dam/southern-telecom/pdfs/SavannahSTI.pdf", "pdf_layer": "Overall_Other_2", "pen_color": "#0000FF" }, "geometry": { "type": "LineString", "coordinates": [ [ -81.116908, 32.03445 ], [ -81.11673, 32.034323 ], [ -81.11673, 32.034323 ] ] } },
{ "type": "Feature", "properties": { "map_file": "SavannahSTI.pdf", "map_url": "https://www.southern-telecom.com/content/dam/southern-telecom/pdfs/SavannahSTI.pdf", "pdf_layer": "Overall_Other_2", "pen_color": "#0000FF" }, "geometry": { "type": "LineString", "coordinates": [ [ -81.11673, 32.034323 ], [ -81.115539, 32.034029 ], [ -81.11476, 32.033834 ], [ -81.113893, 32.033556 ], [ -81.114173, 32.032815 ], [ -81.114677, 32.031491 ], [ -81.114903, 32.030867 ], [ -81.115063, 32.030557 ], [ -81.114599, 32.030535 ], [ -81.114233, 32.030439 ], [ -81.113776, 32.030298 ], [ -81.1135, 32.030246 ], [ -81.1135, 32.030246 ] ] } },
{ "type": "Feature", "properties": { "map_file": "SavannahSTI.pdf", "map_url": "https://www.southern-telecom.com/content/dam/southern-telecom/pdfs/SavannahSTI.pdf", "pdf_layer": "Overall_Other_2", "pen_color": "#0000FF" }, "geometry": { "type": "LineString", "coordinates": [ [ -81.1135, 32.030246 ], [ -81.112448, 32.029959 ], [ -81.112401, 32.029957 ] ] } },
{ "type": "Feature", "properties": { "map_file": "SavannahSTI.pdf", "map_url": "https://www.southern-telecom.com/content/dam/southern-telecom/pdfs/SavannahSTI.pdf", "pdf_layer": "Overall_Other_2", "pen_color": "#0000FF" }, "geometry": { "type": "LineString", "coordinates": [ [ -81.120567, 32.055798 ], [ -81.12068, 32.055486 ], [ -81.120177, 32.055343 ], [ -81.120128, 32.055381 ], [ -81.120219, 32.055424 ], [ -81.120113, 32.055618 ], [ -81.119791, 32.055563 ], [ -81.119378, 32.055465 ], [ -81.119427, 32.055427 ], [ -81.119481, 32.055311 ], [ -81.119501, 32.054994 ], [ -81.119537, 32.054441 ], [ -81.119868, 32.053624 ], [ -81.120046, 32.053037 ], [ -81.119809, 32.053105 ], [ -81.119122, 32.052915 ], [ -81.11848, 32.052766 ], [ -81.117977, 32.052623 ], [ -81.117474, 32.052481 ], [ -81.116101, 32.0521 ], [ -81.116389, 32.051241 ], [ -81.116505, 32.050889 ], [ -81.116675, 32.050421 ], [ -81.116906, 32.049718 ], [ -81.11688, 32.0494 ], [ -81.116991, 32.049127 ], [ -81.116031, 32.048844 ], [ -81.114702, 32.048505 ], [ -81.113923, 32.04831 ], [ -81.112961, 32.048067 ], [ -81.111999, 32.047824 ], [ -81.111506, 32.047523 ], [ -81.110774, 32.04733 ], [ -81.110314, 32.047229 ], [ -81.110322, 32.047111 ], [ -81.110139, 32.047063 ], [ -81.11025, 32.04679 ] ] } },
{ "type": "Feature", "properties": { "map_file": "SavannahSTI.pdf", "map_url": "https://www.southern-telecom.com/content/dam/southern-telecom/pdfs/SavannahSTI.pdf", "pdf_layer": "Overall_Other_2", "pen_color": "#0000FF" }, "geometry": { "type": "LineString", "coordinates": [ [ -81.11025, 32.04679 ], [ -81.110252, 32.046751 ] ] } },
{ "type": "Feature", "properties": { "map_file": "SavannahSTI.pdf", "map_url": "https://www.southern-telecom.com/content/dam/southern-telecom/pdfs/SavannahSTI.pdf", "pdf_layer": "Overall_Other_2", "pen_color": "#0000FF" }, "geometry": { "type": "LineString", "coordinates": [ [ -81.103303, 32.083823 ], [ -81.104123, 32.0841 ], [ -81.107238, 32.084919 ], [ -81.108108, 32.085158 ], [ -81.108248, 32.085879 ] ] } },
{ "type": "Feature", "properties": { "map_file": "SavannahSTI.pdf", "map_url": "https://www.southern-telecom.com/content/dam/southern-telecom/pdfs/SavannahSTI.pdf", "pdf_layer": "Overall_Other_2", "pen_color": "#0000FF" }, "geometry": { "type": "LineString", "coordinates": [ [ -81.108248, 32.085879 ], [ -81.10854, 32.087122 ], [ -81.10868, 32.087842 ], [ -81.108864, 32.088604 ], [ -81.10904, 32.089485 ], [ -81.110111, 32.089495 ], [ -81.111133, 32.089543 ], [ -81.111314, 32.08963 ], [ -81.112073, 32.090142 ], [ -81.112785, 32.090651 ], [ -81.114618, 32.091847 ], [ -81.116898, 32.093341 ], [ -81.118328, 32.09428 ], [ -81.118731, 32.094537 ], [ -81.119002, 32.094669 ], [ -81.119808, 32.095182 ], [ -81.120813, 32.094039 ], [ -81.122602, 32.095193 ], [ -81.122744, 32.09516 ], [ -81.123325, 32.095544 ], [ -81.123328, 32.095505 ], [ -81.123281, 32.095503 ], [ -81.123281, 32.095503 ] ] } },
{ "type": "Feature", "properties": { "map_file": "SavannahSTI.pdf", "map_url": "https://www.southern-telecom.com/content/dam/southern-telecom/pdfs/SavannahSTI.pdf", "pdf_layer": "Overall_Other_2", "pen_color": "#0000FF" }, "geometry": { "type": "LineString", "coordinates": [ [ -81.081825, 32.03055 ], [ -81.081423, 32.031721 ], [ -81.080914, 32.033125 ], [ -81.080512, 32.034296 ], [ -81.080165, 32.03535 ], [ -81.078844, 32.034891 ] ] } },
{ "type": "Feature", "properties": { "map_file": "SavannahSTI.pdf", "map_url": "https://www.southern-telecom.com/content/dam/southern-telecom/pdfs/SavannahSTI.pdf", "pdf_layer": "Overall_Other_2", "pen_color": "#0000FF" }, "geometry": { "type": "LineString", "coordinates": [ [ -81.149402, 32.103023 ], [ -81.149252, 32.103174 ], [ -81.149044, 32.103521 ], [ -81.146048, 32.101558 ], [ -81.145359, 32.102121 ], [ -81.144181, 32.103058 ], [ -81.144042, 32.103051 ], [ -81.143652, 32.103311 ], [ -81.143508, 32.103384 ] ] } },
{ "type": "Feature", "properties": { "map_file": "SavannahSTI.pdf", "map_url": "https://www.southern-telecom.com/content/dam/southern-telecom/pdfs/SavannahSTI.pdf", "pdf_layer": "Overall_Other_2", "pen_color": "#0000FF" }, "geometry": { "type": "LineString", "coordinates": [ [ -81.120298, 32.049836 ], [ -81.1203, 32.049797 ], [ -81.119289, 32.049591 ], [ -81.118046, 32.049375 ], [ -81.117037, 32.049129 ], [ -81.116924, 32.049441 ], [ -81.116953, 32.04972 ], [ -81.116721, 32.050423 ], [ -81.116551, 32.050891 ], [ -81.116436, 32.051243 ], [ -81.116145, 32.052141 ], [ -81.115735, 32.052003 ], [ -81.114682, 32.051716 ], [ -81.114279, 32.052927 ], [ -81.113767, 32.05437 ], [ -81.115462, 32.054806 ], [ -81.11558, 32.054415 ], [ -81.116633, 32.054702 ], [ -81.116948, 32.054875 ], [ -81.117451, 32.055018 ], [ -81.117863, 32.055116 ], [ -81.118552, 32.055268 ], [ -81.119282, 32.0555 ], [ -81.119742, 32.055601 ], [ -81.120157, 32.05566 ], [ -81.120265, 32.055427 ], [ -81.120221, 32.055385 ], [ -81.120631, 32.055523 ], [ -81.120523, 32.055756 ], [ -81.120472, 32.055833 ] ] } },
{ "type": "Feature", "properties": { "map_file": "SavannahSTI.pdf", "map_url": "https://www.southern-telecom.com/content/dam/southern-telecom/pdfs/SavannahSTI.pdf", "pdf_layer": "Overall_Other_2", "pen_color": "#0000FF" }, "geometry": { "type": "LineString", "coordinates": [ [ -81.145767, 32.148858 ], [ -81.145669, 32.148933 ] ] } },
{ "type": "Feature", "properties": { "map_file": "SavannahSTI.pdf", "map_url": "https://www.southern-telecom.com/content/dam/southern-telecom/pdfs/SavannahSTI.pdf", "pdf_layer": "Overall_Other_2", "pen_color": "#0000FF" }, "geometry": { "type": "LineString", "coordinates": [ [ -81.130156, 32.103794 ], [ -81.130069, 32.103711 ], [ -81.129824, 32.103898 ], [ -81.130043, 32.104106 ], [ -81.131124, 32.103244 ], [ -81.131969, 32.102411 ], [ -81.133831, 32.100991 ], [ -81.135004, 32.100133 ], [ -81.136231, 32.099159 ], [ -81.135822, 32.098267 ], [ -81.135364, 32.097413 ], [ -81.134098, 32.097553 ], [ -81.132877, 32.097694 ], [ -81.131469, 32.097867 ], [ -81.130431, 32.098056 ], [ -81.129394, 32.098246 ], [ -81.128357, 32.098436 ], [ -81.127039, 32.098652 ], [ -81.125745, 32.097759 ], [ -81.125045, 32.097052 ], [ -81.124126, 32.096137 ], [ -81.12393, 32.096286 ], [ -81.12371, 32.096078 ], [ -81.123328, 32.095505 ], [ -81.12333, 32.095465 ], [ -81.12324, 32.095421 ] ] } },
{ "type": "Feature", "properties": { "map_file": "SavannahSTI.pdf", "map_url": "https://www.southern-telecom.com/content/dam/southern-telecom/pdfs/SavannahSTI.pdf", "pdf_layer": "Overall_Other_2", "pen_color": "#0000FF" }, "geometry": { "type": "LineString", "coordinates": [ [ -81.12324, 32.095421 ], [ -81.123328, 32.095505 ], [ -81.123374, 32.095507 ], [ -81.123759, 32.096041 ], [ -81.123852, 32.096045 ], [ -81.123849, 32.096084 ], [ -81.123891, 32.096166 ], [ -81.123891, 32.096166 ] ] } },
{ "type": "Feature", "properties": { "map_file": "SavannahSTI.pdf", "map_url": "https://www.southern-telecom.com/content/dam/southern-telecom/pdfs/SavannahSTI.pdf", "pdf_layer": "Overall_Other_2", "pen_color": "#0000FF" }, "geometry": { "type": "LineString", "coordinates": [ [ -81.123888, 32.096205 ], [ -81.123844, 32.096163 ], [ -81.123891, 32.096166 ], [ -81.123803, 32.096082 ], [ -81.123762, 32.096001 ], [ -81.123713, 32.096038 ] ] } },
{ "type": "Feature", "properties": { "map_file": "SavannahSTI.pdf", "map_url": "https://www.southern-telecom.com/content/dam/southern-telecom/pdfs/SavannahSTI.pdf", "pdf_layer": "Overall_Other_2", "pen_color": "#0000FF" }, "geometry": { "type": "LineString", "coordinates": [ [ -81.151289, 32.139794 ], [ -81.151284, 32.139874 ], [ -81.151095, 32.139904 ] ] } },
{ "type": "Feature", "properties": { "map_file": "SavannahSTI.pdf", "map_url": "https://www.southern-telecom.com/content/dam/southern-telecom/pdfs/SavannahSTI.pdf", "pdf_layer": "Overall_Other_2", "pen_color": "#0000FF" }, "geometry": { "type": "LineString", "coordinates": [ [ -81.120655, 32.055881 ], [ -81.120657, 32.055841 ], [ -81.120565, 32.055837 ], [ -81.12068, 32.055486 ], [ -81.121271, 32.055711 ], [ -81.12133, 32.055516 ], [ -81.121423, 32.05552 ], [ -81.121649, 32.054896 ], [ -81.121935, 32.054077 ], [ -81.122323, 32.053103 ], [ -81.121867, 32.052963 ], [ -81.120997, 32.052724 ], [ -81.120355, 32.052575 ], [ -81.120164, 32.052646 ], [ -81.120339, 32.052099 ], [ -81.120503, 32.05171 ], [ -81.120676, 32.051202 ], [ -81.120843, 32.050774 ], [ -81.121018, 32.050227 ], [ -81.120899, 32.049904 ], [ -81.12168, 32.050059 ] ] } },
{ "type": "Feature", "properties": { "map_file": "SavannahSTI.pdf", "map_url": "https://www.southern-telecom.com/content/dam/southern-telecom/pdfs/SavannahSTI.pdf", "pdf_layer": "Overall_Other_2", "pen_color": "#0000FF" }, "geometry": { "type": "LineString", "coordinates": [ [ -81.12168, 32.050059 ], [ -81.122372, 32.050171 ], [ -81.122967, 32.050318 ], [ -81.123612, 32.050427 ], [ -81.124211, 32.050534 ], [ -81.125361, 32.050746 ], [ -81.126556, 32.051 ], [ -81.127843, 32.051258 ], [ -81.128782, 32.051143 ], [ -81.129793, 32.051349 ], [ -81.130941, 32.051601 ], [ -81.132094, 32.051773 ], [ -81.132783, 32.051924 ], [ -81.134024, 32.05218 ], [ -81.135313, 32.052399 ], [ -81.136464, 32.052611 ], [ -81.136693, 32.051947 ], [ -81.136978, 32.051128 ], [ -81.137271, 32.05019 ], [ -81.137548, 32.049489 ], [ -81.13778, 32.048785 ], [ -81.138006, 32.048161 ], [ -81.138232, 32.047537 ], [ -81.138461, 32.046874 ], [ -81.138692, 32.046171 ], [ -81.138923, 32.045468 ], [ -81.139152, 32.044804 ], [ -81.139383, 32.044101 ], [ -81.139661, 32.0434 ], [ -81.139771, 32.043127 ], [ -81.14001, 32.042306 ], [ -81.140295, 32.041486 ], [ -81.140632, 32.04059 ], [ -81.141372, 32.040664 ], [ -81.142376, 32.040988 ], [ -81.143521, 32.041279 ], [ -81.144571, 32.041605 ], [ -81.144981, 32.041743 ], [ -81.144986, 32.041664 ] ] } },
{ "type": "Feature", "properties": { "map_file": "SavannahSTI.pdf", "map_url": "https://www.southern-telecom.com/content/dam/southern-telecom/pdfs/SavannahSTI.pdf", "pdf_layer": "Overall_Other_2", "pen_color": "#0000FF" }, "geometry": { "type": "LineString", "coordinates": [ [ -81.11025, 32.04679 ], [ -81.110203, 32.046788 ], [ -81.110092, 32.047061 ], [ -81.110276, 32.047109 ], [ -81.110268, 32.047227 ], [ -81.109584, 32.046997 ], [ -81.108571, 32.046831 ], [ -81.108234, 32.047727 ], [ -81.108123, 32.048 ], [ -81.10785, 32.048621 ], [ -81.107459, 32.049634 ], [ -81.107071, 32.050608 ], [ -81.106729, 32.051583 ], [ -81.106335, 32.052635 ], [ -81.105946, 32.053609 ], [ -81.10572, 32.054233 ], [ -81.10475, 32.054108 ], [ -81.104405, 32.055123 ], [ -81.104009, 32.056215 ], [ -81.103667, 32.05719 ], [ -81.103325, 32.058166 ], [ -81.103044, 32.058906 ], [ -81.102761, 32.059686 ], [ -81.102363, 32.060818 ], [ -81.102111, 32.061837 ], [ -81.101156, 32.061475 ], [ -81.099967, 32.061142 ], [ -81.098728, 32.060846 ], [ -81.098685, 32.060804 ] ] } },
{ "type": "Feature", "properties": { "map_file": "SavannahSTI.pdf", "map_url": "https://www.southern-telecom.com/content/dam/southern-telecom/pdfs/SavannahSTI.pdf", "pdf_layer": "Overall_Other_2", "pen_color": "#0000FF" }, "geometry": { "type": "LineString", "coordinates": [ [ -81.135362, 32.097453 ], [ -81.137521, 32.097196 ], [ -81.139029, 32.097663 ], [ -81.139654, 32.098089 ], [ -81.140235, 32.098473 ], [ -81.140739, 32.099329 ], [ -81.141122, 32.099902 ], [ -81.141546, 32.100556 ], [ -81.142404, 32.101706 ], [ -81.142911, 32.102523 ], [ -81.143464, 32.103342 ] ] } },
{ "type": "Feature", "properties": { "map_file": "SavannahSTI.pdf", "map_url": "https://www.southern-telecom.com/content/dam/southern-telecom/pdfs/SavannahSTI.pdf", "pdf_layer": "Overall_Other_2", "pen_color": "#0000FF" }, "geometry": { "type": "LineString", "coordinates": [ [ -81.135362, 32.097453 ], [ -81.135773, 32.098305 ], [ -81.136184, 32.099157 ], [ -81.135006, 32.100094 ], [ -81.133833, 32.100951 ], [ -81.131925, 32.102369 ], [ -81.131124, 32.103244 ], [ -81.130048, 32.104027 ], [ -81.12987, 32.1039 ], [ -81.130066, 32.10375 ], [ -81.130107, 32.103831 ] ] } },
{ "type": "Feature", "properties": { "map_file": "SavannahSTI.pdf", "map_url": "https://www.southern-telecom.com/content/dam/southern-telecom/pdfs/SavannahSTI.pdf", "pdf_layer": "Overall_Other_2", "pen_color": "#0000FF" }, "geometry": { "type": "LineString", "coordinates": [ [ -81.144986, 32.041664 ], [ -81.14494, 32.041662 ], [ -81.144886, 32.041778 ], [ -81.144566, 32.041684 ], [ -81.14347, 32.041356 ], [ -81.142554, 32.041115 ], [ -81.141318, 32.04078 ], [ -81.14059, 32.040508 ], [ -81.138576, 32.039979 ], [ -81.136473, 32.039365 ], [ -81.134598, 32.038842 ], [ -81.1346, 32.038802 ], [ -81.1345, 32.038917 ], [ -81.134224, 32.038864 ], [ -81.133308, 32.038623 ], [ -81.132668, 32.038435 ] ] } },
{ "type": "Feature", "properties": { "map_file": "SavannahSTI.pdf", "map_url": "https://www.southern-telecom.com/content/dam/southern-telecom/pdfs/SavannahSTI.pdf", "pdf_layer": "Overall_Other_2", "pen_color": "#0000FF" }, "geometry": { "type": "LineString", "coordinates": [ [ -81.153904, 32.131706 ], [ -81.154181, 32.132473 ], [ -81.154365, 32.133235 ], [ -81.154736, 32.134719 ], [ -81.155174, 32.13589 ], [ -81.156003, 32.138228 ], [ -81.155573, 32.138407 ], [ -81.154772, 32.138528 ], [ -81.153877, 32.138685 ], [ -81.153028, 32.138844 ], [ -81.151802, 32.139065 ], [ -81.151332, 32.139122 ], [ -81.151001, 32.139186 ], [ -81.151095, 32.139904 ], [ -81.151284, 32.139874 ], [ -81.151286, 32.139834 ], [ -81.151333, 32.139836 ] ] } },
{ "type": "Feature", "properties": { "map_file": "SavannahSTI.pdf", "map_url": "https://www.southern-telecom.com/content/dam/southern-telecom/pdfs/SavannahSTI.pdf", "pdf_layer": "Overall_Other_2", "pen_color": "#0000FF" }, "geometry": { "type": "LineString", "coordinates": [ [ -81.151289, 32.139794 ], [ -81.151333, 32.139836 ] ] } },
{ "type": "Feature", "properties": { "map_file": "SavannahSTI.pdf", "map_url": "https://www.southern-telecom.com/content/dam/southern-telecom/pdfs/SavannahSTI.pdf", "pdf_layer": "Overall_Other_2", "pen_color": "#0000FF" }, "geometry": { "type": "LineString", "coordinates": [ [ -81.145767, 32.148858 ], [ -81.145633, 32.148772 ], [ -81.145584, 32.14881 ] ] } },
{ "type": "Feature", "properties": { "map_file": "SavannahSTI.pdf", "map_url": "https://www.southern-telecom.com/content/dam/southern-telecom/pdfs/SavannahSTI.pdf", "pdf_layer": "Overall_Other_2", "pen_color": "#0000FF" }, "geometry": { "type": "LineString", "coordinates": [ [ -81.112401, 32.029957 ], [ -81.111855, 32.029773 ], [ -81.1108, 32.029525 ], [ -81.11108, 32.028785 ], [ -81.110758, 32.02873 ], [ -81.110025, 32.028537 ], [ -81.109063, 32.028294 ], [ -81.108787, 32.028242 ], [ -81.108424, 32.028106 ], [ -81.107738, 32.027915 ], [ -81.107232, 32.027812 ] ] } },
{ "type": "Feature", "properties": { "map_file": "SavannahSTI.pdf", "map_url": "https://www.southern-telecom.com/content/dam/southern-telecom/pdfs/SavannahSTI.pdf", "pdf_layer": "Overall_Other_2", "pen_color": "#0000FF" }, "geometry": { "type": "LineString", "coordinates": [ [ -81.086034, 32.0223 ], [ -81.086037, 32.022261 ], [ -81.086132, 32.022226 ], [ -81.086039, 32.022221 ], [ -81.085944, 32.022256 ], [ -81.085887, 32.022412 ], [ -81.085836, 32.022489 ], [ -81.085828, 32.022608 ], [ -81.085777, 32.022685 ], [ -81.08612, 32.023137 ], [ -81.086486, 32.023234 ], [ -81.086168, 32.024567 ], [ -81.085802, 32.025898 ], [ -81.0851, 32.027412 ], [ -81.084397, 32.028926 ], [ -81.083229, 32.029704 ] ] } },
{ "type": "Feature", "properties": { "map_file": "SavannahSTI.pdf", "map_url": "https://www.southern-telecom.com/content/dam/southern-telecom/pdfs/SavannahSTI.pdf", "pdf_layer": "Overall_Other_2", "pen_color": "#0000FF" }, "geometry": { "type": "LineString", "coordinates": [ [ -81.126405, 32.036637 ], [ -81.126403, 32.036676 ], [ -81.126292, 32.036949 ], [ -81.125376, 32.036708 ] ] } },
{ "type": "Feature", "properties": { "map_file": "SavannahSTI.pdf", "map_url": "https://www.southern-telecom.com/content/dam/southern-telecom/pdfs/SavannahSTI.pdf", "pdf_layer": "Overall_Other_2", "pen_color": "#0000FF" }, "geometry": { "type": "LineString", "coordinates": [ [ -81.125376, 32.036708 ], [ -81.125423, 32.03671 ], [ -81.126338, 32.036951 ], [ -81.1265, 32.036602 ], [ -81.126408, 32.036597 ], [ -81.127079, 32.034844 ], [ -81.127302, 32.03426 ], [ -81.127806, 32.032935 ], [ -81.128123, 32.032354 ], [ -81.128437, 32.031814 ], [ -81.128753, 32.031234 ], [ -81.129181, 32.031095 ], [ -81.129367, 32.031104 ], [ -81.129421, 32.030987 ], [ -81.129374, 32.030985 ] ] } },
{ "type": "Feature", "properties": { "map_file": "SavannahSTI.pdf", "map_url": "https://www.southern-telecom.com/content/dam/southern-telecom/pdfs/SavannahSTI.pdf", "pdf_layer": "Overall_Other_2", "pen_color": "#0000FF" }, "geometry": { "type": "LineString", "coordinates": [ [ -81.107232, 32.027812 ], [ -81.106729, 32.02767 ], [ -81.106134, 32.027523 ], [ -81.105904, 32.027473 ], [ -81.104532, 32.027091 ], [ -81.10357, 32.026848 ], [ -81.102608, 32.026605 ], [ -81.101969, 32.026416 ], [ -81.100777, 32.026123 ], [ -81.100457, 32.026028 ], [ -81.098993, 32.025643 ], [ -81.098077, 32.025402 ], [ -81.09735, 32.02513 ], [ -81.096919, 32.025308 ], [ -81.096465, 32.025128 ], [ -81.095645, 32.024852 ], [ -81.094779, 32.024573 ], [ -81.094229, 32.024429 ], [ -81.093546, 32.024198 ], [ -81.09277, 32.023964 ], [ -81.092084, 32.023773 ], [ -81.091491, 32.023587 ], [ -81.091034, 32.023446 ], [ -81.090392, 32.023297 ], [ -81.089704, 32.023146 ], [ -81.089477, 32.023056 ], [ -81.088974, 32.023628 ], [ -81.087625, 32.02289 ], [ -81.086952, 32.022502 ], [ -81.086633, 32.022408 ], [ -81.086176, 32.022267 ], [ -81.086034, 32.0223 ] ] } },
{ "type": "Feature", "properties": { "map_file": "SavannahSTI.pdf", "map_url": "https://www.southern-telecom.com/content/dam/southern-telecom/pdfs/SavannahSTI.pdf", "pdf_layer": "Overall_Other_2", "pen_color": "#0000FF" }, "geometry": { "type": "LineString", "coordinates": [ [ -81.125376, 32.036708 ], [ -81.124597, 32.036513 ], [ -81.122493, 32.035939 ], [ -81.12144, 32.035652 ], [ -81.120068, 32.035271 ], [ -81.119106, 32.035028 ], [ -81.118283, 32.034792 ], [ -81.117594, 32.03464 ], [ -81.116908, 32.03445 ] ] } },
{ "type": "Feature", "properties": { "map_file": "SavannahSTI.pdf", "map_url": "https://www.southern-telecom.com/content/dam/southern-telecom/pdfs/SavannahSTI.pdf", "pdf_layer": "Overall_Other_2", "pen_color": "#0000FF" }, "geometry": { "type": "LineString", "coordinates": [ [ -81.078844, 32.034891 ], [ -81.078559, 32.035711 ], [ -81.076913, 32.035237 ], [ -81.075583, 32.034937 ], [ -81.074118, 32.034551 ], [ -81.072927, 32.034257 ], [ -81.071782, 32.033965 ], [ -81.070629, 32.033792 ], [ -81.069492, 32.033382 ], [ -81.068447, 32.032976 ], [ -81.067811, 32.034175 ], [ -81.066637, 32.033605 ], [ -81.066444, 32.033715 ], [ -81.066171, 32.034336 ], [ -81.065852, 32.034956 ], [ -81.065586, 32.035459 ], [ -81.065218, 32.036116 ], [ -81.064617, 32.036048 ], [ -81.064455, 32.036397 ], [ -81.064141, 32.036937 ], [ -81.06395, 32.037008 ], [ -81.063646, 32.03739 ], [ -81.063244, 32.037847 ], [ -81.062963, 32.037873 ], [ -81.062916, 32.037871 ], [ -81.062646, 32.03774 ], [ -81.062545, 32.037854 ] ] } },
{ "type": "Feature", "properties": { "map_file": "SavannahSTI.pdf", "map_url": "https://www.southern-telecom.com/content/dam/southern-telecom/pdfs/SavannahSTI.pdf", "pdf_layer": "Overall_Other_2", "pen_color": "#0000FF" }, "geometry": { "type": "LineString", "coordinates": [ [ -81.062545, 32.037854 ], [ -81.062537, 32.037972 ], [ -81.063076, 32.038275 ], [ -81.062875, 32.038504 ], [ -81.062674, 32.038732 ], [ -81.061955, 32.038342 ], [ -81.060792, 32.037613 ], [ -81.059355, 32.036792 ], [ -81.058282, 32.036107 ], [ -81.057573, 32.036985 ], [ -81.056586, 32.037851 ], [ -81.056017, 32.03945 ], [ -81.05545, 32.04101 ], [ -81.054832, 32.042646 ], [ -81.054265, 32.044206 ], [ -81.053693, 32.045844 ], [ -81.053297, 32.046936 ], [ -81.052897, 32.048067 ] ] } },
{ "type": "Feature", "properties": { "map_file": "SavannahSTI.pdf", "map_url": "https://www.southern-telecom.com/content/dam/southern-telecom/pdfs/SavannahSTI.pdf", "pdf_layer": "Overall_Other_2", "pen_color": "#0000FF" }, "geometry": { "type": "LineString", "coordinates": [ [ -81.052897, 32.048067 ], [ -81.052428, 32.049552 ], [ -81.052109, 32.050885 ], [ -81.051839, 32.052181 ], [ -81.051576, 32.053358 ], [ -81.053077, 32.054619 ], [ -81.054586, 32.055047 ], [ -81.054249, 32.055943 ], [ -81.054022, 32.056567 ], [ -81.053736, 32.0581 ], [ -81.053409, 32.059552 ], [ -81.053123, 32.061085 ], [ -81.052688, 32.062056 ], [ -81.052288, 32.063187 ], [ -81.051076, 32.063209 ], [ -81.050424, 32.064646 ], [ -81.049841, 32.065729 ], [ -81.049112, 32.066924 ], [ -81.049006, 32.067117 ], [ -81.049004, 32.067156 ], [ -81.048916, 32.067073 ] ] } },
{ "type": "Feature", "properties": { "map_file": "SavannahSTI.pdf", "map_url": "https://www.southern-telecom.com/content/dam/southern-telecom/pdfs/SavannahSTI.pdf", "pdf_layer": "Overall_Other_2", "pen_color": "#0000FF" }, "geometry": { "type": "LineString", "coordinates": [ [ -81.143464, 32.103342 ], [ -81.143652, 32.103311 ], [ -81.144044, 32.103012 ], [ -81.144184, 32.103018 ], [ -81.145362, 32.102082 ], [ -81.146001, 32.101556 ], [ -81.146875, 32.101002 ], [ -81.147749, 32.100447 ], [ -81.147916, 32.100019 ], [ -81.146731, 32.098893 ], [ -81.145943, 32.098103 ], [ -81.145372, 32.097561 ], [ -81.147032, 32.096369 ], [ -81.146761, 32.096237 ], [ -81.146616, 32.09631 ], [ -81.146526, 32.096266 ], [ -81.146441, 32.096143 ], [ -81.146492, 32.096066 ] ] } },
{ "type": "Feature", "properties": { "map_file": "SavannahSTI.pdf", "map_url": "https://www.southern-telecom.com/content/dam/southern-telecom/pdfs/SavannahSTI.pdf", "pdf_layer": "Overall_Other_2", "pen_color": "#0000FF" }, "geometry": { "type": "LineString", "coordinates": [ [ -81.143464, 32.103342 ], [ -81.14439, 32.104892 ], [ -81.145279, 32.106282 ], [ -81.146166, 32.107711 ], [ -81.146402, 32.108396 ], [ -81.147284, 32.109904 ] ] } },
{ "type": "Feature", "properties": { "map_file": "SavannahSTI.pdf", "map_url": "https://www.southern-telecom.com/content/dam/southern-telecom/pdfs/SavannahSTI.pdf", "pdf_layer": "Overall_Other_2", "pen_color": "#0000FF" }, "geometry": { "type": "LineString", "coordinates": [ [ -81.120298, 32.049836 ], [ -81.120347, 32.049799 ], [ -81.120852, 32.049902 ], [ -81.12111, 32.050231 ], [ -81.120889, 32.050776 ], [ -81.12072, 32.051244 ], [ -81.12055, 32.051712 ], [ -81.120432, 32.052103 ], [ -81.120218, 32.052529 ], [ -81.12036, 32.052496 ], [ -81.121, 32.052685 ], [ -81.121872, 32.052884 ], [ -81.122419, 32.053068 ], [ -81.121979, 32.054118 ], [ -81.121696, 32.054898 ], [ -81.121464, 32.055601 ], [ -81.121328, 32.055555 ], [ -81.121269, 32.055751 ], [ -81.120724, 32.055527 ], [ -81.120611, 32.055839 ], [ -81.120521, 32.055795 ], [ -81.120518, 32.055835 ], [ -81.120472, 32.055833 ] ] } },
{ "type": "Feature", "properties": { "map_file": "SavannahSTI.pdf", "map_url": "https://www.southern-telecom.com/content/dam/southern-telecom/pdfs/SavannahSTI.pdf", "pdf_layer": "Overall_Other_2", "pen_color": "#0000FF" }, "geometry": { "type": "LineString", "coordinates": [ [ -81.147284, 32.109904 ], [ -81.146028, 32.110599 ], [ -81.145277, 32.110684 ], [ -81.144119, 32.111304 ], [ -81.143747, 32.111287 ], [ -81.143603, 32.111359 ] ] } },
{ "type": "Feature", "properties": { "map_file": "SavannahSTI.pdf", "map_url": "https://www.southern-telecom.com/content/dam/southern-telecom/pdfs/SavannahSTI.pdf", "pdf_layer": "Overall_Other_2", "pen_color": "#0000FF" }, "geometry": { "type": "LineString", "coordinates": [ [ -81.147284, 32.109904 ], [ -81.148127, 32.111292 ], [ -81.148461, 32.111902 ], [ -81.148753, 32.112431 ], [ -81.148594, 32.113455 ], [ -81.148512, 32.114006 ], [ -81.148479, 32.11452 ], [ -81.148511, 32.11476 ], [ -81.148602, 32.115518 ], [ -81.148703, 32.116117 ], [ -81.148851, 32.116719 ], [ -81.14895, 32.117358 ], [ -81.14902, 32.117718 ], [ -81.149236, 32.11872 ], [ -81.149384, 32.119321 ], [ -81.149576, 32.119965 ], [ -81.150171, 32.121579 ], [ -81.15064, 32.122989 ], [ -81.151117, 32.12428 ], [ -81.151591, 32.125611 ], [ -81.152068, 32.126902 ], [ -81.152461, 32.128031 ], [ -81.152653, 32.128674 ], [ -81.152848, 32.129278 ], [ -81.15322, 32.130009 ], [ -81.153573, 32.131056 ], [ -81.153904, 32.131706 ] ] } },
{ "type": "Feature", "properties": { "map_file": "SavannahSTI.pdf", "map_url": "https://www.southern-telecom.com/content/dam/southern-telecom/pdfs/SavannahSTI.pdf", "pdf_layer": "Overall_Other_2", "pen_color": "#0000FF" }, "geometry": { "type": "LineString", "coordinates": [ [ -81.160616, 32.151371 ], [ -81.161082, 32.152107 ], [ -81.16155, 32.152802 ], [ -81.160706, 32.152882 ], [ -81.159891, 32.153241 ], [ -81.159073, 32.153639 ], [ -81.158404, 32.153886 ], [ -81.158169, 32.153915 ], [ -81.157932, 32.153983 ], [ -81.158017, 32.154106 ], [ -81.158255, 32.154038 ] ] } },
{ "type": "Feature", "properties": { "map_file": "SavannahSTI.pdf", "map_url": "https://www.southern-telecom.com/content/dam/southern-telecom/pdfs/SavannahSTI.pdf", "pdf_layer": "Overall_Other_2", "pen_color": "#0000FF" }, "geometry": { "type": "LineString", "coordinates": [ [ -81.160616, 32.151371 ], [ -81.161321, 32.151285 ], [ -81.163632, 32.150876 ], [ -81.167029, 32.15024 ], [ -81.169011, 32.149856 ], [ -81.172501, 32.149224 ], [ -81.173397, 32.149067 ], [ -81.176182, 32.148522 ], [ -81.17802, 32.14821 ], [ -81.17953, 32.147923 ], [ -81.179963, 32.149172 ], [ -81.180048, 32.149295 ], [ -81.180286, 32.149227 ] ] } },
{ "type": "Feature", "properties": { "map_file": "SavannahSTI.pdf", "map_url": "https://www.southern-telecom.com/content/dam/southern-telecom/pdfs/SavannahSTI.pdf", "pdf_layer": "Overall_Other_2", "pen_color": "#0000FF" }, "geometry": { "type": "LineString", "coordinates": [ [ -81.160616, 32.151371 ], [ -81.160417, 32.150846 ], [ -81.159976, 32.149715 ], [ -81.157005, 32.150252 ], [ -81.155872, 32.150477 ], [ -81.154953, 32.148808 ], [ -81.15353, 32.146284 ], [ -81.15169, 32.146634 ], [ -81.148628, 32.147127 ], [ -81.147684, 32.147321 ], [ -81.147088, 32.147888 ], [ -81.145803, 32.149018 ], [ -81.145669, 32.148933 ] ] } },
{ "type": "Feature", "properties": { "map_file": "SavannahSTI.pdf", "map_url": "https://www.southern-telecom.com/content/dam/southern-telecom/pdfs/SavannahSTI.pdf", "pdf_layer": "Overall_Other_2", "pen_color": "#0000FF" }, "geometry": { "type": "LineString", "coordinates": [ [ -81.083229, 32.029704 ], [ -81.081825, 32.03055 ], [ -81.081825, 32.03055 ] ] } },
{ "type": "Feature", "properties": { "map_file": "SavannahSTI.pdf", "map_url": "https://www.southern-telecom.com/content/dam/southern-telecom/pdfs/SavannahSTI.pdf", "pdf_layer": "Overall_Other_2", "pen_color": "#0000FF" }, "geometry": { "type": "LineString", "coordinates": [ [ -81.145584, 32.14881 ], [ -81.145449, 32.148724 ] ] } },
{ "type": "Feature", "properties": { "map_file": "SavannahSTI.pdf", "map_url": "https://www.southern-telecom.com/content/dam/southern-telecom/pdfs/SavannahSTI.pdf", "pdf_layer": "Overall_Other_2", "pen_color": "#0000FF" }, "geometry": { "type": "LineString", "coordinates": [ [ -81.146107, 32.147922 ], [ -81.145315, 32.148639 ], [ -81.145449, 32.148724 ] ] } },
{ "type": "Feature", "properties": { "map_file": "SavannahSTI.pdf", "map_url": "https://www.southern-telecom.com/content/dam/southern-telecom/pdfs/SavannahSTI.pdf", "pdf_layer": "Overall_Other_2", "pen_color": "#0000FF" }, "geometry": { "type": "LineString", "coordinates": [ [ -81.145669, 32.148933 ], [ -81.14562, 32.14897 ], [ -81.145798, 32.149097 ], [ -81.147678, 32.1474 ], [ -81.151687, 32.146674 ], [ -81.151618, 32.147028 ], [ -81.15151, 32.147261 ], [ -81.151549, 32.147381 ], [ -81.151737, 32.14735 ], [ -81.151737, 32.14735 ] ] } },
{ "type": "Feature", "properties": { "map_file": "SavannahSTI.pdf", "map_url": "https://www.southern-telecom.com/content/dam/southern-telecom/pdfs/SavannahSTI.pdf", "pdf_layer": "Overall_Other_2", "pen_color": "#0000FF" }, "geometry": { "type": "LineString", "coordinates": [ [ -81.151737, 32.14735 ], [ -81.151549, 32.147381 ], [ -81.151626, 32.147623 ], [ -81.1519, 32.147715 ], [ -81.15209, 32.148398 ], [ -81.15227, 32.148486 ], [ -81.153543, 32.148267 ], [ -81.153664, 32.147836 ] ] } },
{ "type": "Feature", "properties": { "map_file": "SavannahSTI.pdf", "map_url": "https://www.southern-telecom.com/content/dam/southern-telecom/pdfs/SavannahSTI.pdf", "pdf_layer": "Overall_Other_2", "pen_color": "#0000FF" }, "geometry": { "type": "LineString", "coordinates": [ [ -81.151333, 32.139836 ], [ -81.151328, 32.139915 ], [ -81.150997, 32.139979 ], [ -81.151034, 32.14014 ], [ -81.151145, 32.140581 ], [ -81.151231, 32.141418 ], [ -81.151362, 32.142296 ], [ -81.151732, 32.143067 ], [ -81.153489, 32.146202 ], [ -81.151648, 32.146553 ], [ -81.148491, 32.147081 ], [ -81.147454, 32.147271 ], [ -81.145767, 32.148858 ] ] } },
{ "type": "Feature", "properties": { "map_file": "SavannahSTI.pdf", "map_url": "https://www.southern-telecom.com/content/dam/southern-telecom/pdfs/SavannahSTI.pdf", "pdf_layer": "Overall_Other_2", "pen_color": "#0000FF" }, "geometry": { "type": "LineString", "coordinates": [ [ -81.09532, 32.082657 ], [ -81.096326, 32.082942 ], [ -81.096105, 32.083487 ], [ -81.097132, 32.084169 ], [ -81.097031, 32.084283 ], [ -81.097034, 32.084244 ] ] } },
{ "type": "Feature", "properties": { "map_file": "SavannahSTI.pdf", "map_url": "https://www.southern-telecom.com/content/dam/southern-telecom/pdfs/SavannahSTI.pdf", "pdf_layer": "Overall_Other_2", "pen_color": "#0000FF" }, "geometry": { "type": "LineString", "coordinates": [ [ -81.097034, 32.084244 ], [ -81.097085, 32.084167 ], [ -81.098384, 32.084981 ], [ -81.098662, 32.084994 ], [ -81.099116, 32.08446 ], [ -81.100414, 32.085275 ], [ -81.100651, 32.084492 ], [ -81.100932, 32.083752 ], [ -81.101747, 32.083394 ], [ -81.102707, 32.083676 ], [ -81.103303, 32.083823 ] ] } },
{ "type": "Feature", "properties": { "map_file": "SavannahSTI.pdf", "map_url": "https://www.southern-telecom.com/content/dam/southern-telecom/pdfs/SavannahSTI.pdf", "pdf_layer": "Overall_Other_2", "pen_color": "#0000FF" }, "geometry": { "type": "LineString", "coordinates": [ [ -81.083909, 32.079029 ], [ -81.084689, 32.079224 ], [ -81.085009, 32.079318 ], [ -81.085695, 32.079509 ], [ -81.086887, 32.079803 ], [ -81.087803, 32.080044 ], [ -81.088719, 32.080286 ], [ -81.090045, 32.080665 ], [ -81.091144, 32.080954 ], [ -81.09229, 32.081246 ], [ -81.093389, 32.081535 ], [ -81.094442, 32.081823 ], [ -81.094318, 32.082293 ], [ -81.094726, 32.08247 ], [ -81.09532, 32.082657 ] ] } },
{ "type": "Feature", "properties": { "map_file": "SavannahSTI.pdf", "map_url": "https://www.southern-telecom.com/content/dam/southern-telecom/pdfs/SavannahSTI.pdf", "pdf_layer": "Overall_Other_2", "pen_color": "#0000FF" }, "geometry": { "type": "LineString", "coordinates": [ [ -81.145669, 32.148933 ], [ -81.145625, 32.148891 ], [ -81.145478, 32.149003 ], [ -81.145434, 32.148962 ] ] } },
{ "type": "Feature", "properties": { "map_file": "ValdostaSTI.pdf", "map_url": "https://www.southern-telecom.com/content/dam/southern-telecom/pdfs/ValdostaSTI.pdf", "pdf_layer": "Other_4", "pen_color": "#0000FF" }, "geometry": { "type": "LineString", "coordinates": [ [ -83.259526, 30.811579 ], [ -83.258856, 30.81211 ], [ -83.258228, 30.811541 ], [ -83.257557, 30.812072 ] ] } },
{ "type": "Feature", "properties": { "map_file": "ValdostaSTI.pdf", "map_url": "https://www.southern-telecom.com/content/dam/southern-telecom/pdfs/ValdostaSTI.pdf", "pdf_layer": "Overall_Other_2", "pen_color": "#0000FF" }, "geometry": { "type": "LineString", "coordinates": [ [ -83.2818, 30.833695 ], [ -83.282261, 30.833517 ], [ -83.283686, 30.833452 ], [ -83.284286, 30.833491 ], [ -83.286015, 30.833487 ], [ -83.286716, 30.833465 ], [ -83.289352, 30.833477 ], [ -83.290381, 30.833517 ], [ -83.290782, 30.833624 ], [ -83.290829, 30.831773 ], [ -83.290883, 30.830366 ], [ -83.290902, 30.829256 ], [ -83.29079, 30.828967 ], [ -83.290805, 30.828586 ], [ -83.290833, 30.827232 ], [ -83.290846, 30.826259 ], [ -83.290857, 30.825973 ], [ -83.290296, 30.82619 ], [ -83.289772, 30.825159 ], [ -83.288938, 30.825474 ], [ -83.288595, 30.824829 ], [ -83.288483, 30.824868 ], [ -83.288182, 30.825029 ] ] } },
{ "type": "Feature", "properties": { "map_file": "ValdostaSTI.pdf", "map_url": "https://www.southern-telecom.com/content/dam/southern-telecom/pdfs/ValdostaSTI.pdf", "pdf_layer": "Overall_Other_2", "pen_color": "#0000FF" }, "geometry": { "type": "LineString", "coordinates": [ [ -83.288182, 30.825029 ], [ -83.288505, 30.824921 ], [ -83.288825, 30.825534 ], [ -83.288401, 30.825723 ], [ -83.2879, 30.825984 ], [ -83.287688, 30.826084 ], [ -83.286517, 30.826548 ], [ -83.282657, 30.828025 ], [ -83.27978, 30.829149 ], [ -83.277487, 30.830078 ], [ -83.274386, 30.831291 ], [ -83.271459, 30.832424 ], [ -83.271703, 30.83278 ], [ -83.271889, 30.833357 ], [ -83.27111, 30.833854 ], [ -83.268415, 30.834697 ], [ -83.266844, 30.83534 ], [ -83.263376, 30.836828 ], [ -83.262253, 30.837314 ], [ -83.260811, 30.837812 ], [ -83.259407, 30.83828 ], [ -83.256921, 30.839097 ], [ -83.254349, 30.839933 ], [ -83.252247, 30.840677 ], [ -83.25267, 30.841462 ], [ -83.252954, 30.841735 ], [ -83.254013, 30.84385 ], [ -83.255496, 30.84294 ], [ -83.25574, 30.842969 ], [ -83.255702, 30.842989 ], [ -83.255878, 30.843206 ], [ -83.255877, 30.843237 ] ] } },
{ "type": "Feature", "properties": { "map_file": "ValdostaSTI.pdf", "map_url": "https://www.southern-telecom.com/content/dam/southern-telecom/pdfs/ValdostaSTI.pdf", "pdf_layer": "Overall_Other_2", "pen_color": "#0000FF" }, "geometry": { "type": "LineString", "coordinates": [ [ -83.255877, 30.843237 ], [ -83.255926, 30.843218 ], [ -83.255751, 30.843001 ], [ -83.255788, 30.842981 ], [ -83.255697, 30.842819 ], [ -83.257029, 30.842 ], [ -83.257973, 30.841371 ], [ -83.25972, 30.840321 ], [ -83.260278, 30.840168 ], [ -83.261596, 30.839698 ], [ -83.264108, 30.838817 ], [ -83.264568, 30.838672 ], [ -83.26498, 30.838483 ], [ -83.268448, 30.838265 ], [ -83.271572, 30.838058 ], [ -83.273898, 30.837871 ], [ -83.275129, 30.837758 ], [ -83.275376, 30.837702 ], [ -83.275458, 30.837503 ], [ -83.275363, 30.837098 ], [ -83.275363, 30.836791 ], [ -83.275751, 30.836908 ], [ -83.277946, 30.836918 ], [ -83.278121, 30.836828 ], [ -83.278379, 30.836825 ] ] } },
{ "type": "Feature", "properties": { "map_file": "ValdostaSTI.pdf", "map_url": "https://www.southern-telecom.com/content/dam/southern-telecom/pdfs/ValdostaSTI.pdf", "pdf_layer": "Overall_Other_2", "pen_color": "#0000FF" }, "geometry": { "type": "LineString", "coordinates": [ [ -83.278379, 30.836825 ], [ -83.279041, 30.836823 ], [ -83.279529, 30.836911 ], [ -83.279679, 30.83682 ], [ -83.279402, 30.834801 ], [ -83.279708, 30.834503 ], [ -83.2818, 30.833695 ] ] } },
{ "type": "Feature", "properties": { "map_file": "ValdostaSTI.pdf", "map_url": "https://www.southern-telecom.com/content/dam/southern-telecom/pdfs/ValdostaSTI.pdf", "pdf_layer": "Overall_Other_2", "pen_color": "#0000FF" }, "geometry": { "type": "LineString", "coordinates": [ [ -83.2818, 30.833695 ], [ -83.281766, 30.83362 ], [ -83.280359, 30.834151 ], [ -83.280585, 30.834348 ], [ -83.281613, 30.836304 ], [ -83.282685, 30.838409 ], [ -83.282847, 30.838339 ], [ -83.283269, 30.839167 ], [ -83.283509, 30.839618 ], [ -83.283372, 30.839678 ], [ -83.283098, 30.839776 ] ] } },
{ "type": "Feature", "properties": { "map_file": "WindertoHartwellSTI.pdf", "map_url": "https://www.southern-telecom.com/content/dam/southern-telecom/pdfs/WindertoHartwellSTI.pdf", "pdf_layer": "Other_4", "pen_color": "#0070FF" }, "geometry": { "type": "LineString", "coordinates": [ [ -83.753031, 34.358627 ], [ -83.723058, 34.358627 ] ] } },
{ "type": "Feature", "properties": { "map_file": "WindertoHartwellSTI.pdf", "map_url": "https://www.southern-telecom.com/content/dam/southern-telecom/pdfs/WindertoHartwellSTI.pdf", "pdf_layer": "New_Data_Frame_STI_Winder_to_Hartwell_Cable_(74_8_Miles)", "pen_color": "#0070FF" }, "geometry": { "type": "LineString", "coordinates": [ [ -82.894183, 34.318468 ], [ -82.893994, 34.318468 ], [ -82.893994, 34.318312 ], [ -82.893994, 34.318156 ], [ -82.894183, 34.318156 ], [ -82.894371, 34.318156 ], [ -82.894371, 34.318001 ], [ -82.894371, 34.317845 ], [ -82.894371, 34.317689 ], [ -82.894937, 34.317534 ], [ -82.895125, 34.317534 ], [ -82.895314, 34.317534 ], [ -82.895502, 34.317534 ], [ -82.895691, 34.317378 ], [ -82.896068, 34.317222 ], [ -82.896445, 34.317222 ], [ -82.896822, 34.317067 ], [ -82.89701, 34.317067 ], [ -82.897199, 34.317067 ], [ -82.897576, 34.316911 ], [ -82.897764, 34.316911 ], [ -82.897953, 34.316755 ], [ -82.898141, 34.316755 ], [ -82.898518, 34.316599 ], [ -82.898707, 34.316599 ], [ -82.898895, 34.316599 ], [ -82.899084, 34.316444 ], [ -82.899461, 34.316444 ], [ -82.899649, 34.316288 ], [ -82.899838, 34.316288 ], [ -82.900026, 34.316288 ], [ -82.901346, 34.315821 ], [ -82.901534, 34.315821 ], [ -82.901723, 34.315821 ], [ -82.901911, 34.315821 ], [ -82.901911, 34.315665 ], [ -82.9021, 34.315665 ], [ -82.902289, 34.31551 ], [ -82.902477, 34.31551 ], [ -82.902666, 34.315354 ], [ -82.902854, 34.315198 ], [ -82.903231, 34.315198 ], [ -82.903985, 34.314887 ], [ -82.904174, 34.314731 ], [ -82.904362, 34.314731 ], [ -82.904551, 34.314575 ], [ -82.904739, 34.314575 ], [ -82.904928, 34.31442 ], [ -82.905305, 34.31442 ], [ -82.905493, 34.314264 ], [ -82.906624, 34.313797 ], [ -82.906813, 34.313641 ], [ -82.907001, 34.313641 ], [ -82.90719, 34.313485 ], [ -82.907378, 34.313485 ], [ -82.907567, 34.31333 ], [ -82.907755, 34.31333 ], [ -82.907944, 34.31333 ], [ -82.908132, 34.313174 ], [ -82.908321, 34.313174 ], [ -82.908509, 34.313174 ], [ -82.911525, 34.311928 ], [ -82.911714, 34.311773 ], [ -82.911902, 34.311773 ], [ -82.91228, 34.311617 ], [ -82.912468, 34.311617 ], [ -82.912657, 34.311461 ], [ -82.913599, 34.31115 ], [ -82.913599, 34.310994 ], [ -82.913976, 34.310994 ], [ -82.913976, 34.310838 ], [ -82.914353, 34.310838 ], [ -82.914542, 34.310683 ], [ -82.91473, 34.310683 ], [ -82.914919, 34.310527 ], [ -82.915296, 34.310371 ], [ -82.915673, 34.310216 ], [ -82.915861, 34.310216 ], [ -82.91605, 34.31006 ], [ -82.916238, 34.31006 ], [ -82.916427, 34.309904 ], [ -82.917558, 34.309437 ], [ -82.917746, 34.309437 ], [ -82.917935, 34.309281 ], [ -82.918123, 34.309281 ], [ -82.918312, 34.309281 ], [ -82.918312, 34.309126 ], [ -82.9185, 34.309126 ], [ -82.918689, 34.30897 ], [ -82.918877, 34.30897 ], [ -82.919254, 34.308814 ], [ -82.919443, 34.308814 ], [ -82.919443, 34.308658 ], [ -82.91982, 34.308503 ], [ -82.920197, 34.308503 ], [ -82.920574, 34.308347 ], [ -82.920762, 34.308191 ], [ -82.920951, 34.308191 ], [ -82.921139, 34.308191 ], [ -82.921328, 34.308036 ], [ -82.921516, 34.30788 ], [ -82.921893, 34.30788 ], [ -82.922271, 34.307724 ], [ -82.922648, 34.307568 ], [ -82.923025, 34.307413 ], [ -82.923402, 34.307257 ], [ -82.92359, 34.307101 ], [ -82.923779, 34.307101 ], [ -82.923967, 34.306946 ], [ -82.924156, 34.306946 ], [ -82.924533, 34.30679 ], [ -82.924721, 34.30679 ], [ -82.925098, 34.306634 ], [ -82.925287, 34.306478 ], [ -82.925852, 34.306323 ], [ -82.926041, 34.306167 ], [ -82.926418, 34.306011 ], [ -82.926795, 34.306011 ], [ -82.926983, 34.305856 ], [ -82.927172, 34.3057 ], [ -82.92736, 34.3057 ], [ -82.927549, 34.305544 ], [ -82.927737, 34.305544 ], [ -82.927926, 34.305388 ], [ -82.928491, 34.305388 ], [ -82.92868, 34.305233 ], [ -82.929057, 34.305077 ], [ -82.929622, 34.304766 ], [ -82.929811, 34.304766 ], [ -82.930188, 34.30461 ], [ -82.93113, 34.304298 ], [ -82.931319, 34.304143 ], [ -82.931696, 34.303987 ], [ -82.931884, 34.303987 ], [ -82.932261, 34.303831 ], [ -82.932827, 34.303675 ], [ -82.933016, 34.30352 ], [ -82.93377, 34.303208 ], [ -82.933958, 34.303053 ], [ -82.934335, 34.303053 ], [ -82.934524, 34.302897 ], [ -82.934712, 34.302897 ], [ -82.935278, 34.302585 ], [ -82.935655, 34.302585 ], [ -82.936032, 34.30243 ], [ -82.93622, 34.302274 ], [ -82.936409, 34.302118 ], [ -82.936786, 34.302118 ], [ -82.937163, 34.301963 ], [ -82.937351, 34.301963 ], [ -82.937351, 34.301807 ], [ -82.93754, 34.301807 ], [ -82.937728, 34.301807 ], [ -82.937917, 34.301651 ], [ -82.937917, 34.301495 ], [ -82.938294, 34.301495 ], [ -82.938482, 34.30134 ], [ -82.938671, 34.30134 ], [ -82.939425, 34.301028 ], [ -82.939613, 34.300872 ], [ -82.939802, 34.300872 ], [ -82.93999, 34.300717 ], [ -82.940179, 34.300717 ], [ -82.940367, 34.300717 ], [ -82.940556, 34.300561 ], [ -82.940744, 34.300561 ], [ -82.940933, 34.300405 ], [ -82.941121, 34.300405 ], [ -82.94131, 34.30025 ], [ -82.941875, 34.300094 ], [ -82.942064, 34.299938 ], [ -82.942252, 34.299938 ], [ -82.942441, 34.299782 ], [ -82.94263, 34.299782 ], [ -82.942818, 34.299782 ], [ -82.943007, 34.299627 ], [ -82.943195, 34.299627 ], [ -82.943761, 34.299315 ], [ -82.943949, 34.299315 ], [ -82.944138, 34.299159 ], [ -82.944326, 34.299159 ], [ -82.944515, 34.299004 ], [ -82.944703, 34.299004 ], [ -82.944892, 34.298848 ], [ -82.94508, 34.299004 ], [ -82.947154, 34.298069 ], [ -82.947342, 34.298069 ], [ -82.947342, 34.297914 ], [ -82.947531, 34.297914 ], [ -82.947719, 34.297914 ], [ -82.947908, 34.297758 ], [ -82.948662, 34.297446 ], [ -82.949039, 34.297291 ], [ -82.949227, 34.297135 ], [ -82.949416, 34.297135 ], [ -82.949604, 34.296979 ], [ -82.949793, 34.296979 ], [ -82.95017, 34.296823 ], [ -82.950358, 34.296668 ], [ -82.950735, 34.296668 ], [ -82.951112, 34.296512 ], [ -82.951301, 34.296512 ], [ -82.951301, 34.296356 ], [ -82.951489, 34.296356 ], [ -82.951678, 34.2962 ], [ -82.951866, 34.2962 ], [ -82.952055, 34.296045 ], [ -82.952432, 34.295889 ], [ -82.952809, 34.295733 ], [ -82.953375, 34.295578 ], [ -82.953563, 34.295578 ], [ -82.953563, 34.295422 ], [ -82.953752, 34.295422 ], [ -82.953752, 34.295266 ], [ -82.953752, 34.29511 ], [ -82.95394, 34.29511 ], [ -82.95394, 34.294955 ], [ -82.954129, 34.294955 ], [ -82.954506, 34.294799 ], [ -82.954883, 34.294643 ], [ -82.955071, 34.294643 ], [ -82.95526, 34.294799 ], [ -82.955448, 34.294799 ], [ -82.955637, 34.294643 ], [ -82.955825, 34.294643 ], [ -82.956014, 34.294487 ], [ -82.956391, 34.294332 ], [ -82.956768, 34.294176 ], [ -82.956956, 34.294176 ], [ -82.957145, 34.29402 ], [ -82.957333, 34.29402 ], [ -82.957333, 34.293864 ], [ -82.95771, 34.293864 ], [ -82.957899, 34.293709 ], [ -82.958087, 34.293709 ], [ -82.958276, 34.293553 ], [ -82.958464, 34.293553 ], [ -82.958653, 34.293397 ], [ -82.958841, 34.293241 ], [ -82.959407, 34.293086 ], [ -82.959595, 34.29293 ], [ -82.959784, 34.29293 ], [ -82.960161, 34.292774 ], [ -82.960349, 34.292618 ], [ -82.960538, 34.292618 ], [ -82.960915, 34.292463 ], [ -82.960915, 34.292307 ], [ -82.961103, 34.292307 ], [ -82.96148, 34.292151 ], [ -82.961669, 34.291996 ], [ -82.961857, 34.291996 ], [ -82.962046, 34.29184 ], [ -82.962611, 34.291684 ], [ -82.963366, 34.291373 ], [ -82.963554, 34.291217 ], [ -82.963743, 34.291217 ], [ -82.963931, 34.291061 ], [ -82.96412, 34.291061 ], [ -82.964497, 34.290905 ], [ -82.965062, 34.290594 ], [ -82.965439, 34.290594 ], [ -82.965628, 34.290438 ], [ -82.965816, 34.290282 ], [ -82.966382, 34.290127 ], [ -82.96657, 34.289971 ], [ -82.966947, 34.289971 ], [ -82.967136, 34.289815 ], [ -82.967324, 34.289815 ], [ -82.968267, 34.289348 ], [ -82.968455, 34.289192 ], [ -82.968644, 34.289036 ], [ -82.968832, 34.289036 ], [ -82.969209, 34.288881 ], [ -82.969398, 34.288881 ], [ -82.969586, 34.288725 ], [ -82.969963, 34.288725 ], [ -82.97034, 34.288569 ], [ -82.970529, 34.288413 ], [ -82.970717, 34.288413 ], [ -82.971094, 34.288258 ], [ -82.971471, 34.288102 ], [ -82.97166, 34.287946 ], [ -82.971848, 34.287946 ], [ -82.972037, 34.28779 ], [ -82.972225, 34.28779 ], [ -82.972791, 34.28779 ], [ -82.973168, 34.287635 ], [ -82.973357, 34.287635 ], [ -82.973545, 34.287479 ], [ -82.973734, 34.287479 ], [ -82.974111, 34.287323 ], [ -82.974299, 34.287167 ], [ -82.974488, 34.287012 ], [ -82.974676, 34.287012 ], [ -82.974865, 34.286856 ], [ -82.975242, 34.2867 ], [ -82.97543, 34.2867 ], [ -82.975619, 34.286544 ], [ -82.975807, 34.286389 ], [ -82.975807, 34.286233 ], [ -82.975996, 34.286233 ], [ -82.976184, 34.286233 ], [ -82.976373, 34.286077 ], [ -82.97675, 34.285921 ], [ -82.976938, 34.285766 ], [ -82.977127, 34.28561 ], [ -82.977504, 34.28561 ], [ -82.977692, 34.285454 ], [ -82.977881, 34.285454 ], [ -82.978446, 34.285142 ], [ -82.978635, 34.285142 ], [ -82.978823, 34.285142 ], [ -82.979012, 34.284987 ], [ -82.979389, 34.284831 ], [ -82.979577, 34.284831 ], [ -82.980143, 34.284519 ], [ -82.980331, 34.284519 ], [ -82.98052, 34.284519 ], [ -82.980708, 34.284364 ], [ -82.981085, 34.284364 ], [ -82.981274, 34.284208 ], [ -82.981651, 34.284208 ], [ -82.981839, 34.284052 ], [ -82.982405, 34.283896 ], [ -82.982971, 34.283741 ], [ -82.983159, 34.283585 ], [ -82.983348, 34.283585 ], [ -82.983725, 34.283429 ], [ -82.984479, 34.283118 ], [ -82.984667, 34.283118 ], [ -82.984667, 34.282962 ], [ -82.985233, 34.282806 ], [ -82.985421, 34.282806 ], [ -82.98561, 34.28265 ], [ -82.985798, 34.28265 ], [ -82.985987, 34.282495 ], [ -82.986175, 34.282495 ], [ -82.986741, 34.282339 ], [ -82.986929, 34.282183 ], [ -82.987306, 34.282027 ], [ -82.987683, 34.281872 ], [ -82.987872, 34.281872 ], [ -82.98806, 34.281716 ], [ -82.988249, 34.281716 ], [ -82.988437, 34.281716 ], [ -82.988626, 34.281716 ], [ -82.988626, 34.28156 ], [ -82.989191, 34.281248 ], [ -82.989568, 34.281093 ], [ -82.989757, 34.281093 ], [ -82.989945, 34.280937 ], [ -82.990134, 34.280937 ], [ -82.990322, 34.280781 ], [ -82.990699, 34.280625 ], [ -82.991076, 34.28047 ], [ -82.991265, 34.28047 ], [ -82.991642, 34.280314 ], [ -82.99183, 34.280158 ], [ -82.992207, 34.280158 ], [ -82.992396, 34.280002 ], [ -82.992773, 34.279847 ], [ -82.992962, 34.279691 ], [ -82.99315, 34.279691 ], [ -82.993339, 34.279535 ], [ -82.993527, 34.279535 ], [ -82.993904, 34.279379 ], [ -82.994093, 34.279224 ], [ -82.994281, 34.279224 ], [ -82.994847, 34.279068 ], [ -82.995224, 34.278912 ], [ -82.995601, 34.278756 ], [ -82.995789, 34.278756 ], [ -82.995978, 34.2786 ], [ -82.996355, 34.278445 ], [ -82.996543, 34.278445 ], [ -82.99692, 34.278289 ], [ -82.997109, 34.278133 ], [ -82.997674, 34.277977 ], [ -82.997863, 34.277822 ], [ -82.998051, 34.277822 ], [ -82.99824, 34.277666 ], [ -82.998617, 34.27751 ], [ -82.998805, 34.277354 ], [ -82.999371, 34.277199 ], [ -82.999559, 34.277043 ], [ -82.999748, 34.277043 ], [ -83.000125, 34.276887 ], [ -83.000313, 34.276731 ], [ -83.000502, 34.276731 ], [ -83.00069, 34.276575 ], [ -83.001256, 34.27642 ], [ -83.001444, 34.276264 ], [ -83.001633, 34.276264 ], [ -83.00201, 34.276108 ], [ -83.002387, 34.275952 ], [ -83.002764, 34.275952 ], [ -83.003141, 34.275797 ], [ -83.003518, 34.275641 ], [ -83.003895, 34.275329 ], [ -83.004084, 34.275329 ], [ -83.004272, 34.275173 ], [ -83.004461, 34.275173 ], [ -83.005403, 34.274706 ], [ -83.005592, 34.274706 ], [ -83.005969, 34.27455 ], [ -83.006346, 34.274395 ], [ -83.006534, 34.274239 ], [ -83.006723, 34.274239 ], [ -83.006911, 34.274083 ], [ -83.0071, 34.274083 ], [ -83.007288, 34.273927 ], [ -83.007665, 34.273927 ], [ -83.007854, 34.273772 ], [ -83.008608, 34.27346 ], [ -83.008796, 34.273304 ], [ -83.008985, 34.273304 ], [ -83.009173, 34.273148 ], [ -83.00955, 34.273148 ], [ -83.009739, 34.272993 ], [ -83.009927, 34.272993 ], [ -83.010116, 34.272837 ], [ -83.010304, 34.272837 ], [ -83.010493, 34.272681 ], [ -83.010681, 34.272525 ], [ -83.01087, 34.272525 ], [ -83.011058, 34.272525 ], [ -83.011247, 34.272369 ], [ -83.011435, 34.272369 ], [ -83.011624, 34.272214 ], [ -83.011812, 34.272214 ], [ -83.012001, 34.272058 ], [ -83.012189, 34.272058 ], [ -83.012378, 34.272058 ], [ -83.012566, 34.271902 ], [ -83.012755, 34.271902 ], [ -83.012943, 34.271746 ], [ -83.013132, 34.271591 ], [ -83.013509, 34.271591 ], [ -83.013698, 34.271435 ], [ -83.013886, 34.271435 ], [ -83.014075, 34.271279 ], [ -83.014263, 34.271279 ], [ -83.015017, 34.270967 ], [ -83.015206, 34.270967 ], [ -83.015206, 34.270812 ], [ -83.015583, 34.270812 ], [ -83.015583, 34.270656 ], [ -83.015771, 34.2705 ], [ -83.016148, 34.270344 ], [ -83.016337, 34.270344 ], [ -83.016525, 34.270189 ], [ -83.016714, 34.270189 ], [ -83.017091, 34.270189 ], [ -83.017468, 34.269877 ], [ -83.017656, 34.269877 ], [ -83.017845, 34.269877 ], [ -83.018222, 34.269721 ], [ -83.01841, 34.269565 ], [ -83.018599, 34.269565 ], [ -83.018787, 34.26941 ], [ -83.018976, 34.26941 ], [ -83.020107, 34.268942 ], [ -83.020295, 34.268942 ], [ -83.020484, 34.268942 ], [ -83.020672, 34.268786 ], [ -83.020861, 34.268631 ], [ -83.021238, 34.268631 ], [ -83.021426, 34.268475 ], [ -83.021615, 34.268475 ], [ -83.021992, 34.268319 ], [ -83.02218, 34.268319 ], [ -83.022369, 34.268163 ], [ -83.022746, 34.268008 ], [ -83.022934, 34.268008 ], [ -83.024066, 34.26754 ], [ -83.024443, 34.26754 ], [ -83.024443, 34.267384 ], [ -83.02482, 34.267384 ], [ -83.025197, 34.267229 ], [ -83.025574, 34.267073 ], [ -83.025951, 34.266917 ], [ -83.026139, 34.266917 ], [ -83.026705, 34.266761 ], [ -83.026893, 34.266605 ], [ -83.02727, 34.26645 ], [ -83.027647, 34.266294 ], [ -83.027836, 34.266294 ], [ -83.028024, 34.266294 ], [ -83.028213, 34.266138 ], [ -83.02859, 34.265982 ], [ -83.028778, 34.265982 ], [ -83.029532, 34.265671 ], [ -83.029721, 34.265671 ], [ -83.030098, 34.265515 ], [ -83.030286, 34.265515 ], [ -83.030663, 34.265359 ], [ -83.030852, 34.265203 ], [ -83.031229, 34.265203 ], [ -83.031417, 34.265048 ], [ -83.031794, 34.264892 ], [ -83.032171, 34.264736 ], [ -83.03236, 34.264736 ], [ -83.032548, 34.26458 ], [ -83.032925, 34.26458 ], [ -83.033114, 34.264424 ], [ -83.033303, 34.264269 ], [ -83.033491, 34.264269 ], [ -83.034057, 34.263957 ], [ -83.034434, 34.263801 ], [ -83.034622, 34.263645 ], [ -83.035188, 34.26349 ], [ -83.035376, 34.26349 ], [ -83.035565, 34.263334 ], [ -83.03613, 34.263178 ], [ -83.036507, 34.263022 ], [ -83.036696, 34.262866 ], [ -83.037073, 34.262711 ], [ -83.03745, 34.262555 ], [ -83.037827, 34.262399 ], [ -83.038204, 34.262243 ], [ -83.038392, 34.262243 ], [ -83.038581, 34.262087 ], [ -83.038769, 34.262087 ], [ -83.038958, 34.261932 ], [ -83.039146, 34.261932 ], [ -83.039523, 34.261776 ], [ -83.040089, 34.26162 ], [ -83.040277, 34.261464 ], [ -83.040654, 34.261308 ], [ -83.040843, 34.261153 ], [ -83.041597, 34.260841 ], [ -83.041785, 34.260841 ], [ -83.041785, 34.260685 ], [ -83.042162, 34.260685 ], [ -83.042351, 34.260529 ], [ -83.042728, 34.260374 ], [ -83.043105, 34.260218 ], [ -83.043482, 34.260062 ], [ -83.043859, 34.259906 ], [ -83.044048, 34.259906 ], [ -83.044425, 34.259595 ], [ -83.044613, 34.259595 ], [ -83.044802, 34.259595 ], [ -83.04499, 34.259439 ], [ -83.045179, 34.259283 ], [ -83.045556, 34.259283 ], [ -83.045744, 34.259127 ], [ -83.046121, 34.258971 ], [ -83.04631, 34.258816 ], [ -83.046498, 34.258816 ], [ -83.046875, 34.25866 ], [ -83.047064, 34.258504 ], [ -83.047441, 34.258348 ], [ -83.047629, 34.258348 ], [ -83.048006, 34.258192 ], [ -83.048195, 34.258036 ], [ -83.048383, 34.258036 ], [ -83.048572, 34.257881 ], [ -83.04876, 34.257881 ], [ -83.048949, 34.257725 ], [ -83.049326, 34.257725 ], [ -83.049514, 34.257569 ], [ -83.049891, 34.257413 ], [ -83.05008, 34.257413 ], [ -83.050268, 34.257257 ], [ -83.050457, 34.257257 ], [ -83.050834, 34.257102 ], [ -83.054604, 34.255699 ], [ -83.054793, 34.255544 ], [ -83.054981, 34.255544 ], [ -83.055547, 34.255232 ], [ -83.055735, 34.255232 ], [ -83.055924, 34.255232 ], [ -83.056301, 34.255076 ], [ -83.056678, 34.25492 ], [ -83.057243, 34.254609 ], [ -83.05762, 34.254453 ], [ -83.057809, 34.254453 ], [ -83.057997, 34.254297 ], [ -83.058186, 34.254297 ], [ -83.058563, 34.254141 ], [ -83.05894, 34.253985 ], [ -83.059317, 34.25383 ], [ -83.059882, 34.253518 ], [ -83.060259, 34.253362 ], [ -83.060448, 34.253362 ], [ -83.060636, 34.253362 ], [ -83.061013, 34.253051 ], [ -83.061202, 34.253051 ], [ -83.061579, 34.252895 ], [ -83.061767, 34.252739 ], [ -83.061956, 34.252739 ], [ -83.062144, 34.252739 ], [ -83.062333, 34.252583 ], [ -83.06271, 34.252427 ], [ -83.062898, 34.252271 ], [ -83.063087, 34.252271 ], [ -83.063275, 34.252271 ], [ -83.063464, 34.252116 ], [ -83.063653, 34.252116 ], [ -83.063841, 34.25196 ], [ -83.06403, 34.25196 ], [ -83.064218, 34.251804 ], [ -83.064407, 34.251648 ], [ -83.064595, 34.251648 ], [ -83.064784, 34.251492 ], [ -83.065161, 34.251337 ], [ -83.065349, 34.251337 ], [ -83.065726, 34.251181 ], [ -83.065915, 34.251025 ], [ -83.066103, 34.251025 ], [ -83.067988, 34.250246 ], [ -83.068177, 34.25009 ], [ -83.068365, 34.25009 ], [ -83.068742, 34.249778 ], [ -83.068931, 34.249778 ], [ -83.069308, 34.249623 ], [ -83.069873, 34.249311 ], [ -83.070062, 34.249311 ], [ -83.07025, 34.249155 ], [ -83.070439, 34.249155 ], [ -83.070627, 34.249155 ], [ -83.070816, 34.248999 ], [ -83.071193, 34.248843 ], [ -83.071193, 34.248688 ], [ -83.071381, 34.248688 ], [ -83.07157, 34.248688 ], [ -83.071758, 34.248532 ], [ -83.071947, 34.248532 ], [ -83.072135, 34.248376 ], [ -83.072324, 34.248376 ], [ -83.072512, 34.24822 ], [ -83.072701, 34.248064 ], [ -83.072889, 34.248064 ], [ -83.073078, 34.248064 ], [ -83.073266, 34.247908 ], [ -83.073643, 34.247753 ], [ -83.073832, 34.247753 ], [ -83.073832, 34.247597 ], [ -83.074021, 34.247597 ], [ -83.074209, 34.247441 ], [ -83.074398, 34.247441 ], [ -83.074586, 34.247285 ], [ -83.075529, 34.246973 ], [ -83.075717, 34.246818 ], [ -83.075906, 34.246662 ], [ -83.076283, 34.246662 ], [ -83.076471, 34.246506 ], [ -83.076848, 34.24635 ], [ -83.077225, 34.246194 ], [ -83.077602, 34.246039 ], [ -83.077791, 34.245883 ], [ -83.077979, 34.245883 ], [ -83.077979, 34.245727 ], [ -83.077791, 34.245571 ], [ -83.077791, 34.245415 ], [ -83.077979, 34.245415 ], [ -83.077979, 34.245259 ], [ -83.077979, 34.245104 ], [ -83.078168, 34.245104 ], [ -83.078356, 34.244948 ], [ -83.078545, 34.244948 ], [ -83.078733, 34.244792 ], [ -83.078922, 34.244792 ], [ -83.07911, 34.244636 ], [ -83.079299, 34.244636 ], [ -83.079487, 34.24448 ], [ -83.079299, 34.244636 ], [ -83.07911, 34.244636 ], [ -83.078922, 34.244792 ], [ -83.078733, 34.244792 ], [ -83.078545, 34.244792 ], [ -83.078545, 34.244948 ], [ -83.078356, 34.244948 ], [ -83.078356, 34.245104 ] ] } },
{ "type": "Feature", "properties": { "map_file": "WindertoHartwellSTI.pdf", "map_url": "https://www.southern-telecom.com/content/dam/southern-telecom/pdfs/WindertoHartwellSTI.pdf", "pdf_layer": "New_Data_Frame_STI_Winder_to_Hartwell_Cable_(74_8_Miles)", "pen_color": "#0070FF" }, "geometry": { "type": "LineString", "coordinates": [ [ -83.240851, 34.161693 ], [ -83.241417, 34.161381 ], [ -83.241794, 34.161069 ], [ -83.242548, 34.160601 ], [ -83.243302, 34.159977 ], [ -83.244433, 34.159353 ], [ -83.245187, 34.158729 ], [ -83.245941, 34.158417 ], [ -83.246695, 34.157949 ], [ -83.247072, 34.157637 ], [ -83.248015, 34.157013 ], [ -83.249146, 34.156233 ], [ -83.250465, 34.155453 ], [ -83.251408, 34.154829 ], [ -83.252162, 34.154361 ], [ -83.253104, 34.153425 ], [ -83.254047, 34.152489 ], [ -83.254989, 34.151709 ], [ -83.255932, 34.150773 ], [ -83.256686, 34.149993 ], [ -83.258006, 34.148901 ], [ -83.258948, 34.147965 ], [ -83.259702, 34.147341 ], [ -83.261399, 34.145625 ], [ -83.262341, 34.144845 ], [ -83.263284, 34.144065 ], [ -83.264226, 34.143129 ], [ -83.267997, 34.13954 ], [ -83.268374, 34.139384 ], [ -83.269882, 34.137824 ], [ -83.27007, 34.137668 ], [ -83.270447, 34.137668 ], [ -83.279119, 34.131426 ], [ -83.279496, 34.131114 ], [ -83.280061, 34.130802 ], [ -83.280438, 34.130646 ], [ -83.281004, 34.130022 ], [ -83.281946, 34.129398 ], [ -83.283454, 34.128306 ], [ -83.285716, 34.126745 ], [ -83.287413, 34.125497 ], [ -83.288921, 34.124404 ], [ -83.290618, 34.123156 ], [ -83.291937, 34.122219 ], [ -83.293257, 34.121127 ], [ -83.294199, 34.120503 ], [ -83.295707, 34.11941 ], [ -83.297216, 34.118318 ], [ -83.298347, 34.11785 ], [ -83.300232, 34.116913 ], [ -83.300986, 34.116601 ], [ -83.310411, 34.112075 ], [ -83.311165, 34.111763 ], [ -83.313804, 34.110358 ], [ -83.316066, 34.109422 ], [ -83.316444, 34.10911 ], [ -83.317763, 34.108485 ], [ -83.319837, 34.107393 ], [ -83.320025, 34.107393 ], [ -83.321533, 34.106612 ], [ -83.321533, 34.106144 ], [ -83.325303, 34.104271 ], [ -83.328131, 34.102866 ], [ -83.335483, 34.099276 ], [ -83.336048, 34.09912 ], [ -83.33718, 34.098495 ], [ -83.338122, 34.098027 ], [ -83.339065, 34.097715 ], [ -83.340761, 34.096778 ], [ -83.341892, 34.096154 ], [ -83.342835, 34.095842 ], [ -83.343966, 34.095217 ], [ -83.34472, 34.094749 ], [ -83.345851, 34.094124 ], [ -83.347171, 34.0935 ], [ -83.34849, 34.092719 ], [ -83.349056, 34.092563 ], [ -83.366398, 34.083352 ], [ -83.367341, 34.082884 ], [ -83.367718, 34.082728 ], [ -83.368661, 34.082259 ], [ -83.369226, 34.081947 ], [ -83.369792, 34.081635 ], [ -83.370546, 34.081322 ], [ -83.371677, 34.080698 ], [ -83.372808, 34.080073 ], [ -83.374316, 34.079449 ], [ -83.375824, 34.078668 ], [ -83.376955, 34.078044 ], [ -83.378086, 34.077575 ], [ -83.379217, 34.076951 ], [ -83.379971, 34.076482 ], [ -83.381479, 34.075701 ], [ -83.383176, 34.074921 ], [ -83.383364, 34.074765 ], [ -83.386003, 34.073359 ], [ -83.38638, 34.073203 ], [ -83.395052, 34.068831 ], [ -83.397314, 34.068362 ], [ -83.400519, 34.067738 ], [ -83.40033, 34.066488 ], [ -83.399765, 34.064302 ], [ -83.399199, 34.061647 ], [ -83.398822, 34.060242 ], [ -83.398445, 34.058212 ], [ -83.398068, 34.056337 ], [ -83.397503, 34.054307 ], [ -83.397314, 34.053526 ], [ -83.397126, 34.052901 ] ] } },
{ "type": "Feature", "properties": { "map_file": "WindertoHartwellSTI.pdf", "map_url": "https://www.southern-telecom.com/content/dam/southern-telecom/pdfs/WindertoHartwellSTI.pdf", "pdf_layer": "New_Data_Frame_STI_Winder_to_Hartwell_Cable_(74_8_Miles)", "pen_color": "#0070FF" }, "geometry": { "type": "LineString", "coordinates": [ [ -83.240286, 34.162473 ], [ -83.240286, 34.162629 ], [ -83.240474, 34.163253 ], [ -83.240663, 34.163253 ] ] } },
{ "type": "Feature", "properties": { "map_file": "WindertoHartwellSTI.pdf", "map_url": "https://www.southern-telecom.com/content/dam/southern-telecom/pdfs/WindertoHartwellSTI.pdf", "pdf_layer": "New_Data_Frame_STI_Winder_to_Hartwell_Cable_(74_8_Miles)", "pen_color": "#0070FF" }, "geometry": { "type": "LineString", "coordinates": [ [ -82.823115, 34.34213 ], [ -82.822172, 34.341507 ], [ -82.821984, 34.341352 ], [ -82.821795, 34.341352 ] ] } },
{ "type": "Feature", "properties": { "map_file": "WindertoHartwellSTI.pdf", "map_url": "https://www.southern-telecom.com/content/dam/southern-telecom/pdfs/WindertoHartwellSTI.pdf", "pdf_layer": "New_Data_Frame_STI_Winder_to_Hartwell_Cable_(74_8_Miles)", "pen_color": "#0070FF" }, "geometry": { "type": "LineString", "coordinates": [ [ -82.823115, 34.34213 ], [ -82.823115, 34.341974 ], [ -82.823303, 34.341819 ], [ -82.823492, 34.341507 ], [ -82.82368, 34.341196 ], [ -82.823869, 34.340885 ], [ -82.824246, 34.340418 ], [ -82.824811, 34.33964 ], [ -82.825377, 34.338706 ], [ -82.825754, 34.338239 ], [ -82.826131, 34.337616 ], [ -82.826508, 34.337149 ], [ -82.826696, 34.336682 ], [ -82.827262, 34.335904 ], [ -82.82745, 34.335437 ], [ -82.827639, 34.335281 ], [ -82.829901, 34.334814 ], [ -82.830089, 34.334658 ], [ -82.830843, 34.334658 ], [ -82.831221, 34.334191 ], [ -82.83254, 34.33388 ], [ -82.832917, 34.33388 ], [ -82.833483, 34.333724 ], [ -82.834237, 34.333569 ], [ -82.834802, 34.333413 ], [ -82.835179, 34.333257 ], [ -82.835745, 34.333257 ], [ -82.836122, 34.333102 ], [ -82.836687, 34.333102 ], [ -82.837253, 34.332946 ], [ -82.838195, 34.33279 ], [ -82.838949, 34.332479 ], [ -82.839703, 34.332323 ], [ -82.840457, 34.332168 ], [ -82.841211, 34.332012 ], [ -82.841777, 34.332012 ], [ -82.84272, 34.331701 ], [ -82.843097, 34.331545 ], [ -82.843662, 34.331545 ], [ -82.844982, 34.331234 ], [ -82.845359, 34.331078 ], [ -82.847244, 34.330767 ], [ -82.848375, 34.330455 ], [ -82.85026, 34.329988 ], [ -82.851957, 34.329677 ], [ -82.853276, 34.329366 ], [ -82.854596, 34.329054 ], [ -82.856104, 34.328587 ], [ -82.858177, 34.32812 ], [ -82.859497, 34.327653 ], [ -82.860439, 34.327498 ], [ -82.862325, 34.327031 ], [ -82.863833, 34.326564 ], [ -82.865529, 34.326096 ], [ -82.867037, 34.325629 ], [ -82.867603, 34.325474 ], [ -82.870242, 34.324851 ], [ -82.87175, 34.324384 ], [ -82.87307, 34.324073 ], [ -82.874766, 34.323606 ], [ -82.876463, 34.323138 ], [ -82.878159, 34.322671 ], [ -82.87929, 34.322516 ], [ -82.879667, 34.32236 ], [ -82.88061, 34.322049 ], [ -82.881552, 34.321582 ], [ -82.882495, 34.32127 ], [ -82.884003, 34.320647 ], [ -82.884192, 34.320647 ], [ -82.886831, 34.319869 ], [ -82.88947, 34.319091 ], [ -82.891166, 34.318623 ], [ -82.891543, 34.318468 ], [ -82.893052, 34.318001 ], [ -82.893806, 34.317845 ], [ -82.893617, 34.317378 ], [ -82.89456, 34.317067 ], [ -82.89456, 34.317689 ] ] } },
{ "type": "Feature", "properties": { "map_file": "WindertoHartwellSTI.pdf", "map_url": "https://www.southern-telecom.com/content/dam/southern-telecom/pdfs/WindertoHartwellSTI.pdf", "pdf_layer": "New_Data_Frame_STI_Winder_to_Hartwell_Cable_(74_8_Miles)", "pen_color": "#0070FF" }, "geometry": { "type": "LineString", "coordinates": [ [ -83.526254, 34.043374 ], [ -83.526254, 34.043217 ] ] } },
{ "type": "Feature", "properties": { "map_file": "WindertoHartwellSTI.pdf", "map_url": "https://www.southern-telecom.com/content/dam/southern-telecom/pdfs/WindertoHartwellSTI.pdf", "pdf_layer": "New_Data_Frame_STI_Winder_to_Hartwell_Cable_(74_8_Miles)", "pen_color": "#0070FF" }, "geometry": { "type": "LineString", "coordinates": [ [ -83.240851, 34.161693 ], [ -83.24104, 34.162317 ], [ -83.241417, 34.163097 ], [ -83.240663, 34.163253 ] ] } },
{ "type": "Feature", "properties": { "map_file": "WindertoHartwellSTI.pdf", "map_url": "https://www.southern-telecom.com/content/dam/southern-telecom/pdfs/WindertoHartwellSTI.pdf", "pdf_layer": "New_Data_Frame_STI_Winder_to_Hartwell_Cable_(74_8_Miles)", "pen_color": "#0070FF" }, "geometry": { "type": "LineString", "coordinates": [ [ -83.400519, 34.067113 ], [ -83.40165, 34.067582 ], [ -83.401838, 34.067582 ], [ -83.402404, 34.067425 ], [ -83.403158, 34.067269 ], [ -83.40542, 34.066801 ], [ -83.407116, 34.066488 ], [ -83.408813, 34.066176 ], [ -83.41051, 34.065864 ], [ -83.412018, 34.065552 ], [ -83.413337, 34.065239 ], [ -83.414657, 34.064927 ], [ -83.415599, 34.064771 ], [ -83.416919, 34.064458 ], [ -83.418804, 34.064146 ], [ -83.420501, 34.063834 ], [ -83.420878, 34.063678 ], [ -83.422197, 34.063521 ], [ -83.42314, 34.063365 ], [ -83.424271, 34.063053 ], [ -83.425025, 34.062897 ], [ -83.42559, 34.062897 ], [ -83.427287, 34.062584 ], [ -83.428607, 34.062272 ], [ -83.429172, 34.062116 ], [ -83.430115, 34.06196 ], [ -83.431434, 34.061804 ], [ -83.432754, 34.061491 ], [ -83.43445, 34.061179 ], [ -83.435958, 34.060867 ], [ -83.437089, 34.06071 ], [ -83.438598, 34.060398 ], [ -83.440106, 34.060086 ], [ -83.440483, 34.059929 ], [ -83.441425, 34.059773 ], [ -83.442556, 34.059617 ], [ -83.443687, 34.059461 ], [ -83.444253, 34.059305 ], [ -83.445195, 34.059149 ], [ -83.446515, 34.058836 ], [ -83.447458, 34.05868 ], [ -83.448589, 34.058524 ], [ -83.449343, 34.058212 ], [ -83.452736, 34.057587 ], [ -83.454055, 34.057431 ], [ -83.455375, 34.057118 ], [ -83.456317, 34.056962 ], [ -83.45726, 34.056806 ], [ -83.45858, 34.056494 ], [ -83.459522, 34.056337 ], [ -83.460653, 34.056025 ], [ -83.461219, 34.056025 ], [ -83.462727, 34.055713 ], [ -83.463669, 34.055557 ], [ -83.465554, 34.055088 ], [ -83.467251, 34.054776 ], [ -83.469513, 34.054307 ], [ -83.470833, 34.054151 ], [ -83.472906, 34.053682 ], [ -83.474037, 34.053526 ], [ -83.474791, 34.05337 ], [ -83.475922, 34.053214 ], [ -83.476865, 34.052901 ], [ -83.477619, 34.052745 ], [ -83.478185, 34.052745 ], [ -83.478939, 34.052589 ], [ -83.487987, 34.050715 ], [ -83.488741, 34.050715 ], [ -83.490061, 34.050402 ], [ -83.491192, 34.05009 ], [ -83.494019, 34.049621 ], [ -83.496093, 34.049153 ], [ -83.498355, 34.04884 ], [ -83.500994, 34.048216 ], [ -83.502879, 34.047903 ], [ -83.503822, 34.047747 ], [ -83.50401, 34.047747 ], [ -83.504199, 34.047747 ], [ -83.504199, 34.047591 ], [ -83.504576, 34.047591 ], [ -83.50533, 34.047435 ], [ -83.506461, 34.047279 ], [ -83.50778, 34.046966 ], [ -83.508723, 34.04681 ], [ -83.510608, 34.046498 ], [ -83.511739, 34.046185 ], [ -83.512493, 34.046029 ], [ -83.51419, 34.045717 ], [ -83.516075, 34.045404 ], [ -83.517017, 34.045092 ], [ -83.517583, 34.045092 ], [ -83.519091, 34.044779 ], [ -83.520788, 34.044467 ], [ -83.522107, 34.044155 ], [ -83.523427, 34.043842 ], [ -83.524181, 34.043686 ], [ -83.525123, 34.04353 ], [ -83.5255, 34.04353 ], [ -83.525877, 34.043374 ], [ -83.526443, 34.043374 ], [ -83.527197, 34.043217 ], [ -83.527762, 34.043061 ], [ -83.528894, 34.042905 ], [ -83.530025, 34.042593 ], [ -83.530779, 34.042436 ], [ -83.531721, 34.04228 ], [ -83.532664, 34.042124 ], [ -83.533041, 34.041968 ], [ -83.535303, 34.041812 ], [ -83.536622, 34.041812 ], [ -83.537376, 34.041655 ], [ -83.566784, 34.039312 ], [ -83.579414, 34.037438 ], [ -83.580545, 34.037281 ], [ -83.581676, 34.037125 ], [ -83.582053, 34.037125 ], [ -83.582242, 34.037125 ], [ -83.58243, 34.037125 ], [ -83.582619, 34.037125 ], [ -83.582996, 34.037125 ], [ -83.583184, 34.036969 ], [ -83.583561, 34.036813 ], [ -83.584881, 34.036657 ], [ -83.585258, 34.036657 ], [ -83.585446, 34.036657 ], [ -83.585635, 34.036657 ], [ -83.585823, 34.036657 ], [ -83.586012, 34.036657 ], [ -83.586389, 34.0365 ], [ -83.586577, 34.0365 ], [ -83.58752, 34.036344 ], [ -83.588274, 34.036188 ], [ -83.589594, 34.036032 ], [ -83.59129, 34.035719 ], [ -83.593364, 34.035563 ], [ -83.597322, 34.034938 ], [ -83.599019, 34.034626 ], [ -83.602412, 34.034626 ], [ -83.605617, 34.03447 ], [ -83.609764, 34.034313 ], [ -83.613534, 34.034157 ], [ -83.618058, 34.034157 ], [ -83.619755, 34.034001 ], [ -83.620509, 34.034313 ], [ -83.623525, 34.034313 ], [ -83.623525, 34.034157 ], [ -83.623714, 34.034157 ], [ -83.623902, 34.034001 ], [ -83.624091, 34.034001 ], [ -83.624091, 34.033845 ], [ -83.625222, 34.033845 ], [ -83.626541, 34.033845 ], [ -83.627672, 34.033845 ], [ -83.628615, 34.033688 ], [ -83.628803, 34.033845 ], [ -83.628992, 34.033845 ], [ -83.629746, 34.033688 ], [ -83.6305, 34.033688 ], [ -83.630877, 34.033688 ], [ -83.632762, 34.033532 ], [ -83.633516, 34.033532 ], [ -83.634836, 34.033532 ], [ -83.635401, 34.033532 ], [ -83.637098, 34.033376 ], [ -83.638794, 34.033376 ], [ -83.642376, 34.03322 ], [ -83.645204, 34.033064 ], [ -83.645581, 34.03322 ], [ -83.645958, 34.03322 ], [ -83.6469, 34.03322 ], [ -83.665186, 34.032282 ], [ -83.665374, 34.032282 ], [ -83.666505, 34.032126 ], [ -83.667448, 34.032126 ], [ -83.668767, 34.03197 ], [ -83.66971, 34.03197 ], [ -83.670841, 34.03197 ], [ -83.671595, 34.031814 ], [ -83.672538, 34.031814 ], [ -83.684602, 34.031189 ], [ -83.687995, 34.030251 ], [ -83.688372, 34.030251 ], [ -83.694405, 34.028689 ], [ -83.695536, 34.028377 ], [ -83.697232, 34.027908 ], [ -83.701568, 34.026814 ], [ -83.702322, 34.026658 ], [ -83.709485, 34.024783 ], [ -83.709674, 34.024783 ], [ -83.709862, 34.024627 ], [ -83.710051, 34.024627 ], [ -83.710239, 34.024627 ], [ -83.710617, 34.024627 ], [ -83.712125, 34.024158 ], [ -83.718911, 34.02244 ], [ -83.720985, 34.021971 ], [ -83.721739, 34.021815 ], [ -83.723812, 34.02119 ], [ -83.724943, 34.020252 ], [ -83.725132, 34.020096 ], [ -83.72532, 34.01994 ], [ -83.725886, 34.019471 ], [ -83.726074, 34.019315 ], [ -83.726263, 34.019159 ], [ -83.727205, 34.018377 ], [ -83.727394, 34.018221 ], [ -83.727582, 34.018065 ], [ -83.728336, 34.01744 ], [ -83.728525, 34.017284 ], [ -83.728713, 34.017127 ], [ -83.728902, 34.017127 ], [ -83.729279, 34.016659 ], [ -83.729656, 34.016346 ], [ -83.729656, 34.01619 ], [ -83.729844, 34.01619 ], [ -83.730033, 34.01619 ], [ -83.730033, 34.016034 ], [ -83.73041, 34.015721 ], [ -83.730976, 34.015409 ], [ -83.731353, 34.015096 ], [ -83.731541, 34.014784 ], [ -83.73173, 34.014627 ], [ -83.73173, 34.014471 ], [ -83.731918, 34.014471 ], [ -83.732672, 34.014002 ], [ -83.732672, 34.013846 ], [ -83.732861, 34.01369 ], [ -83.733049, 34.01369 ], [ -83.733238, 34.013377 ], [ -83.733803, 34.012908 ], [ -83.734557, 34.012283 ], [ -83.734934, 34.012127 ], [ -83.734934, 34.011971 ], [ -83.735123, 34.011815 ], [ -83.735311, 34.011815 ], [ -83.7355, 34.011658 ], [ -83.7355, 34.011502 ], [ -83.736254, 34.011033 ], [ -83.736254, 34.010877 ], [ -83.736254, 34.010721 ], [ -83.736442, 34.010408 ], [ -83.736442, 34.010252 ], [ -83.736631, 34.010252 ], [ -83.737573, 34.009314 ], [ -83.738516, 34.008689 ], [ -83.73927, 34.008064 ], [ -83.740212, 34.007127 ], [ -83.740778, 34.007283 ], [ -83.740778, 34.007127 ], [ -83.740778, 34.00697 ], [ -83.740967, 34.00697 ], [ -83.741155, 34.006814 ], [ -83.742286, 34.006033 ], [ -83.742286, 34.005877 ], [ -83.742286, 34.00572 ], [ -83.742475, 34.00572 ], [ -83.742663, 34.00572 ], [ -83.742852, 34.005408 ], [ -83.743606, 34.004783 ], [ -83.743606, 34.004626 ], [ -83.743794, 34.004626 ], [ -83.743983, 34.00447 ], [ -83.744737, 34.003845 ], [ -83.744925, 34.003689 ], [ -83.745114, 34.003532 ], [ -83.745302, 34.003532 ], [ -83.746433, 34.002595 ], [ -83.746433, 34.002438 ], [ -83.746433, 34.002282 ], [ -83.746622, 34.002282 ], [ -83.74681, 34.002282 ], [ -83.74681, 34.002126 ], [ -83.748318, 34.001032 ], [ -83.748318, 34.000876 ], [ -83.748507, 34.000719 ], [ -83.748884, 34.000407 ], [ -83.749072, 34.000407 ], [ -83.749072, 34.000251 ], [ -83.749072, 34.000094 ], [ -83.749261, 34.000094 ], [ -83.749449, 33.999938 ], [ -83.750392, 33.999157 ], [ -83.75058, 33.999 ], [ -83.75058, 33.998844 ], [ -83.750769, 33.998844 ], [ -83.750958, 33.998688 ], [ -83.751146, 33.998688 ], [ -83.751523, 33.998375 ], [ -83.7519, 33.998063 ], [ -83.752277, 33.99775 ], [ -83.752277, 33.997594 ], [ -83.752277, 33.997281 ], [ -83.752277, 33.997125 ], [ -83.752466, 33.996969 ], [ -83.752654, 33.996969 ], [ -83.752843, 33.996812 ], [ -83.753031, 33.996812 ], [ -83.75322, 33.996812 ], [ -83.753408, 33.996656 ], [ -83.753597, 33.996656 ], [ -83.753597, 33.9965 ], [ -83.753785, 33.9965 ], [ -83.753785, 33.996343 ], [ -83.753974, 33.996187 ], [ -83.753974, 33.996031 ], [ -83.754162, 33.995875 ], [ -83.754162, 33.995562 ], [ -83.754351, 33.995562 ], [ -83.754539, 33.995562 ], [ -83.755105, 33.995718 ], [ -83.755482, 33.995875 ], [ -83.755859, 33.996187 ], [ -83.756047, 33.996187 ], [ -83.756047, 33.996343 ], [ -83.755859, 33.9965 ], [ -83.75567, 33.996656 ], [ -83.755482, 33.996656 ] ] } },
{ "type": "Feature", "properties": { "map_file": "WindertoHartwellSTI.pdf", "map_url": "https://www.southern-telecom.com/content/dam/southern-telecom/pdfs/WindertoHartwellSTI.pdf", "pdf_layer": "New_Data_Frame_STI_Winder_to_Hartwell_Cable_(74_8_Miles)", "pen_color": "#0070FF" }, "geometry": { "type": "LineString", "coordinates": [ [ -83.397314, 34.053526 ], [ -83.398634, 34.053526 ] ] } },
{ "type": "Feature", "properties": { "map_file": "WindertoHartwellSTI.pdf", "map_url": "https://www.southern-telecom.com/content/dam/southern-telecom/pdfs/WindertoHartwellSTI.pdf", "pdf_layer": "New_Data_Frame_STI_Winder_to_Hartwell_Cable_(74_8_Miles)", "pen_color": "#0070FF" }, "geometry": { "type": "LineString", "coordinates": [ [ -83.079487, 34.24448 ], [ -83.079676, 34.244948 ], [ -83.080053, 34.245259 ], [ -83.088159, 34.241831 ], [ -83.088536, 34.241519 ], [ -83.091175, 34.240428 ], [ -83.092683, 34.239805 ], [ -83.092871, 34.239805 ], [ -83.09306, 34.239649 ], [ -83.094191, 34.239182 ], [ -83.09438, 34.239026 ], [ -83.096076, 34.238403 ], [ -83.09683, 34.238091 ], [ -83.098338, 34.237468 ], [ -83.100223, 34.236532 ], [ -83.101543, 34.236065 ], [ -83.102485, 34.235597 ], [ -83.104748, 34.234662 ], [ -83.106633, 34.234039 ], [ -83.107387, 34.233571 ], [ -83.117378, 34.229519 ], [ -83.131704, 34.221726 ], [ -83.131893, 34.22157 ], [ -83.132647, 34.221258 ], [ -83.133589, 34.220635 ], [ -83.134155, 34.220323 ], [ -83.134721, 34.220011 ], [ -83.142261, 34.215958 ], [ -83.142826, 34.215646 ], [ -83.143015, 34.215491 ], [ -83.143203, 34.215335 ], [ -83.14358, 34.215179 ], [ -83.143957, 34.215023 ], [ -83.163374, 34.204422 ], [ -83.164128, 34.203954 ], [ -83.164505, 34.203486 ], [ -83.16639, 34.202395 ], [ -83.167144, 34.201927 ], [ -83.167898, 34.201616 ], [ -83.169406, 34.20068 ], [ -83.170537, 34.200056 ], [ -83.172045, 34.199277 ], [ -83.172988, 34.198809 ], [ -83.173553, 34.198497 ], [ -83.174496, 34.19803 ], [ -83.175439, 34.197406 ], [ -83.17657, 34.196782 ], [ -83.177324, 34.196314 ], [ -83.178266, 34.195847 ], [ -83.179209, 34.195379 ], [ -83.179963, 34.194911 ], [ -83.180717, 34.194443 ], [ -83.181282, 34.194132 ], [ -83.182036, 34.193664 ], [ -83.182979, 34.193196 ], [ -83.183356, 34.192884 ], [ -83.183921, 34.192572 ], [ -83.184298, 34.192416 ], [ -83.184864, 34.19226 ], [ -83.185995, 34.191637 ], [ -83.186749, 34.191169 ], [ -83.187503, 34.190701 ], [ -83.188823, 34.190077 ], [ -83.189765, 34.18961 ], [ -83.190519, 34.189298 ], [ -83.191839, 34.188518 ], [ -83.192593, 34.188206 ], [ -83.192781, 34.18805 ], [ -83.193724, 34.187582 ], [ -83.194855, 34.187115 ], [ -83.195798, 34.186647 ], [ -83.19674, 34.186023 ], [ -83.197683, 34.185555 ], [ -83.19806, 34.185399 ], [ -83.198625, 34.185243 ], [ -83.199191, 34.184931 ], [ -83.199756, 34.18462 ], [ -83.200133, 34.184308 ], [ -83.20051, 34.184152 ], [ -83.200887, 34.183996 ], [ -83.201641, 34.183684 ], [ -83.202018, 34.183372 ], [ -83.202961, 34.18306 ], [ -83.203526, 34.182748 ], [ -83.204092, 34.182436 ], [ -83.204846, 34.182124 ], [ -83.205223, 34.181968 ], [ -83.205412, 34.181813 ], [ -83.205789, 34.181657 ], [ -83.206354, 34.181345 ], [ -83.207297, 34.180877 ], [ -83.212386, 34.178226 ], [ -83.212763, 34.17807 ], [ -83.212952, 34.17807 ], [ -83.21314, 34.17807 ], [ -83.213329, 34.17807 ], [ -83.213517, 34.17807 ], [ -83.225205, 34.172143 ], [ -83.228221, 34.170272 ], [ -83.235196, 34.165748 ], [ -83.240286, 34.162473 ], [ -83.240286, 34.162473 ] ] } }
]
}
